model,condition,id,gold,frame,delta_raw,correct_raw,delta_corr,correct_corr
aragpt2,T1,T1-m-0000,m,طلب,2.6565,True,1.38,True
aragpt2,T1,T1-m-0001,m,طلب,16.8554,True,15.5789,True
aragpt2,T1,T1-m-0002,m,أخذ,3.6181,True,4.1055,True
aragpt2,T1,T1-m-0003,m,سمع,-7.0082,False,-6.6318,False
aragpt2,T1,T1-m-0004,m,قرأ,3.9513,True,3.5463,True
aragpt2,T1,T1-m-0005,m,باع,6.1896,True,5.8326,True
aragpt2,T1,T1-m-0006,m,كسر,17.5981,True,16.8632,True
aragpt2,T1,T1-m-0007,m,خرج,4.5542,True,2.8536,True
aragpt2,T1,T1-m-0008,m,وجد,11.6685,True,11.9387,True
aragpt2,T1,T1-m-0009,m,دخل,5.3882,True,4.9103,True
aragpt2,T1,T1-m-0010,m,كسر,9.5066,True,8.7717,True
aragpt2,T1,T1-m-0011,m,فتح,4.6256,True,4.5426,True
aragpt2,T1,T1-m-0012,m,دفع,3.7468,True,4.5457,True
aragpt2,T1,T1-m-0013,m,أخذ,7.3861,True,7.8735,True
aragpt2,T1,T1-m-0014,m,طلب,17.2876,True,16.0111,True
aragpt2,T1,T1-m-0015,m,بدأ,-1.3539,False,-2.4884,False
aragpt2,T1,T1-m-0016,m,حضر,3.8639,True,3.9508,True
aragpt2,T1,T1-m-0017,m,دخل,0.3658,True,-0.112,False
aragpt2,T1,T1-m-0018,m,قرأ,9.3534,True,8.9484,True
aragpt2,T1,T1-m-0019,m,شاهد,-0.0585,False,0.5662,True
aragpt2,T1,T1-m-0020,m,فتح,4.5699,True,4.4869,True
aragpt2,T1,T1-m-0021,m,دخل,3.3397,True,2.8618,True
aragpt2,T1,T1-m-0022,m,شاهد,-9.6581,False,-9.0335,False
aragpt2,T1,T1-m-0023,m,خرج,1.0713,True,-0.6293,False
aragpt2,T1,T1-m-0024,m,وجد,-1.9069,False,-1.6367,False
aragpt2,T1,T1-m-0025,m,سمع,-2.6293,False,-2.2529,False
aragpt2,T1,T1-m-0026,m,باع,6.1863,True,5.8293,True
aragpt2,T1,T1-m-0027,m,دفع,9.1678,True,9.9667,True
aragpt2,T1,T1-m-0028,m,طلب,-0.2129,False,-1.4894,False
aragpt2,T1,T1-m-0029,m,وصل,3.8173,True,3.2691,True
aragpt2,T1,T1-m-0030,m,طلب,5.5221,True,4.2456,True
aragpt2,T1,T1-m-0031,m,طلب,6.7868,True,5.5103,True
aragpt2,T1,T1-m-0032,m,حضر,5.0128,True,5.0997,True
aragpt2,T1,T1-m-0033,m,سمع,6.5544,True,6.9308,True
aragpt2,T1,T1-m-0034,m,دفع,-1.1342,False,-0.3353,False
aragpt2,T1,T1-m-0035,m,دخل,5.1503,True,4.6724,True
aragpt2,T1,T1-m-0036,m,أخذ,3.5998,True,4.0872,True
aragpt2,T1,T1-m-0037,m,دفع,6.9769,True,7.7758,True
aragpt2,T1,T1-m-0038,m,وصل,1.4789,True,0.9307,True
aragpt2,T1,T1-m-0039,m,كسر,11.9339,True,11.199,True
aragpt2,T1,T1-m-0040,m,شاهد,8.8374,True,9.4621,True
aragpt2,T1,T1-m-0041,m,وصل,5.1382,True,4.59,True
aragpt2,T1,T1-m-0042,m,باع,-12.1565,False,-12.5135,False
aragpt2,T1,T1-m-0043,m,وجد,-0.814,False,-0.5438,False
aragpt2,T1,T1-m-0044,m,سمع,1.4385,True,1.8149,True
aragpt2,T1,T1-m-0045,m,دفع,6.6277,True,7.4266,True
aragpt2,T1,T1-m-0046,m,كسر,0.4251,True,-0.3098,False
aragpt2,T1,T1-m-0047,m,شاهد,5.9118,True,6.5365,True
aragpt2,T1,T1-m-0048,m,حمل,7.6766,True,7.1326,True
aragpt2,T1,T1-m-0049,m,قرأ,9.6893,True,9.2843,True
aragpt2,T1,T1-m-0050,m,شاهد,11.5555,True,12.1802,True
aragpt2,T1,T1-m-0051,m,قرأ,2.972,True,2.567,True
aragpt2,T1,T1-m-0052,m,حمل,16.2663,True,15.7224,True
aragpt2,T1,T1-m-0053,m,وجد,5.1,True,5.3701,True
aragpt2,T1,T1-m-0054,m,سمع,6.9129,True,7.2893,True
aragpt2,T1,T1-m-0055,m,دخل,4.8288,True,4.351,True
aragpt2,T1,T1-m-0056,m,حضر,9.2609,True,9.3479,True
aragpt2,T1,T1-m-0057,m,بدأ,2.1583,True,1.0238,True
aragpt2,T1,T1-m-0058,m,حمل,2.9931,True,2.4492,True
aragpt2,T1,T1-m-0059,m,حضر,-0.6869,False,-0.6,False
aragpt2,T1,T1-m-0060,m,دفع,5.6897,True,6.4886,True
aragpt2,T1,T1-m-0061,m,قال,1.5222,True,-0.983,False
aragpt2,T1,T1-m-0062,m,وجد,18.6035,True,18.8737,True
aragpt2,T1,T1-m-0063,m,دفع,-0.2637,False,0.5351,True
aragpt2,T1,T1-m-0064,m,باع,6.1759,True,5.8188,True
aragpt2,T1,T1-m-0065,m,ذهب,1.0301,True,1.9688,True
aragpt2,T1,T1-m-0066,m,سمع,-1.5873,False,-1.2109,False
aragpt2,T1,T1-m-0067,m,ذهب,3.837,True,4.7757,True
aragpt2,T1,T1-m-0068,m,شاهد,3.1715,True,3.7961,True
aragpt2,T1,T1-m-0069,m,كسر,5.3259,True,4.591,True
aragpt2,T1,T1-m-0070,m,كسر,-1.3664,False,-2.1012,False
aragpt2,T1,T1-m-0071,m,سمع,4.4787,True,4.8551,True
aragpt2,T1,T1-m-0072,m,بدأ,-1.6925,False,-2.827,False
aragpt2,T1,T1-m-0073,m,ترك,5.7443,True,5.0213,True
aragpt2,T1,T1-m-0074,m,بدأ,6.6112,True,5.4767,True
aragpt2,T1,T1-m-0075,m,وجد,3.036,True,3.3061,True
aragpt2,T1,T1-m-0076,m,طلب,0.8907,True,-0.3858,False
aragpt2,T1,T1-m-0077,m,شاهد,-1.3305,False,-0.7059,False
aragpt2,T1,T1-m-0078,m,ذهب,3.0729,True,4.0116,True
aragpt2,T1,T1-m-0079,m,عرف,4.7982,True,3.7341,True
aragpt2,T1,T1-m-0080,m,قال,3.8692,True,1.364,True
aragpt2,T1,T1-m-0081,m,دخل,6.6388,True,6.1609,True
aragpt2,T1,T1-m-0082,m,قرأ,-2.1238,False,-2.5288,False
aragpt2,T1,T1-m-0083,m,خرج,2.7819,True,1.0813,True
aragpt2,T1,T1-m-0084,m,ذهب,5.1594,True,6.0981,True
aragpt2,T1,T1-m-0085,m,دفع,8.0785,True,8.8774,True
aragpt2,T1,T1-m-0086,m,وصل,0.2783,True,-0.2699,False
aragpt2,T1,T1-m-0087,m,ترك,3.8743,True,3.1513,True
aragpt2,T1,T1-m-0088,m,أخذ,1.3432,True,1.8306,True
aragpt2,T1,T1-m-0089,m,دخل,12.1653,True,11.6875,True
aragpt2,T1,T1-m-0090,m,وجد,-0.311,False,-0.0409,False
aragpt2,T1,T1-m-0091,m,وجد,1.9088,True,2.179,True
aragpt2,T1,T1-m-0092,m,أخذ,4.524,True,5.0114,True
aragpt2,T1,T1-m-0093,m,عرف,0.5316,True,-0.5325,False
aragpt2,T1,T1-m-0094,m,سمع,4.8407,True,5.2171,True
aragpt2,T1,T1-m-0095,m,كسر,15.8628,True,15.1279,True
aragpt2,T1,T1-m-0096,m,كتب,8.8102,True,8.2472,True
aragpt2,T1,T1-m-0097,m,خرج,3.125,True,1.4244,True
aragpt2,T1,T1-m-0098,m,كسر,2.5537,True,1.8188,True
aragpt2,T1,T1-m-0099,m,سمع,-3.9162,False,-3.5398,False
aragpt2,T1,T1-m-0100,m,دفع,3.2261,True,4.025,True
aragpt2,T1,T1-m-0101,m,خرج,-4.2442,False,-5.9448,False
aragpt2,T1,T1-m-0102,m,فتح,1.43,True,1.3471,True
aragpt2,T1,T1-m-0103,m,ترك,9.7432,True,9.0202,True
aragpt2,T1,T1-m-0104,m,وصل,3.796,True,3.2478,True
aragpt2,T1,T1-m-0105,m,باع,-0.8278,False,-1.1848,False
aragpt2,T1,T1-m-0106,m,كتب,3.1357,True,2.5726,True
aragpt2,T1,T1-m-0107,m,سمع,3.1483,True,3.5247,True
aragpt2,T1,T1-m-0108,m,عرف,-1.3949,False,-2.459,False
aragpt2,T1,T1-m-0109,m,وصل,1.4489,True,0.9007,True
aragpt2,T1,T1-m-0110,m,عرف,-3.2247,False,-4.2888,False
aragpt2,T1,T1-m-0111,m,خرج,1.5173,True,-0.1833,False
aragpt2,T1,T1-m-0112,m,دفع,-2.4416,False,-1.6428,False
aragpt2,T1,T1-m-0113,m,فتح,5.4589,True,5.3759,True
aragpt2,T1,T1-m-0114,m,دفع,4.6648,True,5.4637,True
aragpt2,T1,T1-m-0115,m,عرف,-0.081,False,-1.1451,False
aragpt2,T1,T1-m-0116,m,أخذ,7.208,True,7.6954,True
aragpt2,T1,T1-m-0117,m,حضر,6.6325,True,6.7195,True
aragpt2,T1,T1-m-0118,m,ذهب,6.4815,True,7.4202,True
aragpt2,T1,T1-m-0119,m,طلب,10.7138,True,9.4373,True
aragpt2,T1,T1-m-0120,m,وصل,1.6145,True,1.0663,True
aragpt2,T1,T1-m-0121,m,كسر,6.4848,True,5.7499,True
aragpt2,T1,T1-m-0122,m,عرف,1.3218,True,0.2577,True
aragpt2,T1,T1-m-0123,m,كتب,3.732,True,3.1689,True
aragpt2,T1,T1-m-0124,m,أخذ,0.495,True,0.9824,True
aragpt2,T1,T1-m-0125,m,حمل,0.3392,True,-0.2047,False
aragpt2,T1,T1-m-0126,m,قال,0.0194,True,-2.4857,False
aragpt2,T1,T1-m-0127,m,كتب,-4.6702,False,-5.2333,False
aragpt2,T1,T1-m-0128,m,خرج,0.0218,True,-1.6788,False
aragpt2,T1,T1-m-0129,m,طلب,-0.1796,False,-1.4561,False
aragpt2,T1,T1-m-0130,m,فتح,2.2615,True,2.1785,True
aragpt2,T1,T1-m-0131,m,شاهد,13.2552,True,13.8799,True
aragpt2,T1,T1-m-0132,m,قرأ,4.9724,True,4.5673,True
aragpt2,T1,T1-m-0133,m,بدأ,2.6358,True,1.5012,True
aragpt2,T1,T1-m-0134,m,دخل,8.2458,True,7.7679,True
aragpt2,T1,T1-m-0135,m,دخل,10.9245,True,10.4466,True
aragpt2,T1,T1-m-0136,m,قال,-2.7878,False,-5.293,False
aragpt2,T1,T1-m-0137,m,دخل,9.2225,True,8.7446,True
aragpt2,T1,T1-m-0138,m,كسر,0.9843,True,0.2494,True
aragpt2,T1,T1-m-0139,m,ذهب,-1.7392,False,-0.8004,False
aragpt2,T1,T1-m-0140,m,ذهب,2.0736,True,3.0124,True
aragpt2,T1,T1-m-0141,m,قال,8.7736,True,6.2684,True
aragpt2,T1,T1-m-0142,m,كسر,16.0356,True,15.3008,True
aragpt2,T1,T1-m-0143,m,وصل,7.4536,True,6.9054,True
aragpt2,T1,T1-m-0144,m,سمع,-2.6745,False,-2.2981,False
aragpt2,T1,T1-m-0145,m,عرف,-1.408,False,-2.4721,False
aragpt2,T1,T1-m-0146,m,أخذ,1.3678,True,1.8552,True
aragpt2,T1,T1-m-0147,m,ترك,9.8713,True,9.1484,True
aragpt2,T1,T1-m-0148,m,حضر,0.8622,True,0.9492,True
aragpt2,T1,T1-m-0149,m,كسر,9.0926,True,8.3577,True
aragpt2,T1,T1-m-0150,m,حضر,3.0353,True,3.1223,True
aragpt2,T1,T1-m-0151,m,فتح,2.525,True,2.442,True
aragpt2,T1,T1-m-0152,m,وجد,6.5782,True,6.8484,True
aragpt2,T1,T1-m-0153,m,دفع,0.1398,True,0.9387,True
aragpt2,T1,T1-m-0154,m,طلب,2.7305,True,1.454,True
aragpt2,T1,T1-m-0155,m,عرف,8.718,True,7.6539,True
aragpt2,T1,T1-m-0156,m,باع,-0.9032,False,-1.2602,False
aragpt2,T1,T1-m-0157,m,خرج,5.5925,True,3.8919,True
aragpt2,T1,T1-m-0158,m,شاهد,1.0861,True,1.7108,True
aragpt2,T1,T1-m-0159,m,شاهد,-0.556,False,0.0687,True
aragpt2,T1,T1-m-0160,m,دخل,-2.6611,False,-3.1389,False
aragpt2,T1,T1-m-0161,m,حمل,10.2536,True,9.7097,True
aragpt2,T1,T1-m-0162,m,كتب,1.3788,True,0.8157,True
aragpt2,T1,T1-m-0163,m,بدأ,1.9252,True,0.7907,True
aragpt2,T1,T1-m-0164,m,كسر,7.6997,True,6.9648,True
aragpt2,T1,T1-m-0165,m,شاهد,7.957,True,8.5816,True
aragpt2,T1,T1-m-0166,m,بدأ,-0.8603,False,-1.9949,False
aragpt2,T1,T1-m-0167,m,شاهد,6.1111,True,6.7358,True
aragpt2,T1,T1-m-0168,m,كتب,4.4626,True,3.8995,True
aragpt2,T1,T1-m-0169,m,دخل,-5.5568,False,-6.0347,False
aragpt2,T1,T1-m-0170,m,دفع,8.5977,True,9.3966,True
aragpt2,T1,T1-m-0171,m,قرأ,-1.1048,False,-1.5099,False
aragpt2,T1,T1-m-0172,m,شاهد,2.9405,True,3.5651,True
aragpt2,T1,T1-m-0173,m,حمل,8.4608,True,7.9169,True
aragpt2,T1,T1-m-0174,m,دخل,5.6277,True,5.1499,True
aragpt2,T1,T1-m-0175,m,عرف,10.6581,True,9.5941,True
aragpt2,T1,T1-m-0176,m,قال,1.9353,True,-0.5698,False
aragpt2,T1,T1-m-0177,m,حضر,5.8032,True,5.8902,True
aragpt2,T1,T1-m-0178,m,بدأ,2.8564,True,1.7219,True
aragpt2,T1,T1-m-0179,m,قال,10.357,True,7.8519,True
aragpt2,T1,T1-m-0180,m,شاهد,13.5299,True,14.1545,True
aragpt2,T1,T1-m-0181,m,قال,-0.4292,False,-2.9344,False
aragpt2,T1,T1-m-0182,m,حضر,2.7077,True,2.7947,True
aragpt2,T1,T1-m-0183,m,خرج,-3.3414,False,-5.042,False
aragpt2,T1,T1-m-0184,m,خرج,0.9151,True,-0.7855,False
aragpt2,T1,T1-m-0185,m,ترك,4.0766,True,3.3537,True
aragpt2,T1,T1-m-0186,m,طلب,-0.1661,False,-1.4426,False
aragpt2,T1,T1-m-0187,m,ترك,3.4511,True,2.7282,True
aragpt2,T1,T1-m-0188,m,ترك,1.5147,True,0.7917,True
aragpt2,T1,T1-m-0189,m,باع,3.8881,True,3.5311,True
aragpt2,T1,T1-m-0190,m,قرأ,8.6259,True,8.2208,True
aragpt2,T1,T1-m-0191,m,قرأ,-4.5358,False,-4.9408,False
aragpt2,T1,T1-m-0192,m,حمل,-3.6686,False,-4.2125,False
aragpt2,T1,T1-m-0193,m,خرج,10.9052,True,9.2046,True
aragpt2,T1,T1-m-0194,m,شاهد,2.4392,True,3.0638,True
aragpt2,T1,T1-m-0195,m,حضر,1.8598,True,1.9468,True
aragpt2,T1,T1-m-0196,m,حضر,-3.6818,False,-3.5948,False
aragpt2,T1,T1-m-0197,m,كسر,1.7364,True,1.0015,True
aragpt2,T1,T1-m-0198,m,باع,4.084,True,3.7269,True
aragpt2,T1,T1-m-0199,m,ذهب,0.2199,True,1.1586,True
aragpt2,T1,T1-m-0200,m,ترك,6.205,True,5.4821,True
aragpt2,T1,T1-m-0201,m,سمع,-6.3749,False,-5.9985,False
aragpt2,T1,T1-m-0202,m,باع,-1.0709,False,-1.428,False
aragpt2,T1,T1-m-0203,m,باع,2.7861,True,2.4291,True
aragpt2,T1,T1-m-0204,m,كسر,-2.0483,False,-2.7831,False
aragpt2,T1,T1-m-0205,m,خرج,6.6351,True,4.9346,True
aragpt2,T1,T1-m-0206,m,دفع,15.2506,True,16.0495,True
aragpt2,T1,T1-m-0207,m,كسر,2.7729,True,2.038,True
aragpt2,T1,T1-m-0208,m,كتب,3.458,True,2.895,True
aragpt2,T1,T1-m-0209,m,شاهد,9.544,True,10.1686,True
aragpt2,T1,T1-m-0210,m,وصل,1.793,True,1.2448,True
aragpt2,T1,T1-m-0211,m,ترك,15.628,True,14.905,True
aragpt2,T1,T1-m-0212,m,قال,0.6737,True,-1.8315,False
aragpt2,T1,T1-m-0213,m,وجد,5.4598,True,5.73,True
aragpt2,T1,T1-m-0214,m,قرأ,2.1464,True,1.7413,True
aragpt2,T1,T1-m-0215,m,وجد,5.1319,True,5.402,True
aragpt2,T1,T1-m-0216,m,وجد,3.2715,True,3.5417,True
aragpt2,T1,T1-m-0217,m,باع,3.9433,True,3.5863,True
aragpt2,T1,T1-m-0218,m,فتح,4.0766,True,3.9936,True
aragpt2,T1,T1-m-0219,m,ترك,5.0158,True,4.2928,True
aragpt2,T1,T1-m-0220,m,قال,6.1402,True,3.6351,True
aragpt2,T1,T1-m-0221,m,ذهب,3.4607,True,4.3994,True
aragpt2,T1,T1-m-0222,m,حضر,3.599,True,3.6859,True
aragpt2,T1,T1-m-0223,m,فتح,12.424,True,12.341,True
aragpt2,T1,T1-m-0224,m,قرأ,4.0002,True,3.5952,True
aragpt2,T1,T1-m-0225,m,بدأ,7.0409,True,5.9064,True
aragpt2,T1,T1-m-0226,m,كسر,-0.012,False,-0.7468,False
aragpt2,T1,T1-m-0227,m,قرأ,-0.3473,False,-0.7524,False
aragpt2,T1,T1-m-0228,m,حمل,3.8705,True,3.3266,True
aragpt2,T1,T1-m-0229,m,قرأ,-2.3623,False,-2.7674,False
aragpt2,T1,T1-m-0230,m,بدأ,5.068,True,3.9335,True
aragpt2,T1,T1-m-0231,m,عرف,5.7104,True,4.6464,True
aragpt2,T1,T1-m-0232,m,عرف,2.2661,True,1.202,True
aragpt2,T1,T1-m-0233,m,وصل,1.5122,True,0.964,True
aragpt2,T1,T1-m-0234,m,قرأ,1.3096,True,0.9046,True
aragpt2,T1,T1-m-0235,m,عرف,11.4431,True,10.379,True
aragpt2,T1,T1-m-0236,m,دخل,4.4331,True,3.9552,True
aragpt2,T1,T1-m-0237,m,وصل,3.9233,True,3.3751,True
aragpt2,T1,T1-m-0238,m,أخذ,9.7288,True,10.2162,True
aragpt2,T1,T1-m-0239,m,شاهد,12.7776,True,13.4023,True
aragpt2,T1,T1-m-0240,m,خرج,3.5229,True,1.8223,True
aragpt2,T1,T1-m-0241,m,بدأ,1.0675,True,-0.067,False
aragpt2,T1,T1-m-0242,m,شاهد,2.0931,True,2.7178,True
aragpt2,T1,T1-m-0243,m,قرأ,4.1301,True,3.7251,True
aragpt2,T1,T1-m-0244,m,أخذ,4.7068,True,5.1942,True
aragpt2,T1,T1-m-0245,m,دخل,0.837,True,0.3592,True
aragpt2,T1,T1-m-0246,m,بدأ,7.8974,True,6.7628,True
aragpt2,T1,T1-m-0247,m,بدأ,-2.8819,False,-4.0164,False
aragpt2,T1,T1-m-0248,m,عرف,-3.3814,False,-4.4455,False
aragpt2,T1,T1-m-0249,m,حمل,1.9162,True,1.3723,True
aragpt2,T1,T1-m-0250,m,حضر,0.0284,True,0.1154,True
aragpt2,T1,T1-m-0251,m,حمل,4.5299,True,3.986,True
aragpt2,T1,T1-m-0252,m,شاهد,1.8366,True,2.4613,True
aragpt2,T1,T1-m-0253,m,سمع,-1.7852,False,-1.4088,False
aragpt2,T1,T1-m-0254,m,وجد,8.4598,True,8.73,True
aragpt2,T1,T1-m-0255,m,دفع,3.2347,True,4.0336,True
aragpt2,T1,T1-m-0256,m,باع,6.0089,True,5.6519,True
aragpt2,T1,T1-m-0257,m,دخل,8.3283,True,7.8504,True
aragpt2,T1,T1-m-0258,m,باع,6.7311,True,6.374,True
aragpt2,T1,T1-m-0259,m,بدأ,3.7691,True,2.6346,True
aragpt2,T1,T1-m-0260,m,خرج,1.341,True,-0.3595,False
aragpt2,T1,T1-m-0261,m,دخل,-1.6372,False,-2.1151,False
aragpt2,T1,T1-m-0262,m,كسر,5.9348,True,5.1999,True
aragpt2,T1,T1-m-0263,m,حضر,3.2537,True,3.3406,True
aragpt2,T1,T1-m-0264,m,سمع,-2.5953,False,-2.2189,False
aragpt2,T1,T1-m-0265,m,ذهب,1.5221,True,2.4608,True
aragpt2,T1,T1-m-0266,m,طلب,8.4504,True,7.1739,True
aragpt2,T1,T1-m-0267,m,فتح,0.1445,True,0.0615,True
aragpt2,T1,T1-m-0268,m,وصل,-1.0536,False,-1.6018,False
aragpt2,T1,T1-m-0269,m,باع,-6.0391,False,-6.3962,False
aragpt2,T1,T1-m-0270,m,فتح,6.5261,True,6.4431,True
aragpt2,T1,T1-m-0271,m,أخذ,4.7003,True,5.1877,True
aragpt2,T1,T1-m-0272,m,دفع,8.8406,True,9.6394,True
aragpt2,T1,T1-m-0273,m,عرف,1.071,True,0.0069,True
aragpt2,T1,T1-m-0274,m,كتب,1.8255,True,1.2624,True
aragpt2,T1,T1-m-0275,m,كسر,7.8345,True,7.0996,True
aragpt2,T1,T1-m-0276,m,فتح,8.5247,True,8.4417,True
aragpt2,T1,T1-m-0277,m,خرج,8.8258,True,7.1252,True
aragpt2,T1,T1-m-0278,m,ذهب,2.5044,True,3.4431,True
aragpt2,T1,T1-m-0279,m,سمع,7.1284,True,7.5048,True
aragpt2,T1,T1-m-0280,m,كسر,7.1942,True,6.4593,True
aragpt2,T1,T1-m-0281,m,ذهب,3.077,True,4.0158,True
aragpt2,T1,T1-m-0282,m,سمع,3.2894,True,3.6658,True
aragpt2,T1,T1-m-0283,m,أخذ,1.2139,True,1.7013,True
aragpt2,T1,T1-m-0284,m,حضر,4.9348,True,5.0217,True
aragpt2,T1,T1-m-0285,m,حمل,7.7652,True,7.2213,True
aragpt2,T1,T1-m-0286,m,حضر,6.5647,True,6.6517,True
aragpt2,T1,T1-m-0287,m,سمع,-5.4279,False,-5.0515,False
aragpt2,T1,T1-m-0288,m,عرف,0.0283,True,-1.0358,False
aragpt2,T1,T1-m-0289,m,قال,-2.1972,False,-4.7024,False
aragpt2,T1,T1-m-0290,m,قرأ,-0.2643,False,-0.6694,False
aragpt2,T1,T1-m-0291,m,دفع,8.1536,True,8.9525,True
aragpt2,T1,T1-m-0292,m,ترك,3.2055,True,2.4825,True
aragpt2,T1,T1-m-0293,m,سمع,-3.4201,False,-3.0437,False
aragpt2,T1,T1-m-0294,m,قرأ,-0.3961,False,-0.8012,False
aragpt2,T1,T1-m-0295,m,حمل,11.5921,True,11.0482,True
aragpt2,T1,T1-m-0296,m,ذهب,-5.3095,False,-4.3708,False
aragpt2,T1,T1-m-0297,m,دفع,-0.9575,False,-0.1586,False
aragpt2,T1,T1-m-0298,m,وصل,6.2149,True,5.6667,True
aragpt2,T1,T1-m-0299,m,ترك,8.3091,True,7.5862,True
aragpt2,T1,T1-m-0300,m,كسر,6.7668,True,6.0319,True
aragpt2,T1,T1-m-0301,m,كتب,1.7637,True,1.2006,True
aragpt2,T1,T1-m-0302,m,ذهب,3.4118,True,4.3506,True
aragpt2,T1,T1-m-0303,m,قرأ,-0.7771,False,-1.1821,False
aragpt2,T1,T1-m-0304,m,طلب,8.1131,True,6.8366,True
aragpt2,T1,T1-m-0305,m,ذهب,10.6866,True,11.6253,True
aragpt2,T1,T1-m-0306,m,ترك,7.9269,True,7.204,True
aragpt2,T1,T1-m-0307,m,فتح,-0.5914,False,-0.6744,False
aragpt2,T1,T1-m-0308,m,طلب,5.4624,True,4.1859,True
aragpt2,T1,T1-m-0309,m,قرأ,7.9416,True,7.5366,True
aragpt2,T1,T1-m-0310,m,طلب,3.605,True,2.3285,True
aragpt2,T1,T1-m-0311,m,كسر,14.8799,True,14.145,True
aragpt2,T1,T1-m-0312,m,ترك,3.275,True,2.552,True
aragpt2,T1,T1-m-0313,m,أخذ,10.7511,True,11.2385,True
aragpt2,T1,T1-m-0314,m,ذهب,5.6591,True,6.5978,True
aragpt2,T1,T1-m-0315,m,وصل,-4.1786,False,-4.7268,False
aragpt2,T1,T1-m-0316,m,وصل,10.586,True,10.0378,True
aragpt2,T1,T1-m-0317,m,ترك,2.4861,True,1.7632,True
aragpt2,T1,T1-m-0318,m,كتب,5.484,True,4.9209,True
aragpt2,T1,T1-m-0319,m,وصل,-1.32,False,-1.8682,False
aragpt2,T1,T1-m-0320,m,حمل,0.0066,True,-0.5373,False
aragpt2,T1,T1-m-0321,m,ترك,2.0838,True,1.3609,True
aragpt2,T1,T1-m-0322,m,سمع,4.9187,True,5.2951,True
aragpt2,T1,T1-m-0323,m,قال,2.2318,True,-0.2734,False
aragpt2,T1,T1-m-0324,m,شاهد,9.5687,True,10.1933,True
aragpt2,T1,T1-m-0325,m,حضر,4.3179,True,4.4048,True
aragpt2,T1,T1-m-0326,m,باع,0.8098,True,0.4527,True
aragpt2,T1,T1-m-0327,m,طلب,8.9863,True,7.7098,True
aragpt2,T1,T1-m-0328,m,فتح,6.8016,True,6.7186,True
aragpt2,T1,T1-m-0329,m,شاهد,1.6828,True,2.3075,True
aragpt2,T1,T1-m-0330,m,حضر,7.6715,True,7.7585,True
aragpt2,T1,T1-m-0331,m,وجد,4.146,True,4.4161,True
aragpt2,T1,T1-m-0332,m,حمل,13.076,True,12.5321,True
aragpt2,T1,T1-m-0333,m,سمع,7.5812,True,7.9576,True
aragpt2,T1,T1-m-0334,m,دخل,2.4778,True,2.0,True
aragpt2,T1,T1-m-0335,m,طلب,0.2605,True,-1.016,False
aragpt2,T1,T1-m-0336,m,دفع,6.6863,True,7.4852,True
aragpt2,T1,T1-m-0337,m,عرف,5.9984,True,4.9343,True
aragpt2,T1,T1-m-0338,m,كتب,5.2383,True,4.6752,True
aragpt2,T1,T1-m-0339,m,سمع,-3.5625,False,-3.1861,False
aragpt2,T1,T1-m-0340,m,وصل,-1.0705,False,-1.6187,False
aragpt2,T1,T1-m-0341,m,بدأ,1.198,True,0.0635,True
aragpt2,T1,T1-m-0342,m,قرأ,-4.3486,False,-4.7536,False
aragpt2,T1,T1-m-0343,m,ترك,5.8059,True,5.0829,True
aragpt2,T1,T1-m-0344,m,أخذ,3.3318,True,3.8192,True
aragpt2,T1,T1-m-0345,m,خرج,5.8087,True,4.1081,True
aragpt2,T1,T1-m-0346,m,وجد,1.0293,True,1.2995,True
aragpt2,T1,T1-m-0347,m,حضر,6.9061,True,6.993,True
aragpt2,T1,T1-m-0348,m,سمع,4.5048,True,4.8812,True
aragpt2,T1,T1-m-0349,m,قرأ,5.964,True,5.559,True
aragpt2,T1,T1-m-0350,m,كتب,1.843,True,1.2799,True
aragpt2,T1,T1-m-0351,m,ترك,17.8009,True,17.0779,True
aragpt2,T1,T1-m-0352,m,حمل,6.4808,True,5.9369,True
aragpt2,T1,T1-m-0353,m,أخذ,1.7689,True,2.2563,True
aragpt2,T1,T1-m-0354,m,حمل,3.9724,True,3.4285,True
aragpt2,T1,T1-m-0355,m,فتح,1.1932,True,1.1102,True
aragpt2,T1,T1-m-0356,m,ترك,11.4767,True,10.7537,True
aragpt2,T1,T1-m-0357,m,حمل,3.7412,True,3.1973,True
aragpt2,T1,T1-m-0358,m,فتح,11.9266,True,11.8436,True
aragpt2,T1,T1-m-0359,m,كسر,4.4133,True,3.6784,True
aragpt2,T1,T1-m-0360,m,ذهب,-2.6079,False,-1.6692,False
aragpt2,T1,T1-m-0361,m,حضر,8.9835,True,9.0705,True
aragpt2,T1,T1-m-0362,m,وجد,-1.0255,False,-0.7554,False
aragpt2,T1,T1-m-0363,m,أخذ,2.5348,True,3.0222,True
aragpt2,T1,T1-m-0364,m,بدأ,1.3767,True,0.2422,True
aragpt2,T1,T1-m-0365,m,فتح,1.2648,True,1.1818,True
aragpt2,T1,T1-m-0366,m,كسر,8.6346,True,7.8997,True
aragpt2,T1,T1-m-0367,m,كتب,3.6108,True,3.0477,True
aragpt2,T1,T1-m-0368,m,فتح,7.0346,True,6.9516,True
aragpt2,T1,T1-m-0369,m,ترك,20.5663,True,19.8433,True
aragpt2,T1,T1-m-0370,m,بدأ,-3.562,False,-4.6965,False
aragpt2,T1,T1-m-0371,m,باع,-3.014,False,-3.3711,False
aragpt2,T1,T1-m-0372,m,باع,11.0846,True,10.7276,True
aragpt2,T1,T1-m-0373,m,قال,0.3886,True,-2.1165,False
aragpt2,T1,T1-m-0374,m,وصل,1.0428,True,0.4946,True
aragpt2,T1,T1-m-0375,m,فتح,1.189,True,1.106,True
aragpt2,T1,T1-m-0376,m,عرف,-4.2592,False,-5.3233,False
aragpt2,T1,T1-m-0377,m,دفع,7.5728,True,8.3717,True
aragpt2,T1,T1-m-0378,m,حمل,7.375,True,6.8311,True
aragpt2,T1,T1-m-0379,m,دخل,6.1845,True,5.7066,True
aragpt2,T1,T1-m-0380,m,حضر,2.86,True,2.947,True
aragpt2,T1,T1-m-0381,m,ذهب,0.5417,True,1.4804,True
aragpt2,T1,T1-m-0382,m,دخل,7.807,True,7.3292,True
aragpt2,T1,T1-m-0383,m,ترك,5.5641,True,4.8412,True
aragpt2,T1,T1-m-0384,m,دفع,2.2952,True,3.0941,True
aragpt2,T1,T1-m-0385,m,بدأ,-3.828,False,-4.9625,False
aragpt2,T1,T1-m-0386,m,قال,1.4327,True,-1.0724,False
aragpt2,T1,T1-m-0387,m,وجد,7.6021,True,7.8723,True
aragpt2,T1,T1-m-0388,m,شاهد,5.8227,True,6.4474,True
aragpt2,T1,T1-m-0389,m,كتب,6.4799,True,5.9168,True
aragpt2,T1,T1-m-0390,m,خرج,6.5849,True,4.8843,True
aragpt2,T1,T1-m-0391,m,ترك,4.5321,True,3.8091,True
aragpt2,T1,T1-m-0392,m,باع,-4.9541,False,-5.3112,False
aragpt2,T1,T1-m-0393,m,كسر,4.2592,True,3.5244,True
aragpt2,T1,T1-m-0394,m,خرج,6.1386,True,4.438,True
aragpt2,T1,T1-m-0395,m,باع,-5.1469,False,-5.5039,False
aragpt2,T1,T1-m-0396,m,عرف,2.9762,True,1.9121,True
aragpt2,T1,T1-m-0397,m,كسر,11.8139,True,11.0791,True
aragpt2,T1,T1-m-0398,m,ترك,0.7102,True,-0.0127,False
aragpt2,T1,T1-m-0399,m,باع,5.9035,True,5.5464,True
aragpt2,T1,T1-m-0400,m,وصل,-4.2691,False,-4.8173,False
aragpt2,T1,T1-m-0401,m,قال,3.4882,True,0.9831,True
aragpt2,T1,T1-m-0402,m,باع,11.9837,True,11.6267,True
aragpt2,T1,T1-m-0403,m,شاهد,3.3523,True,3.9769,True
aragpt2,T1,T1-m-0404,m,دفع,5.556,True,6.3549,True
aragpt2,T1,T1-m-0405,m,سمع,2.3668,True,2.7432,True
aragpt2,T1,T1-m-0406,m,عرف,4.0186,True,2.9545,True
aragpt2,T1,T1-m-0407,m,قال,4.0259,True,1.5208,True
aragpt2,T1,T1-m-0408,m,شاهد,6.3359,True,6.9605,True
aragpt2,T1,T1-m-0409,m,باع,-6.5738,False,-6.9308,False
aragpt2,T1,T1-m-0410,m,دخل,1.0789,True,0.6011,True
aragpt2,T1,T1-m-0411,m,حمل,3.3155,True,2.7716,True
aragpt2,T1,T1-m-0412,m,كسر,3.7433,True,3.0084,True
aragpt2,T1,T1-m-0413,m,دخل,1.726,True,1.2481,True
aragpt2,T1,T1-m-0414,m,ذهب,3.3495,True,4.2882,True
aragpt2,T1,T1-m-0415,m,وجد,1.0592,True,1.3294,True
aragpt2,T1,T1-m-0416,m,ذهب,2.0579,True,2.9966,True
aragpt2,T1,T1-m-0417,m,ترك,2.3224,True,1.5994,True
aragpt2,T1,T1-m-0418,m,حمل,7.5241,True,6.9802,True
aragpt2,T1,T1-m-0419,m,كسر,7.8115,True,7.0766,True
aragpt2,T1,T1-m-0420,m,حضر,6.7104,True,6.7974,True
aragpt2,T1,T1-m-0421,m,ترك,2.1801,True,1.4571,True
aragpt2,T1,T1-m-0422,m,كتب,4.4445,True,3.8814,True
aragpt2,T1,T1-m-0423,m,بدأ,-1.9222,False,-3.0567,False
aragpt2,T1,T1-m-0424,m,وجد,2.0301,True,2.3003,True
aragpt2,T1,T1-m-0425,m,طلب,5.9654,True,4.6889,True
aragpt2,T1,T1-m-0426,m,وجد,12.021,True,12.2911,True
aragpt2,T1,T1-m-0427,m,ترك,3.2993,True,2.5764,True
aragpt2,T1,T1-m-0428,m,كسر,11.3141,True,10.5793,True
aragpt2,T1,T1-m-0429,m,أخذ,-0.0826,False,0.4048,True
aragpt2,T1,T1-m-0430,m,شاهد,0.9358,True,1.5605,True
aragpt2,T1,T1-m-0431,m,سمع,1.5786,True,1.955,True
aragpt2,T1,T1-m-0432,m,قال,4.0429,True,1.5378,True
aragpt2,T1,T1-m-0433,m,كتب,3.2511,True,2.688,True
aragpt2,T1,T1-m-0434,m,حمل,5.0182,True,4.4743,True
aragpt2,T1,T1-m-0435,m,وصل,6.4925,True,5.9443,True
aragpt2,T1,T1-m-0436,m,ذهب,-0.8088,False,0.1299,True
aragpt2,T1,T1-m-0437,m,كسر,3.17,True,2.4352,True
aragpt2,T1,T1-m-0438,m,كتب,1.4537,True,0.8906,True
aragpt2,T1,T1-m-0439,m,وجد,17.7778,True,18.048,True
aragpt2,T1,T1-m-0440,m,كتب,-3.4165,False,-3.9796,False
aragpt2,T1,T1-m-0441,m,دفع,-1.4292,False,-0.6303,False
aragpt2,T1,T1-m-0442,m,وجد,7.763,True,8.0331,True
aragpt2,T1,T1-m-0443,m,حمل,1.0965,True,0.5526,True
aragpt2,T1,T1-m-0444,m,حمل,5.0825,True,4.5386,True
aragpt2,T1,T1-m-0445,m,سمع,0.7328,True,1.1093,True
aragpt2,T1,T1-m-0446,m,ترك,7.1899,True,6.4669,True
aragpt2,T1,T1-m-0447,m,قرأ,6.1872,True,5.7822,True
aragpt2,T1,T1-m-0448,m,دفع,4.2699,True,5.0688,True
aragpt2,T1,T1-m-0449,m,دخل,-8.3786,False,-8.8564,False
aragpt2,T1,T1-m-0450,m,دفع,10.2757,True,11.0746,True
aragpt2,T1,T1-m-0451,m,شاهد,6.4617,True,7.0864,True
aragpt2,T1,T1-m-0452,m,حضر,-1.0887,False,-1.0017,False
aragpt2,T1,T1-m-0453,m,كتب,0.8355,True,0.2724,True
aragpt2,T1,T1-m-0454,m,أخذ,3.6124,True,4.0998,True
aragpt2,T1,T1-m-0455,m,ذهب,10.0027,True,10.9415,True
aragpt2,T1,T1-m-0456,m,شاهد,-7.5835,False,-6.9589,False
aragpt2,T1,T1-m-0457,m,قال,0.555,True,-1.9501,False
aragpt2,T1,T1-m-0458,m,بدأ,-1.3714,False,-2.5059,False
aragpt2,T1,T1-m-0459,m,حضر,5.3248,True,5.4117,True
aragpt2,T1,T1-m-0460,m,باع,1.6517,True,1.2946,True
aragpt2,T1,T1-m-0461,m,سمع,2.3041,True,2.6805,True
aragpt2,T1,T1-m-0462,m,طلب,1.4048,True,0.1283,True
aragpt2,T1,T1-m-0463,m,وصل,5.2204,True,4.6722,True
aragpt2,T1,T1-m-0464,m,أخذ,3.0518,True,3.5392,True
aragpt2,T1,T1-m-0465,m,فتح,-1.7051,False,-1.7881,False
aragpt2,T1,T1-m-0466,m,خرج,2.137,True,0.4364,True
aragpt2,T1,T1-m-0467,m,بدأ,1.3435,True,0.209,True
aragpt2,T1,T1-m-0468,m,كتب,6.5181,True,5.955,True
aragpt2,T1,T1-m-0469,m,بدأ,2.8146,True,1.6801,True
aragpt2,T1,T1-m-0470,m,وجد,5.0396,True,5.3098,True
aragpt2,T1,T1-m-0471,m,وجد,16.6294,True,16.8996,True
aragpt2,T1,T1-m-0472,m,حضر,5.1138,True,5.2007,True
aragpt2,T1,T1-m-0473,m,بدأ,0.6446,True,-0.4899,False
aragpt2,T1,T1-m-0474,m,دفع,6.5394,True,7.3383,True
aragpt2,T1,T1-m-0475,m,خرج,5.5227,True,3.8221,True
aragpt2,T1,T1-m-0476,m,فتح,3.0814,True,2.9984,True
aragpt2,T1,T1-m-0477,m,خرج,6.2048,True,4.5042,True
aragpt2,T1,T1-m-0478,m,قرأ,2.0047,True,1.5997,True
aragpt2,T1,T1-m-0479,m,طلب,5.8528,True,4.5763,True
aragpt2,T1,T1-m-0480,m,ترك,4.2324,True,3.5094,True
aragpt2,T1,T1-m-0481,m,دفع,-2.1992,False,-1.4003,False
aragpt2,T1,T1-m-0482,m,ترك,-0.5981,False,-1.3211,False
aragpt2,T1,T1-m-0483,m,خرج,1.319,True,-0.3816,False
aragpt2,T1,T1-m-0484,m,دفع,1.6699,True,2.4688,True
aragpt2,T1,T1-m-0485,m,باع,-0.541,False,-0.898,False
aragpt2,T1,T1-m-0486,m,ذهب,11.6349,True,12.5737,True
aragpt2,T1,T1-m-0487,m,وصل,3.1734,True,2.6252,True
aragpt2,T1,T1-m-0488,m,قال,2.9904,True,0.4852,True
aragpt2,T1,T1-m-0489,m,سمع,6.6394,True,7.0158,True
aragpt2,T1,T1-m-0490,m,سمع,2.6259,True,3.0023,True
aragpt2,T1,T1-m-0491,m,باع,5.9797,True,5.6227,True
aragpt2,T1,T1-m-0492,m,باع,3.0189,True,2.6618,True
aragpt2,T1,T1-m-0493,m,بدأ,2.4799,True,1.3454,True
aragpt2,T1,T1-m-0494,m,وصل,3.6941,True,3.1459,True
aragpt2,T1,T1-m-0495,m,طلب,-1.5955,False,-2.872,False
aragpt2,T1,T1-m-0496,m,أخذ,-0.5502,False,-0.0628,False
aragpt2,T1,T1-m-0497,m,كتب,2.9969,True,2.4339,True
aragpt2,T1,T1-m-0498,m,دخل,7.184,True,6.7061,True
aragpt2,T1,T1-m-0499,m,كسر,8.3829,True,7.648,True
aragpt2,T1,T1-m-0500,m,قال,1.1764,True,-1.3287,False
aragpt2,T1,T1-m-0501,m,قال,3.4321,True,0.927,True
aragpt2,T1,T1-m-0502,m,كتب,0.2574,True,-0.3057,False
aragpt2,T1,T1-m-0503,m,دخل,2.9735,True,2.4956,True
aragpt2,T1,T1-m-0504,m,فتح,3.3045,True,3.2215,True
aragpt2,T1,T1-m-0505,m,شاهد,3.6536,True,4.2783,True
aragpt2,T1,T1-m-0506,m,فتح,9.7678,True,9.6848,True
aragpt2,T1,T1-m-0507,m,بدأ,1.5992,True,0.4646,True
aragpt2,T1,T1-m-0508,m,طلب,1.1207,True,-0.1558,False
aragpt2,T1,T1-m-0509,m,قال,1.6056,True,-0.8995,False
aragpt2,T1,T1-m-0510,m,طلب,1.9885,True,0.712,True
aragpt2,T1,T1-m-0511,m,ترك,3.1277,True,2.4047,True
aragpt2,T1,T1-m-0512,m,حمل,17.4862,True,16.9423,True
aragpt2,T1,T1-m-0513,m,طلب,10.8564,True,9.5799,True
aragpt2,T1,T1-m-0514,m,فتح,10.9081,True,10.8251,True
aragpt2,T1,T1-m-0515,m,شاهد,-1.4156,False,-0.791,False
aragpt2,T1,T1-m-0516,m,خرج,3.5041,True,1.8036,True
aragpt2,T1,T1-m-0517,m,حمل,-0.8024,False,-1.3463,False
aragpt2,T1,T1-m-0518,m,وصل,-6.7315,False,-7.2797,False
aragpt2,T1,T1-m-0519,m,بدأ,3.4245,True,2.2899,True
aragpt2,T1,T1-m-0520,m,عرف,-1.1946,False,-2.2587,False
aragpt2,T1,T1-m-0521,m,فتح,8.1112,True,8.0282,True
aragpt2,T1,T1-m-0522,m,طلب,7.0106,True,5.7341,True
aragpt2,T1,T1-m-0523,m,فتح,4.7078,True,4.6248,True
aragpt2,T1,T1-m-0524,m,كتب,0.5707,True,0.0076,True
aragpt2,T1,T1-m-0525,m,كسر,1.6328,True,0.8979,True
aragpt2,T1,T1-m-0526,m,ذهب,-2.2979,False,-1.3592,False
aragpt2,T1,T1-m-0527,m,دفع,6.1616,True,6.9605,True
aragpt2,T1,T1-m-0528,m,خرج,8.6529,True,6.9524,True
aragpt2,T1,T1-m-0529,m,بدأ,4.4399,True,3.3054,True
aragpt2,T1,T1-m-0530,m,فتح,6.4303,True,6.3473,True
aragpt2,T1,T1-m-0531,m,قال,4.3739,True,1.8687,True
aragpt2,T1,T1-m-0532,m,قال,12.344,True,9.8389,True
aragpt2,T1,T1-m-0533,m,باع,4.4732,True,4.1162,True
aragpt2,T1,T1-m-0534,m,وصل,5.1223,True,4.5741,True
aragpt2,T1,T1-m-0535,m,قال,0.399,True,-2.1061,False
aragpt2,T1,T1-m-0536,m,قرأ,-0.5032,False,-0.9082,False
aragpt2,T1,T1-m-0537,m,ذهب,2.0511,True,2.9898,True
aragpt2,T1,T1-m-0538,m,ذهب,2.8817,True,3.8204,True
aragpt2,T1,T1-m-0539,m,فتح,-0.6845,False,-0.7675,False
aragpt2,T1,T1-m-0540,m,كسر,3.5418,True,2.807,True
aragpt2,T1,T1-m-0541,m,أخذ,-1.0935,False,-0.6061,False
aragpt2,T1,T1-m-0542,m,عرف,1.4587,True,0.3946,True
aragpt2,T1,T1-m-0543,m,وجد,9.9263,True,10.1965,True
aragpt2,T1,T1-m-0544,m,بدأ,-0.2761,False,-1.4106,False
aragpt2,T1,T1-m-0545,m,ترك,2.7557,True,2.0327,True
aragpt2,T1,T1-m-0546,m,أخذ,3.5648,True,4.0522,True
aragpt2,T1,T1-m-0547,m,خرج,5.6137,True,3.9132,True
aragpt2,T1,T1-m-0548,m,حضر,8.4633,True,8.5503,True
aragpt2,T1,T1-m-0549,m,دفع,7.1334,True,7.9323,True
aragpt2,T1,T1-m-0550,m,وصل,7.101,True,6.5528,True
aragpt2,T1,T1-m-0551,m,شاهد,4.5327,True,5.1574,True
aragpt2,T1,T1-m-0552,m,وصل,4.6804,True,4.1322,True
aragpt2,T1,T1-m-0553,m,كتب,3.6744,True,3.1113,True
aragpt2,T1,T1-m-0554,m,أخذ,6.0755,True,6.5629,True
aragpt2,T1,T1-m-0555,m,فتح,7.0976,True,7.0146,True
aragpt2,T1,T1-m-0556,m,سمع,6.4797,True,6.8561,True
aragpt2,T1,T1-m-0557,m,دفع,2.0027,True,2.8015,True
aragpt2,T1,T1-m-0558,m,حضر,6.402,True,6.4889,True
aragpt2,T1,T1-m-0559,m,ترك,8.238,True,7.515,True
aragpt2,T1,T1-m-0560,m,خرج,-2.2315,False,-3.9321,False
aragpt2,T1,T1-m-0561,m,شاهد,5.9537,True,6.5783,True
aragpt2,T1,T1-m-0562,m,دفع,12.5146,True,13.3134,True
aragpt2,T1,T1-m-0563,m,دخل,2.7664,True,2.2885,True
aragpt2,T1,T1-m-0564,m,وجد,9.4272,True,9.6973,True
aragpt2,T1,T1-m-0565,m,سمع,4.4416,True,4.818,True
aragpt2,T1,T1-m-0566,m,باع,-0.6296,False,-0.9866,False
aragpt2,T1,T1-m-0567,m,حمل,5.7726,True,5.2287,True
aragpt2,T1,T1-m-0568,m,دخل,-2.218,False,-2.6958,False
aragpt2,T1,T1-m-0569,m,كتب,-3.7391,False,-4.3021,False
aragpt2,T1,T1-m-0570,m,سمع,-0.2819,False,0.0945,True
aragpt2,T1,T1-m-0571,m,قرأ,-2.1816,False,-2.5867,False
aragpt2,T1,T1-m-0572,m,قال,7.0784,True,4.5733,True
aragpt2,T1,T1-m-0573,m,عرف,2.4731,True,1.409,True
aragpt2,T1,T1-m-0574,m,دفع,4.6611,True,5.46,True
aragpt2,T1,T1-m-0575,m,سمع,-8.383,False,-8.0066,False
aragpt2,T1,T1-m-0576,m,قال,-2.1825,False,-4.6876,False
aragpt2,T1,T1-m-0577,m,قال,3.006,True,0.5009,True
aragpt2,T1,T1-m-0578,m,فتح,9.8149,True,9.7319,True
aragpt2,T1,T1-m-0579,m,كسر,1.0179,True,0.283,True
aragpt2,T1,T1-m-0580,m,قرأ,8.853,True,8.448,True
aragpt2,T1,T1-m-0581,m,باع,-0.5746,False,-0.9316,False
aragpt2,T1,T1-m-0582,m,دخل,-3.8358,False,-4.3137,False
aragpt2,T1,T1-m-0583,m,حمل,0.5553,True,0.0114,True
aragpt2,T1,T1-m-0584,m,سمع,-4.1083,False,-3.7319,False
aragpt2,T1,T1-m-0585,m,حمل,9.6119,True,9.068,True
aragpt2,T1,T1-m-0586,m,وجد,5.6894,True,5.9596,True
aragpt2,T1,T1-m-0587,m,عرف,2.9871,True,1.923,True
aragpt2,T1,T1-m-0588,m,كسر,0.6131,True,-0.1218,False
aragpt2,T1,T1-m-0589,m,باع,7.1591,True,6.8021,True
aragpt2,T1,T1-m-0590,m,حضر,7.1692,True,7.2562,True
aragpt2,T1,T1-m-0591,m,طلب,2.6659,True,1.3894,True
aragpt2,T1,T1-m-0592,m,قال,1.7656,True,-0.7395,False
aragpt2,T1,T1-m-0593,m,باع,7.3991,True,7.0421,True
aragpt2,T1,T1-m-0594,m,سمع,-3.0853,False,-2.7089,False
aragpt2,T1,T1-m-0595,m,ذهب,2.0067,True,2.9455,True
aragpt2,T1,T1-m-0596,m,فتح,8.6845,True,8.6015,True
aragpt2,T1,T1-m-0597,m,كتب,0.1881,True,-0.3749,False
aragpt2,T1,T1-m-0598,m,دفع,2.5423,True,3.3412,True
aragpt2,T1,T1-m-0599,m,أخذ,11.6545,True,12.1419,True
aragpt2,T1,T1-f-0000,f,بدأ,1.563,True,2.6975,True
aragpt2,T1,T1-f-0001,f,بدأ,0.4535,True,1.588,True
aragpt2,T1,T1-f-0002,f,قال,0.1621,True,2.6672,True
aragpt2,T1,T1-f-0003,f,ذهب,-1.2686,False,-2.2073,False
aragpt2,T1,T1-f-0004,f,باع,-5.3093,False,-4.9522,False
aragpt2,T1,T1-f-0005,f,كسر,6.5162,True,7.2511,True
aragpt2,T1,T1-f-0006,f,قال,-3.5938,False,-1.0886,False
aragpt2,T1,T1-f-0007,f,طلب,-7.6318,False,-6.3553,False
aragpt2,T1,T1-f-0008,f,حمل,0.9233,True,1.4672,True
aragpt2,T1,T1-f-0009,f,كسر,4.2242,True,4.959,True
aragpt2,T1,T1-f-0010,f,كسر,-4.193,False,-3.4581,False
aragpt2,T1,T1-f-0011,f,وجد,2.0284,True,1.7582,True
aragpt2,T1,T1-f-0012,f,باع,3.9878,True,4.3448,True
aragpt2,T1,T1-f-0013,f,حمل,2.2137,True,2.7576,True
aragpt2,T1,T1-f-0014,f,حضر,-1.1563,False,-1.2433,False
aragpt2,T1,T1-f-0015,f,شاهد,-5.4237,False,-6.0484,False
aragpt2,T1,T1-f-0016,f,بدأ,-1.4989,False,-0.3644,False
aragpt2,T1,T1-f-0017,f,وجد,-14.8325,False,-15.1026,False
aragpt2,T1,T1-f-0018,f,شاهد,-1.928,False,-2.5527,False
aragpt2,T1,T1-f-0019,f,ترك,7.4066,True,8.1295,True
aragpt2,T1,T1-f-0020,f,قرأ,5.2172,True,5.6223,True
aragpt2,T1,T1-f-0021,f,حمل,-0.638,False,-0.0941,False
aragpt2,T1,T1-f-0022,f,قال,1.6823,True,4.1874,True
aragpt2,T1,T1-f-0023,f,وجد,-1.3489,False,-1.6191,False
aragpt2,T1,T1-f-0024,f,وجد,0.7929,True,0.5227,True
aragpt2,T1,T1-f-0025,f,دفع,2.0552,True,1.2563,True
aragpt2,T1,T1-f-0026,f,ذهب,1.1574,True,0.2186,True
aragpt2,T1,T1-f-0027,f,قال,-4.733,False,-2.2279,False
aragpt2,T1,T1-f-0028,f,قرأ,-4.7175,False,-4.3125,False
aragpt2,T1,T1-f-0029,f,ذهب,8.234,True,7.2953,True
aragpt2,T1,T1-f-0030,f,عرف,-9.7504,False,-8.6864,False
aragpt2,T1,T1-f-0031,f,بدأ,1.2592,True,2.3937,True
aragpt2,T1,T1-f-0032,f,حمل,3.2529,True,3.7968,True
aragpt2,T1,T1-f-0033,f,خرج,-0.0257,False,1.6749,True
aragpt2,T1,T1-f-0034,f,باع,0.7677,True,1.1248,True
aragpt2,T1,T1-f-0035,f,خرج,-1.065,False,0.6356,True
aragpt2,T1,T1-f-0036,f,عرف,1.1424,True,2.2065,True
aragpt2,T1,T1-f-0037,f,باع,-5.2897,False,-4.9326,False
aragpt2,T1,T1-f-0038,f,كتب,3.8971,True,4.4602,True
aragpt2,T1,T1-f-0039,f,ذهب,1.8369,True,0.8982,True
aragpt2,T1,T1-f-0040,f,ترك,-6.3675,False,-5.6446,False
aragpt2,T1,T1-f-0041,f,دفع,1.7462,True,0.9473,True
aragpt2,T1,T1-f-0042,f,ذهب,3.565,True,2.6262,True
aragpt2,T1,T1-f-0043,f,دخل,2.2939,True,2.7717,True
aragpt2,T1,T1-f-0044,f,قال,-0.9269,False,1.5782,True
aragpt2,T1,T1-f-0045,f,سمع,-1.7212,False,-2.0976,False
aragpt2,T1,T1-f-0046,f,حمل,0.755,True,1.2989,True
aragpt2,T1,T1-f-0047,f,أخذ,-2.6771,False,-3.1645,False
aragpt2,T1,T1-f-0048,f,وجد,-5.5697,False,-5.8399,False
aragpt2,T1,T1-f-0049,f,دفع,4.0676,True,3.2687,True
aragpt2,T1,T1-f-0050,f,دخل,-2.2048,False,-1.7269,False
aragpt2,T1,T1-f-0051,f,حمل,-0.8358,False,-0.2919,False
aragpt2,T1,T1-f-0052,f,كسر,-0.7522,False,-0.0173,False
aragpt2,T1,T1-f-0053,f,وجد,2.079,True,1.8089,True
aragpt2,T1,T1-f-0054,f,حمل,4.4357,True,4.9797,True
aragpt2,T1,T1-f-0055,f,دفع,0.2021,True,-0.5968,False
aragpt2,T1,T1-f-0056,f,قال,-1.1544,False,1.3508,True
aragpt2,T1,T1-f-0057,f,كسر,-1.714,False,-0.9791,False
aragpt2,T1,T1-f-0058,f,قرأ,-4.4927,False,-4.0877,False
aragpt2,T1,T1-f-0059,f,أخذ,5.6884,True,5.2011,True
aragpt2,T1,T1-f-0060,f,دخل,1.3188,True,1.7967,True
aragpt2,T1,T1-f-0061,f,شاهد,-2.1147,False,-2.7394,False
aragpt2,T1,T1-f-0062,f,دفع,-0.3856,False,-1.1845,False
aragpt2,T1,T1-f-0063,f,فتح,-1.1244,False,-1.0414,False
aragpt2,T1,T1-f-0064,f,شاهد,-2.7531,False,-3.3778,False
aragpt2,T1,T1-f-0065,f,دخل,0.5947,True,1.0726,True
aragpt2,T1,T1-f-0066,f,ترك,-9.5703,False,-8.8473,False
aragpt2,T1,T1-f-0067,f,خرج,2.8546,True,4.5551,True
aragpt2,T1,T1-f-0068,f,دفع,-0.918,False,-1.7169,False
aragpt2,T1,T1-f-0069,f,خرج,0.6156,True,2.3162,True
aragpt2,T1,T1-f-0070,f,باع,-6.953,False,-6.596,False
aragpt2,T1,T1-f-0071,f,وصل,-0.9765,False,-0.4283,False
aragpt2,T1,T1-f-0072,f,فتح,-5.572,False,-5.489,False
aragpt2,T1,T1-f-0073,f,كتب,4.3419,True,4.905,True
aragpt2,T1,T1-f-0074,f,قرأ,-9.4242,False,-9.0192,False
aragpt2,T1,T1-f-0075,f,حمل,1.5198,True,2.0637,True
aragpt2,T1,T1-f-0076,f,قرأ,-3.7599,False,-3.3549,False
aragpt2,T1,T1-f-0077,f,فتح,-2.7549,False,-2.6719,False
aragpt2,T1,T1-f-0078,f,طلب,7.4232,True,8.6997,True
aragpt2,T1,T1-f-0079,f,طلب,-0.6296,False,0.6469,True
aragpt2,T1,T1-f-0080,f,ترك,0.748,True,1.4709,True
aragpt2,T1,T1-f-0081,f,ذهب,3.6631,True,2.7244,True
aragpt2,T1,T1-f-0082,f,شاهد,-2.8371,False,-3.4617,False
aragpt2,T1,T1-f-0083,f,عرف,-0.5219,False,0.5422,True
aragpt2,T1,T1-f-0084,f,بدأ,0.5428,True,1.6773,True
aragpt2,T1,T1-f-0085,f,وصل,-3.5992,False,-3.051,False
aragpt2,T1,T1-f-0086,f,وصل,2.0753,True,2.6235,True
aragpt2,T1,T1-f-0087,f,وصل,1.8993,True,2.4475,True
aragpt2,T1,T1-f-0088,f,دخل,3.0336,True,3.5114,True
aragpt2,T1,T1-f-0089,f,أخذ,-6.7743,False,-7.2617,False
aragpt2,T1,T1-f-0090,f,وجد,-4.814,False,-5.0842,False
aragpt2,T1,T1-f-0091,f,أخذ,-3.2206,False,-3.708,False
aragpt2,T1,T1-f-0092,f,شاهد,-6.6013,False,-7.2259,False
aragpt2,T1,T1-f-0093,f,بدأ,2.7978,True,3.9323,True
aragpt2,T1,T1-f-0094,f,ذهب,-1.1808,False,-2.1195,False
aragpt2,T1,T1-f-0095,f,شاهد,9.695,True,9.0704,True
aragpt2,T1,T1-f-0096,f,باع,-5.0952,False,-4.7382,False
aragpt2,T1,T1-f-0097,f,سمع,6.4162,True,6.0398,True
aragpt2,T1,T1-f-0098,f,باع,-7.8293,False,-7.4722,False
aragpt2,T1,T1-f-0099,f,سمع,-4.3139,False,-4.6903,False
aragpt2,T1,T1-f-0100,f,كتب,5.0756,True,5.6387,True
aragpt2,T1,T1-f-0101,f,باع,-8.4664,False,-8.1094,False
aragpt2,T1,T1-f-0102,f,فتح,-10.3232,False,-10.2402,False
aragpt2,T1,T1-f-0103,f,كسر,-16.5539,False,-15.819,False
aragpt2,T1,T1-f-0104,f,وصل,0.3681,True,0.9163,True
aragpt2,T1,T1-f-0105,f,دخل,10.8551,True,11.333,True
aragpt2,T1,T1-f-0106,f,باع,-5.419,False,-5.0619,False
aragpt2,T1,T1-f-0107,f,طلب,-7.1685,False,-5.892,False
aragpt2,T1,T1-f-0108,f,بدأ,0.4105,True,1.5451,True
aragpt2,T1,T1-f-0109,f,فتح,-2.4411,False,-2.3581,False
aragpt2,T1,T1-f-0110,f,ترك,-9.0841,False,-8.3611,False
aragpt2,T1,T1-f-0111,f,سمع,-3.4157,False,-3.7921,False
aragpt2,T1,T1-f-0112,f,باع,1.277,True,1.634,True
aragpt2,T1,T1-f-0113,f,فتح,14.8886,True,14.9716,True
aragpt2,T1,T1-f-0114,f,حضر,-6.6876,False,-6.7746,False
aragpt2,T1,T1-f-0115,f,وجد,1.2189,True,0.9487,True
aragpt2,T1,T1-f-0116,f,قال,-4.8532,False,-2.348,False
aragpt2,T1,T1-f-0117,f,شاهد,-0.5522,False,-1.1769,False
aragpt2,T1,T1-f-0118,f,وجد,3.8815,True,3.6113,True
aragpt2,T1,T1-f-0119,f,بدأ,1.2777,True,2.4122,True
aragpt2,T1,T1-f-0120,f,طلب,-1.2465,False,0.03,True
aragpt2,T1,T1-f-0121,f,بدأ,1.8022,True,2.9368,True
aragpt2,T1,T1-f-0122,f,فتح,-2.6382,False,-2.5552,False
aragpt2,T1,T1-f-0123,f,فتح,-2.8113,False,-2.7283,False
aragpt2,T1,T1-f-0124,f,كتب,2.7062,True,3.2692,True
aragpt2,T1,T1-f-0125,f,وجد,-3.4316,False,-3.7018,False
aragpt2,T1,T1-f-0126,f,سمع,12.1069,True,11.7305,True
aragpt2,T1,T1-f-0127,f,كتب,-1.846,False,-1.2829,False
aragpt2,T1,T1-f-0128,f,قرأ,-3.4435,False,-3.0385,False
aragpt2,T1,T1-f-0129,f,قال,5.0731,True,7.5782,True
aragpt2,T1,T1-f-0130,f,فتح,4.2492,True,4.3322,True
aragpt2,T1,T1-f-0131,f,شاهد,-6.8687,False,-7.4934,False
aragpt2,T1,T1-f-0132,f,أخذ,-5.9387,False,-6.4261,False
aragpt2,T1,T1-f-0133,f,طلب,-3.0294,False,-1.7529,False
aragpt2,T1,T1-f-0134,f,دفع,-2.124,False,-2.9229,False
aragpt2,T1,T1-f-0135,f,حضر,-0.0982,False,-0.1851,False
aragpt2,T1,T1-f-0136,f,أخذ,3.1744,True,2.687,True
aragpt2,T1,T1-f-0137,f,سمع,1.5048,True,1.1284,True
aragpt2,T1,T1-f-0138,f,ذهب,-6.6866,False,-7.6254,False
aragpt2,T1,T1-f-0139,f,دفع,-4.3438,False,-5.1427,False
aragpt2,T1,T1-f-0140,f,خرج,-1.7117,False,-0.0111,False
aragpt2,T1,T1-f-0141,f,دفع,-1.7243,False,-2.5232,False
aragpt2,T1,T1-f-0142,f,قرأ,3.3335,True,3.7385,True
aragpt2,T1,T1-f-0143,f,فتح,0.6238,True,0.7068,True
aragpt2,T1,T1-f-0144,f,قرأ,-9.7048,False,-9.2998,False
aragpt2,T1,T1-f-0145,f,طلب,1.6725,True,2.949,True
aragpt2,T1,T1-f-0146,f,ذهب,2.3907,True,1.452,True
aragpt2,T1,T1-f-0147,f,دخل,7.5577,True,8.0356,True
aragpt2,T1,T1-f-0148,f,فتح,-0.6265,False,-0.5435,False
aragpt2,T1,T1-f-0149,f,حمل,9.3603,True,9.9042,True
aragpt2,T1,T1-f-0150,f,ترك,8.5048,True,9.2277,True
aragpt2,T1,T1-f-0151,f,وصل,-5.469,False,-4.9208,False
aragpt2,T1,T1-f-0152,f,حضر,1.1167,True,1.0297,True
aragpt2,T1,T1-f-0153,f,ذهب,3.5452,True,2.6064,True
aragpt2,T1,T1-f-0154,f,كسر,0.1879,True,0.9228,True
aragpt2,T1,T1-f-0155,f,عرف,-1.2792,False,-0.2151,False
aragpt2,T1,T1-f-0156,f,سمع,1.1519,True,0.7755,True
aragpt2,T1,T1-f-0157,f,وصل,-1.7095,False,-1.1613,False
aragpt2,T1,T1-f-0158,f,سمع,4.4965,True,4.1201,True
aragpt2,T1,T1-f-0159,f,قال,1.8862,True,4.3913,True
aragpt2,T1,T1-f-0160,f,فتح,1.5181,True,1.601,True
aragpt2,T1,T1-f-0161,f,حمل,-2.0117,False,-1.4678,False
aragpt2,T1,T1-f-0162,f,خرج,0.6799,True,2.3804,True
aragpt2,T1,T1-f-0163,f,باع,-0.3496,False,0.0075,True
aragpt2,T1,T1-f-0164,f,ذهب,-4.7189,False,-5.6576,False
aragpt2,T1,T1-f-0165,f,شاهد,-10.2828,False,-10.9075,False
aragpt2,T1,T1-f-0166,f,طلب,-7.8518,False,-6.5753,False
aragpt2,T1,T1-f-0167,f,دخل,-1.1489,False,-0.671,False
aragpt2,T1,T1-f-0168,f,وجد,-1.7937,False,-2.0638,False
aragpt2,T1,T1-f-0169,f,كتب,4.6883,True,5.2513,True
aragpt2,T1,T1-f-0170,f,سمع,0.3506,True,-0.0258,False
aragpt2,T1,T1-f-0171,f,كسر,0.0842,True,0.8191,True
aragpt2,T1,T1-f-0172,f,خرج,11.1599,True,12.8605,True
aragpt2,T1,T1-f-0173,f,طلب,-5.0985,False,-3.822,False
aragpt2,T1,T1-f-0174,f,سمع,2.7568,True,2.3804,True
aragpt2,T1,T1-f-0175,f,طلب,2.2787,True,3.5552,True
aragpt2,T1,T1-f-0176,f,خرج,8.546,True,10.2466,True
aragpt2,T1,T1-f-0177,f,شاهد,-8.8684,False,-9.4931,False
aragpt2,T1,T1-f-0178,f,كتب,-4.0826,False,-3.5195,False
aragpt2,T1,T1-f-0179,f,أخذ,-4.6763,False,-5.1637,False
aragpt2,T1,T1-f-0180,f,كسر,-4.4763,False,-3.7414,False
aragpt2,T1,T1-f-0181,f,حمل,-1.3457,False,-0.8018,False
aragpt2,T1,T1-f-0182,f,أخذ,5.7201,True,5.2327,True
aragpt2,T1,T1-f-0183,f,شاهد,6.1058,True,5.4811,True
aragpt2,T1,T1-f-0184,f,دفع,6.2047,True,5.4058,True
aragpt2,T1,T1-f-0185,f,دخل,-2.8378,False,-2.36,False
aragpt2,T1,T1-f-0186,f,دفع,-0.4537,False,-1.2526,False
aragpt2,T1,T1-f-0187,f,باع,-7.4258,False,-7.0688,False
aragpt2,T1,T1-f-0188,f,دفع,4.5059,True,3.7071,True
aragpt2,T1,T1-f-0189,f,ترك,0.3899,True,1.1129,True
aragpt2,T1,T1-f-0190,f,خرج,1.9196,True,3.6202,True
aragpt2,T1,T1-f-0191,f,قرأ,-1.2366,False,-0.8316,False
aragpt2,T1,T1-f-0192,f,قرأ,-1.0272,False,-0.6222,False
aragpt2,T1,T1-f-0193,f,قال,-7.1577,False,-4.6526,False
aragpt2,T1,T1-f-0194,f,خرج,-1.4998,False,0.2007,True
aragpt2,T1,T1-f-0195,f,شاهد,1.8638,True,1.2391,True
aragpt2,T1,T1-f-0196,f,كسر,3.0372,True,3.772,True
aragpt2,T1,T1-f-0197,f,طلب,0.2435,True,1.52,True
aragpt2,T1,T1-f-0198,f,كسر,-8.5612,False,-7.8263,False
aragpt2,T1,T1-f-0199,f,ترك,-8.4589,False,-7.7359,False
aragpt2,T1,T1-f-0200,f,بدأ,2.7343,True,3.8689,True
aragpt2,T1,T1-f-0201,f,ذهب,4.9623,True,4.0235,True
aragpt2,T1,T1-f-0202,f,ترك,3.7466,True,4.4696,True
aragpt2,T1,T1-f-0203,f,قال,-1.9546,False,0.5506,True
aragpt2,T1,T1-f-0204,f,أخذ,-3.9462,False,-4.4336,False
aragpt2,T1,T1-f-0205,f,ترك,-0.8432,False,-0.1202,False
aragpt2,T1,T1-f-0206,f,سمع,-2.9096,False,-3.286,False
aragpt2,T1,T1-f-0207,f,قرأ,-10.412,False,-10.007,False
aragpt2,T1,T1-f-0208,f,طلب,-4.2484,False,-2.9719,False
aragpt2,T1,T1-f-0209,f,حضر,-4.8987,False,-4.9857,False
aragpt2,T1,T1-f-0210,f,باع,0.767,True,1.1241,True
aragpt2,T1,T1-f-0211,f,شاهد,-6.6764,False,-7.3011,False
aragpt2,T1,T1-f-0212,f,طلب,-5.8886,False,-4.6121,False
aragpt2,T1,T1-f-0213,f,خرج,-4.4445,False,-2.7439,False
aragpt2,T1,T1-f-0214,f,طلب,0.8981,True,2.1746,True
aragpt2,T1,T1-f-0215,f,كسر,-17.7736,False,-17.0387,False
aragpt2,T1,T1-f-0216,f,دفع,-2.4484,False,-3.2472,False
aragpt2,T1,T1-f-0217,f,طلب,-3.7101,False,-2.4336,False
aragpt2,T1,T1-f-0218,f,قرأ,3.1844,True,3.5894,True
aragpt2,T1,T1-f-0219,f,وجد,3.8924,True,3.6223,True
aragpt2,T1,T1-f-0220,f,سمع,-0.7629,False,-1.1393,False
aragpt2,T1,T1-f-0221,f,حضر,3.1668,True,3.0799,True
aragpt2,T1,T1-f-0222,f,دخل,0.6081,True,1.086,True
aragpt2,T1,T1-f-0223,f,حضر,-5.3497,False,-5.4367,False
aragpt2,T1,T1-f-0224,f,دفع,1.5312,True,0.7323,True
aragpt2,T1,T1-f-0225,f,دفع,-1.365,False,-2.1639,False
aragpt2,T1,T1-f-0226,f,أخذ,0.0761,True,-0.4113,False
aragpt2,T1,T1-f-0227,f,كتب,-4.7258,False,-4.1627,False
aragpt2,T1,T1-f-0228,f,قرأ,1.2703,True,1.6753,True
aragpt2,T1,T1-f-0229,f,شاهد,4.9026,True,4.2779,True
aragpt2,T1,T1-f-0230,f,ذهب,4.2193,True,3.2806,True
aragpt2,T1,T1-f-0231,f,حضر,-3.5893,False,-3.6763,False
aragpt2,T1,T1-f-0232,f,دخل,3.2719,True,3.7498,True
aragpt2,T1,T1-f-0233,f,كسر,-2.4816,False,-1.7467,False
aragpt2,T1,T1-f-0234,f,حضر,2.845,True,2.758,True
aragpt2,T1,T1-f-0235,f,بدأ,-3.2518,False,-2.1173,False
aragpt2,T1,T1-f-0236,f,حضر,-10.6626,False,-10.7496,False
aragpt2,T1,T1-f-0237,f,شاهد,-2.2453,False,-2.8699,False
aragpt2,T1,T1-f-0238,f,حمل,3.9331,True,4.477,True
aragpt2,T1,T1-f-0239,f,ذهب,-1.9191,False,-2.8579,False
aragpt2,T1,T1-f-0240,f,أخذ,-0.2838,False,-0.7712,False
aragpt2,T1,T1-f-0241,f,كتب,8.3405,True,8.9036,True
aragpt2,T1,T1-f-0242,f,ذهب,5.2069,True,4.2682,True
aragpt2,T1,T1-f-0243,f,كسر,1.6135,True,2.3484,True
aragpt2,T1,T1-f-0244,f,سمع,-0.914,False,-1.2904,False
aragpt2,T1,T1-f-0245,f,وصل,5.9165,True,6.4647,True
aragpt2,T1,T1-f-0246,f,خرج,0.8894,True,2.59,True
aragpt2,T1,T1-f-0247,f,كتب,6.6275,True,7.1906,True
aragpt2,T1,T1-f-0248,f,ذهب,4.7589,True,3.8202,True
aragpt2,T1,T1-f-0249,f,كتب,-3.8857,False,-3.3226,False
aragpt2,T1,T1-f-0250,f,شاهد,-1.2763,False,-1.901,False
aragpt2,T1,T1-f-0251,f,بدأ,-0.1342,False,1.0003,True
aragpt2,T1,T1-f-0252,f,كتب,-0.5094,False,0.0537,True
aragpt2,T1,T1-f-0253,f,وصل,4.1643,True,4.7126,True
aragpt2,T1,T1-f-0254,f,سمع,11.5655,True,11.1891,True
aragpt2,T1,T1-f-0255,f,ذهب,0.9568,True,0.018,True
aragpt2,T1,T1-f-0256,f,ترك,-4.0262,False,-3.3032,False
aragpt2,T1,T1-f-0257,f,عرف,0.6234,True,1.6875,True
aragpt2,T1,T1-f-0258,f,خرج,6.5497,True,8.2503,True
aragpt2,T1,T1-f-0259,f,قال,4.121,True,6.6261,True
aragpt2,T1,T1-f-0260,f,طلب,-5.1573,False,-3.8808,False
aragpt2,T1,T1-f-0261,f,بدأ,1.2097,True,2.3442,True
aragpt2,T1,T1-f-0262,f,خرج,2.2291,True,3.9296,True
aragpt2,T1,T1-f-0263,f,باع,-0.6249,False,-0.2679,False
aragpt2,T1,T1-f-0264,f,عرف,4.4437,True,5.5078,True
aragpt2,T1,T1-f-0265,f,أخذ,-6.0527,False,-6.5401,False
aragpt2,T1,T1-f-0266,f,عرف,4.768,True,5.8321,True
aragpt2,T1,T1-f-0267,f,فتح,0.9463,True,1.0293,True
aragpt2,T1,T1-f-0268,f,باع,-9.1487,False,-8.7916,False
aragpt2,T1,T1-f-0269,f,دفع,-6.6337,False,-7.4326,False
aragpt2,T1,T1-f-0270,f,كتب,-1.6221,False,-1.059,False
aragpt2,T1,T1-f-0271,f,قرأ,1.5728,True,1.9778,True
aragpt2,T1,T1-f-0272,f,قال,7.3742,True,9.8793,True
aragpt2,T1,T1-f-0273,f,وجد,-3.1453,False,-3.4155,False
aragpt2,T1,T1-f-0274,f,ترك,-5.0339,False,-4.3109,False
aragpt2,T1,T1-f-0275,f,باع,-4.112,False,-3.755,False
aragpt2,T1,T1-f-0276,f,دخل,6.3134,True,6.7913,True
aragpt2,T1,T1-f-0277,f,حمل,-9.609,False,-9.0651,False
aragpt2,T1,T1-f-0278,f,أخذ,4.6302,True,4.1428,True
aragpt2,T1,T1-f-0279,f,ذهب,7.0343,True,6.0956,True
aragpt2,T1,T1-f-0280,f,سمع,2.9425,True,2.5661,True
aragpt2,T1,T1-f-0281,f,أخذ,-9.5403,False,-10.0277,False
aragpt2,T1,T1-f-0282,f,حمل,-4.8175,False,-4.2736,False
aragpt2,T1,T1-f-0283,f,وجد,1.6608,True,1.3907,True
aragpt2,T1,T1-f-0284,f,أخذ,7.2856,True,6.7982,True
aragpt2,T1,T1-f-0285,f,فتح,-1.093,False,-1.01,False
aragpt2,T1,T1-f-0286,f,أخذ,0.8894,True,0.402,True
aragpt2,T1,T1-f-0287,f,خرج,0.0433,True,1.7439,True
aragpt2,T1,T1-f-0288,f,دفع,-3.2184,False,-4.0173,False
aragpt2,T1,T1-f-0289,f,كسر,-1.9626,False,-1.2277,False
aragpt2,T1,T1-f-0290,f,حضر,-5.4291,False,-5.5161,False
aragpt2,T1,T1-f-0291,f,ترك,-3.9202,False,-3.1972,False
aragpt2,T1,T1-f-0292,f,باع,6.5408,True,6.8979,True
aragpt2,T1,T1-f-0293,f,ترك,-4.6785,False,-3.9555,False
aragpt2,T1,T1-f-0294,f,باع,6.9993,True,7.3563,True
aragpt2,T1,T1-f-0295,f,ترك,1.6713,True,2.3942,True
aragpt2,T1,T1-f-0296,f,خرج,-3.0347,False,-1.3342,False
aragpt2,T1,T1-f-0297,f,ترك,-2.4568,False,-1.7339,False
aragpt2,T1,T1-f-0298,f,طلب,-4.8199,False,-3.5434,False
aragpt2,T1,T1-f-0299,f,ذهب,9.8219,True,8.8832,True
aragpt2,T1,T1-f-0300,f,دخل,-0.2288,False,0.249,True
aragpt2,T1,T1-f-0301,f,دخل,-6.4886,False,-6.0107,False
aragpt2,T1,T1-f-0302,f,ترك,0.3768,True,1.0998,True
aragpt2,T1,T1-f-0303,f,طلب,4.1022,True,5.3787,True
aragpt2,T1,T1-f-0304,f,كسر,-4.6201,False,-3.8852,False
aragpt2,T1,T1-f-0305,f,قرأ,-3.479,False,-3.074,False
aragpt2,T1,T1-f-0306,f,بدأ,-1.9384,False,-0.8038,False
aragpt2,T1,T1-f-0307,f,خرج,6.2708,True,7.9713,True
aragpt2,T1,T1-f-0308,f,طلب,-12.7357,False,-11.4592,False
aragpt2,T1,T1-f-0309,f,ترك,-0.532,False,0.191,True
aragpt2,T1,T1-f-0310,f,فتح,0.8573,True,0.9403,True
aragpt2,T1,T1-f-0311,f,طلب,-2.684,False,-1.4075,False
aragpt2,T1,T1-f-0312,f,حضر,5.3939,True,5.3069,True
aragpt2,T1,T1-f-0313,f,ذهب,3.0704,True,2.1317,True
aragpt2,T1,T1-f-0314,f,قال,3.8763,True,6.3814,True
aragpt2,T1,T1-f-0315,f,خرج,4.1027,True,5.8033,True
aragpt2,T1,T1-f-0316,f,طلب,-0.5614,False,0.7151,True
aragpt2,T1,T1-f-0317,f,كسر,2.1522,True,2.8871,True
aragpt2,T1,T1-f-0318,f,طلب,2.4446,True,3.7211,True
aragpt2,T1,T1-f-0319,f,خرج,-0.941,False,0.7596,True
aragpt2,T1,T1-f-0320,f,سمع,3.6967,True,3.3203,True
aragpt2,T1,T1-f-0321,f,شاهد,7.2357,True,6.611,True
aragpt2,T1,T1-f-0322,f,أخذ,0.0731,True,-0.4143,False
aragpt2,T1,T1-f-0323,f,دفع,2.0476,True,1.2487,True
aragpt2,T1,T1-f-0324,f,كتب,-4.6245,False,-4.0614,False
aragpt2,T1,T1-f-0325,f,كتب,-6.051,False,-5.4879,False
aragpt2,T1,T1-f-0326,f,سمع,8.2048,True,7.8283,True
aragpt2,T1,T1-f-0327,f,وصل,-1.6836,False,-1.1354,False
aragpt2,T1,T1-f-0328,f,بدأ,-2.2698,False,-1.1353,False
aragpt2,T1,T1-f-0329,f,وجد,2.1002,True,1.83,True
aragpt2,T1,T1-f-0330,f,دخل,7.1961,True,7.6739,True
aragpt2,T1,T1-f-0331,f,دفع,-6.0244,False,-6.8233,False
aragpt2,T1,T1-f-0332,f,كتب,-0.2617,False,0.3014,True
aragpt2,T1,T1-f-0333,f,دخل,5.9531,True,6.4309,True
aragpt2,T1,T1-f-0334,f,حضر,9.5513,True,9.4643,True
aragpt2,T1,T1-f-0335,f,حمل,1.9291,True,2.473,True
aragpt2,T1,T1-f-0336,f,وصل,-1.0306,False,-0.4824,False
aragpt2,T1,T1-f-0337,f,طلب,-1.0262,False,0.2503,True
aragpt2,T1,T1-f-0338,f,بدأ,3.303,True,4.4375,True
aragpt2,T1,T1-f-0339,f,أخذ,-0.753,False,-1.2404,False
aragpt2,T1,T1-f-0340,f,وصل,-2.2429,False,-1.6947,False
aragpt2,T1,T1-f-0341,f,أخذ,4.0669,True,3.5795,True
aragpt2,T1,T1-f-0342,f,قرأ,-6.7472,False,-6.3422,False
aragpt2,T1,T1-f-0343,f,سمع,-2.1039,False,-2.4803,False
aragpt2,T1,T1-f-0344,f,باع,9.7623,True,10.1194,True
aragpt2,T1,T1-f-0345,f,قال,0.1828,True,2.6879,True
aragpt2,T1,T1-f-0346,f,ترك,-5.7565,False,-5.0335,False
aragpt2,T1,T1-f-0347,f,حضر,2.1436,True,2.0567,True
aragpt2,T1,T1-f-0348,f,عرف,2.5053,True,3.5694,True
aragpt2,T1,T1-f-0349,f,خرج,2.6225,True,4.3231,True
aragpt2,T1,T1-f-0350,f,ترك,4.7803,True,5.5032,True
aragpt2,T1,T1-f-0351,f,خرج,5.5144,True,7.2149,True
aragpt2,T1,T1-f-0352,f,فتح,-3.1751,False,-3.0922,False
aragpt2,T1,T1-f-0353,f,قال,6.7305,True,9.2356,True
aragpt2,T1,T1-f-0354,f,عرف,7.4442,True,8.5082,True
aragpt2,T1,T1-f-0355,f,فتح,-13.4117,False,-13.3287,False
aragpt2,T1,T1-f-0356,f,قرأ,5.2028,True,5.6078,True
aragpt2,T1,T1-f-0357,f,وجد,4.9331,True,4.6629,True
aragpt2,T1,T1-f-0358,f,أخذ,-8.7917,False,-9.2791,False
aragpt2,T1,T1-f-0359,f,قرأ,1.0381,True,1.4432,True
aragpt2,T1,T1-f-0360,f,كتب,3.7131,True,4.2762,True
aragpt2,T1,T1-f-0361,f,حضر,3.6508,True,3.5638,True
aragpt2,T1,T1-f-0362,f,فتح,4.2478,True,4.3308,True
aragpt2,T1,T1-f-0363,f,حضر,1.3258,True,1.2388,True
aragpt2,T1,T1-f-0364,f,ذهب,-6.3931,False,-7.3318,False
aragpt2,T1,T1-f-0365,f,فتح,0.0408,True,0.1238,True
aragpt2,T1,T1-f-0366,f,حمل,-1.9501,False,-1.4062,False
aragpt2,T1,T1-f-0367,f,خرج,2.2305,True,3.9311,True
aragpt2,T1,T1-f-0368,f,ترك,3.4622,True,4.1852,True
aragpt2,T1,T1-f-0369,f,ذهب,-3.6848,False,-4.6235,False
aragpt2,T1,T1-f-0370,f,وجد,0.9264,True,0.6562,True
aragpt2,T1,T1-f-0371,f,كسر,-10.7857,False,-10.0509,False
aragpt2,T1,T1-f-0372,f,شاهد,-4.2563,False,-4.881,False
aragpt2,T1,T1-f-0373,f,عرف,-1.1699,False,-0.1058,False
aragpt2,T1,T1-f-0374,f,دخل,1.3062,True,1.7841,True
aragpt2,T1,T1-f-0375,f,قرأ,-2.6584,False,-2.2533,False
aragpt2,T1,T1-f-0376,f,حمل,7.8852,True,8.4291,True
aragpt2,T1,T1-f-0377,f,ترك,-7.1503,False,-6.4273,False
aragpt2,T1,T1-f-0378,f,بدأ,4.9588,True,6.0933,True
aragpt2,T1,T1-f-0379,f,وجد,0.6565,True,0.3863,True
aragpt2,T1,T1-f-0380,f,دفع,3.2531,True,2.4542,True
aragpt2,T1,T1-f-0381,f,ترك,0.9303,True,1.6533,True
aragpt2,T1,T1-f-0382,f,كتب,5.5162,True,6.0793,True
aragpt2,T1,T1-f-0383,f,أخذ,-1.5564,False,-2.0438,False
aragpt2,T1,T1-f-0384,f,باع,-1.9013,False,-1.5443,False
aragpt2,T1,T1-f-0385,f,دخل,1.3785,True,1.8563,True
aragpt2,T1,T1-f-0386,f,وجد,1.2772,True,1.007,True
aragpt2,T1,T1-f-0387,f,عرف,-0.0785,False,0.9856,True
aragpt2,T1,T1-f-0388,f,دخل,1.5548,True,2.0326,True
aragpt2,T1,T1-f-0389,f,وجد,0.27,True,-0.0002,False
aragpt2,T1,T1-f-0390,f,حمل,4.8378,True,5.3817,True
aragpt2,T1,T1-f-0391,f,وصل,1.2119,True,1.7601,True
aragpt2,T1,T1-f-0392,f,دخل,-3.1079,False,-2.63,False
aragpt2,T1,T1-f-0393,f,دفع,-7.6991,False,-8.498,False
aragpt2,T1,T1-f-0394,f,خرج,1.4548,True,3.1554,True
aragpt2,T1,T1-f-0395,f,عرف,-2.9649,False,-1.9008,False
aragpt2,T1,T1-f-0396,f,عرف,-0.977,False,0.0871,True
aragpt2,T1,T1-f-0397,f,حضر,-0.365,False,-0.4519,False
aragpt2,T1,T1-f-0398,f,طلب,-0.7434,False,0.5331,True
aragpt2,T1,T1-f-0399,f,طلب,-3.5477,False,-2.2712,False
aragpt2,T1,T1-f-0400,f,شاهد,0.356,True,-0.2687,False
aragpt2,T1,T1-f-0401,f,خرج,-3.2352,False,-1.5346,False
aragpt2,T1,T1-f-0402,f,حضر,0.511,True,0.424,True
aragpt2,T1,T1-f-0403,f,أخذ,-1.7331,False,-2.2205,False
aragpt2,T1,T1-f-0404,f,ذهب,2.1735,True,1.2347,True
aragpt2,T1,T1-f-0405,f,دفع,-0.8029,False,-1.6018,False
aragpt2,T1,T1-f-0406,f,دخل,2.3471,True,2.825,True
aragpt2,T1,T1-f-0407,f,وصل,-3.6364,False,-3.0882,False
aragpt2,T1,T1-f-0408,f,قال,3.142,True,5.6471,True
aragpt2,T1,T1-f-0409,f,بدأ,-0.2568,False,0.8778,True
aragpt2,T1,T1-f-0410,f,بدأ,3.4163,True,4.5508,True
aragpt2,T1,T1-f-0411,f,بدأ,-1.6902,False,-0.5556,False
aragpt2,T1,T1-f-0412,f,دفع,0.9109,True,0.112,True
aragpt2,T1,T1-f-0413,f,أخذ,0.0249,True,-0.4625,False
aragpt2,T1,T1-f-0414,f,حمل,2.0551,True,2.599,True
aragpt2,T1,T1-f-0415,f,دفع,-0.4097,False,-1.2086,False
aragpt2,T1,T1-f-0416,f,حمل,1.578,True,2.1219,True
aragpt2,T1,T1-f-0417,f,باع,-1.9836,False,-1.6266,False
aragpt2,T1,T1-f-0418,f,باع,-5.0197,False,-4.6627,False
aragpt2,T1,T1-f-0419,f,دفع,1.3732,True,0.5743,True
aragpt2,T1,T1-f-0420,f,فتح,-1.0293,False,-0.9463,False
aragpt2,T1,T1-f-0421,f,سمع,-5.2129,False,-5.5893,False
aragpt2,T1,T1-f-0422,f,عرف,-0.3835,False,0.6806,True
aragpt2,T1,T1-f-0423,f,دخل,6.1689,True,6.6467,True
aragpt2,T1,T1-f-0424,f,فتح,-5.6449,False,-5.5619,False
aragpt2,T1,T1-f-0425,f,باع,-12.8583,False,-12.5013,False
aragpt2,T1,T1-f-0426,f,باع,-4.6729,False,-4.3159,False
aragpt2,T1,T1-f-0427,f,قرأ,-2.4581,False,-2.0531,False
aragpt2,T1,T1-f-0428,f,فتح,0.5886,True,0.6716,True
aragpt2,T1,T1-f-0429,f,دخل,0.5854,True,1.0633,True
aragpt2,T1,T1-f-0430,f,دفع,-2.8392,False,-3.6381,False
aragpt2,T1,T1-f-0431,f,أخذ,0.1051,True,-0.3823,False
aragpt2,T1,T1-f-0432,f,أخذ,-7.0435,False,-7.5309,False
aragpt2,T1,T1-f-0433,f,عرف,8.9752,True,10.0393,True
aragpt2,T1,T1-f-0434,f,بدأ,-1.2003,False,-0.0658,False
aragpt2,T1,T1-f-0435,f,باع,-13.4707,False,-13.1136,False
aragpt2,T1,T1-f-0436,f,دفع,-15.4336,False,-16.2325,False
aragpt2,T1,T1-f-0437,f,حضر,5.4638,True,5.3768,True
aragpt2,T1,T1-f-0438,f,قال,-10.2564,False,-7.7513,False
aragpt2,T1,T1-f-0439,f,عرف,-0.8051,False,0.259,True
aragpt2,T1,T1-f-0440,f,قرأ,-6.1013,False,-5.6963,False
aragpt2,T1,T1-f-0441,f,دخل,3.4786,True,3.9565,True
aragpt2,T1,T1-f-0442,f,وصل,1.2058,True,1.754,True
aragpt2,T1,T1-f-0443,f,شاهد,-10.3483,False,-10.973,False
aragpt2,T1,T1-f-0444,f,عرف,-3.3757,False,-2.3116,False
aragpt2,T1,T1-f-0445,f,عرف,4.944,True,6.0081,True
aragpt2,T1,T1-f-0446,f,فتح,-5.2691,False,-5.1861,False
aragpt2,T1,T1-f-0447,f,ترك,-0.6232,False,0.0998,True
aragpt2,T1,T1-f-0448,f,قرأ,2.1582,True,2.5632,True
aragpt2,T1,T1-f-0449,f,دفع,-2.4855,False,-3.2844,False
aragpt2,T1,T1-f-0450,f,كسر,-1.5942,False,-0.8594,False
aragpt2,T1,T1-f-0451,f,وجد,2.3662,True,2.096,True
aragpt2,T1,T1-f-0452,f,فتح,-7.6778,False,-7.5949,False
aragpt2,T1,T1-f-0453,f,ذهب,1.8012,True,0.8625,True
aragpt2,T1,T1-f-0454,f,حمل,-2.1978,False,-1.6539,False
aragpt2,T1,T1-f-0455,f,ذهب,0.4827,True,-0.4561,False
aragpt2,T1,T1-f-0456,f,طلب,1.6467,True,2.9232,True
aragpt2,T1,T1-f-0457,f,فتح,-3.8341,False,-3.7511,False
aragpt2,T1,T1-f-0458,f,وجد,-3.7984,False,-4.0685,False
aragpt2,T1,T1-f-0459,f,ذهب,2.7855,True,1.8468,True
aragpt2,T1,T1-f-0460,f,فتح,-2.5211,False,-2.4381,False
aragpt2,T1,T1-f-0461,f,كسر,-0.7962,False,-0.0613,False
aragpt2,T1,T1-f-0462,f,وجد,-1.8939,False,-2.164,False
aragpt2,T1,T1-f-0463,f,حمل,-1.6369,False,-1.093,False
aragpt2,T1,T1-f-0464,f,عرف,-2.2022,False,-1.1381,False
aragpt2,T1,T1-f-0465,f,دفع,0.0104,True,-0.7885,False
aragpt2,T1,T1-f-0466,f,كتب,1.5685,True,2.1316,True
aragpt2,T1,T1-f-0467,f,وصل,0.7346,True,1.2828,True
aragpt2,T1,T1-f-0468,f,قال,-0.8663,False,1.6388,True
aragpt2,T1,T1-f-0469,f,شاهد,1.624,True,0.9993,True
aragpt2,T1,T1-f-0470,f,ذهب,-0.5527,False,-1.4914,False
aragpt2,T1,T1-f-0471,f,فتح,1.6759,True,1.7589,True
aragpt2,T1,T1-f-0472,f,خرج,-1.7022,False,-0.0016,False
aragpt2,T1,T1-f-0473,f,عرف,8.4418,True,9.5059,True
aragpt2,T1,T1-f-0474,f,قرأ,3.8766,True,4.2816,True
aragpt2,T1,T1-f-0475,f,حمل,-7.4599,False,-6.916,False
aragpt2,T1,T1-f-0476,f,أخذ,5.273,True,4.7856,True
aragpt2,T1,T1-f-0477,f,وجد,-11.8802,False,-12.1504,False
aragpt2,T1,T1-f-0478,f,ذهب,5.4867,True,4.5479,True
aragpt2,T1,T1-f-0479,f,وصل,9.8468,True,10.395,True
aragpt2,T1,T1-f-0480,f,وصل,0.3762,True,0.9244,True
aragpt2,T1,T1-f-0481,f,ترك,5.1896,True,5.9126,True
aragpt2,T1,T1-f-0482,f,شاهد,3.1092,True,2.4846,True
aragpt2,T1,T1-f-0483,f,أخذ,0.6892,True,0.2019,True
aragpt2,T1,T1-f-0484,f,باع,-4.6527,False,-4.2957,False
aragpt2,T1,T1-f-0485,f,شاهد,3.0364,True,2.4117,True
aragpt2,T1,T1-f-0486,f,كسر,-0.7876,False,-0.0527,False
aragpt2,T1,T1-f-0487,f,فتح,1.1297,True,1.2127,True
aragpt2,T1,T1-f-0488,f,قال,3.5954,True,6.1005,True
aragpt2,T1,T1-f-0489,f,بدأ,1.302,True,2.4366,True
aragpt2,T1,T1-f-0490,f,باع,-3.3991,False,-3.042,False
aragpt2,T1,T1-f-0491,f,عرف,0.1501,True,1.2141,True
aragpt2,T1,T1-f-0492,f,عرف,-2.397,False,-1.3329,False
aragpt2,T1,T1-f-0493,f,وصل,-0.8372,False,-0.289,False
aragpt2,T1,T1-f-0494,f,حضر,3.2837,True,3.1967,True
aragpt2,T1,T1-f-0495,f,قال,-4.863,False,-2.3579,False
aragpt2,T1,T1-f-0496,f,كسر,-1.2334,False,-0.4985,False
aragpt2,T1,T1-f-0497,f,خرج,4.4036,True,6.1041,True
aragpt2,T1,T1-f-0498,f,عرف,-6.1334,False,-5.0693,False
aragpt2,T1,T1-f-0499,f,فتح,0.1064,True,0.1894,True
aragpt2,T1,T1-f-0500,f,سمع,1.0775,True,0.7011,True
aragpt2,T1,T1-f-0501,f,دخل,2.2641,True,2.7419,True
aragpt2,T1,T1-f-0502,f,باع,-1.5151,False,-1.158,False
aragpt2,T1,T1-f-0503,f,كتب,1.2697,True,1.8328,True
aragpt2,T1,T1-f-0504,f,ترك,-0.1933,False,0.5297,True
aragpt2,T1,T1-f-0505,f,عرف,0.4006,True,1.4647,True
aragpt2,T1,T1-f-0506,f,طلب,1.1699,True,2.4464,True
aragpt2,T1,T1-f-0507,f,وجد,3.7102,True,3.44,True
aragpt2,T1,T1-f-0508,f,طلب,-5.9779,False,-4.7014,False
aragpt2,T1,T1-f-0509,f,حمل,1.0548,True,1.5987,True
aragpt2,T1,T1-f-0510,f,دفع,-0.5453,False,-1.3442,False
aragpt2,T1,T1-f-0511,f,قرأ,2.4585,True,2.8635,True
aragpt2,T1,T1-f-0512,f,قال,3.8172,True,6.3224,True
aragpt2,T1,T1-f-0513,f,كتب,2.3548,True,2.9178,True
aragpt2,T1,T1-f-0514,f,دخل,1.8214,True,2.2992,True
aragpt2,T1,T1-f-0515,f,سمع,0.2679,True,-0.1085,False
aragpt2,T1,T1-f-0516,f,حضر,-4.4343,False,-4.5213,False
aragpt2,T1,T1-f-0517,f,ذهب,-6.317,False,-7.2557,False
aragpt2,T1,T1-f-0518,f,كسر,-0.6951,False,0.0398,True
aragpt2,T1,T1-f-0519,f,عرف,-8.2369,False,-7.1728,False
aragpt2,T1,T1-f-0520,f,ترك,-3.6273,False,-2.9043,False
aragpt2,T1,T1-f-0521,f,شاهد,-18.3022,False,-18.9269,False
aragpt2,T1,T1-f-0522,f,خرج,1.3424,True,3.0429,True
aragpt2,T1,T1-f-0523,f,دفع,-1.0575,False,-1.8563,False
aragpt2,T1,T1-f-0524,f,أخذ,1.0306,True,0.5432,True
aragpt2,T1,T1-f-0525,f,أخذ,2.9433,True,2.4559,True
aragpt2,T1,T1-f-0526,f,كسر,-0.2736,False,0.4613,True
aragpt2,T1,T1-f-0527,f,دفع,-6.3175,False,-7.1164,False
aragpt2,T1,T1-f-0528,f,بدأ,4.7137,True,5.8482,True
aragpt2,T1,T1-f-0529,f,ذهب,-2.2183,False,-3.157,False
aragpt2,T1,T1-f-0530,f,كتب,-2.2975,False,-1.7344,False
aragpt2,T1,T1-f-0531,f,أخذ,1.6307,True,1.1433,True
aragpt2,T1,T1-f-0532,f,شاهد,-1.0953,False,-1.7199,False
aragpt2,T1,T1-f-0533,f,بدأ,1.113,True,2.2476,True
aragpt2,T1,T1-f-0534,f,ترك,-2.4843,False,-1.7613,False
aragpt2,T1,T1-f-0535,f,وصل,-1.1186,False,-0.5704,False
aragpt2,T1,T1-f-0536,f,عرف,0.5106,True,1.5747,True
aragpt2,T1,T1-f-0537,f,طلب,-0.3459,False,0.9306,True
aragpt2,T1,T1-f-0538,f,دخل,8.3084,True,8.7863,True
aragpt2,T1,T1-f-0539,f,عرف,0.7818,True,1.8459,True
aragpt2,T1,T1-f-0540,f,كسر,-7.1556,False,-6.4208,False
aragpt2,T1,T1-f-0541,f,عرف,-0.1698,False,0.8943,True
aragpt2,T1,T1-f-0542,f,عرف,-3.3954,False,-2.3313,False
aragpt2,T1,T1-f-0543,f,كسر,-9.0295,False,-8.2946,False
aragpt2,T1,T1-f-0544,f,كتب,-0.761,False,-0.1979,False
aragpt2,T1,T1-f-0545,f,وجد,-1.3734,False,-1.6435,False
aragpt2,T1,T1-f-0546,f,قال,-2.6926,False,-0.1875,False
aragpt2,T1,T1-f-0547,f,دفع,-2.6931,False,-3.492,False
aragpt2,T1,T1-f-0548,f,طلب,-0.4889,False,0.7876,True
aragpt2,T1,T1-f-0549,f,دخل,2.2049,True,2.6828,True
aragpt2,T1,T1-f-0550,f,خرج,-0.7556,False,0.945,True
aragpt2,T1,T1-f-0551,f,بدأ,0.5124,True,1.6469,True
aragpt2,T1,T1-f-0552,f,قرأ,0.6737,True,1.0788,True
aragpt2,T1,T1-f-0553,f,طلب,0.5524,True,1.8289,True
aragpt2,T1,T1-f-0554,f,كسر,6.2915,True,7.0264,True
aragpt2,T1,T1-f-0555,f,حمل,-6.5806,False,-6.0367,False
aragpt2,T1,T1-f-0556,f,دفع,1.6985,True,0.8996,True
aragpt2,T1,T1-f-0557,f,وصل,0.2889,True,0.8371,True
aragpt2,T1,T1-f-0558,f,قال,-5.2519,False,-2.7467,False
aragpt2,T1,T1-f-0559,f,دخل,1.7197,True,2.1975,True
aragpt2,T1,T1-f-0560,f,حضر,15.9981,True,15.9111,True
aragpt2,T1,T1-f-0561,f,قرأ,1.3615,True,1.7665,True
aragpt2,T1,T1-f-0562,f,فتح,-3.0475,False,-2.9645,False
aragpt2,T1,T1-f-0563,f,سمع,-5.5402,False,-5.9166,False
aragpt2,T1,T1-f-0564,f,قرأ,0.7402,True,1.1453,True
aragpt2,T1,T1-f-0565,f,حضر,-8.2735,False,-8.3604,False
aragpt2,T1,T1-f-0566,f,سمع,8.9597,True,8.5832,True
aragpt2,T1,T1-f-0567,f,وجد,0.193,True,-0.0772,False
aragpt2,T1,T1-f-0568,f,عرف,7.9624,True,9.0265,True
aragpt2,T1,T1-f-0569,f,ترك,-4.1902,False,-3.4672,False
aragpt2,T1,T1-f-0570,f,دخل,0.1025,True,0.5804,True
aragpt2,T1,T1-f-0571,f,أخذ,-7.7469,False,-8.2343,False
aragpt2,T1,T1-f-0572,f,فتح,-1.4346,False,-1.3516,False
aragpt2,T1,T1-f-0573,f,خرج,1.0872,True,2.7878,True
aragpt2,T1,T1-f-0574,f,دخل,0.8463,True,1.3242,True
aragpt2,T1,T1-f-0575,f,فتح,-4.6427,False,-4.5597,False
aragpt2,T1,T1-f-0576,f,فتح,-3.3849,False,-3.3019,False
aragpt2,T1,T1-f-0577,f,طلب,-2.011,False,-0.7345,False
aragpt2,T1,T1-f-0578,f,باع,-10.6876,False,-10.3306,False
aragpt2,T1,T1-f-0579,f,عرف,0.9112,True,1.9753,True
aragpt2,T1,T1-f-0580,f,وصل,-0.3325,False,0.2157,True
aragpt2,T1,T1-f-0581,f,كتب,-2.3844,False,-1.8213,False
aragpt2,T1,T1-f-0582,f,باع,0.089,True,0.446,True
aragpt2,T1,T1-f-0583,f,قرأ,0.1177,True,0.5227,True
aragpt2,T1,T1-f-0584,f,دخل,0.5071,True,0.985,True
aragpt2,T1,T1-f-0585,f,قرأ,-1.399,False,-0.994,False
aragpt2,T1,T1-f-0586,f,ذهب,-10.3992,False,-11.338,False
aragpt2,T1,T1-f-0587,f,باع,-4.3105,False,-3.9534,False
aragpt2,T1,T1-f-0588,f,بدأ,2.2982,True,3.4327,True
aragpt2,T1,T1-f-0589,f,عرف,6.3015,True,7.3656,True
aragpt2,T1,T1-f-0590,f,طلب,-4.9632,False,-3.6867,False
aragpt2,T1,T1-f-0591,f,حمل,5.0033,True,5.5472,True
aragpt2,T1,T1-f-0592,f,دفع,-2.2287,False,-3.0276,False
aragpt2,T1,T1-f-0593,f,سمع,-0.7313,False,-1.1077,False
aragpt2,T1,T1-f-0594,f,كسر,6.9448,True,7.6796,True
aragpt2,T1,T1-f-0595,f,خرج,6.7068,True,8.4074,True
aragpt2,T1,T1-f-0596,f,سمع,0.5559,True,0.1795,True
aragpt2,T1,T1-f-0597,f,حضر,-4.1598,False,-4.2468,False
aragpt2,T1,T1-f-0598,f,دخل,-1.9917,False,-1.5139,False
aragpt2,T1,T1-f-0599,f,دخل,5.5917,True,6.0695,True
aragpt2,T2,T2-m-0000,m,وجد,0.6542,True,0.9244,True
aragpt2,T2,T2-m-0001,m,عرف,5.9101,True,4.846,True
aragpt2,T2,T2-m-0002,m,ترك,7.9555,True,7.2326,True
aragpt2,T2,T2-m-0003,m,دخل,4.8166,True,4.3388,True
aragpt2,T2,T2-m-0004,m,حمل,10.1621,True,9.6182,True
aragpt2,T2,T2-m-0005,m,دخل,2.1155,True,1.6377,True
aragpt2,T2,T2-m-0006,m,باع,-1.9813,False,-2.3384,False
aragpt2,T2,T2-m-0007,m,عرف,-1.4989,False,-2.563,False
aragpt2,T2,T2-m-0008,m,ذهب,3.3287,True,4.2674,True
aragpt2,T2,T2-m-0009,m,دفع,4.7836,True,5.5824,True
aragpt2,T2,T2-m-0010,m,وصل,1.452,True,0.9038,True
aragpt2,T2,T2-m-0011,m,ترك,7.1001,True,6.3771,True
aragpt2,T2,T2-m-0012,m,قرأ,-0.4174,False,-0.8224,False
aragpt2,T2,T2-m-0013,m,عرف,5.8737,True,4.8096,True
aragpt2,T2,T2-m-0014,m,فتح,4.9286,True,4.8457,True
aragpt2,T2,T2-m-0015,m,وصل,1.015,True,0.4668,True
aragpt2,T2,T2-m-0016,m,شاهد,8.7319,True,9.3566,True
aragpt2,T2,T2-m-0017,m,عرف,1.5828,True,0.5187,True
aragpt2,T2,T2-m-0018,m,دخل,5.8737,True,5.3959,True
aragpt2,T2,T2-m-0019,m,حضر,5.4109,True,5.4978,True
aragpt2,T2,T2-m-0020,m,كسر,15.1325,True,14.3976,True
aragpt2,T2,T2-m-0021,m,ذهب,-0.3489,False,0.5898,True
aragpt2,T2,T2-m-0022,m,فتح,0.9411,True,0.8581,True
aragpt2,T2,T2-m-0023,m,كسر,12.9602,True,12.2253,True
aragpt2,T2,T2-m-0024,m,عرف,-4.7682,False,-5.8323,False
aragpt2,T2,T2-m-0025,m,وصل,10.8601,True,10.3119,True
aragpt2,T2,T2-m-0026,m,بدأ,0.5377,True,-0.5968,False
aragpt2,T2,T2-m-0027,m,وصل,1.7935,True,1.2453,True
aragpt2,T2,T2-m-0028,m,أخذ,2.0006,True,2.488,True
aragpt2,T2,T2-m-0029,m,حمل,0.2538,True,-0.2901,False
aragpt2,T2,T2-m-0030,m,قرأ,5.3754,True,4.9703,True
aragpt2,T2,T2-m-0031,m,دخل,-2.6928,False,-3.1707,False
aragpt2,T2,T2-m-0032,m,دفع,6.8484,True,7.6473,True
aragpt2,T2,T2-m-0033,m,سمع,-11.2634,False,-10.887,False
aragpt2,T2,T2-m-0034,m,حضر,1.3002,True,1.3871,True
aragpt2,T2,T2-m-0035,m,ترك,18.0093,True,17.2863,True
aragpt2,T2,T2-m-0036,m,دفع,0.3134,True,1.1123,True
aragpt2,T2,T2-m-0037,m,قال,5.4173,True,2.9121,True
aragpt2,T2,T2-m-0038,m,كسر,11.5113,True,10.7764,True
aragpt2,T2,T2-m-0039,m,دفع,12.6276,True,13.4265,True
aragpt2,T2,T2-m-0040,m,قال,1.2091,True,-1.2961,False
aragpt2,T2,T2-m-0041,m,وجد,0.7736,True,1.0438,True
aragpt2,T2,T2-m-0042,m,باع,2.8511,True,2.4941,True
aragpt2,T2,T2-m-0043,m,قرأ,3.0629,True,2.6578,True
aragpt2,T2,T2-m-0044,m,باع,8.9928,True,8.6358,True
aragpt2,T2,T2-m-0045,m,قال,-1.4691,False,-3.9743,False
aragpt2,T2,T2-m-0046,m,حضر,3.4197,True,3.5066,True
aragpt2,T2,T2-m-0047,m,أخذ,10.5722,True,11.0596,True
aragpt2,T2,T2-m-0048,m,حمل,3.4418,True,2.8979,True
aragpt2,T2,T2-m-0049,m,طلب,7.1685,True,5.892,True
aragpt2,T2,T2-m-0050,m,ذهب,-0.541,False,0.3977,True
aragpt2,T2,T2-m-0051,m,عرف,-2.5417,False,-3.6058,False
aragpt2,T2,T2-m-0052,m,خرج,3.5531,True,1.8525,True
aragpt2,T2,T2-m-0053,m,شاهد,5.1875,True,5.8122,True
aragpt2,T2,T2-m-0054,m,خرج,6.8396,True,5.1391,True
aragpt2,T2,T2-m-0055,m,باع,-0.8558,False,-1.2129,False
aragpt2,T2,T2-m-0056,m,ذهب,-5.4724,False,-4.5336,False
aragpt2,T2,T2-m-0057,m,قرأ,3.5458,True,3.1408,True
aragpt2,T2,T2-m-0058,m,وجد,0.752,True,1.0222,True
aragpt2,T2,T2-m-0059,m,ترك,5.6686,True,4.9457,True
aragpt2,T2,T2-m-0060,m,وصل,2.9349,True,2.3867,True
aragpt2,T2,T2-m-0061,m,بدأ,4.2772,True,3.1427,True
aragpt2,T2,T2-m-0062,m,حضر,1.7412,True,1.8281,True
aragpt2,T2,T2-m-0063,m,قال,12.0783,True,9.5732,True
aragpt2,T2,T2-m-0064,m,باع,9.2689,True,8.9119,True
aragpt2,T2,T2-m-0065,m,فتح,2.8618,True,2.7788,True
aragpt2,T2,T2-m-0066,m,كتب,8.8926,True,8.3295,True
aragpt2,T2,T2-m-0067,m,وجد,2.0456,True,2.3157,True
aragpt2,T2,T2-m-0068,m,باع,-0.5742,False,-0.9313,False
aragpt2,T2,T2-m-0069,m,حضر,14.9635,True,15.0505,True
aragpt2,T2,T2-m-0070,m,طلب,-1.2021,False,-2.4786,False
aragpt2,T2,T2-m-0071,m,قرأ,10.3669,True,9.9619,True
aragpt2,T2,T2-m-0072,m,قال,9.8288,True,7.3237,True
aragpt2,T2,T2-m-0073,m,دفع,7.3975,True,8.1964,True
aragpt2,T2,T2-m-0074,m,قال,-1.5472,False,-4.0523,False
aragpt2,T2,T2-m-0075,m,كسر,4.1653,True,3.4304,True
aragpt2,T2,T2-m-0076,m,خرج,4.6195,True,2.9189,True
aragpt2,T2,T2-m-0077,m,ذهب,-2.2649,False,-1.3261,False
aragpt2,T2,T2-m-0078,m,طلب,10.503,True,9.2265,True
aragpt2,T2,T2-m-0079,m,طلب,4.5074,True,3.2309,True
aragpt2,T2,T2-m-0080,m,وجد,5.4132,True,5.6834,True
aragpt2,T2,T2-m-0081,m,بدأ,4.8347,True,3.7002,True
aragpt2,T2,T2-m-0082,m,حضر,3.14,True,3.227,True
aragpt2,T2,T2-m-0083,m,كسر,15.4171,True,14.6823,True
aragpt2,T2,T2-m-0084,m,دخل,13.616,True,13.1381,True
aragpt2,T2,T2-m-0085,m,عرف,3.1095,True,2.0454,True
aragpt2,T2,T2-m-0086,m,كسر,7.5474,True,6.8125,True
aragpt2,T2,T2-m-0087,m,أخذ,7.0228,True,7.5102,True
aragpt2,T2,T2-m-0088,m,أخذ,6.0034,True,6.4908,True
aragpt2,T2,T2-m-0089,m,ذهب,2.4109,True,3.3496,True
aragpt2,T2,T2-m-0090,m,وجد,2.844,True,3.1141,True
aragpt2,T2,T2-m-0091,m,حمل,0.9622,True,0.4183,True
aragpt2,T2,T2-m-0092,m,طلب,4.1262,True,2.8497,True
aragpt2,T2,T2-m-0093,m,حضر,2.8122,True,2.8992,True
aragpt2,T2,T2-m-0094,m,عرف,3.8147,True,2.7507,True
aragpt2,T2,T2-m-0095,m,عرف,8.7899,True,7.7258,True
aragpt2,T2,T2-m-0096,m,قرأ,0.6729,True,0.2679,True
aragpt2,T2,T2-m-0097,m,ذهب,4.7596,True,5.6983,True
aragpt2,T2,T2-m-0098,m,قال,3.3721,True,0.867,True
aragpt2,T2,T2-m-0099,m,باع,7.9954,True,7.6383,True
aragpt2,T2,T2-m-0100,m,أخذ,3.8879,True,4.3752,True
aragpt2,T2,T2-m-0101,m,ذهب,3.297,True,4.2357,True
aragpt2,T2,T2-m-0102,m,أخذ,3.7043,True,4.1917,True
aragpt2,T2,T2-m-0103,m,وصل,15.1033,True,14.5551,True
aragpt2,T2,T2-m-0104,m,أخذ,2.1118,True,2.5992,True
aragpt2,T2,T2-m-0105,m,بدأ,2.4067,True,1.2722,True
aragpt2,T2,T2-m-0106,m,عرف,4.269,True,3.2049,True
aragpt2,T2,T2-m-0107,m,كسر,2.5113,True,1.7765,True
aragpt2,T2,T2-m-0108,m,بدأ,0.2016,True,-0.933,False
aragpt2,T2,T2-m-0109,m,قال,-4.8608,False,-7.366,False
aragpt2,T2,T2-m-0110,m,طلب,0.2013,True,-1.0752,False
aragpt2,T2,T2-m-0111,m,خرج,4.3892,True,2.6886,True
aragpt2,T2,T2-m-0112,m,بدأ,12.0582,True,10.9237,True
aragpt2,T2,T2-m-0113,m,دفع,2.7637,True,3.5626,True
aragpt2,T2,T2-m-0114,m,أخذ,6.0094,True,6.4968,True
aragpt2,T2,T2-m-0115,m,سمع,-7.2198,False,-6.8434,False
aragpt2,T2,T2-m-0116,m,بدأ,3.4256,True,2.2911,True
aragpt2,T2,T2-m-0117,m,شاهد,24.9691,True,25.5938,True
aragpt2,T2,T2-m-0118,m,بدأ,-8.5182,False,-9.6527,False
aragpt2,T2,T2-m-0119,m,وصل,-1.8564,False,-2.4046,False
aragpt2,T2,T2-m-0120,m,دفع,8.2742,True,9.0731,True
aragpt2,T2,T2-m-0121,m,وجد,2.6159,True,2.886,True
aragpt2,T2,T2-m-0122,m,شاهد,0.6085,True,1.2331,True
aragpt2,T2,T2-m-0123,m,بدأ,2.9755,True,1.841,True
aragpt2,T2,T2-m-0124,m,حضر,1.0787,True,1.1657,True
aragpt2,T2,T2-m-0125,m,باع,-0.2275,False,-0.5845,False
aragpt2,T2,T2-m-0126,m,ترك,1.3094,True,0.5864,True
aragpt2,T2,T2-m-0127,m,ترك,8.3309,True,7.6079,True
aragpt2,T2,T2-m-0128,m,أخذ,4.5305,True,5.0179,True
aragpt2,T2,T2-m-0129,m,قرأ,1.2005,True,0.7955,True
aragpt2,T2,T2-m-0130,m,عرف,5.4979,True,4.4338,True
aragpt2,T2,T2-m-0131,m,كسر,8.5606,True,7.8257,True
aragpt2,T2,T2-m-0132,m,قال,1.3988,True,-1.1063,False
aragpt2,T2,T2-m-0133,m,وجد,2.2423,True,2.5124,True
aragpt2,T2,T2-m-0134,m,وصل,1.5559,True,1.0077,True
aragpt2,T2,T2-m-0135,m,كسر,6.0262,True,5.2914,True
aragpt2,T2,T2-m-0136,m,كسر,12.5396,True,11.8048,True
aragpt2,T2,T2-m-0137,m,دفع,1.6534,True,2.4523,True
aragpt2,T2,T2-m-0138,m,أخذ,7.0917,True,7.5791,True
aragpt2,T2,T2-m-0139,m,حضر,3.1226,True,3.2096,True
aragpt2,T2,T2-m-0140,m,سمع,3.987,True,4.3634,True
aragpt2,T2,T2-m-0141,m,فتح,2.1933,True,2.1103,True
aragpt2,T2,T2-m-0142,m,فتح,0.7464,True,0.6634,True
aragpt2,T2,T2-m-0143,m,حضر,3.4877,True,3.5747,True
aragpt2,T2,T2-m-0144,m,حمل,3.2,True,2.6561,True
aragpt2,T2,T2-m-0145,m,طلب,5.7225,True,4.446,True
aragpt2,T2,T2-m-0146,m,سمع,0.7989,True,1.1753,True
aragpt2,T2,T2-m-0147,m,خرج,-0.2086,False,-1.9091,False
aragpt2,T2,T2-m-0148,m,كسر,6.1879,True,5.453,True
aragpt2,T2,T2-m-0149,m,وجد,3.4916,True,3.7618,True
aragpt2,T2,T2-m-0150,m,ذهب,4.3566,True,5.2953,True
aragpt2,T2,T2-m-0151,m,قرأ,2.0878,True,1.6828,True
aragpt2,T2,T2-m-0152,m,دخل,13.6667,True,13.1889,True
aragpt2,T2,T2-m-0153,m,باع,-2.6389,False,-2.9959,False
aragpt2,T2,T2-m-0154,m,سمع,7.8574,True,8.2338,True
aragpt2,T2,T2-m-0155,m,حضر,-1.2059,False,-1.1189,False
aragpt2,T2,T2-m-0156,m,كسر,7.3189,True,6.584,True
aragpt2,T2,T2-m-0157,m,كسر,8.0953,True,7.3605,True
aragpt2,T2,T2-m-0158,m,ذهب,-3.1789,False,-2.2402,False
aragpt2,T2,T2-m-0159,m,أخذ,3.5729,True,4.0603,True
aragpt2,T2,T2-m-0160,m,شاهد,5.3029,True,5.9275,True
aragpt2,T2,T2-m-0161,m,قرأ,5.0272,True,4.6222,True
aragpt2,T2,T2-m-0162,m,عرف,5.9731,True,4.909,True
aragpt2,T2,T2-m-0163,m,دفع,2.0369,True,2.8358,True
aragpt2,T2,T2-m-0164,m,قرأ,14.0926,True,13.6876,True
aragpt2,T2,T2-m-0165,m,ترك,4.9313,True,4.2084,True
aragpt2,T2,T2-m-0166,m,قال,4.3265,True,1.8214,True
aragpt2,T2,T2-m-0167,m,ذهب,2.7751,True,3.7139,True
aragpt2,T2,T2-m-0168,m,كسر,10.3042,True,9.5693,True
aragpt2,T2,T2-m-0169,m,ترك,3.0343,True,2.3114,True
aragpt2,T2,T2-m-0170,m,قال,9.122,True,6.6169,True
aragpt2,T2,T2-m-0171,m,دفع,7.5817,True,8.3805,True
aragpt2,T2,T2-m-0172,m,فتح,14.6583,True,14.5754,True
aragpt2,T2,T2-m-0173,m,فتح,1.9459,True,1.8629,True
aragpt2,T2,T2-m-0174,m,قرأ,8.3391,True,7.9341,True
aragpt2,T2,T2-m-0175,m,دفع,-2.4958,False,-1.697,False
aragpt2,T2,T2-m-0176,m,شاهد,-3.0078,False,-2.3831,False
aragpt2,T2,T2-m-0177,m,قرأ,9.8638,True,9.4587,True
aragpt2,T2,T2-m-0178,m,ترك,2.9396,True,2.2166,True
aragpt2,T2,T2-m-0179,m,قرأ,2.4957,True,2.0907,True
aragpt2,T2,T2-m-0180,m,قال,3.087,True,0.5819,True
aragpt2,T2,T2-m-0181,m,فتح,-2.768,False,-2.851,False
aragpt2,T2,T2-m-0182,m,كتب,5.7622,True,5.1991,True
aragpt2,T2,T2-m-0183,m,خرج,0.5102,True,-1.1904,False
aragpt2,T2,T2-m-0184,m,فتح,-3.193,False,-3.276,False
aragpt2,T2,T2-m-0185,m,دفع,-1.6377,False,-0.8388,False
aragpt2,T2,T2-m-0186,m,عرف,-4.8361,False,-5.9002,False
aragpt2,T2,T2-m-0187,m,ذهب,2.9998,True,3.9385,True
aragpt2,T2,T2-m-0188,m,باع,1.4965,True,1.1395,True
aragpt2,T2,T2-m-0189,m,حضر,1.9357,True,2.0227,True
aragpt2,T2,T2-m-0190,m,حمل,5.0943,True,4.5504,True
aragpt2,T2,T2-m-0191,m,باع,-8.4038,False,-8.7608,False
aragpt2,T2,T2-m-0192,m,سمع,-3.42,False,-3.0436,False
aragpt2,T2,T2-m-0193,m,كتب,1.2418,True,0.6788,True
aragpt2,T2,T2-m-0194,m,فتح,-0.3084,False,-0.3914,False
aragpt2,T2,T2-m-0195,m,حضر,5.7667,True,5.8537,True
aragpt2,T2,T2-m-0196,m,أخذ,2.346,True,2.8334,True
aragpt2,T2,T2-m-0197,m,وجد,12.8725,True,13.1427,True
aragpt2,T2,T2-m-0198,m,عرف,3.6411,True,2.577,True
aragpt2,T2,T2-m-0199,m,دخل,8.6547,True,8.1768,True
aragpt2,T2,T2-m-0200,m,خرج,1.9078,True,0.2072,True
aragpt2,T2,T2-m-0201,m,ذهب,4.9114,True,5.8501,True
aragpt2,T2,T2-m-0202,m,حمل,5.196,True,4.6521,True
aragpt2,T2,T2-m-0203,m,كتب,8.3159,True,7.7528,True
aragpt2,T2,T2-m-0204,m,وجد,1.3581,True,1.6282,True
aragpt2,T2,T2-m-0205,m,باع,0.441,True,0.084,True
aragpt2,T2,T2-m-0206,m,حمل,4.4924,True,3.9485,True
aragpt2,T2,T2-m-0207,m,بدأ,5.9336,True,4.799,True
aragpt2,T2,T2-m-0208,m,كتب,3.1478,True,2.5847,True
aragpt2,T2,T2-m-0209,m,دفع,5.0775,True,5.8764,True
aragpt2,T2,T2-m-0210,m,شاهد,14.5572,True,15.1818,True
aragpt2,T2,T2-m-0211,m,خرج,3.5663,True,1.8658,True
aragpt2,T2,T2-m-0212,m,فتح,5.2459,True,5.1629,True
aragpt2,T2,T2-m-0213,m,وجد,-0.8308,False,-0.5606,False
aragpt2,T2,T2-m-0214,m,عرف,8.1027,True,7.0386,True
aragpt2,T2,T2-m-0215,m,خرج,2.3995,True,0.6989,True
aragpt2,T2,T2-m-0216,m,فتح,4.0704,True,3.9874,True
aragpt2,T2,T2-m-0217,m,أخذ,4.6832,True,5.1706,True
aragpt2,T2,T2-m-0218,m,شاهد,9.051,True,9.6757,True
aragpt2,T2,T2-m-0219,m,قال,2.7987,True,0.2936,True
aragpt2,T2,T2-m-0220,m,باع,8.3651,True,8.0081,True
aragpt2,T2,T2-m-0221,m,طلب,8.4791,True,7.2026,True
aragpt2,T2,T2-m-0222,m,كسر,3.694,True,2.9592,True
aragpt2,T2,T2-m-0223,m,كسر,0.7435,True,0.0087,True
aragpt2,T2,T2-m-0224,m,حضر,6.7977,True,6.8847,True
aragpt2,T2,T2-m-0225,m,أخذ,0.696,True,1.1834,True
aragpt2,T2,T2-m-0226,m,عرف,-0.9412,False,-2.0053,False
aragpt2,T2,T2-m-0227,m,عرف,0.0356,True,-1.0285,False
aragpt2,T2,T2-m-0228,m,دخل,8.0893,True,7.6114,True
aragpt2,T2,T2-m-0229,m,خرج,5.6741,True,3.9736,True
aragpt2,T2,T2-m-0230,m,كسر,1.6256,True,0.8908,True
aragpt2,T2,T2-m-0231,m,حضر,-4.8962,False,-4.8093,False
aragpt2,T2,T2-m-0232,m,كسر,5.7687,True,5.0339,True
aragpt2,T2,T2-m-0233,m,وصل,0.0294,True,-0.5188,False
aragpt2,T2,T2-m-0234,m,عرف,0.9618,True,-0.1023,False
aragpt2,T2,T2-m-0235,m,خرج,1.8488,True,0.1482,True
aragpt2,T2,T2-m-0236,m,قال,7.7037,True,5.1986,True
aragpt2,T2,T2-m-0237,m,عرف,1.3411,True,0.277,True
aragpt2,T2,T2-m-0238,m,قرأ,1.5601,True,1.1551,True
aragpt2,T2,T2-m-0239,m,ذهب,6.7731,True,7.7118,True
aragpt2,T2,T2-m-0240,m,ترك,3.5185,True,2.7955,True
aragpt2,T2,T2-m-0241,m,بدأ,1.8595,True,0.7249,True
aragpt2,T2,T2-m-0242,m,كسر,8.6665,True,7.9316,True
aragpt2,T2,T2-m-0243,m,فتح,11.3575,True,11.2745,True
aragpt2,T2,T2-m-0244,m,وجد,-0.9044,False,-0.6342,False
aragpt2,T2,T2-m-0245,m,كتب,0.9639,True,0.4008,True
aragpt2,T2,T2-m-0246,m,بدأ,2.5696,True,1.4351,True
aragpt2,T2,T2-m-0247,m,قرأ,0.6525,True,0.2475,True
aragpt2,T2,T2-m-0248,m,طلب,7.1723,True,5.8958,True
aragpt2,T2,T2-m-0249,m,كسر,-0.9396,False,-1.6745,False
aragpt2,T2,T2-m-0250,m,دخل,9.253,True,8.7752,True
aragpt2,T2,T2-m-0251,m,ترك,9.0594,True,8.3365,True
aragpt2,T2,T2-m-0252,m,ذهب,0.8513,True,1.79,True
aragpt2,T2,T2-m-0253,m,دفع,4.126,True,4.9248,True
aragpt2,T2,T2-m-0254,m,طلب,7.1808,True,5.9043,True
aragpt2,T2,T2-m-0255,m,باع,14.3334,True,13.9764,True
aragpt2,T2,T2-m-0256,m,وجد,5.6161,True,5.8863,True
aragpt2,T2,T2-m-0257,m,كسر,16.608,True,15.8731,True
aragpt2,T2,T2-m-0258,m,دفع,8.7847,True,9.5836,True
aragpt2,T2,T2-m-0259,m,خرج,5.9356,True,4.2351,True
aragpt2,T2,T2-m-0260,m,كسر,10.677,True,9.9422,True
aragpt2,T2,T2-m-0261,m,عرف,6.0069,True,4.9428,True
aragpt2,T2,T2-m-0262,m,شاهد,3.8207,True,4.4453,True
aragpt2,T2,T2-m-0263,m,كتب,4.4929,True,3.9299,True
aragpt2,T2,T2-m-0264,m,باع,7.0824,True,6.7253,True
aragpt2,T2,T2-m-0265,m,كسر,14.9967,True,14.2618,True
aragpt2,T2,T2-m-0266,m,كسر,7.696,True,6.9612,True
aragpt2,T2,T2-m-0267,m,شاهد,6.0135,True,6.6382,True
aragpt2,T2,T2-m-0268,m,باع,3.9697,True,3.6126,True
aragpt2,T2,T2-m-0269,m,ذهب,5.8092,True,6.748,True
aragpt2,T2,T2-m-0270,m,حضر,-1.1627,False,-1.0757,False
aragpt2,T2,T2-m-0271,m,قرأ,3.7685,True,3.3635,True
aragpt2,T2,T2-m-0272,m,ترك,8.8546,True,8.1316,True
aragpt2,T2,T2-m-0273,m,كتب,4.9239,True,4.3608,True
aragpt2,T2,T2-m-0274,m,حضر,1.8329,True,1.9199,True
aragpt2,T2,T2-m-0275,m,خرج,3.5366,True,1.836,True
aragpt2,T2,T2-m-0276,m,قرأ,1.2787,True,0.8737,True
aragpt2,T2,T2-m-0277,m,أخذ,12.0786,True,12.566,True
aragpt2,T2,T2-m-0278,m,قرأ,11.4988,True,11.0938,True
aragpt2,T2,T2-m-0279,m,قرأ,2.903,True,2.4979,True
aragpt2,T2,T2-m-0280,m,باع,8.6926,True,8.3356,True
aragpt2,T2,T2-m-0281,m,كسر,7.0942,True,6.3593,True
aragpt2,T2,T2-m-0282,m,قرأ,7.5955,True,7.1904,True
aragpt2,T2,T2-m-0283,m,عرف,6.8795,True,5.8154,True
aragpt2,T2,T2-m-0284,m,شاهد,9.3855,True,10.0102,True
aragpt2,T2,T2-m-0285,m,حمل,3.7573,True,3.2134,True
aragpt2,T2,T2-m-0286,m,أخذ,5.2597,True,5.7471,True
aragpt2,T2,T2-m-0287,m,حمل,8.434,True,7.8901,True
aragpt2,T2,T2-m-0288,m,فتح,3.2017,True,3.1187,True
aragpt2,T2,T2-m-0289,m,عرف,4.3956,True,3.3315,True
aragpt2,T2,T2-m-0290,m,ترك,12.9841,True,12.2611,True
aragpt2,T2,T2-m-0291,m,سمع,3.1477,True,3.5241,True
aragpt2,T2,T2-m-0292,m,كسر,3.1123,True,2.3774,True
aragpt2,T2,T2-m-0293,m,وصل,2.4542,True,1.906,True
aragpt2,T2,T2-m-0294,m,قال,1.7012,True,-0.8039,False
aragpt2,T2,T2-m-0295,m,طلب,2.8195,True,1.543,True
aragpt2,T2,T2-m-0296,m,وجد,4.3501,True,4.6202,True
aragpt2,T2,T2-m-0297,m,حمل,6.4162,True,5.8723,True
aragpt2,T2,T2-m-0298,m,ترك,-2.891,False,-3.6139,False
aragpt2,T2,T2-m-0299,m,فتح,11.0684,True,10.9854,True
aragpt2,T2,T2-m-0300,m,وصل,5.1026,True,4.5544,True
aragpt2,T2,T2-m-0301,m,قال,-0.411,False,-2.9161,False
aragpt2,T2,T2-m-0302,m,شاهد,3.244,True,3.8687,True
aragpt2,T2,T2-m-0303,m,ذهب,0.6993,True,1.638,True
aragpt2,T2,T2-m-0304,m,قرأ,2.364,True,1.959,True
aragpt2,T2,T2-m-0305,m,ترك,9.7674,True,9.0445,True
aragpt2,T2,T2-m-0306,m,كسر,7.8926,True,7.1577,True
aragpt2,T2,T2-m-0307,m,ذهب,-2.6333,False,-1.6946,False
aragpt2,T2,T2-m-0308,m,شاهد,5.591,True,6.2157,True
aragpt2,T2,T2-m-0309,m,حضر,-0.7601,False,-0.6731,False
aragpt2,T2,T2-m-0310,m,دفع,5.0304,True,5.8293,True
aragpt2,T2,T2-m-0311,m,باع,8.7435,True,8.3864,True
aragpt2,T2,T2-m-0312,m,دخل,5.9778,True,5.4999,True
aragpt2,T2,T2-m-0313,m,حضر,-12.6195,False,-12.5325,False
aragpt2,T2,T2-m-0314,m,سمع,1.0728,True,1.4492,True
aragpt2,T2,T2-m-0315,m,أخذ,3.9846,True,4.472,True
aragpt2,T2,T2-m-0316,m,قرأ,4.7497,True,4.3447,True
aragpt2,T2,T2-m-0317,m,حضر,4.0448,True,4.1318,True
aragpt2,T2,T2-m-0318,m,كسر,13.673,True,12.9382,True
aragpt2,T2,T2-m-0319,m,قال,0.5287,True,-1.9764,False
aragpt2,T2,T2-m-0320,m,حمل,4.9862,True,4.4423,True
aragpt2,T2,T2-m-0321,m,كتب,12.3175,True,11.7545,True
aragpt2,T2,T2-m-0322,m,قال,0.1634,True,-2.3417,False
aragpt2,T2,T2-m-0323,m,أخذ,1.8802,True,2.3676,True
aragpt2,T2,T2-m-0324,m,وجد,6.0492,True,6.3194,True
aragpt2,T2,T2-m-0325,m,كسر,10.0844,True,9.3496,True
aragpt2,T2,T2-m-0326,m,فتح,8.0328,True,7.9498,True
aragpt2,T2,T2-m-0327,m,باع,5.8429,True,5.4858,True
aragpt2,T2,T2-m-0328,m,دفع,1.3176,True,2.1165,True
aragpt2,T2,T2-m-0329,m,فتح,3.6099,True,3.5269,True
aragpt2,T2,T2-m-0330,m,طلب,4.2326,True,2.9561,True
aragpt2,T2,T2-m-0331,m,قال,4.1771,True,1.672,True
aragpt2,T2,T2-m-0332,m,خرج,1.4822,True,-0.2184,False
aragpt2,T2,T2-m-0333,m,حمل,8.6375,True,8.0936,True
aragpt2,T2,T2-m-0334,m,طلب,4.262,True,2.9855,True
aragpt2,T2,T2-m-0335,m,ترك,16.1354,True,15.4124,True
aragpt2,T2,T2-m-0336,m,بدأ,1.5487,True,0.4142,True
aragpt2,T2,T2-m-0337,m,ذهب,0.8686,True,1.8073,True
aragpt2,T2,T2-m-0338,m,سمع,1.8471,True,2.2235,True
aragpt2,T2,T2-m-0339,m,ترك,3.932,True,3.209,True
aragpt2,T2,T2-m-0340,m,ذهب,2.9373,True,3.876,True
aragpt2,T2,T2-m-0341,m,حمل,6.4943,True,5.9503,True
aragpt2,T2,T2-m-0342,m,وجد,1.603,True,1.8732,True
aragpt2,T2,T2-m-0343,m,شاهد,7.2444,True,7.8691,True
aragpt2,T2,T2-m-0344,m,كسر,10.2993,True,9.5644,True
aragpt2,T2,T2-m-0345,m,حمل,-0.3487,False,-0.8926,False
aragpt2,T2,T2-m-0346,m,قال,12.6379,True,10.1328,True
aragpt2,T2,T2-m-0347,m,قال,7.9101,True,5.405,True
aragpt2,T2,T2-m-0348,m,وصل,-1.4888,False,-2.037,False
aragpt2,T2,T2-m-0349,m,كسر,4.1619,True,3.427,True
aragpt2,T2,T2-m-0350,m,وصل,4.5357,True,3.9875,True
aragpt2,T2,T2-m-0351,m,دفع,8.7232,True,9.5221,True
aragpt2,T2,T2-m-0352,m,عرف,2.4944,True,1.4304,True
aragpt2,T2,T2-m-0353,m,دخل,-5.5829,False,-6.0607,False
aragpt2,T2,T2-m-0354,m,قرأ,7.0407,True,6.6357,True
aragpt2,T2,T2-m-0355,m,ترك,7.9241,True,7.2011,True
aragpt2,T2,T2-m-0356,m,دفع,9.7827,True,10.5816,True
aragpt2,T2,T2-m-0357,m,دخل,-7.3843,False,-7.8622,False
aragpt2,T2,T2-m-0358,m,كتب,7.7453,True,7.1823,True
aragpt2,T2,T2-m-0359,m,عرف,-1.4418,False,-2.5059,False
aragpt2,T2,T2-m-0360,m,طلب,2.6151,True,1.3386,True
aragpt2,T2,T2-m-0361,m,أخذ,2.0847,True,2.5721,True
aragpt2,T2,T2-m-0362,m,أخذ,0.4224,True,0.9097,True
aragpt2,T2,T2-m-0363,m,قال,2.3051,True,-0.2,False
aragpt2,T2,T2-m-0364,m,كتب,7.7763,True,7.2132,True
aragpt2,T2,T2-m-0365,m,كسر,11.5005,True,10.7657,True
aragpt2,T2,T2-m-0366,m,كتب,1.8513,True,1.2882,True
aragpt2,T2,T2-m-0367,m,عرف,7.9137,True,6.8496,True
aragpt2,T2,T2-m-0368,m,كسر,3.7054,True,2.9706,True
aragpt2,T2,T2-m-0369,m,كتب,0.3635,True,-0.1995,False
aragpt2,T2,T2-m-0370,m,ترك,9.7306,True,9.0076,True
aragpt2,T2,T2-m-0371,m,خرج,2.9693,True,1.2687,True
aragpt2,T2,T2-m-0372,m,عرف,1.5622,True,0.4981,True
aragpt2,T2,T2-m-0373,m,شاهد,3.6618,True,4.2865,True
aragpt2,T2,T2-m-0374,m,أخذ,1.5459,True,2.0333,True
aragpt2,T2,T2-m-0375,m,سمع,2.1391,True,2.5155,True
aragpt2,T2,T2-m-0376,m,سمع,2.6703,True,3.0467,True
aragpt2,T2,T2-m-0377,m,دخل,4.5557,True,4.0779,True
aragpt2,T2,T2-m-0378,m,وجد,-0.358,False,-0.0878,False
aragpt2,T2,T2-m-0379,m,بدأ,7.8969,True,6.7624,True
aragpt2,T2,T2-m-0380,m,شاهد,18.5029,True,19.1276,True
aragpt2,T2,T2-m-0381,m,دخل,-8.026,False,-8.5038,False
aragpt2,T2,T2-m-0382,m,دفع,6.8646,True,7.6635,True
aragpt2,T2,T2-m-0383,m,دخل,1.7714,True,1.2936,True
aragpt2,T2,T2-m-0384,m,وجد,6.2352,True,6.5053,True
aragpt2,T2,T2-m-0385,m,كسر,9.4485,True,8.7137,True
aragpt2,T2,T2-m-0386,m,قرأ,2.8058,True,2.4008,True
aragpt2,T2,T2-m-0387,m,كتب,-0.6509,False,-1.2139,False
aragpt2,T2,T2-m-0388,m,دخل,-6.2748,False,-6.7526,False
aragpt2,T2,T2-m-0389,m,ترك,3.1547,True,2.4317,True
aragpt2,T2,T2-m-0390,m,حمل,4.5028,True,3.9589,True
aragpt2,T2,T2-m-0391,m,خرج,10.6905,True,8.99,True
aragpt2,T2,T2-m-0392,m,قرأ,8.8557,True,8.4507,True
aragpt2,T2,T2-m-0393,m,حضر,0.6001,True,0.6871,True
aragpt2,T2,T2-m-0394,m,قال,2.6397,True,0.1345,True
aragpt2,T2,T2-m-0395,m,سمع,3.1779,True,3.5543,True
aragpt2,T2,T2-m-0396,m,بدأ,2.2761,True,1.1415,True
aragpt2,T2,T2-m-0397,m,قرأ,9.5485,True,9.1435,True
aragpt2,T2,T2-m-0398,m,حمل,5.2466,True,4.7027,True
aragpt2,T2,T2-m-0399,m,ذهب,15.3793,True,16.318,True
aragpt2,T2,T2-m-0400,m,دخل,1.5408,True,1.063,True
aragpt2,T2,T2-m-0401,m,وصل,5.0461,True,4.4979,True
aragpt2,T2,T2-m-0402,m,شاهد,8.2022,True,8.8269,True
aragpt2,T2,T2-m-0403,m,وجد,10.423,True,10.6931,True
aragpt2,T2,T2-m-0404,m,كسر,11.7458,True,11.0109,True
aragpt2,T2,T2-m-0405,m,وجد,0.2436,True,0.5138,True
aragpt2,T2,T2-m-0406,m,دخل,0.8955,True,0.4177,True
aragpt2,T2,T2-m-0407,m,طلب,5.9674,True,4.6909,True
aragpt2,T2,T2-m-0408,m,خرج,7.8052,True,6.1047,True
aragpt2,T2,T2-m-0409,m,شاهد,3.0888,True,3.7134,True
aragpt2,T2,T2-m-0410,m,حمل,1.0984,True,0.5545,True
aragpt2,T2,T2-m-0411,m,أخذ,6.3961,True,6.8835,True
aragpt2,T2,T2-m-0412,m,كتب,4.5841,True,4.021,True
aragpt2,T2,T2-m-0413,m,سمع,-14.0107,False,-13.6343,False
aragpt2,T2,T2-m-0414,m,قال,1.8864,True,-0.6187,False
aragpt2,T2,T2-m-0415,m,طلب,-3.9251,False,-5.2016,False
aragpt2,T2,T2-m-0416,m,وجد,7.9426,True,8.2127,True
aragpt2,T2,T2-m-0417,m,وصل,1.8531,True,1.3048,True
aragpt2,T2,T2-m-0418,m,بدأ,-0.3815,False,-1.516,False
aragpt2,T2,T2-m-0419,m,أخذ,4.4014,True,4.8887,True
aragpt2,T2,T2-m-0420,m,شاهد,7.6165,True,8.2411,True
aragpt2,T2,T2-m-0421,m,دخل,6.3724,True,5.8946,True
aragpt2,T2,T2-m-0422,m,ذهب,8.3452,True,9.2839,True
aragpt2,T2,T2-m-0423,m,دفع,10.1924,True,10.9913,True
aragpt2,T2,T2-m-0424,m,وجد,0.5965,True,0.8666,True
aragpt2,T2,T2-m-0425,m,طلب,3.5678,True,2.2913,True
aragpt2,T2,T2-m-0426,m,دخل,0.9327,True,0.4548,True
aragpt2,T2,T2-m-0427,m,طلب,1.8359,True,0.5594,True
aragpt2,T2,T2-m-0428,m,خرج,7.6932,True,5.9926,True
aragpt2,T2,T2-m-0429,m,دخل,1.7186,True,1.2408,True
aragpt2,T2,T2-m-0430,m,ترك,15.0064,True,14.2834,True
aragpt2,T2,T2-m-0431,m,كسر,5.1898,True,4.455,True
aragpt2,T2,T2-m-0432,m,عرف,11.8706,True,10.8065,True
aragpt2,T2,T2-m-0433,m,خرج,1.6196,True,-0.081,False
aragpt2,T2,T2-m-0434,m,دخل,0.1069,True,-0.3709,False
aragpt2,T2,T2-m-0435,m,كسر,3.2733,True,2.5384,True
aragpt2,T2,T2-m-0436,m,أخذ,5.6948,True,6.1821,True
aragpt2,T2,T2-m-0437,m,حمل,8.4552,True,7.9113,True
aragpt2,T2,T2-m-0438,m,كتب,10.2624,True,9.6993,True
aragpt2,T2,T2-m-0439,m,ترك,15.3474,True,14.6245,True
aragpt2,T2,T2-m-0440,m,شاهد,7.1836,True,7.8082,True
aragpt2,T2,T2-m-0441,m,وجد,8.4128,True,8.683,True
aragpt2,T2,T2-m-0442,m,فتح,-0.2492,False,-0.3322,False
aragpt2,T2,T2-m-0443,m,دخل,-2.5737,False,-3.0516,False
aragpt2,T2,T2-m-0444,m,ترك,8.2034,True,7.4804,True
aragpt2,T2,T2-m-0445,m,ترك,11.5384,True,10.8154,True
aragpt2,T2,T2-m-0446,m,قال,-2.6674,False,-5.1725,False
aragpt2,T2,T2-m-0447,m,طلب,1.239,True,-0.0375,False
aragpt2,T2,T2-m-0448,m,شاهد,8.2723,True,8.8969,True
aragpt2,T2,T2-m-0449,m,قال,6.0375,True,3.5324,True
aragpt2,T2,T2-m-0450,m,أخذ,6.104,True,6.5914,True
aragpt2,T2,T2-m-0451,m,باع,4.704,True,4.347,True
aragpt2,T2,T2-m-0452,m,ذهب,5.4673,True,6.406,True
aragpt2,T2,T2-m-0453,m,كتب,2.1153,True,1.5522,True
aragpt2,T2,T2-m-0454,m,وجد,6.1695,True,6.4397,True
aragpt2,T2,T2-m-0455,m,باع,18.3954,True,18.0383,True
aragpt2,T2,T2-m-0456,m,ترك,-1.4542,False,-2.1771,False
aragpt2,T2,T2-m-0457,m,أخذ,5.8119,True,6.2993,True
aragpt2,T2,T2-m-0458,m,فتح,6.3412,True,6.2582,True
aragpt2,T2,T2-m-0459,m,أخذ,14.9827,True,15.4701,True
aragpt2,T2,T2-m-0460,m,قال,-1.3885,False,-3.8937,False
aragpt2,T2,T2-m-0461,m,وصل,8.568,True,8.0198,True
aragpt2,T2,T2-m-0462,m,دفع,2.8873,True,3.6862,True
aragpt2,T2,T2-m-0463,m,بدأ,6.5011,True,5.3666,True
aragpt2,T2,T2-m-0464,m,حمل,4.6678,True,4.1239,True
aragpt2,T2,T2-m-0465,m,سمع,-2.9335,False,-2.5571,False
aragpt2,T2,T2-m-0466,m,طلب,4.67,True,3.3935,True
aragpt2,T2,T2-m-0467,m,بدأ,4.4749,True,3.3403,True
aragpt2,T2,T2-m-0468,m,بدأ,3.2583,True,2.1237,True
aragpt2,T2,T2-m-0469,m,وصل,1.5021,True,0.9539,True
aragpt2,T2,T2-m-0470,m,كسر,9.7654,True,9.0305,True
aragpt2,T2,T2-m-0471,m,باع,4.9054,True,4.5483,True
aragpt2,T2,T2-m-0472,m,باع,7.9977,True,7.6406,True
aragpt2,T2,T2-m-0473,m,دفع,8.0364,True,8.8353,True
aragpt2,T2,T2-m-0474,m,شاهد,19.3211,True,19.9458,True
aragpt2,T2,T2-m-0475,m,ذهب,0.3388,True,1.2775,True
aragpt2,T2,T2-m-0476,m,وجد,12.4967,True,12.7669,True
aragpt2,T2,T2-m-0477,m,باع,7.4382,True,7.0812,True
aragpt2,T2,T2-m-0478,m,قال,3.8487,True,1.3436,True
aragpt2,T2,T2-m-0479,m,وجد,5.2333,True,5.5034,True
aragpt2,T2,T2-m-0480,m,عرف,-1.0239,False,-2.088,False
aragpt2,T2,T2-m-0481,m,كسر,7.0907,True,6.3558,True
aragpt2,T2,T2-m-0482,m,طلب,-2.5384,False,-3.8149,False
aragpt2,T2,T2-m-0483,m,دخل,-0.074,False,-0.5519,False
aragpt2,T2,T2-m-0484,m,شاهد,-1.2466,False,-0.622,False
aragpt2,T2,T2-m-0485,m,طلب,0.4114,True,-0.8651,False
aragpt2,T2,T2-m-0486,m,قرأ,5.9126,True,5.5075,True
aragpt2,T2,T2-m-0487,m,دفع,3.9956,True,4.7945,True
aragpt2,T2,T2-m-0488,m,دفع,8.3036,True,9.1025,True
aragpt2,T2,T2-m-0489,m,حمل,10.3783,True,9.8344,True
aragpt2,T2,T2-m-0490,m,خرج,1.9504,True,0.2498,True
aragpt2,T2,T2-m-0491,m,خرج,-0.0142,False,-1.7148,False
aragpt2,T2,T2-m-0492,m,شاهد,20.1388,True,20.7635,True
aragpt2,T2,T2-m-0493,m,عرف,-3.2105,False,-4.2746,False
aragpt2,T2,T2-m-0494,m,بدأ,3.3988,True,2.2642,True
aragpt2,T2,T2-m-0495,m,شاهد,5.8804,True,6.5051,True
aragpt2,T2,T2-m-0496,m,طلب,6.9535,True,5.677,True
aragpt2,T2,T2-m-0497,m,باع,3.0026,True,2.6456,True
aragpt2,T2,T2-m-0498,m,ذهب,9.179,True,10.1178,True
aragpt2,T2,T2-m-0499,m,كتب,2.9601,True,2.397,True
aragpt2,T2,T2-m-0500,m,خرج,1.8662,True,0.1657,True
aragpt2,T2,T2-m-0501,m,ترك,12.4795,True,11.7565,True
aragpt2,T2,T2-m-0502,m,خرج,-0.2018,False,-1.9024,False
aragpt2,T2,T2-m-0503,m,طلب,10.3714,True,9.0949,True
aragpt2,T2,T2-m-0504,m,حمل,-0.5284,False,-1.0723,False
aragpt2,T2,T2-m-0505,m,حضر,0.1195,True,0.2065,True
aragpt2,T2,T2-m-0506,m,قال,7.3443,True,4.8391,True
aragpt2,T2,T2-m-0507,m,باع,16.4184,True,16.0614,True
aragpt2,T2,T2-m-0508,m,حمل,2.691,True,2.1471,True
aragpt2,T2,T2-m-0509,m,فتح,8.9622,True,8.8792,True
aragpt2,T2,T2-m-0510,m,خرج,-1.8957,False,-3.5963,False
aragpt2,T2,T2-m-0511,m,حمل,8.3912,True,7.8473,True
aragpt2,T2,T2-m-0512,m,خرج,5.1433,True,3.4427,True
aragpt2,T2,T2-m-0513,m,وصل,1.9422,True,1.394,True
aragpt2,T2,T2-m-0514,m,عرف,2.1766,True,1.1126,True
aragpt2,T2,T2-m-0515,m,حمل,0.1135,True,-0.4304,False
aragpt2,T2,T2-m-0516,m,ترك,1.5452,True,0.8223,True
aragpt2,T2,T2-m-0517,m,شاهد,7.441,True,8.0657,True
aragpt2,T2,T2-m-0518,m,دفع,6.3166,True,7.1154,True
aragpt2,T2,T2-m-0519,m,وصل,-0.9075,False,-1.4557,False
aragpt2,T2,T2-m-0520,m,ترك,13.811,True,13.0881,True
aragpt2,T2,T2-m-0521,m,كتب,4.477,True,3.9139,True
aragpt2,T2,T2-m-0522,m,حضر,0.6441,True,0.7311,True
aragpt2,T2,T2-m-0523,m,بدأ,4.911,True,3.7765,True
aragpt2,T2,T2-m-0524,m,وجد,7.0125,True,7.2826,True
aragpt2,T2,T2-m-0525,m,حضر,-0.6095,False,-0.5226,False
aragpt2,T2,T2-m-0526,m,سمع,8.0474,True,8.4238,True
aragpt2,T2,T2-m-0527,m,بدأ,1.9077,True,0.7732,True
aragpt2,T2,T2-m-0528,m,كسر,4.7204,True,3.9855,True
aragpt2,T2,T2-m-0529,m,طلب,5.6475,True,4.371,True
aragpt2,T2,T2-m-0530,m,حضر,4.2456,True,4.3325,True
aragpt2,T2,T2-m-0531,m,خرج,8.4305,True,6.73,True
aragpt2,T2,T2-m-0532,m,قال,4.0128,True,1.5077,True
aragpt2,T2,T2-m-0533,m,دفع,8.7998,True,9.5987,True
aragpt2,T2,T2-m-0534,m,أخذ,10.5046,True,10.992,True
aragpt2,T2,T2-m-0535,m,أخذ,13.0623,True,13.5497,True
aragpt2,T2,T2-m-0536,m,بدأ,1.2429,True,0.1083,True
aragpt2,T2,T2-m-0537,m,طلب,8.8795,True,7.603,True
aragpt2,T2,T2-m-0538,m,باع,11.9041,True,11.5471,True
aragpt2,T2,T2-m-0539,m,وصل,-0.078,False,-0.6262,False
aragpt2,T2,T2-m-0540,m,بدأ,-0.0507,False,-1.1853,False
aragpt2,T2,T2-m-0541,m,ذهب,-6.7687,False,-5.83,False
aragpt2,T2,T2-m-0542,m,خرج,2.9878,True,1.2872,True
aragpt2,T2,T2-m-0543,m,فتح,5.2211,True,5.1381,True
aragpt2,T2,T2-m-0544,m,وصل,3.7461,True,3.1979,True
aragpt2,T2,T2-m-0545,m,ذهب,0.8505,True,1.7893,True
aragpt2,T2,T2-m-0546,m,أخذ,5.5775,True,6.0649,True
aragpt2,T2,T2-m-0547,m,بدأ,1.8743,True,0.7398,True
aragpt2,T2,T2-m-0548,m,ترك,6.253,True,5.5301,True
aragpt2,T2,T2-m-0549,m,قال,3.9869,True,1.4818,True
aragpt2,T2,T2-m-0550,m,كسر,4.3758,True,3.6409,True
aragpt2,T2,T2-m-0551,m,وصل,2.881,True,2.3328,True
aragpt2,T2,T2-m-0552,m,وصل,4.2176,True,3.6694,True
aragpt2,T2,T2-m-0553,m,فتح,13.0593,True,12.9763,True
aragpt2,T2,T2-m-0554,m,وصل,3.811,True,3.2628,True
aragpt2,T2,T2-m-0555,m,باع,-2.836,False,-3.1931,False
aragpt2,T2,T2-m-0556,m,قرأ,6.6684,True,6.2634,True
aragpt2,T2,T2-m-0557,m,كتب,3.5612,True,2.9981,True
aragpt2,T2,T2-m-0558,m,ذهب,-0.6753,False,0.2634,True
aragpt2,T2,T2-m-0559,m,وجد,4.0425,True,4.3126,True
aragpt2,T2,T2-m-0560,m,عرف,0.3771,True,-0.687,False
aragpt2,T2,T2-m-0561,m,قال,2.5634,True,0.0582,True
aragpt2,T2,T2-m-0562,m,قال,8.8716,True,6.3665,True
aragpt2,T2,T2-m-0563,m,باع,2.3339,True,1.9769,True
aragpt2,T2,T2-m-0564,m,وصل,3.9274,True,3.3792,True
aragpt2,T2,T2-m-0565,m,بدأ,6.8685,True,5.7339,True
aragpt2,T2,T2-m-0566,m,شاهد,10.3756,True,11.0003,True
aragpt2,T2,T2-m-0567,m,قرأ,3.9514,True,3.5464,True
aragpt2,T2,T2-m-0568,m,شاهد,5.6684,True,6.2931,True
aragpt2,T2,T2-m-0569,m,فتح,7.3927,True,7.3097,True
aragpt2,T2,T2-m-0570,m,قال,-2.2635,False,-4.7686,False
aragpt2,T2,T2-m-0571,m,عرف,-5.6508,False,-6.7149,False
aragpt2,T2,T2-m-0572,m,سمع,-0.2976,False,0.0788,True
aragpt2,T2,T2-m-0573,m,طلب,1.4507,True,0.1742,True
aragpt2,T2,T2-m-0574,m,قرأ,0.0065,True,-0.3986,False
aragpt2,T2,T2-m-0575,m,كسر,9.6087,True,8.8738,True
aragpt2,T2,T2-m-0576,m,ترك,2.3005,True,1.5775,True
aragpt2,T2,T2-m-0577,m,دفع,10.7464,True,11.5453,True
aragpt2,T2,T2-m-0578,m,فتح,4.1309,True,4.0479,True
aragpt2,T2,T2-m-0579,m,باع,4.9268,True,4.5698,True
aragpt2,T2,T2-m-0580,m,طلب,2.0263,True,0.7498,True
aragpt2,T2,T2-m-0581,m,باع,4.2169,True,3.8598,True
aragpt2,T2,T2-m-0582,m,شاهد,7.1762,True,7.8008,True
aragpt2,T2,T2-m-0583,m,بدأ,11.5743,True,10.4398,True
aragpt2,T2,T2-m-0584,m,أخذ,6.4825,True,6.9699,True
aragpt2,T2,T2-m-0585,m,ترك,9.075,True,8.352,True
aragpt2,T2,T2-m-0586,m,أخذ,7.596,True,8.0834,True
aragpt2,T2,T2-m-0587,m,حضر,2.419,True,2.506,True
aragpt2,T2,T2-m-0588,m,قرأ,6.0458,True,5.6408,True
aragpt2,T2,T2-m-0589,m,طلب,-6.7715,False,-8.048,False
aragpt2,T2,T2-m-0590,m,سمع,1.3304,True,1.7069,True
aragpt2,T2,T2-m-0591,m,كسر,2.0007,True,1.2658,True
aragpt2,T2,T2-m-0592,m,حمل,18.3687,True,17.8248,True
aragpt2,T2,T2-m-0593,m,فتح,4.9755,True,4.8925,True
aragpt2,T2,T2-m-0594,m,سمع,14.7965,True,15.1729,True
aragpt2,T2,T2-m-0595,m,خرج,11.8542,True,10.1536,True
aragpt2,T2,T2-m-0596,m,ترك,6.5517,True,5.8287,True
aragpt2,T2,T2-m-0597,m,سمع,-2.713,False,-2.3365,False
aragpt2,T2,T2-m-0598,m,ذهب,-2.1146,False,-1.1758,False
aragpt2,T2,T2-m-0599,m,شاهد,12.8635,True,13.4882,True
aragpt2,T2,T2-f-0000,f,حضر,-0.8634,False,-0.9504,False
aragpt2,T2,T2-f-0001,f,سمع,4.5127,True,4.1363,True
aragpt2,T2,T2-f-0002,f,فتح,1.0364,True,1.1194,True
aragpt2,T2,T2-f-0003,f,كسر,7.3236,True,8.0585,True
aragpt2,T2,T2-f-0004,f,ذهب,-1.7753,False,-2.714,False
aragpt2,T2,T2-f-0005,f,قال,4.3593,True,6.8645,True
aragpt2,T2,T2-f-0006,f,قرأ,-1.7435,False,-1.3385,False
aragpt2,T2,T2-f-0007,f,خرج,-2.0496,False,-0.349,False
aragpt2,T2,T2-f-0008,f,باع,3.6169,True,3.974,True
aragpt2,T2,T2-f-0009,f,خرج,4.1426,True,5.8431,True
aragpt2,T2,T2-f-0010,f,باع,-1.6157,False,-1.2586,False
aragpt2,T2,T2-f-0011,f,كتب,0.2928,True,0.8559,True
aragpt2,T2,T2-f-0012,f,حضر,-0.5543,False,-0.6413,False
aragpt2,T2,T2-f-0013,f,دفع,3.3955,True,2.5966,True
aragpt2,T2,T2-f-0014,f,وصل,2.7621,True,3.3103,True
aragpt2,T2,T2-f-0015,f,دخل,8.0183,True,8.4962,True
aragpt2,T2,T2-f-0016,f,طلب,-0.0555,False,1.221,True
aragpt2,T2,T2-f-0017,f,دخل,1.5471,True,2.0249,True
aragpt2,T2,T2-f-0018,f,دفع,7.286,True,6.4871,True
aragpt2,T2,T2-f-0019,f,قرأ,0.8372,True,1.2422,True
aragpt2,T2,T2-f-0020,f,دفع,-0.9595,False,-1.7584,False
aragpt2,T2,T2-f-0021,f,شاهد,-6.8693,False,-7.4939,False
aragpt2,T2,T2-f-0022,f,دفع,-6.2964,False,-7.0953,False
aragpt2,T2,T2-f-0023,f,خرج,-0.3975,False,1.3031,True
aragpt2,T2,T2-f-0024,f,حضر,-2.234,False,-2.321,False
aragpt2,T2,T2-f-0025,f,دخل,0.2776,True,0.7555,True
aragpt2,T2,T2-f-0026,f,بدأ,-5.703,False,-4.5685,False
aragpt2,T2,T2-f-0027,f,عرف,1.6994,True,2.7635,True
aragpt2,T2,T2-f-0028,f,باع,-3.9121,False,-3.555,False
aragpt2,T2,T2-f-0029,f,كتب,-8.278,False,-7.7149,False
aragpt2,T2,T2-f-0030,f,خرج,6.4944,True,8.195,True
aragpt2,T2,T2-f-0031,f,ذهب,-1.2843,False,-2.223,False
aragpt2,T2,T2-f-0032,f,دخل,7.6089,True,8.0867,True
aragpt2,T2,T2-f-0033,f,وجد,-0.6793,False,-0.9494,False
aragpt2,T2,T2-f-0034,f,خرج,-6.7204,False,-5.0198,False
aragpt2,T2,T2-f-0035,f,حمل,-5.1107,False,-4.5667,False
aragpt2,T2,T2-f-0036,f,فتح,-1.5523,False,-1.4693,False
aragpt2,T2,T2-f-0037,f,وجد,-0.6025,False,-0.8727,False
aragpt2,T2,T2-f-0038,f,دفع,1.9136,True,1.1147,True
aragpt2,T2,T2-f-0039,f,ذهب,0.457,True,-0.4817,False
aragpt2,T2,T2-f-0040,f,عرف,4.8072,True,5.8713,True
aragpt2,T2,T2-f-0041,f,كتب,1.9692,True,2.5323,True
aragpt2,T2,T2-f-0042,f,دفع,-2.7054,False,-3.5043,False
aragpt2,T2,T2-f-0043,f,باع,0.5072,True,0.8643,True
aragpt2,T2,T2-f-0044,f,حضر,-2.2543,False,-2.3413,False
aragpt2,T2,T2-f-0045,f,ذهب,1.2368,True,0.2981,True
aragpt2,T2,T2-f-0046,f,أخذ,-9.2086,False,-9.696,False
aragpt2,T2,T2-f-0047,f,باع,-7.5756,False,-7.2185,False
aragpt2,T2,T2-f-0048,f,دخل,15.8447,True,16.3226,True
aragpt2,T2,T2-f-0049,f,ذهب,3.2821,True,2.3433,True
aragpt2,T2,T2-f-0050,f,بدأ,2.4798,True,3.6143,True
aragpt2,T2,T2-f-0051,f,طلب,-5.4203,False,-4.1438,False
aragpt2,T2,T2-f-0052,f,حمل,-5.098,False,-4.554,False
aragpt2,T2,T2-f-0053,f,شاهد,-18.6211,False,-19.2458,False
aragpt2,T2,T2-f-0054,f,دفع,-2.0017,False,-2.8006,False
aragpt2,T2,T2-f-0055,f,شاهد,2.9244,True,2.2998,True
aragpt2,T2,T2-f-0056,f,أخذ,-1.285,False,-1.7724,False
aragpt2,T2,T2-f-0057,f,أخذ,-1.461,False,-1.9484,False
aragpt2,T2,T2-f-0058,f,كتب,-3.5582,False,-2.9951,False
aragpt2,T2,T2-f-0059,f,فتح,0.4521,True,0.5351,True
aragpt2,T2,T2-f-0060,f,عرف,0.6959,True,1.76,True
aragpt2,T2,T2-f-0061,f,عرف,1.8534,True,2.9175,True
aragpt2,T2,T2-f-0062,f,وجد,-1.2863,False,-1.5564,False
aragpt2,T2,T2-f-0063,f,دفع,-6.3514,False,-7.1503,False
aragpt2,T2,T2-f-0064,f,شاهد,-4.4356,False,-5.0602,False
aragpt2,T2,T2-f-0065,f,وجد,-6.978,False,-7.2481,False
aragpt2,T2,T2-f-0066,f,شاهد,-1.5393,False,-2.1639,False
aragpt2,T2,T2-f-0067,f,دفع,4.6527,True,3.8538,True
aragpt2,T2,T2-f-0068,f,دخل,10.9239,True,11.4018,True
aragpt2,T2,T2-f-0069,f,كتب,2.0485,True,2.6115,True
aragpt2,T2,T2-f-0070,f,حمل,6.0985,True,6.6424,True
aragpt2,T2,T2-f-0071,f,وجد,2.2409,True,1.9707,True
aragpt2,T2,T2-f-0072,f,ترك,-3.9582,False,-3.2352,False
aragpt2,T2,T2-f-0073,f,كسر,-8.0427,False,-7.3079,False
aragpt2,T2,T2-f-0074,f,وصل,0.192,True,0.7402,True
aragpt2,T2,T2-f-0075,f,دخل,5.1122,True,5.59,True
aragpt2,T2,T2-f-0076,f,بدأ,8.3191,True,9.4537,True
aragpt2,T2,T2-f-0077,f,كتب,-3.1554,False,-2.5923,False
aragpt2,T2,T2-f-0078,f,حضر,0.4738,True,0.3868,True
aragpt2,T2,T2-f-0079,f,قرأ,1.4138,True,1.8189,True
aragpt2,T2,T2-f-0080,f,عرف,8.2187,True,9.2827,True
aragpt2,T2,T2-f-0081,f,دفع,7.7882,True,6.9893,True
aragpt2,T2,T2-f-0082,f,ترك,3.9119,True,4.6349,True
aragpt2,T2,T2-f-0083,f,وجد,-0.4924,False,-0.7625,False
aragpt2,T2,T2-f-0084,f,دفع,2.8247,True,2.0259,True
aragpt2,T2,T2-f-0085,f,كسر,0.2736,True,1.0084,True
aragpt2,T2,T2-f-0086,f,ذهب,3.9058,True,2.9671,True
aragpt2,T2,T2-f-0087,f,دخل,10.3578,True,10.8357,True
aragpt2,T2,T2-f-0088,f,دخل,1.208,True,1.6858,True
aragpt2,T2,T2-f-0089,f,حضر,7.5914,True,7.5044,True
aragpt2,T2,T2-f-0090,f,كسر,-6.2319,False,-5.497,False
aragpt2,T2,T2-f-0091,f,وجد,-2.8256,False,-3.0958,False
aragpt2,T2,T2-f-0092,f,دفع,-5.0,False,-5.7988,False
aragpt2,T2,T2-f-0093,f,دفع,-3.4368,False,-4.2357,False
aragpt2,T2,T2-f-0094,f,فتح,-2.699,False,-2.616,False
aragpt2,T2,T2-f-0095,f,شاهد,-2.282,False,-2.9066,False
aragpt2,T2,T2-f-0096,f,شاهد,-3.2961,False,-3.9207,False
aragpt2,T2,T2-f-0097,f,ترك,-4.4135,False,-3.6905,False
aragpt2,T2,T2-f-0098,f,باع,4.3023,True,4.6594,True
aragpt2,T2,T2-f-0099,f,أخذ,-1.6462,False,-2.1336,False
aragpt2,T2,T2-f-0100,f,فتح,-1.1566,False,-1.0736,False
aragpt2,T2,T2-f-0101,f,وصل,8.9995,True,9.5477,True
aragpt2,T2,T2-f-0102,f,كتب,3.8161,True,4.3791,True
aragpt2,T2,T2-f-0103,f,كتب,-0.7728,False,-0.2097,False
aragpt2,T2,T2-f-0104,f,قال,4.8767,True,7.3818,True
aragpt2,T2,T2-f-0105,f,عرف,16.5155,True,17.5796,True
aragpt2,T2,T2-f-0106,f,سمع,1.6731,True,1.2967,True
aragpt2,T2,T2-f-0107,f,طلب,-1.3911,False,-0.1146,False
aragpt2,T2,T2-f-0108,f,سمع,7.9008,True,7.5244,True
aragpt2,T2,T2-f-0109,f,كتب,6.7851,True,7.3482,True
aragpt2,T2,T2-f-0110,f,ترك,0.8222,True,1.5452,True
aragpt2,T2,T2-f-0111,f,عرف,12.6452,True,13.7093,True
aragpt2,T2,T2-f-0112,f,سمع,7.6433,True,7.2668,True
aragpt2,T2,T2-f-0113,f,دفع,-0.6176,False,-1.4165,False
aragpt2,T2,T2-f-0114,f,قال,0.1749,True,2.68,True
aragpt2,T2,T2-f-0115,f,عرف,-1.5842,False,-0.5202,False
aragpt2,T2,T2-f-0116,f,قرأ,2.0239,True,2.4289,True
aragpt2,T2,T2-f-0117,f,بدأ,4.3263,True,5.4608,True
aragpt2,T2,T2-f-0118,f,طلب,-2.1906,False,-0.9141,False
aragpt2,T2,T2-f-0119,f,سمع,-0.4344,False,-0.8108,False
aragpt2,T2,T2-f-0120,f,بدأ,4.8852,True,6.0197,True
aragpt2,T2,T2-f-0121,f,خرج,4.405,True,6.1055,True
aragpt2,T2,T2-f-0122,f,عرف,-4.9849,False,-3.9208,False
aragpt2,T2,T2-f-0123,f,قرأ,0.8174,True,1.2224,True
aragpt2,T2,T2-f-0124,f,شاهد,-3.1875,False,-3.8121,False
aragpt2,T2,T2-f-0125,f,قال,-5.173,False,-2.6679,False
aragpt2,T2,T2-f-0126,f,وجد,4.7362,True,4.466,True
aragpt2,T2,T2-f-0127,f,وصل,-1.973,False,-1.4247,False
aragpt2,T2,T2-f-0128,f,كسر,-6.5133,False,-5.7785,False
aragpt2,T2,T2-f-0129,f,ترك,5.787,True,6.51,True
aragpt2,T2,T2-f-0130,f,حمل,-0.7689,False,-0.225,False
aragpt2,T2,T2-f-0131,f,ترك,-10.0539,False,-9.3309,False
aragpt2,T2,T2-f-0132,f,سمع,5.337,True,4.9606,True
aragpt2,T2,T2-f-0133,f,بدأ,-0.8868,False,0.2477,True
aragpt2,T2,T2-f-0134,f,خرج,9.6321,True,11.3327,True
aragpt2,T2,T2-f-0135,f,قرأ,-0.5673,False,-0.1622,False
aragpt2,T2,T2-f-0136,f,شاهد,-5.33,False,-5.9546,False
aragpt2,T2,T2-f-0137,f,قرأ,-7.5285,False,-7.1235,False
aragpt2,T2,T2-f-0138,f,دخل,7.0911,True,7.569,True
aragpt2,T2,T2-f-0139,f,فتح,-2.0798,False,-1.9968,False
aragpt2,T2,T2-f-0140,f,حمل,4.4265,True,4.9704,True
aragpt2,T2,T2-f-0141,f,كسر,0.5208,True,1.2556,True
aragpt2,T2,T2-f-0142,f,كتب,-7.1745,False,-6.6114,False
aragpt2,T2,T2-f-0143,f,حضر,0.5656,True,0.4786,True
aragpt2,T2,T2-f-0144,f,بدأ,6.8198,True,7.9543,True
aragpt2,T2,T2-f-0145,f,أخذ,0.742,True,0.2546,True
aragpt2,T2,T2-f-0146,f,باع,-1.7313,False,-1.3742,False
aragpt2,T2,T2-f-0147,f,بدأ,1.2338,True,2.3683,True
aragpt2,T2,T2-f-0148,f,حضر,1.8897,True,1.8027,True
aragpt2,T2,T2-f-0149,f,شاهد,2.9758,True,2.3512,True
aragpt2,T2,T2-f-0150,f,كتب,10.6335,True,11.1965,True
aragpt2,T2,T2-f-0151,f,كتب,-1.4735,False,-0.9104,False
aragpt2,T2,T2-f-0152,f,كسر,-2.5858,False,-1.851,False
aragpt2,T2,T2-f-0153,f,دفع,-15.1932,False,-15.992,False
aragpt2,T2,T2-f-0154,f,حمل,3.4986,True,4.0425,True
aragpt2,T2,T2-f-0155,f,وجد,-1.7025,False,-1.9726,False
aragpt2,T2,T2-f-0156,f,خرج,0.1672,True,1.8677,True
aragpt2,T2,T2-f-0157,f,عرف,-2.1078,False,-1.0437,False
aragpt2,T2,T2-f-0158,f,ترك,-0.1305,False,0.5925,True
aragpt2,T2,T2-f-0159,f,قرأ,-1.3461,False,-0.9411,False
aragpt2,T2,T2-f-0160,f,سمع,0.6688,True,0.2924,True
aragpt2,T2,T2-f-0161,f,قرأ,0.9972,True,1.4022,True
aragpt2,T2,T2-f-0162,f,عرف,-2.1416,False,-1.0775,False
aragpt2,T2,T2-f-0163,f,طلب,3.245,True,4.5215,True
aragpt2,T2,T2-f-0164,f,دخل,-0.3974,False,0.0805,True
aragpt2,T2,T2-f-0165,f,خرج,3.3286,True,5.0292,True
aragpt2,T2,T2-f-0166,f,ذهب,1.7458,True,0.8071,True
aragpt2,T2,T2-f-0167,f,بدأ,6.8815,True,8.0161,True
aragpt2,T2,T2-f-0168,f,قرأ,-1.5328,False,-1.1278,False
aragpt2,T2,T2-f-0169,f,ذهب,3.0553,True,2.1166,True
aragpt2,T2,T2-f-0170,f,فتح,-4.8197,False,-4.7367,False
aragpt2,T2,T2-f-0171,f,حمل,-2.2472,False,-1.7032,False
aragpt2,T2,T2-f-0172,f,حمل,8.8896,True,9.4335,True
aragpt2,T2,T2-f-0173,f,باع,-3.5643,False,-3.2073,False
aragpt2,T2,T2-f-0174,f,شاهد,-12.6943,False,-13.319,False
aragpt2,T2,T2-f-0175,f,حضر,12.0538,True,11.9668,True
aragpt2,T2,T2-f-0176,f,بدأ,2.2307,True,3.3652,True
aragpt2,T2,T2-f-0177,f,ذهب,9.1179,True,8.1792,True
aragpt2,T2,T2-f-0178,f,وصل,0.7358,True,1.284,True
aragpt2,T2,T2-f-0179,f,ترك,-0.7128,False,0.0101,True
aragpt2,T2,T2-f-0180,f,كسر,-7.4939,False,-6.759,False
aragpt2,T2,T2-f-0181,f,حضر,4.1901,True,4.1032,True
aragpt2,T2,T2-f-0182,f,فتح,-0.5478,False,-0.4648,False
aragpt2,T2,T2-f-0183,f,سمع,-2.4075,False,-2.7839,False
aragpt2,T2,T2-f-0184,f,دخل,5.5426,True,6.0204,True
aragpt2,T2,T2-f-0185,f,فتح,1.125,True,1.208,True
aragpt2,T2,T2-f-0186,f,قرأ,-4.034,False,-3.629,False
aragpt2,T2,T2-f-0187,f,حمل,6.684,True,7.228,True
aragpt2,T2,T2-f-0188,f,دخل,6.3793,True,6.8571,True
aragpt2,T2,T2-f-0189,f,طلب,5.9117,True,7.1882,True
aragpt2,T2,T2-f-0190,f,عرف,3.5732,True,4.6373,True
aragpt2,T2,T2-f-0191,f,فتح,1.4214,True,1.5044,True
aragpt2,T2,T2-f-0192,f,وصل,-2.6343,False,-2.0861,False
aragpt2,T2,T2-f-0193,f,وجد,-1.3785,False,-1.6487,False
aragpt2,T2,T2-f-0194,f,كسر,-0.3944,False,0.3404,True
aragpt2,T2,T2-f-0195,f,شاهد,-6.0509,False,-6.6756,False
aragpt2,T2,T2-f-0196,f,باع,-5.4984,False,-5.1413,False
aragpt2,T2,T2-f-0197,f,ذهب,-3.0631,False,-4.0018,False
aragpt2,T2,T2-f-0198,f,كتب,10.8213,True,11.3844,True
aragpt2,T2,T2-f-0199,f,شاهد,-9.3805,False,-10.0051,False
aragpt2,T2,T2-f-0200,f,حضر,2.2934,True,2.2065,True
aragpt2,T2,T2-f-0201,f,طلب,-4.6377,False,-3.3612,False
aragpt2,T2,T2-f-0202,f,دفع,-4.8959,False,-5.6948,False
aragpt2,T2,T2-f-0203,f,دخل,-1.2104,False,-0.7326,False
aragpt2,T2,T2-f-0204,f,بدأ,6.8586,True,7.9931,True
aragpt2,T2,T2-f-0205,f,دخل,5.204,True,5.6819,True
aragpt2,T2,T2-f-0206,f,دخل,-2.9213,False,-2.4435,False
aragpt2,T2,T2-f-0207,f,دفع,3.5451,True,2.7462,True
aragpt2,T2,T2-f-0208,f,ذهب,6.7205,True,5.7818,True
aragpt2,T2,T2-f-0209,f,حمل,-0.9484,False,-0.4045,False
aragpt2,T2,T2-f-0210,f,قرأ,-2.684,False,-2.279,False
aragpt2,T2,T2-f-0211,f,قرأ,2.8028,True,3.2079,True
aragpt2,T2,T2-f-0212,f,بدأ,5.3308,True,6.4654,True
aragpt2,T2,T2-f-0213,f,وجد,1.4191,True,1.149,True
aragpt2,T2,T2-f-0214,f,كتب,-6.1214,False,-5.5583,False
aragpt2,T2,T2-f-0215,f,ترك,-0.9491,False,-0.2261,False
aragpt2,T2,T2-f-0216,f,طلب,8.392,True,9.6685,True
aragpt2,T2,T2-f-0217,f,وصل,0.9395,True,1.4877,True
aragpt2,T2,T2-f-0218,f,سمع,1.3643,True,0.9879,True
aragpt2,T2,T2-f-0219,f,ذهب,-2.3075,False,-3.2463,False
aragpt2,T2,T2-f-0220,f,أخذ,-1.7075,False,-2.1949,False
aragpt2,T2,T2-f-0221,f,أخذ,3.361,True,2.8736,True
aragpt2,T2,T2-f-0222,f,قال,-4.5764,False,-2.0713,False
aragpt2,T2,T2-f-0223,f,كسر,0.6902,True,1.4251,True
aragpt2,T2,T2-f-0224,f,قرأ,-2.3679,False,-1.9628,False
aragpt2,T2,T2-f-0225,f,سمع,6.5112,True,6.1348,True
aragpt2,T2,T2-f-0226,f,ذهب,0.8541,True,-0.0846,False
aragpt2,T2,T2-f-0227,f,حضر,-7.8313,False,-7.9183,False
aragpt2,T2,T2-f-0228,f,دفع,0.2592,True,-0.5397,False
aragpt2,T2,T2-f-0229,f,كتب,1.7748,True,2.3379,True
aragpt2,T2,T2-f-0230,f,طلب,8.3207,True,9.5972,True
aragpt2,T2,T2-f-0231,f,كسر,-1.8741,False,-1.1392,False
aragpt2,T2,T2-f-0232,f,طلب,7.6908,True,8.9673,True
aragpt2,T2,T2-f-0233,f,عرف,-3.8296,False,-2.7655,False
aragpt2,T2,T2-f-0234,f,وجد,2.739,True,2.4689,True
aragpt2,T2,T2-f-0235,f,وصل,-2.6372,False,-2.089,False
aragpt2,T2,T2-f-0236,f,حمل,0.401,True,0.9449,True
aragpt2,T2,T2-f-0237,f,شاهد,-10.5944,False,-11.219,False
aragpt2,T2,T2-f-0238,f,سمع,-2.7416,False,-3.118,False
aragpt2,T2,T2-f-0239,f,قال,3.3045,True,5.8096,True
aragpt2,T2,T2-f-0240,f,طلب,5.1639,True,6.4404,True
aragpt2,T2,T2-f-0241,f,شاهد,-6.5881,False,-7.2128,False
aragpt2,T2,T2-f-0242,f,خرج,6.3639,True,8.0645,True
aragpt2,T2,T2-f-0243,f,شاهد,-12.4717,False,-13.0964,False
aragpt2,T2,T2-f-0244,f,كسر,-3.6435,False,-2.9086,False
aragpt2,T2,T2-f-0245,f,شاهد,-2.4893,False,-3.1139,False
aragpt2,T2,T2-f-0246,f,وجد,-3.8288,False,-4.099,False
aragpt2,T2,T2-f-0247,f,وصل,4.5924,True,5.1406,True
aragpt2,T2,T2-f-0248,f,شاهد,2.5121,True,1.8874,True
aragpt2,T2,T2-f-0249,f,حمل,3.5886,True,4.1325,True
aragpt2,T2,T2-f-0250,f,بدأ,2.6385,True,3.773,True
aragpt2,T2,T2-f-0251,f,طلب,0.5421,True,1.8185,True
aragpt2,T2,T2-f-0252,f,بدأ,5.1032,True,6.2377,True
aragpt2,T2,T2-f-0253,f,بدأ,4.5609,True,5.6955,True
aragpt2,T2,T2-f-0254,f,قال,-3.3227,False,-0.8176,False
aragpt2,T2,T2-f-0255,f,فتح,-7.2833,False,-7.2003,False
aragpt2,T2,T2-f-0256,f,قال,2.2792,True,4.7844,True
aragpt2,T2,T2-f-0257,f,دخل,0.4588,True,0.9367,True
aragpt2,T2,T2-f-0258,f,شاهد,-3.5433,False,-4.1679,False
aragpt2,T2,T2-f-0259,f,شاهد,-6.4803,False,-7.1049,False
aragpt2,T2,T2-f-0260,f,عرف,0.3921,True,1.4562,True
aragpt2,T2,T2-f-0261,f,كتب,0.8713,True,1.4344,True
aragpt2,T2,T2-f-0262,f,أخذ,-1.6572,False,-2.1446,False
aragpt2,T2,T2-f-0263,f,ذهب,-14.9564,False,-15.8951,False
aragpt2,T2,T2-f-0264,f,وصل,8.2197,True,8.7679,True
aragpt2,T2,T2-f-0265,f,قرأ,-1.6472,False,-1.2422,False
aragpt2,T2,T2-f-0266,f,ذهب,1.9336,True,0.9949,True
aragpt2,T2,T2-f-0267,f,ذهب,4.8907,True,3.952,True
aragpt2,T2,T2-f-0268,f,عرف,2.2653,True,3.3294,True
aragpt2,T2,T2-f-0269,f,دخل,1.2241,True,1.7019,True
aragpt2,T2,T2-f-0270,f,وجد,0.2967,True,0.0266,True
aragpt2,T2,T2-f-0271,f,خرج,6.615,True,8.3156,True
aragpt2,T2,T2-f-0272,f,فتح,0.976,True,1.059,True
aragpt2,T2,T2-f-0273,f,ذهب,4.1532,True,3.2145,True
aragpt2,T2,T2-f-0274,f,ترك,-5.3473,False,-4.6243,False
aragpt2,T2,T2-f-0275,f,قال,2.6115,True,5.1166,True
aragpt2,T2,T2-f-0276,f,حمل,8.6846,True,9.2285,True
aragpt2,T2,T2-f-0277,f,كسر,7.0629,True,7.7977,True
aragpt2,T2,T2-f-0278,f,طلب,2.3167,True,3.5932,True
aragpt2,T2,T2-f-0279,f,بدأ,1.7397,True,2.8742,True
aragpt2,T2,T2-f-0280,f,وجد,-0.6259,False,-0.896,False
aragpt2,T2,T2-f-0281,f,فتح,-2.0251,False,-1.9421,False
aragpt2,T2,T2-f-0282,f,وصل,4.7334,True,5.2816,True
aragpt2,T2,T2-f-0283,f,بدأ,3.3109,True,4.4454,True
aragpt2,T2,T2-f-0284,f,وصل,2.4787,True,3.0269,True
aragpt2,T2,T2-f-0285,f,حمل,-1.6892,False,-1.1453,False
aragpt2,T2,T2-f-0286,f,شاهد,3.7697,True,3.1451,True
aragpt2,T2,T2-f-0287,f,بدأ,7.5442,True,8.6787,True
aragpt2,T2,T2-f-0288,f,قال,-1.0969,False,1.4083,True
aragpt2,T2,T2-f-0289,f,حمل,-3.8175,False,-3.2736,False
aragpt2,T2,T2-f-0290,f,شاهد,-2.2941,False,-2.9188,False
aragpt2,T2,T2-f-0291,f,حمل,-0.5756,False,-0.0317,False
aragpt2,T2,T2-f-0292,f,دفع,0.6225,True,-0.1764,False
aragpt2,T2,T2-f-0293,f,باع,-0.3332,False,0.0239,True
aragpt2,T2,T2-f-0294,f,سمع,-3.1308,False,-3.5072,False
aragpt2,T2,T2-f-0295,f,شاهد,-11.4034,False,-12.0281,False
aragpt2,T2,T2-f-0296,f,طلب,2.9901,True,4.2666,True
aragpt2,T2,T2-f-0297,f,خرج,2.0309,True,3.7315,True
aragpt2,T2,T2-f-0298,f,قرأ,-6.501,False,-6.096,False
aragpt2,T2,T2-f-0299,f,باع,1.7132,True,2.0703,True
aragpt2,T2,T2-f-0300,f,وصل,-2.9888,False,-2.4406,False
aragpt2,T2,T2-f-0301,f,قال,-4.643,False,-2.1379,False
aragpt2,T2,T2-f-0302,f,طلب,4.9351,True,6.2116,True
aragpt2,T2,T2-f-0303,f,وجد,-4.3523,False,-4.6224,False
aragpt2,T2,T2-f-0304,f,قال,-3.4846,False,-0.9795,False
aragpt2,T2,T2-f-0305,f,دفع,2.8598,True,2.0609,True
aragpt2,T2,T2-f-0306,f,شاهد,-0.204,False,-0.8287,False
aragpt2,T2,T2-f-0307,f,باع,-1.2261,False,-0.869,False
aragpt2,T2,T2-f-0308,f,قرأ,-0.5426,False,-0.1376,False
aragpt2,T2,T2-f-0309,f,كتب,-8.2318,False,-7.6687,False
aragpt2,T2,T2-f-0310,f,سمع,5.1907,True,4.8143,True
aragpt2,T2,T2-f-0311,f,دخل,2.0981,True,2.576,True
aragpt2,T2,T2-f-0312,f,وصل,-3.9754,False,-3.4272,False
aragpt2,T2,T2-f-0313,f,وصل,0.1545,True,0.7027,True
aragpt2,T2,T2-f-0314,f,كسر,7.0604,True,7.7953,True
aragpt2,T2,T2-f-0315,f,حمل,-1.4622,False,-0.9183,False
aragpt2,T2,T2-f-0316,f,أخذ,1.1122,True,0.6248,True
aragpt2,T2,T2-f-0317,f,كتب,-5.4379,False,-4.8748,False
aragpt2,T2,T2-f-0318,f,أخذ,-6.4418,False,-6.9292,False
aragpt2,T2,T2-f-0319,f,وصل,-2.0773,False,-1.5291,False
aragpt2,T2,T2-f-0320,f,خرج,-1.2331,False,0.4675,True
aragpt2,T2,T2-f-0321,f,حضر,-0.1174,False,-0.2044,False
aragpt2,T2,T2-f-0322,f,ترك,-5.1179,False,-4.3949,False
aragpt2,T2,T2-f-0323,f,كسر,-7.7181,False,-6.9832,False
aragpt2,T2,T2-f-0324,f,فتح,-4.0771,False,-3.9941,False
aragpt2,T2,T2-f-0325,f,شاهد,2.1943,True,1.5697,True
aragpt2,T2,T2-f-0326,f,قرأ,4.5287,True,4.9337,True
aragpt2,T2,T2-f-0327,f,بدأ,3.0692,True,4.2038,True
aragpt2,T2,T2-f-0328,f,قال,-0.5595,False,1.9457,True
aragpt2,T2,T2-f-0329,f,قرأ,0.4784,True,0.8834,True
aragpt2,T2,T2-f-0330,f,كتب,1.4037,True,1.9668,True
aragpt2,T2,T2-f-0331,f,دخل,11.191,True,11.6689,True
aragpt2,T2,T2-f-0332,f,قال,-4.0698,False,-1.5647,False
aragpt2,T2,T2-f-0333,f,خرج,2.3687,True,4.0693,True
aragpt2,T2,T2-f-0334,f,حضر,-0.1292,False,-0.2161,False
aragpt2,T2,T2-f-0335,f,دفع,-1.3201,False,-2.1189,False
aragpt2,T2,T2-f-0336,f,دخل,2.3241,True,2.802,True
aragpt2,T2,T2-f-0337,f,خرج,-1.008,False,0.6926,True
aragpt2,T2,T2-f-0338,f,وجد,-3.3921,False,-3.6622,False
aragpt2,T2,T2-f-0339,f,سمع,7.0304,True,6.654,True
aragpt2,T2,T2-f-0340,f,دفع,0.9841,True,0.1852,True
aragpt2,T2,T2-f-0341,f,وجد,1.9097,True,1.6396,True
aragpt2,T2,T2-f-0342,f,طلب,0.65,True,1.9265,True
aragpt2,T2,T2-f-0343,f,طلب,-3.501,False,-2.2245,False
aragpt2,T2,T2-f-0344,f,باع,1.1484,True,1.5055,True
aragpt2,T2,T2-f-0345,f,سمع,1.0186,True,0.6422,True
aragpt2,T2,T2-f-0346,f,باع,-1.6968,False,-1.3397,False
aragpt2,T2,T2-f-0347,f,شاهد,-9.1851,False,-9.8098,False
aragpt2,T2,T2-f-0348,f,بدأ,2.4285,True,3.563,True
aragpt2,T2,T2-f-0349,f,ذهب,2.6253,True,1.6866,True
aragpt2,T2,T2-f-0350,f,خرج,-1.4858,False,0.2147,True
aragpt2,T2,T2-f-0351,f,طلب,0.1738,True,1.4503,True
aragpt2,T2,T2-f-0352,f,ترك,2.5943,True,3.3173,True
aragpt2,T2,T2-f-0353,f,شاهد,-4.9656,False,-5.5902,False
aragpt2,T2,T2-f-0354,f,قرأ,-1.2439,False,-0.8389,False
aragpt2,T2,T2-f-0355,f,عرف,0.9908,True,2.0549,True
aragpt2,T2,T2-f-0356,f,كسر,-6.5786,False,-5.8437,False
aragpt2,T2,T2-f-0357,f,قال,-2.9143,False,-0.4092,False
aragpt2,T2,T2-f-0358,f,شاهد,-2.7699,False,-3.3946,False
aragpt2,T2,T2-f-0359,f,فتح,-2.2796,False,-2.1966,False
aragpt2,T2,T2-f-0360,f,وجد,-13.8628,False,-14.133,False
aragpt2,T2,T2-f-0361,f,عرف,5.4739,True,6.538,True
aragpt2,T2,T2-f-0362,f,عرف,2.9814,True,4.0455,True
aragpt2,T2,T2-f-0363,f,أخذ,6.3465,True,5.8591,True
aragpt2,T2,T2-f-0364,f,خرج,5.7206,True,7.4212,True
aragpt2,T2,T2-f-0365,f,وصل,7.0612,True,7.6094,True
aragpt2,T2,T2-f-0366,f,حضر,-6.62,False,-6.707,False
aragpt2,T2,T2-f-0367,f,ذهب,-0.2421,False,-1.1808,False
aragpt2,T2,T2-f-0368,f,ترك,3.5594,True,4.2824,True
aragpt2,T2,T2-f-0369,f,ترك,-4.0457,False,-3.3227,False
aragpt2,T2,T2-f-0370,f,دفع,0.8761,True,0.0772,True
aragpt2,T2,T2-f-0371,f,أخذ,2.0586,True,1.5712,True
aragpt2,T2,T2-f-0372,f,دخل,-0.053,False,0.4249,True
aragpt2,T2,T2-f-0373,f,كسر,14.1111,True,14.846,True
aragpt2,T2,T2-f-0374,f,كسر,-3.2097,False,-2.4748,False
aragpt2,T2,T2-f-0375,f,سمع,0.8654,True,0.489,True
aragpt2,T2,T2-f-0376,f,باع,-1.1856,False,-0.8285,False
aragpt2,T2,T2-f-0377,f,أخذ,-5.7498,False,-6.2372,False
aragpt2,T2,T2-f-0378,f,عرف,1.2897,True,2.3537,True
aragpt2,T2,T2-f-0379,f,خرج,0.3178,True,2.0184,True
aragpt2,T2,T2-f-0380,f,ذهب,0.4951,True,-0.4436,False
aragpt2,T2,T2-f-0381,f,بدأ,3.0122,True,4.1467,True
aragpt2,T2,T2-f-0382,f,بدأ,3.6857,True,4.8202,True
aragpt2,T2,T2-f-0383,f,خرج,0.5174,True,2.218,True
aragpt2,T2,T2-f-0384,f,خرج,0.7441,True,2.4447,True
aragpt2,T2,T2-f-0385,f,كسر,-12.0937,False,-11.3588,False
aragpt2,T2,T2-f-0386,f,ترك,-5.0212,False,-4.2982,False
aragpt2,T2,T2-f-0387,f,وجد,0.5777,True,0.3075,True
aragpt2,T2,T2-f-0388,f,قال,-1.2933,False,1.2118,True
aragpt2,T2,T2-f-0389,f,أخذ,0.775,True,0.2876,True
aragpt2,T2,T2-f-0390,f,قرأ,0.9669,True,1.3719,True
aragpt2,T2,T2-f-0391,f,سمع,7.9626,True,7.5862,True
aragpt2,T2,T2-f-0392,f,ذهب,1.9353,True,0.9965,True
aragpt2,T2,T2-f-0393,f,أخذ,-0.729,False,-1.2164,False
aragpt2,T2,T2-f-0394,f,وجد,5.2458,True,4.9757,True
aragpt2,T2,T2-f-0395,f,وجد,0.3745,True,0.1043,True
aragpt2,T2,T2-f-0396,f,شاهد,-0.843,False,-1.4676,False
aragpt2,T2,T2-f-0397,f,قال,-3.0181,False,-0.5129,False
aragpt2,T2,T2-f-0398,f,طلب,-0.3409,False,0.9356,True
aragpt2,T2,T2-f-0399,f,حمل,-5.7117,False,-5.1678,False
aragpt2,T2,T2-f-0400,f,فتح,-1.7754,False,-1.6924,False
aragpt2,T2,T2-f-0401,f,قال,-2.1197,False,0.3854,True
aragpt2,T2,T2-f-0402,f,خرج,1.4828,True,3.1834,True
aragpt2,T2,T2-f-0403,f,ذهب,1.4098,True,0.471,True
aragpt2,T2,T2-f-0404,f,باع,2.1072,True,2.4643,True
aragpt2,T2,T2-f-0405,f,سمع,-0.1304,False,-0.5068,False
aragpt2,T2,T2-f-0406,f,أخذ,-0.3405,False,-0.8279,False
aragpt2,T2,T2-f-0407,f,دخل,2.2724,True,2.7502,True
aragpt2,T2,T2-f-0408,f,باع,0.6899,True,1.047,True
aragpt2,T2,T2-f-0409,f,ترك,-1.0455,False,-0.3226,False
aragpt2,T2,T2-f-0410,f,عرف,9.4065,True,10.4706,True
aragpt2,T2,T2-f-0411,f,قرأ,-0.1085,False,0.2965,True
aragpt2,T2,T2-f-0412,f,وصل,8.412,True,8.9602,True
aragpt2,T2,T2-f-0413,f,فتح,3.0014,True,3.0844,True
aragpt2,T2,T2-f-0414,f,وجد,-6.8725,False,-7.1427,False
aragpt2,T2,T2-f-0415,f,عرف,0.1314,True,1.1954,True
aragpt2,T2,T2-f-0416,f,كتب,10.8025,True,11.3656,True
aragpt2,T2,T2-f-0417,f,حضر,8.202,True,8.1151,True
aragpt2,T2,T2-f-0418,f,قرأ,3.4228,True,3.8279,True
aragpt2,T2,T2-f-0419,f,قرأ,4.5841,True,4.9892,True
aragpt2,T2,T2-f-0420,f,قرأ,0.653,True,1.058,True
aragpt2,T2,T2-f-0421,f,حضر,-1.4136,False,-1.5006,False
aragpt2,T2,T2-f-0422,f,طلب,8.1676,True,9.4441,True
aragpt2,T2,T2-f-0423,f,عرف,-0.6723,False,0.3918,True
aragpt2,T2,T2-f-0424,f,دفع,-3.9065,False,-4.7054,False
aragpt2,T2,T2-f-0425,f,كتب,-1.6285,False,-1.0654,False
aragpt2,T2,T2-f-0426,f,طلب,1.5732,True,2.8497,True
aragpt2,T2,T2-f-0427,f,أخذ,-10.956,False,-11.4434,False
aragpt2,T2,T2-f-0428,f,وصل,8.8751,True,9.4234,True
aragpt2,T2,T2-f-0429,f,بدأ,5.9417,True,7.0762,True
aragpt2,T2,T2-f-0430,f,طلب,2.2446,True,3.5211,True
aragpt2,T2,T2-f-0431,f,وصل,4.7233,True,5.2715,True
aragpt2,T2,T2-f-0432,f,دخل,1.0337,True,1.5116,True
aragpt2,T2,T2-f-0433,f,كتب,-7.288,False,-6.725,False
aragpt2,T2,T2-f-0434,f,قرأ,2.4586,True,2.8636,True
aragpt2,T2,T2-f-0435,f,بدأ,7.6822,True,8.8167,True
aragpt2,T2,T2-f-0436,f,شاهد,-0.9179,False,-1.5425,False
aragpt2,T2,T2-f-0437,f,شاهد,-3.119,False,-3.7437,False
aragpt2,T2,T2-f-0438,f,حضر,9.8106,True,9.7236,True
aragpt2,T2,T2-f-0439,f,دفع,-2.6368,False,-3.4357,False
aragpt2,T2,T2-f-0440,f,عرف,9.0551,True,10.1191,True
aragpt2,T2,T2-f-0441,f,كتب,-0.4483,False,0.1148,True
aragpt2,T2,T2-f-0442,f,ذهب,0.9326,True,-0.0062,False
aragpt2,T2,T2-f-0443,f,وصل,0.0496,True,0.5978,True
aragpt2,T2,T2-f-0444,f,كتب,-4.9684,False,-4.4053,False
aragpt2,T2,T2-f-0445,f,سمع,-2.5092,False,-2.8856,False
aragpt2,T2,T2-f-0446,f,فتح,-6.6931,False,-6.6102,False
aragpt2,T2,T2-f-0447,f,سمع,2.2576,True,1.8812,True
aragpt2,T2,T2-f-0448,f,وجد,-6.6196,False,-6.8898,False
aragpt2,T2,T2-f-0449,f,باع,-3.8496,False,-3.4925,False
aragpt2,T2,T2-f-0450,f,حضر,-4.6705,False,-4.7575,False
aragpt2,T2,T2-f-0451,f,فتح,-5.0739,False,-4.9909,False
aragpt2,T2,T2-f-0452,f,عرف,2.2505,True,3.3146,True
aragpt2,T2,T2-f-0453,f,وجد,-0.3753,False,-0.6455,False
aragpt2,T2,T2-f-0454,f,خرج,4.6237,True,6.3242,True
aragpt2,T2,T2-f-0455,f,عرف,-4.5859,False,-3.5218,False
aragpt2,T2,T2-f-0456,f,طلب,-0.2526,False,1.0239,True
aragpt2,T2,T2-f-0457,f,دفع,-0.3287,False,-1.1276,False
aragpt2,T2,T2-f-0458,f,أخذ,-2.8683,False,-3.3557,False
aragpt2,T2,T2-f-0459,f,فتح,4.2202,True,4.3032,True
aragpt2,T2,T2-f-0460,f,خرج,1.8,True,3.5006,True
aragpt2,T2,T2-f-0461,f,دخل,-4.1735,False,-3.6956,False
aragpt2,T2,T2-f-0462,f,سمع,1.7085,True,1.3321,True
aragpt2,T2,T2-f-0463,f,حمل,2.5286,True,3.0725,True
aragpt2,T2,T2-f-0464,f,سمع,15.7222,True,15.3457,True
aragpt2,T2,T2-f-0465,f,دفع,-15.3721,False,-16.171,False
aragpt2,T2,T2-f-0466,f,حضر,8.64,True,8.553,True
aragpt2,T2,T2-f-0467,f,عرف,-2.9713,False,-1.9072,False
aragpt2,T2,T2-f-0468,f,قرأ,0.9219,True,1.3269,True
aragpt2,T2,T2-f-0469,f,وجد,-5.7845,False,-6.0547,False
aragpt2,T2,T2-f-0470,f,حمل,-2.5409,False,-1.997,False
aragpt2,T2,T2-f-0471,f,ذهب,1.7373,True,0.7986,True
aragpt2,T2,T2-f-0472,f,دفع,-1.0434,False,-1.8423,False
aragpt2,T2,T2-f-0473,f,فتح,-5.3608,False,-5.2778,False
aragpt2,T2,T2-f-0474,f,ترك,1.1447,True,1.8677,True
aragpt2,T2,T2-f-0475,f,وجد,-1.7124,False,-1.9825,False
aragpt2,T2,T2-f-0476,f,بدأ,7.5385,True,8.673,True
aragpt2,T2,T2-f-0477,f,حضر,0.4576,True,0.3707,True
aragpt2,T2,T2-f-0478,f,شاهد,-7.7053,False,-8.33,False
aragpt2,T2,T2-f-0479,f,كسر,9.3095,True,10.0444,True
aragpt2,T2,T2-f-0480,f,قال,2.3443,True,4.8494,True
aragpt2,T2,T2-f-0481,f,طلب,4.2506,True,5.5271,True
aragpt2,T2,T2-f-0482,f,فتح,4.3506,True,4.4336,True
aragpt2,T2,T2-f-0483,f,كسر,-5.0301,False,-4.2952,False
aragpt2,T2,T2-f-0484,f,فتح,-3.3137,False,-3.2307,False
aragpt2,T2,T2-f-0485,f,قال,7.6198,True,10.1249,True
aragpt2,T2,T2-f-0486,f,سمع,-0.4072,False,-0.7836,False
aragpt2,T2,T2-f-0487,f,وصل,0.4129,True,0.9611,True
aragpt2,T2,T2-f-0488,f,حمل,-1.8246,False,-1.2807,False
aragpt2,T2,T2-f-0489,f,دخل,-0.8582,False,-0.3804,False
aragpt2,T2,T2-f-0490,f,طلب,-2.2338,False,-0.9573,False
aragpt2,T2,T2-f-0491,f,فتح,-0.0769,False,0.0061,True
aragpt2,T2,T2-f-0492,f,حمل,8.985,True,9.5289,True
aragpt2,T2,T2-f-0493,f,سمع,8.26,True,7.8836,True
aragpt2,T2,T2-f-0494,f,فتح,0.4099,True,0.4929,True
aragpt2,T2,T2-f-0495,f,خرج,0.0588,True,1.7593,True
aragpt2,T2,T2-f-0496,f,قرأ,-0.4608,False,-0.0557,False
aragpt2,T2,T2-f-0497,f,بدأ,4.6406,True,5.7752,True
aragpt2,T2,T2-f-0498,f,أخذ,5.2131,True,4.7258,True
aragpt2,T2,T2-f-0499,f,قال,-6.1307,False,-3.6256,False
aragpt2,T2,T2-f-0500,f,عرف,-2.2561,False,-1.192,False
aragpt2,T2,T2-f-0501,f,وجد,1.4846,True,1.2144,True
aragpt2,T2,T2-f-0502,f,فتح,-2.1895,False,-2.1065,False
aragpt2,T2,T2-f-0503,f,قرأ,0.6849,True,1.09,True
aragpt2,T2,T2-f-0504,f,ذهب,5.1909,True,4.2522,True
aragpt2,T2,T2-f-0505,f,حمل,-0.5953,False,-0.0514,False
aragpt2,T2,T2-f-0506,f,بدأ,0.8167,True,1.9512,True
aragpt2,T2,T2-f-0507,f,ذهب,-2.716,False,-3.6547,False
aragpt2,T2,T2-f-0508,f,وصل,7.3653,True,7.9135,True
aragpt2,T2,T2-f-0509,f,قال,2.0044,True,4.5096,True
aragpt2,T2,T2-f-0510,f,دفع,-3.9961,False,-4.795,False
aragpt2,T2,T2-f-0511,f,حمل,-0.2542,False,0.2897,True
aragpt2,T2,T2-f-0512,f,قرأ,-0.5699,False,-0.1649,False
aragpt2,T2,T2-f-0513,f,باع,-3.5491,False,-3.192,False
aragpt2,T2,T2-f-0514,f,حضر,5.2159,True,5.1289,True
aragpt2,T2,T2-f-0515,f,قال,-0.86,False,1.6452,True
aragpt2,T2,T2-f-0516,f,ذهب,-0.3084,False,-1.2471,False
aragpt2,T2,T2-f-0517,f,ترك,-2.2252,False,-1.5022,False
aragpt2,T2,T2-f-0518,f,ترك,-1.9428,False,-1.2198,False
aragpt2,T2,T2-f-0519,f,ترك,0.4762,True,1.1992,True
aragpt2,T2,T2-f-0520,f,وجد,-2.4504,False,-2.7205,False
aragpt2,T2,T2-f-0521,f,قرأ,1.6146,True,2.0196,True
aragpt2,T2,T2-f-0522,f,حضر,0.8895,True,0.8026,True
aragpt2,T2,T2-f-0523,f,كتب,6.2782,True,6.8413,True
aragpt2,T2,T2-f-0524,f,عرف,0.227,True,1.2911,True
aragpt2,T2,T2-f-0525,f,كتب,-1.5218,False,-0.9587,False
aragpt2,T2,T2-f-0526,f,كتب,-0.7377,False,-0.1746,False
aragpt2,T2,T2-f-0527,f,شاهد,-5.4346,False,-6.0592,False
aragpt2,T2,T2-f-0528,f,طلب,1.2539,True,2.5304,True
aragpt2,T2,T2-f-0529,f,ذهب,7.1667,True,6.228,True
aragpt2,T2,T2-f-0530,f,وجد,-0.0899,False,-0.36,False
aragpt2,T2,T2-f-0531,f,بدأ,7.4089,True,8.5434,True
aragpt2,T2,T2-f-0532,f,قرأ,1.8923,True,2.2973,True
aragpt2,T2,T2-f-0533,f,فتح,-3.6987,False,-3.6157,False
aragpt2,T2,T2-f-0534,f,عرف,1.2407,True,2.3048,True
aragpt2,T2,T2-f-0535,f,عرف,9.6516,True,10.7157,True
aragpt2,T2,T2-f-0536,f,ترك,-1.349,False,-0.6261,False
aragpt2,T2,T2-f-0537,f,ذهب,0.6988,True,-0.2399,False
aragpt2,T2,T2-f-0538,f,قال,5.6091,True,8.1143,True
aragpt2,T2,T2-f-0539,f,حضر,-1.5324,False,-1.6194,False
aragpt2,T2,T2-f-0540,f,وجد,0.8718,True,0.6017,True
aragpt2,T2,T2-f-0541,f,شاهد,-6.8347,False,-7.4594,False
aragpt2,T2,T2-f-0542,f,ذهب,9.2965,True,8.3577,True
aragpt2,T2,T2-f-0543,f,كتب,-0.9665,False,-0.4034,False
aragpt2,T2,T2-f-0544,f,عرف,2.9505,True,4.0146,True
aragpt2,T2,T2-f-0545,f,خرج,0.5736,True,2.2742,True
aragpt2,T2,T2-f-0546,f,دفع,4.7579,True,3.959,True
aragpt2,T2,T2-f-0547,f,وجد,-0.0974,False,-0.3675,False
aragpt2,T2,T2-f-0548,f,سمع,12.0137,True,11.6373,True
aragpt2,T2,T2-f-0549,f,أخذ,-6.1477,False,-6.6351,False
aragpt2,T2,T2-f-0550,f,أخذ,2.7695,True,2.2821,True
aragpt2,T2,T2-f-0551,f,خرج,0.7306,True,2.4312,True
aragpt2,T2,T2-f-0552,f,كتب,4.2967,True,4.8598,True
aragpt2,T2,T2-f-0553,f,خرج,2.1788,True,3.8793,True
aragpt2,T2,T2-f-0554,f,باع,-2.0579,False,-1.7008,False
aragpt2,T2,T2-f-0555,f,خرج,-3.4466,False,-1.746,False
aragpt2,T2,T2-f-0556,f,سمع,2.4898,True,2.1134,True
aragpt2,T2,T2-f-0557,f,ذهب,5.4693,True,4.5306,True
aragpt2,T2,T2-f-0558,f,دفع,-0.7896,False,-1.5885,False
aragpt2,T2,T2-f-0559,f,فتح,12.2534,True,12.3364,True
aragpt2,T2,T2-f-0560,f,خرج,1.239,True,2.9396,True
aragpt2,T2,T2-f-0561,f,عرف,3.8624,True,4.9265,True
aragpt2,T2,T2-f-0562,f,أخذ,3.9178,True,3.4304,True
aragpt2,T2,T2-f-0563,f,ذهب,10.372,True,9.4332,True
aragpt2,T2,T2-f-0564,f,أخذ,3.9227,True,3.4353,True
aragpt2,T2,T2-f-0565,f,فتح,-2.5903,False,-2.5073,False
aragpt2,T2,T2-f-0566,f,خرج,3.7995,True,5.5001,True
aragpt2,T2,T2-f-0567,f,حضر,-0.9741,False,-1.0611,False
aragpt2,T2,T2-f-0568,f,حضر,8.3018,True,8.2148,True
aragpt2,T2,T2-f-0569,f,عرف,-4.6184,False,-3.5543,False
aragpt2,T2,T2-f-0570,f,طلب,-0.0298,False,1.2467,True
aragpt2,T2,T2-f-0571,f,فتح,2.0668,True,2.1498,True
aragpt2,T2,T2-f-0572,f,قرأ,-2.916,False,-2.511,False
aragpt2,T2,T2-f-0573,f,قال,4.8284,True,7.3336,True
aragpt2,T2,T2-f-0574,f,شاهد,-6.8612,False,-7.4859,False
aragpt2,T2,T2-f-0575,f,كتب,-0.3357,False,0.2274,True
aragpt2,T2,T2-f-0576,f,دخل,8.6105,True,9.0884,True
aragpt2,T2,T2-f-0577,f,بدأ,3.8875,True,5.0221,True
aragpt2,T2,T2-f-0578,f,قال,7.8699,True,10.375,True
aragpt2,T2,T2-f-0579,f,دخل,9.5092,True,9.987,True
aragpt2,T2,T2-f-0580,f,دخل,4.2425,True,4.7204,True
aragpt2,T2,T2-f-0581,f,سمع,5.9014,True,5.525,True
aragpt2,T2,T2-f-0582,f,شاهد,2.5073,True,1.8827,True
aragpt2,T2,T2-f-0583,f,فتح,-5.9681,False,-5.8851,False
aragpt2,T2,T2-f-0584,f,باع,-13.4778,False,-13.1207,False
aragpt2,T2,T2-f-0585,f,خرج,-0.2492,False,1.4514,True
aragpt2,T2,T2-f-0586,f,قرأ,0.2926,True,0.6976,True
aragpt2,T2,T2-f-0587,f,طلب,-4.1792,False,-2.9027,False
aragpt2,T2,T2-f-0588,f,حمل,7.168,True,7.7119,True
aragpt2,T2,T2-f-0589,f,خرج,-1.3987,False,0.3018,True
aragpt2,T2,T2-f-0590,f,قرأ,3.3648,True,3.7698,True
aragpt2,T2,T2-f-0591,f,ذهب,1.4044,True,0.4657,True
aragpt2,T2,T2-f-0592,f,دفع,-1.4265,False,-2.2254,False
aragpt2,T2,T2-f-0593,f,حمل,-13.0032,False,-12.4593,False
aragpt2,T2,T2-f-0594,f,سمع,9.8764,True,9.5,True
aragpt2,T2,T2-f-0595,f,وجد,-5.7981,False,-6.0683,False
aragpt2,T2,T2-f-0596,f,باع,-3.9639,False,-3.6069,False
aragpt2,T2,T2-f-0597,f,وجد,1.8135,True,1.5434,True
aragpt2,T2,T2-f-0598,f,ترك,2.4932,True,3.2162,True
aragpt2,T2,T2-f-0599,f,وصل,7.2238,True,7.772,True
aragpt2,T3,T3-m-0000,m,عرف,-2.2067,False,-3.2708,False
aragpt2,T3,T3-m-0001,m,أخذ,-4.7943,False,-4.3069,False
aragpt2,T3,T3-m-0002,m,ترك,-0.397,False,-1.1199,False
aragpt2,T3,T3-m-0003,m,شاهد,11.181,True,11.8057,True
aragpt2,T3,T3-m-0004,m,طلب,2.8076,True,1.5311,True
aragpt2,T3,T3-m-0005,m,دفع,0.6787,True,1.4776,True
aragpt2,T3,T3-m-0006,m,ذهب,-5.8458,False,-4.907,False
aragpt2,T3,T3-m-0007,m,أخذ,-0.871,False,-0.3836,False
aragpt2,T3,T3-m-0008,m,كتب,3.6575,True,3.0944,True
aragpt2,T3,T3-m-0009,m,وصل,-7.949,False,-8.4972,False
aragpt2,T3,T3-m-0010,m,قال,6.6252,True,4.12,True
aragpt2,T3,T3-m-0011,m,وصل,1.2671,True,0.7189,True
aragpt2,T3,T3-m-0012,m,قال,-3.6465,False,-6.1516,False
aragpt2,T3,T3-m-0013,m,شاهد,3.8461,True,4.4708,True
aragpt2,T3,T3-m-0014,m,سمع,-0.6514,False,-0.275,False
aragpt2,T3,T3-m-0015,m,عرف,5.4122,True,4.3481,True
aragpt2,T3,T3-m-0016,m,كسر,11.891,True,11.1561,True
aragpt2,T3,T3-m-0017,m,وجد,7.7824,True,8.0525,True
aragpt2,T3,T3-m-0018,m,شاهد,1.2069,True,1.8315,True
aragpt2,T3,T3-m-0019,m,باع,2.8147,True,2.4576,True
aragpt2,T3,T3-m-0020,m,بدأ,3.4816,True,2.3471,True
aragpt2,T3,T3-m-0021,m,دخل,-6.6585,False,-7.1364,False
aragpt2,T3,T3-m-0022,m,باع,9.5927,True,9.2357,True
aragpt2,T3,T3-m-0023,m,خرج,-0.5967,False,-2.2972,False
aragpt2,T3,T3-m-0024,m,دفع,3.2553,True,4.0542,True
aragpt2,T3,T3-m-0025,m,خرج,3.964,True,2.2634,True
aragpt2,T3,T3-m-0026,m,ترك,1.5433,True,0.8204,True
aragpt2,T3,T3-m-0027,m,كسر,-3.5458,False,-4.2807,False
aragpt2,T3,T3-m-0028,m,كتب,3.0873,True,2.5242,True
aragpt2,T3,T3-m-0029,m,أخذ,-0.1914,False,0.296,True
aragpt2,T3,T3-m-0030,m,دفع,4.906,True,5.7049,True
aragpt2,T3,T3-m-0031,m,عرف,-3.1402,False,-4.2043,False
aragpt2,T3,T3-m-0032,m,حضر,-5.0598,False,-4.9728,False
aragpt2,T3,T3-m-0033,m,باع,-0.4496,False,-0.8066,False
aragpt2,T3,T3-m-0034,m,طلب,-4.6656,False,-5.9421,False
aragpt2,T3,T3-m-0035,m,شاهد,14.0391,True,14.6637,True
aragpt2,T3,T3-m-0036,m,حمل,-2.7051,False,-3.249,False
aragpt2,T3,T3-m-0037,m,أخذ,1.7394,True,2.2267,True
aragpt2,T3,T3-m-0038,m,قال,2.716,True,0.2108,True
aragpt2,T3,T3-m-0039,m,طلب,0.454,True,-0.8225,False
aragpt2,T3,T3-m-0040,m,خرج,-2.5661,False,-4.2666,False
aragpt2,T3,T3-m-0041,m,شاهد,7.0367,True,7.6614,True
aragpt2,T3,T3-m-0042,m,حمل,1.8525,True,1.3086,True
aragpt2,T3,T3-m-0043,m,دفع,3.692,True,4.4909,True
aragpt2,T3,T3-m-0044,m,كسر,-0.8322,False,-1.5671,False
aragpt2,T3,T3-m-0045,m,طلب,-0.6544,False,-1.9309,False
aragpt2,T3,T3-m-0046,m,قرأ,-3.6062,False,-4.0112,False
aragpt2,T3,T3-m-0047,m,قال,0.6351,True,-1.8701,False
aragpt2,T3,T3-m-0048,m,ترك,1.389,True,0.6661,True
aragpt2,T3,T3-m-0049,m,سمع,0.9921,True,1.3685,True
aragpt2,T3,T3-m-0050,m,حضر,6.1683,True,6.2553,True
aragpt2,T3,T3-m-0051,m,خرج,-0.5319,False,-2.2325,False
aragpt2,T3,T3-m-0052,m,حضر,5.1944,True,5.2813,True
aragpt2,T3,T3-m-0053,m,حضر,-0.9983,False,-0.9113,False
aragpt2,T3,T3-m-0054,m,خرج,2.979,True,1.2785,True
aragpt2,T3,T3-m-0055,m,قرأ,10.0751,True,9.67,True
aragpt2,T3,T3-m-0056,m,بدأ,-4.6065,False,-5.741,False
aragpt2,T3,T3-m-0057,m,باع,3.0947,True,2.7376,True
aragpt2,T3,T3-m-0058,m,بدأ,-9.4545,False,-10.589,False
aragpt2,T3,T3-m-0059,m,ذهب,-3.2308,False,-2.2921,False
aragpt2,T3,T3-m-0060,m,كتب,1.2875,True,0.7244,True
aragpt2,T3,T3-m-0061,m,قرأ,0.6176,True,0.2126,True
aragpt2,T3,T3-m-0062,m,ترك,-0.2897,False,-1.0126,False
aragpt2,T3,T3-m-0063,m,قال,-6.2413,False,-8.7465,False
aragpt2,T3,T3-m-0064,m,وصل,-0.3519,False,-0.9001,False
aragpt2,T3,T3-m-0065,m,وصل,-0.2693,False,-0.8175,False
aragpt2,T3,T3-m-0066,m,خرج,-3.7353,False,-5.4359,False
aragpt2,T3,T3-m-0067,m,أخذ,0.5703,True,1.0577,True
aragpt2,T3,T3-m-0068,m,حمل,-0.3715,False,-0.9154,False
aragpt2,T3,T3-m-0069,m,وجد,11.1948,True,11.4649,True
aragpt2,T3,T3-m-0070,m,أخذ,-2.8999,False,-2.4125,False
aragpt2,T3,T3-m-0071,m,سمع,2.8816,True,3.258,True
aragpt2,T3,T3-m-0072,m,حمل,0.1304,True,-0.4135,False
aragpt2,T3,T3-m-0073,m,باع,5.0959,True,4.7388,True
aragpt2,T3,T3-m-0074,m,ذهب,-0.8179,False,0.1209,True
aragpt2,T3,T3-m-0075,m,أخذ,-3.0233,False,-2.5359,False
aragpt2,T3,T3-m-0076,m,فتح,0.5483,True,0.4653,True
aragpt2,T3,T3-m-0077,m,حمل,-4.9999,False,-5.5438,False
aragpt2,T3,T3-m-0078,m,دفع,8.1658,True,8.9647,True
aragpt2,T3,T3-m-0079,m,حضر,-3.1433,False,-3.0564,False
aragpt2,T3,T3-m-0080,m,أخذ,1.6953,True,2.1827,True
aragpt2,T3,T3-m-0081,m,طلب,-1.2317,False,-2.5082,False
aragpt2,T3,T3-m-0082,m,ذهب,2.8217,True,3.7605,True
aragpt2,T3,T3-m-0083,m,وصل,-3.6526,False,-4.2008,False
aragpt2,T3,T3-m-0084,m,حمل,6.5536,True,6.0097,True
aragpt2,T3,T3-m-0085,m,طلب,1.4163,True,0.1398,True
aragpt2,T3,T3-m-0086,m,قال,7.0467,True,4.5416,True
aragpt2,T3,T3-m-0087,m,بدأ,10.5019,True,9.3674,True
aragpt2,T3,T3-m-0088,m,ترك,3.5691,True,2.8462,True
aragpt2,T3,T3-m-0089,m,كسر,6.7304,True,5.9956,True
aragpt2,T3,T3-m-0090,m,ترك,4.4919,True,3.769,True
aragpt2,T3,T3-m-0091,m,عرف,-1.686,False,-2.7501,False
aragpt2,T3,T3-m-0092,m,كتب,2.3429,True,1.7798,True
aragpt2,T3,T3-m-0093,m,ذهب,-5.6306,False,-4.6919,False
aragpt2,T3,T3-m-0094,m,قرأ,-1.049,False,-1.454,False
aragpt2,T3,T3-m-0095,m,سمع,4.1734,True,4.5498,True
aragpt2,T3,T3-m-0096,m,فتح,2.2453,True,2.1623,True
aragpt2,T3,T3-m-0097,m,سمع,-1.0771,False,-0.7007,False
aragpt2,T3,T3-m-0098,m,قرأ,4.6275,True,4.2225,True
aragpt2,T3,T3-m-0099,m,حضر,5.9243,True,6.0112,True
aragpt2,T3,T3-m-0100,m,قرأ,3.5785,True,3.1735,True
aragpt2,T3,T3-m-0101,m,باع,-3.0847,False,-3.4417,False
aragpt2,T3,T3-m-0102,m,أخذ,-5.0665,False,-4.5791,False
aragpt2,T3,T3-m-0103,m,كسر,-5.7291,False,-6.4639,False
aragpt2,T3,T3-m-0104,m,دفع,-5.8218,False,-5.0229,False
aragpt2,T3,T3-m-0105,m,وجد,0.3431,True,0.6133,True
aragpt2,T3,T3-m-0106,m,عرف,-1.2534,False,-2.3175,False
aragpt2,T3,T3-m-0107,m,قرأ,2.7491,True,2.3441,True
aragpt2,T3,T3-m-0108,m,وجد,-4.7675,False,-4.4973,False
aragpt2,T3,T3-m-0109,m,حمل,0.0122,True,-0.5317,False
aragpt2,T3,T3-m-0110,m,قرأ,-2.5246,False,-2.9296,False
aragpt2,T3,T3-m-0111,m,سمع,3.3267,True,3.7031,True
aragpt2,T3,T3-m-0112,m,أخذ,0.9625,True,1.4499,True
aragpt2,T3,T3-m-0113,m,شاهد,6.3273,True,6.952,True
aragpt2,T3,T3-m-0114,m,دفع,7.4071,True,8.206,True
aragpt2,T3,T3-m-0115,m,بدأ,-4.703,False,-5.8375,False
aragpt2,T3,T3-m-0116,m,أخذ,3.5725,True,4.0599,True
aragpt2,T3,T3-m-0117,m,حضر,2.4868,True,2.5738,True
aragpt2,T3,T3-m-0118,m,باع,1.4773,True,1.1202,True
aragpt2,T3,T3-m-0119,m,دخل,1.3752,True,0.8974,True
aragpt2,T3,T3-m-0120,m,وصل,-4.4479,False,-4.9961,False
aragpt2,T3,T3-m-0121,m,قرأ,5.8541,True,5.4491,True
aragpt2,T3,T3-m-0122,m,سمع,-1.5344,False,-1.158,False
aragpt2,T3,T3-m-0123,m,سمع,-2.334,False,-1.9576,False
aragpt2,T3,T3-m-0124,m,وصل,-0.2014,False,-0.7496,False
aragpt2,T3,T3-m-0125,m,سمع,0.1655,True,0.5419,True
aragpt2,T3,T3-m-0126,m,حمل,-2.5297,False,-3.0736,False
aragpt2,T3,T3-m-0127,m,ذهب,-1.0095,False,-0.0708,False
aragpt2,T3,T3-m-0128,m,ذهب,5.5527,True,6.4914,True
aragpt2,T3,T3-m-0129,m,أخذ,-4.2971,False,-3.8097,False
aragpt2,T3,T3-m-0130,m,دفع,1.3561,True,2.155,True
aragpt2,T3,T3-m-0131,m,فتح,2.3046,True,2.2216,True
aragpt2,T3,T3-m-0132,m,بدأ,-0.8639,False,-1.9984,False
aragpt2,T3,T3-m-0133,m,طلب,9.5625,True,8.286,True
aragpt2,T3,T3-m-0134,m,شاهد,-0.6875,False,-0.0628,False
aragpt2,T3,T3-m-0135,m,عرف,-1.5742,False,-2.6383,False
aragpt2,T3,T3-m-0136,m,عرف,1.2375,True,0.1735,True
aragpt2,T3,T3-m-0137,m,ترك,0.8583,True,0.1353,True
aragpt2,T3,T3-m-0138,m,كسر,3.6087,True,2.8739,True
aragpt2,T3,T3-m-0139,m,دخل,-4.4304,False,-4.9082,False
aragpt2,T3,T3-m-0140,m,شاهد,0.5554,True,1.1801,True
aragpt2,T3,T3-m-0141,m,طلب,3.3359,True,2.0594,True
aragpt2,T3,T3-m-0142,m,حضر,3.836,True,3.9229,True
aragpt2,T3,T3-m-0143,m,عرف,1.8171,True,0.753,True
aragpt2,T3,T3-m-0144,m,كسر,8.008,True,7.2731,True
aragpt2,T3,T3-m-0145,m,كتب,1.9235,True,1.3604,True
aragpt2,T3,T3-m-0146,m,طلب,-8.6037,False,-9.8802,False
aragpt2,T3,T3-m-0147,m,شاهد,5.4046,True,6.0292,True
aragpt2,T3,T3-m-0148,m,أخذ,3.4772,True,3.9646,True
aragpt2,T3,T3-m-0149,m,شاهد,16.1671,True,16.7918,True
aragpt2,T3,T3-m-0150,m,حمل,0.6696,True,0.1257,True
aragpt2,T3,T3-m-0151,m,خرج,-2.6606,False,-4.3611,False
aragpt2,T3,T3-m-0152,m,سمع,-10.0223,False,-9.6459,False
aragpt2,T3,T3-m-0153,m,فتح,4.6221,True,4.5391,True
aragpt2,T3,T3-m-0154,m,عرف,-0.9806,False,-2.0447,False
aragpt2,T3,T3-m-0155,m,عرف,-2.5028,False,-3.5669,False
aragpt2,T3,T3-m-0156,m,باع,1.5429,True,1.1858,True
aragpt2,T3,T3-m-0157,m,قرأ,-2.0573,False,-2.4623,False
aragpt2,T3,T3-m-0158,m,دفع,-1.4878,False,-0.6889,False
aragpt2,T3,T3-m-0159,m,حمل,-6.9644,False,-7.5083,False
aragpt2,T3,T3-m-0160,m,دخل,3.3806,True,2.9028,True
aragpt2,T3,T3-m-0161,m,وصل,-2.3886,False,-2.9368,False
aragpt2,T3,T3-m-0162,m,كسر,-0.4145,False,-1.1494,False
aragpt2,T3,T3-m-0163,m,دفع,-2.6494,False,-1.8505,False
aragpt2,T3,T3-m-0164,m,دفع,4.4876,True,5.2865,True
aragpt2,T3,T3-m-0165,m,ترك,5.7521,True,5.0291,True
aragpt2,T3,T3-m-0166,m,حضر,5.0789,True,5.1658,True
aragpt2,T3,T3-m-0167,m,دخل,4.1508,True,3.673,True
aragpt2,T3,T3-m-0168,m,ذهب,-0.2616,False,0.6771,True
aragpt2,T3,T3-m-0169,m,باع,3.3854,True,3.0283,True
aragpt2,T3,T3-m-0170,m,قرأ,3.5876,True,3.1825,True
aragpt2,T3,T3-m-0171,m,دخل,-6.1226,False,-6.6004,False
aragpt2,T3,T3-m-0172,m,وصل,-5.3014,False,-5.8497,False
aragpt2,T3,T3-m-0173,m,كسر,1.1879,True,0.453,True
aragpt2,T3,T3-m-0174,m,بدأ,0.136,True,-0.9985,False
aragpt2,T3,T3-m-0175,m,سمع,4.0516,True,4.428,True
aragpt2,T3,T3-m-0176,m,وجد,1.4589,True,1.7291,True
aragpt2,T3,T3-m-0177,m,دفع,1.6525,True,2.4514,True
aragpt2,T3,T3-m-0178,m,ترك,2.3454,True,1.6224,True
aragpt2,T3,T3-m-0179,m,كتب,-2.9104,False,-3.4735,False
aragpt2,T3,T3-m-0180,m,خرج,0.2559,True,-1.4446,False
aragpt2,T3,T3-m-0181,m,كتب,7.5535,True,6.9904,True
aragpt2,T3,T3-m-0182,m,أخذ,0.768,True,1.2554,True
aragpt2,T3,T3-m-0183,m,بدأ,0.0262,True,-1.1083,False
aragpt2,T3,T3-m-0184,m,دخل,-3.7249,False,-4.2027,False
aragpt2,T3,T3-m-0185,m,عرف,-4.3027,False,-5.3668,False
aragpt2,T3,T3-m-0186,m,فتح,1.3888,True,1.3058,True
aragpt2,T3,T3-m-0187,m,فتح,2.6054,True,2.5224,True
aragpt2,T3,T3-m-0188,m,دخل,-8.4618,False,-8.9397,False
aragpt2,T3,T3-m-0189,m,باع,2.8141,True,2.457,True
aragpt2,T3,T3-m-0190,m,وجد,0.9993,True,1.2695,True
aragpt2,T3,T3-m-0191,m,كتب,0.5593,True,-0.0038,False
aragpt2,T3,T3-m-0192,m,وصل,-1.7064,False,-2.2546,False
aragpt2,T3,T3-m-0193,m,شاهد,0.6766,True,1.3013,True
aragpt2,T3,T3-m-0194,m,وجد,-1.6222,False,-1.3521,False
aragpt2,T3,T3-m-0195,m,فتح,5.165,True,5.082,True
aragpt2,T3,T3-m-0196,m,ذهب,4.8405,True,5.7793,True
aragpt2,T3,T3-m-0197,m,دفع,-0.8866,False,-0.0877,False
aragpt2,T3,T3-m-0198,m,كتب,1.8919,True,1.3289,True
aragpt2,T3,T3-m-0199,m,كسر,4.3948,True,3.6599,True
aragpt2,T3,T3-m-0200,m,خرج,-4.505,False,-6.2056,False
aragpt2,T3,T3-m-0201,m,كتب,-0.8874,False,-1.4505,False
aragpt2,T3,T3-m-0202,m,أخذ,-0.4441,False,0.0433,True
aragpt2,T3,T3-m-0203,m,كسر,-1.7723,False,-2.5071,False
aragpt2,T3,T3-m-0204,m,دخل,-9.4709,False,-9.9488,False
aragpt2,T3,T3-m-0205,m,حضر,0.9349,True,1.0219,True
aragpt2,T3,T3-m-0206,m,حضر,-6.4873,False,-6.4004,False
aragpt2,T3,T3-m-0207,m,دفع,-1.0542,False,-0.2553,False
aragpt2,T3,T3-m-0208,m,ذهب,-0.838,False,0.1007,True
aragpt2,T3,T3-m-0209,m,وصل,-2.0427,False,-2.591,False
aragpt2,T3,T3-m-0210,m,حضر,-5.6593,False,-5.5723,False
aragpt2,T3,T3-m-0211,m,وصل,1.2085,True,0.6603,True
aragpt2,T3,T3-m-0212,m,بدأ,-3.0937,False,-4.2282,False
aragpt2,T3,T3-m-0213,m,كسر,0.8768,True,0.142,True
aragpt2,T3,T3-m-0214,m,دفع,1.2581,True,2.057,True
aragpt2,T3,T3-m-0215,m,دخل,1.2981,True,0.8202,True
aragpt2,T3,T3-m-0216,m,دخل,-1.5012,False,-1.9791,False
aragpt2,T3,T3-m-0217,m,خرج,-7.7454,False,-9.446,False
aragpt2,T3,T3-m-0218,m,بدأ,-0.8664,False,-2.001,False
aragpt2,T3,T3-m-0219,m,حمل,2.3421,True,1.7982,True
aragpt2,T3,T3-m-0220,m,ذهب,-0.5971,False,0.3416,True
aragpt2,T3,T3-m-0221,m,دفع,8.7638,True,9.5626,True
aragpt2,T3,T3-m-0222,m,خرج,-1.9326,False,-3.6332,False
aragpt2,T3,T3-m-0223,m,أخذ,0.2015,True,0.6889,True
aragpt2,T3,T3-m-0224,m,حضر,-2.648,False,-2.561,False
aragpt2,T3,T3-m-0225,m,قال,4.1281,True,1.623,True
aragpt2,T3,T3-m-0226,m,حمل,-2.1684,False,-2.7123,False
aragpt2,T3,T3-m-0227,m,فتح,0.4381,True,0.3552,True
aragpt2,T3,T3-m-0228,m,ذهب,-4.0062,False,-3.0675,False
aragpt2,T3,T3-m-0229,m,بدأ,5.6926,True,4.5581,True
aragpt2,T3,T3-m-0230,m,حمل,1.9458,True,1.4019,True
aragpt2,T3,T3-m-0231,m,وصل,-5.7886,False,-6.3368,False
aragpt2,T3,T3-m-0232,m,حمل,10.137,True,9.5931,True
aragpt2,T3,T3-m-0233,m,شاهد,4.0642,True,4.6888,True
aragpt2,T3,T3-m-0234,m,ترك,12.2385,True,11.5156,True
aragpt2,T3,T3-m-0235,m,طلب,0.0902,True,-1.1863,False
aragpt2,T3,T3-m-0236,m,حمل,-0.3925,False,-0.9365,False
aragpt2,T3,T3-m-0237,m,باع,10.0601,True,9.703,True
aragpt2,T3,T3-m-0238,m,طلب,-1.4406,False,-2.7171,False
aragpt2,T3,T3-m-0239,m,قال,2.4804,True,-0.0248,False
aragpt2,T3,T3-m-0240,m,خرج,-1.6203,False,-3.3209,False
aragpt2,T3,T3-m-0241,m,دفع,1.5736,True,2.3725,True
aragpt2,T3,T3-m-0242,m,دخل,4.7029,True,4.2251,True
aragpt2,T3,T3-m-0243,m,ذهب,-2.518,False,-1.5793,False
aragpt2,T3,T3-m-0244,m,حضر,-3.99,False,-3.903,False
aragpt2,T3,T3-m-0245,m,دفع,-7.0806,False,-6.2817,False
aragpt2,T3,T3-m-0246,m,دخل,-3.1177,False,-3.5956,False
aragpt2,T3,T3-m-0247,m,عرف,3.5875,True,2.5234,True
aragpt2,T3,T3-m-0248,m,كتب,-0.0938,False,-0.6569,False
aragpt2,T3,T3-m-0249,m,بدأ,-1.2804,False,-2.4149,False
aragpt2,T3,T3-m-0250,m,بدأ,4.0049,True,2.8704,True
aragpt2,T3,T3-m-0251,m,قرأ,-4.465,False,-4.87,False
aragpt2,T3,T3-m-0252,m,سمع,-4.3503,False,-3.9739,False
aragpt2,T3,T3-m-0253,m,كسر,1.1766,True,0.4417,True
aragpt2,T3,T3-m-0254,m,دفع,5.4244,True,6.2233,True
aragpt2,T3,T3-m-0255,m,طلب,1.1443,True,-0.1322,False
aragpt2,T3,T3-m-0256,m,شاهد,4.9279,True,5.5525,True
aragpt2,T3,T3-m-0257,m,فتح,8.2085,True,8.1255,True
aragpt2,T3,T3-m-0258,m,باع,-1.3846,False,-1.7416,False
aragpt2,T3,T3-m-0259,m,عرف,1.3403,True,0.2762,True
aragpt2,T3,T3-m-0260,m,وجد,1.1766,True,1.4467,True
aragpt2,T3,T3-m-0261,m,عرف,-4.0879,False,-5.1519,False
aragpt2,T3,T3-m-0262,m,شاهد,5.4729,True,6.0975,True
aragpt2,T3,T3-m-0263,m,وصل,-1.0691,False,-1.6174,False
aragpt2,T3,T3-m-0264,m,ذهب,-0.0956,False,0.8431,True
aragpt2,T3,T3-m-0265,m,وصل,-3.7386,False,-4.2868,False
aragpt2,T3,T3-m-0266,m,بدأ,0.2481,True,-0.8864,False
aragpt2,T3,T3-m-0267,m,ذهب,-0.503,False,0.4357,True
aragpt2,T3,T3-m-0268,m,طلب,5.3063,True,4.0298,True
aragpt2,T3,T3-m-0269,m,شاهد,3.1886,True,3.8133,True
aragpt2,T3,T3-m-0270,m,شاهد,4.3234,True,4.948,True
aragpt2,T3,T3-m-0271,m,سمع,-9.5684,False,-9.192,False
aragpt2,T3,T3-m-0272,m,حضر,3.2218,True,3.3087,True
aragpt2,T3,T3-m-0273,m,طلب,0.3325,True,-0.944,False
aragpt2,T3,T3-m-0274,m,قرأ,7.9055,True,7.5005,True
aragpt2,T3,T3-m-0275,m,دفع,6.7073,True,7.5062,True
aragpt2,T3,T3-m-0276,m,خرج,-5.8832,False,-7.5838,False
aragpt2,T3,T3-m-0277,m,دفع,-1.8906,False,-1.0917,False
aragpt2,T3,T3-m-0278,m,كسر,2.4008,True,1.6659,True
aragpt2,T3,T3-m-0279,m,وصل,2.885,True,2.3367,True
aragpt2,T3,T3-m-0280,m,دفع,1.0767,True,1.8756,True
aragpt2,T3,T3-m-0281,m,طلب,3.334,True,2.0575,True
aragpt2,T3,T3-m-0282,m,دفع,2.1085,True,2.9074,True
aragpt2,T3,T3-m-0283,m,عرف,0.0262,True,-1.0379,False
aragpt2,T3,T3-m-0284,m,وجد,1.9872,True,2.2573,True
aragpt2,T3,T3-m-0285,m,عرف,1.2894,True,0.2253,True
aragpt2,T3,T3-m-0286,m,طلب,8.9702,True,7.6937,True
aragpt2,T3,T3-m-0287,m,قال,5.3752,True,2.8701,True
aragpt2,T3,T3-m-0288,m,أخذ,-2.7942,False,-2.3068,False
aragpt2,T3,T3-m-0289,m,عرف,-6.6245,False,-7.6886,False
aragpt2,T3,T3-m-0290,m,باع,4.8883,True,4.5313,True
aragpt2,T3,T3-m-0291,m,شاهد,2.7274,True,3.3521,True
aragpt2,T3,T3-m-0292,m,عرف,-5.2302,False,-6.2942,False
aragpt2,T3,T3-m-0293,m,سمع,5.1448,True,5.5212,True
aragpt2,T3,T3-m-0294,m,ذهب,1.3201,True,2.2588,True
aragpt2,T3,T3-m-0295,m,وصل,-1.9503,False,-2.4985,False
aragpt2,T3,T3-m-0296,m,أخذ,0.1888,True,0.6762,True
aragpt2,T3,T3-m-0297,m,شاهد,11.336,True,11.9607,True
aragpt2,T3,T3-m-0298,m,حمل,0.3812,True,-0.1627,False
aragpt2,T3,T3-m-0299,m,قال,4.9866,True,2.4814,True
aragpt2,T3,T3-m-0300,m,قال,1.9227,True,-0.5824,False
aragpt2,T3,T3-m-0301,m,حضر,2.2973,True,2.3843,True
aragpt2,T3,T3-m-0302,m,وصل,-2.0871,False,-2.6353,False
aragpt2,T3,T3-m-0303,m,ترك,1.6494,True,0.9265,True
aragpt2,T3,T3-m-0304,m,شاهد,-3.7699,False,-3.1452,False
aragpt2,T3,T3-m-0305,m,ذهب,1.6519,True,2.5906,True
aragpt2,T3,T3-m-0306,m,بدأ,0.0685,True,-1.066,False
aragpt2,T3,T3-m-0307,m,ذهب,3.3894,True,4.3282,True
aragpt2,T3,T3-m-0308,m,عرف,-1.1609,False,-2.225,False
aragpt2,T3,T3-m-0309,m,بدأ,-4.7229,False,-5.8574,False
aragpt2,T3,T3-m-0310,m,قرأ,-0.8488,False,-1.2538,False
aragpt2,T3,T3-m-0311,m,سمع,0.7728,True,1.1492,True
aragpt2,T3,T3-m-0312,m,عرف,-0.2564,False,-1.3204,False
aragpt2,T3,T3-m-0313,m,أخذ,-2.5221,False,-2.0347,False
aragpt2,T3,T3-m-0314,m,دفع,4.559,True,5.3579,True
aragpt2,T3,T3-m-0315,m,فتح,-1.6745,False,-1.7575,False
aragpt2,T3,T3-m-0316,m,حضر,5.5899,True,5.6768,True
aragpt2,T3,T3-m-0317,m,أخذ,-1.8731,False,-1.3857,False
aragpt2,T3,T3-m-0318,m,قال,-2.6907,False,-5.1959,False
aragpt2,T3,T3-m-0319,m,شاهد,12.2112,True,12.8359,True
aragpt2,T3,T3-m-0320,m,أخذ,-3.8455,False,-3.3581,False
aragpt2,T3,T3-m-0321,m,بدأ,-3.8256,False,-4.9602,False
aragpt2,T3,T3-m-0322,m,أخذ,-0.3727,False,0.1147,True
aragpt2,T3,T3-m-0323,m,عرف,-4.7388,False,-5.8029,False
aragpt2,T3,T3-m-0324,m,وصل,7.5341,True,6.9858,True
aragpt2,T3,T3-m-0325,m,حمل,-2.9216,False,-3.4655,False
aragpt2,T3,T3-m-0326,m,أخذ,0.5973,True,1.0847,True
aragpt2,T3,T3-m-0327,m,دخل,-2.362,False,-2.8398,False
aragpt2,T3,T3-m-0328,m,وجد,1.1261,True,1.3963,True
aragpt2,T3,T3-m-0329,m,ذهب,6.6893,True,7.6281,True
aragpt2,T3,T3-m-0330,m,كتب,5.3506,True,4.7875,True
aragpt2,T3,T3-m-0331,m,عرف,-8.1518,False,-9.2159,False
aragpt2,T3,T3-m-0332,m,ترك,6.0864,True,5.3634,True
aragpt2,T3,T3-m-0333,m,أخذ,10.0945,True,10.5819,True
aragpt2,T3,T3-m-0334,m,وصل,1.5186,True,0.9704,True
aragpt2,T3,T3-m-0335,m,أخذ,1.4018,True,1.8892,True
aragpt2,T3,T3-m-0336,m,قرأ,1.7413,True,1.3363,True
aragpt2,T3,T3-m-0337,m,عرف,-12.219,False,-13.283,False
aragpt2,T3,T3-m-0338,m,دخل,1.5595,True,1.0816,True
aragpt2,T3,T3-m-0339,m,كسر,2.0406,True,1.3058,True
aragpt2,T3,T3-m-0340,m,دفع,0.7426,True,1.5414,True
aragpt2,T3,T3-m-0341,m,عرف,0.3898,True,-0.6743,False
aragpt2,T3,T3-m-0342,m,طلب,0.836,True,-0.4405,False
aragpt2,T3,T3-m-0343,m,عرف,-2.337,False,-3.4011,False
aragpt2,T3,T3-m-0344,m,شاهد,7.7273,True,8.3519,True
aragpt2,T3,T3-m-0345,m,وجد,13.5129,True,13.7831,True
aragpt2,T3,T3-m-0346,m,بدأ,-3.6351,False,-4.7696,False
aragpt2,T3,T3-m-0347,m,خرج,1.0702,True,-0.6303,False
aragpt2,T3,T3-m-0348,m,ذهب,-2.7805,False,-1.8417,False
aragpt2,T3,T3-m-0349,m,قال,6.0777,True,3.5725,True
aragpt2,T3,T3-m-0350,m,دخل,-0.1854,False,-0.6633,False
aragpt2,T3,T3-m-0351,m,أخذ,1.7941,True,2.2815,True
aragpt2,T3,T3-m-0352,m,ترك,5.0772,True,4.3543,True
aragpt2,T3,T3-m-0353,m,حضر,-1.5218,False,-1.4348,False
aragpt2,T3,T3-m-0354,m,كتب,-3.458,False,-4.0211,False
aragpt2,T3,T3-m-0355,m,عرف,-6.3362,False,-7.4003,False
aragpt2,T3,T3-m-0356,m,عرف,1.3528,True,0.2888,True
aragpt2,T3,T3-m-0357,m,وجد,4.7286,True,4.9988,True
aragpt2,T3,T3-m-0358,m,حضر,-2.2503,False,-2.1633,False
aragpt2,T3,T3-m-0359,m,ترك,8.4115,True,7.6885,True
aragpt2,T3,T3-m-0360,m,خرج,-7.7967,False,-9.4972,False
aragpt2,T3,T3-m-0361,m,ترك,15.0069,True,14.284,True
aragpt2,T3,T3-m-0362,m,بدأ,-2.1305,False,-3.265,False
aragpt2,T3,T3-m-0363,m,سمع,-3.6692,False,-3.2928,False
aragpt2,T3,T3-m-0364,m,ترك,3.2391,True,2.5161,True
aragpt2,T3,T3-m-0365,m,طلب,-1.0724,False,-2.3489,False
aragpt2,T3,T3-m-0366,m,سمع,0.0932,True,0.4696,True
aragpt2,T3,T3-m-0367,m,ترك,0.4534,True,-0.2696,False
aragpt2,T3,T3-m-0368,m,كسر,0.0569,True,-0.6779,False
aragpt2,T3,T3-m-0369,m,وصل,-9.717,False,-10.2653,False
aragpt2,T3,T3-m-0370,m,كسر,0.1032,True,-0.6317,False
aragpt2,T3,T3-m-0371,m,قال,5.2612,True,2.7561,True
aragpt2,T3,T3-m-0372,m,فتح,0.6421,True,0.5591,True
aragpt2,T3,T3-m-0373,m,طلب,-1.1911,False,-2.4676,False
aragpt2,T3,T3-m-0374,m,ذهب,0.9449,True,1.8836,True
aragpt2,T3,T3-m-0375,m,خرج,-4.4517,False,-6.1522,False
aragpt2,T3,T3-m-0376,m,باع,-10.2384,False,-10.5955,False
aragpt2,T3,T3-m-0377,m,خرج,0.3187,True,-1.3818,False
aragpt2,T3,T3-m-0378,m,حمل,-1.388,False,-1.9319,False
aragpt2,T3,T3-m-0379,m,أخذ,0.8048,True,1.2922,True
aragpt2,T3,T3-m-0380,m,قرأ,2.0592,True,1.6542,True
aragpt2,T3,T3-m-0381,m,وجد,8.905,True,9.1751,True
aragpt2,T3,T3-m-0382,m,كتب,6.007,True,5.4439,True
aragpt2,T3,T3-m-0383,m,ذهب,0.2259,True,1.1646,True
aragpt2,T3,T3-m-0384,m,أخذ,6.7636,True,7.251,True
aragpt2,T3,T3-m-0385,m,دخل,-0.4804,False,-0.9583,False
aragpt2,T3,T3-m-0386,m,سمع,12.0394,True,12.4158,True
aragpt2,T3,T3-m-0387,m,طلب,1.7645,True,0.488,True
aragpt2,T3,T3-m-0388,m,أخذ,1.7019,True,2.1893,True
aragpt2,T3,T3-m-0389,m,وجد,8.4359,True,8.7061,True
aragpt2,T3,T3-m-0390,m,أخذ,-1.9162,False,-1.4288,False
aragpt2,T3,T3-m-0391,m,عرف,0.5915,True,-0.4726,False
aragpt2,T3,T3-m-0392,m,أخذ,-1.9142,False,-1.4268,False
aragpt2,T3,T3-m-0393,m,وصل,-0.1114,False,-0.6596,False
aragpt2,T3,T3-m-0394,m,قال,2.9019,True,0.3967,True
aragpt2,T3,T3-m-0395,m,عرف,-0.5103,False,-1.5744,False
aragpt2,T3,T3-m-0396,m,حضر,-0.9283,False,-0.8413,False
aragpt2,T3,T3-m-0397,m,أخذ,1.5865,True,2.0739,True
aragpt2,T3,T3-m-0398,m,عرف,1.4619,True,0.3978,True
aragpt2,T3,T3-m-0399,m,أخذ,-1.6331,False,-1.1457,False
aragpt2,T3,T3-m-0400,m,قرأ,0.5375,True,0.1325,True
aragpt2,T3,T3-m-0401,m,شاهد,-1.9066,False,-1.2819,False
aragpt2,T3,T3-m-0402,m,كتب,8.3294,True,7.7663,True
aragpt2,T3,T3-m-0403,m,دخل,-0.9536,False,-1.4314,False
aragpt2,T3,T3-m-0404,m,وجد,4.9037,True,5.1739,True
aragpt2,T3,T3-m-0405,m,وجد,6.8599,True,7.1301,True
aragpt2,T3,T3-m-0406,m,بدأ,-2.7175,False,-3.8521,False
aragpt2,T3,T3-m-0407,m,عرف,2.3586,True,1.2945,True
aragpt2,T3,T3-m-0408,m,دخل,-15.1749,False,-15.6528,False
aragpt2,T3,T3-m-0409,m,كسر,-1.2493,False,-1.9842,False
aragpt2,T3,T3-m-0410,m,طلب,9.8476,True,8.5711,True
aragpt2,T3,T3-m-0411,m,سمع,0.1673,True,0.5437,True
aragpt2,T3,T3-m-0412,m,أخذ,11.3301,True,11.8175,True
aragpt2,T3,T3-m-0413,m,باع,7.7188,True,7.3617,True
aragpt2,T3,T3-m-0414,m,بدأ,1.9405,True,0.806,True
aragpt2,T3,T3-m-0415,m,سمع,-0.5403,False,-0.1639,False
aragpt2,T3,T3-m-0416,m,ترك,1.0618,True,0.3389,True
aragpt2,T3,T3-m-0417,m,خرج,-6.3073,False,-8.0078,False
aragpt2,T3,T3-m-0418,m,دخل,-10.0358,False,-10.5136,False
aragpt2,T3,T3-m-0419,m,فتح,8.0172,True,7.9342,True
aragpt2,T3,T3-m-0420,m,خرج,-8.6166,False,-10.3172,False
aragpt2,T3,T3-m-0421,m,سمع,0.4588,True,0.8352,True
aragpt2,T3,T3-m-0422,m,بدأ,-5.735,False,-6.8695,False
aragpt2,T3,T3-m-0423,m,باع,5.635,True,5.2779,True
aragpt2,T3,T3-m-0424,m,بدأ,0.3734,True,-0.7612,False
aragpt2,T3,T3-m-0425,m,شاهد,7.9549,True,8.5796,True
aragpt2,T3,T3-m-0426,m,باع,15.5033,True,15.1463,True
aragpt2,T3,T3-m-0427,m,باع,-0.4262,False,-0.7833,False
aragpt2,T3,T3-m-0428,m,كتب,9.5165,True,8.9534,True
aragpt2,T3,T3-m-0429,m,خرج,-2.6,False,-4.3006,False
aragpt2,T3,T3-m-0430,m,دخل,0.8422,True,0.3643,True
aragpt2,T3,T3-m-0431,m,دفع,0.4275,True,1.2264,True
aragpt2,T3,T3-m-0432,m,شاهد,2.4502,True,3.0748,True
aragpt2,T3,T3-m-0433,m,ترك,-0.3179,False,-1.0409,False
aragpt2,T3,T3-m-0434,m,عرف,-10.3001,False,-11.3642,False
aragpt2,T3,T3-m-0435,m,كتب,10.9477,True,10.3846,True
aragpt2,T3,T3-m-0436,m,شاهد,13.6341,True,14.2587,True
aragpt2,T3,T3-m-0437,m,دخل,-4.325,False,-4.8028,False
aragpt2,T3,T3-m-0438,m,حمل,7.2032,True,6.6593,True
aragpt2,T3,T3-m-0439,m,كسر,2.5635,True,1.8287,True
aragpt2,T3,T3-m-0440,m,قال,-2.6279,False,-5.133,False
aragpt2,T3,T3-m-0441,m,طلب,-0.1001,False,-1.3766,False
aragpt2,T3,T3-m-0442,m,بدأ,-4.2828,False,-5.4173,False
aragpt2,T3,T3-m-0443,m,وصل,1.9731,True,1.4249,True
aragpt2,T3,T3-m-0444,m,حضر,2.0389,True,2.1259,True
aragpt2,T3,T3-m-0445,m,حضر,3.6753,True,3.7622,True
aragpt2,T3,T3-m-0446,m,شاهد,9.2574,True,9.8821,True
aragpt2,T3,T3-m-0447,m,حضر,-3.1513,False,-3.0643,False
aragpt2,T3,T3-m-0448,m,حضر,-1.1414,False,-1.0544,False
aragpt2,T3,T3-m-0449,m,أخذ,0.963,True,1.4504,True
aragpt2,T3,T3-m-0450,m,ذهب,1.142,True,2.0807,True
aragpt2,T3,T3-m-0451,m,خرج,6.8863,True,5.1857,True
aragpt2,T3,T3-m-0452,m,قال,1.1221,True,-1.383,False
aragpt2,T3,T3-m-0453,m,قرأ,-0.2746,False,-0.6796,False
aragpt2,T3,T3-m-0454,m,طلب,-0.2737,False,-1.5502,False
aragpt2,T3,T3-m-0455,m,بدأ,-3.0508,False,-4.1853,False
aragpt2,T3,T3-m-0456,m,قال,-5.6965,False,-8.2016,False
aragpt2,T3,T3-m-0457,m,عرف,0.506,True,-0.5581,False
aragpt2,T3,T3-m-0458,m,وجد,5.7348,True,6.005,True
aragpt2,T3,T3-m-0459,m,بدأ,-4.3301,False,-5.4647,False
aragpt2,T3,T3-m-0460,m,قرأ,13.2036,True,12.7985,True
aragpt2,T3,T3-m-0461,m,ترك,7.8035,True,7.0806,True
aragpt2,T3,T3-m-0462,m,كسر,5.5637,True,4.8289,True
aragpt2,T3,T3-m-0463,m,عرف,0.1929,True,-0.8712,False
aragpt2,T3,T3-m-0464,m,وجد,1.7434,True,2.0135,True
aragpt2,T3,T3-m-0465,m,وصل,-3.4715,False,-4.0197,False
aragpt2,T3,T3-m-0466,m,خرج,-9.4953,False,-11.1959,False
aragpt2,T3,T3-m-0467,m,باع,2.8296,True,2.4725,True
aragpt2,T3,T3-m-0468,m,كتب,-0.7582,False,-1.3213,False
aragpt2,T3,T3-m-0469,m,حضر,6.0092,True,6.0962,True
aragpt2,T3,T3-m-0470,m,بدأ,-2.8277,False,-3.9622,False
aragpt2,T3,T3-m-0471,m,حمل,-0.5114,False,-1.0553,False
aragpt2,T3,T3-m-0472,m,أخذ,-0.3591,False,0.1283,True
aragpt2,T3,T3-m-0473,m,وصل,-9.9423,False,-10.4905,False
aragpt2,T3,T3-m-0474,m,سمع,2.0231,True,2.3995,True
aragpt2,T3,T3-m-0475,m,سمع,0.7466,True,1.123,True
aragpt2,T3,T3-m-0476,m,أخذ,3.1279,True,3.6153,True
aragpt2,T3,T3-m-0477,m,طلب,3.3191,True,2.0426,True
aragpt2,T3,T3-m-0478,m,قال,3.3278,True,0.8227,True
aragpt2,T3,T3-m-0479,m,حضر,-3.1113,False,-3.0243,False
aragpt2,T3,T3-m-0480,m,طلب,-4.0095,False,-5.286,False
aragpt2,T3,T3-m-0481,m,وجد,3.8075,True,4.0776,True
aragpt2,T3,T3-m-0482,m,باع,3.9617,True,3.6047,True
aragpt2,T3,T3-m-0483,m,بدأ,-5.7897,False,-6.9242,False
aragpt2,T3,T3-m-0484,m,بدأ,3.5533,True,2.4188,True
aragpt2,T3,T3-m-0485,m,شاهد,4.8517,True,5.4764,True
aragpt2,T3,T3-m-0486,m,سمع,4.7122,True,5.0886,True
aragpt2,T3,T3-m-0487,m,كسر,-4.7168,False,-5.4517,False
aragpt2,T3,T3-m-0488,m,وجد,0.9344,True,1.2046,True
aragpt2,T3,T3-m-0489,m,ذهب,-1.267,False,-0.3283,False
aragpt2,T3,T3-m-0490,m,قال,0.4925,True,-2.0127,False
aragpt2,T3,T3-m-0491,m,وصل,-0.202,False,-0.7502,False
aragpt2,T3,T3-m-0492,m,قال,1.4314,True,-1.0737,False
aragpt2,T3,T3-m-0493,m,دفع,-1.0682,False,-0.2693,False
aragpt2,T3,T3-m-0494,m,كسر,0.8955,True,0.1607,True
aragpt2,T3,T3-m-0495,m,قال,-1.4038,False,-3.9089,False
aragpt2,T3,T3-m-0496,m,سمع,-2.4145,False,-2.0381,False
aragpt2,T3,T3-m-0497,m,بدأ,-0.63,False,-1.7646,False
aragpt2,T3,T3-m-0498,m,وجد,-0.4625,False,-0.1923,False
aragpt2,T3,T3-m-0499,m,وصل,-5.234,False,-5.7822,False
aragpt2,T3,T3-m-0500,m,حضر,-4.1542,False,-4.0673,False
aragpt2,T3,T3-m-0501,m,قال,2.7872,True,0.2821,True
aragpt2,T3,T3-m-0502,m,خرج,1.2183,True,-0.4823,False
aragpt2,T3,T3-m-0503,m,حمل,3.7332,True,3.1893,True
aragpt2,T3,T3-m-0504,m,طلب,4.024,True,2.7475,True
aragpt2,T3,T3-m-0505,m,كسر,2.0052,True,1.2703,True
aragpt2,T3,T3-m-0506,m,سمع,0.1874,True,0.5638,True
aragpt2,T3,T3-m-0507,m,كتب,-2.4691,False,-3.0322,False
aragpt2,T3,T3-m-0508,m,خرج,1.5734,True,-0.1271,False
aragpt2,T3,T3-m-0509,m,أخذ,2.9741,True,3.4615,True
aragpt2,T3,T3-m-0510,m,دفع,-1.3019,False,-0.503,False
aragpt2,T3,T3-m-0511,m,كسر,4.9651,True,4.2302,True
aragpt2,T3,T3-m-0512,m,فتح,1.6506,True,1.5676,True
aragpt2,T3,T3-m-0513,m,حمل,9.6842,True,9.1403,True
aragpt2,T3,T3-m-0514,m,عرف,0.1886,True,-0.8755,False
aragpt2,T3,T3-m-0515,m,باع,4.423,True,4.066,True
aragpt2,T3,T3-m-0516,m,وجد,0.7549,True,1.0251,True
aragpt2,T3,T3-m-0517,m,فتح,0.5703,True,0.4873,True
aragpt2,T3,T3-m-0518,m,دفع,4.8304,True,5.6293,True
aragpt2,T3,T3-m-0519,m,وصل,-5.6494,False,-6.1976,False
aragpt2,T3,T3-m-0520,m,حمل,-4.8103,False,-5.3543,False
aragpt2,T3,T3-m-0521,m,دفع,2.1322,True,2.9311,True
aragpt2,T3,T3-m-0522,m,بدأ,-0.0646,False,-1.1991,False
aragpt2,T3,T3-m-0523,m,دخل,-10.2057,False,-10.6836,False
aragpt2,T3,T3-m-0524,m,وصل,4.3148,True,3.7666,True
aragpt2,T3,T3-m-0525,m,شاهد,3.3476,True,3.9723,True
aragpt2,T3,T3-m-0526,m,حمل,1.5115,True,0.9676,True
aragpt2,T3,T3-m-0527,m,فتح,7.1301,True,7.0471,True
aragpt2,T3,T3-m-0528,m,أخذ,-0.3022,False,0.1852,True
aragpt2,T3,T3-m-0529,m,وجد,-0.1326,False,0.1375,True
aragpt2,T3,T3-m-0530,m,باع,1.8044,True,1.4474,True
aragpt2,T3,T3-m-0531,m,بدأ,-2.9923,False,-4.1268,False
aragpt2,T3,T3-m-0532,m,باع,2.1401,True,1.783,True
aragpt2,T3,T3-m-0533,m,وصل,-7.095,False,-7.6432,False
aragpt2,T3,T3-m-0534,m,شاهد,4.661,True,5.2856,True
aragpt2,T3,T3-m-0535,m,سمع,3.0133,True,3.3897,True
aragpt2,T3,T3-m-0536,m,حضر,-1.6003,False,-1.5134,False
aragpt2,T3,T3-m-0537,m,وجد,4.0223,True,4.2925,True
aragpt2,T3,T3-m-0538,m,خرج,-5.8241,False,-7.5247,False
aragpt2,T3,T3-m-0539,m,قال,-8.0652,False,-10.5703,False
aragpt2,T3,T3-m-0540,m,قرأ,0.6256,True,0.2206,True
aragpt2,T3,T3-m-0541,m,وجد,2.1588,True,2.429,True
aragpt2,T3,T3-m-0542,m,دخل,2.3562,True,1.8784,True
aragpt2,T3,T3-m-0543,m,سمع,-2.5738,False,-2.1974,False
aragpt2,T3,T3-m-0544,m,ذهب,-4.5144,False,-3.5757,False
aragpt2,T3,T3-m-0545,m,دفع,-0.1608,False,0.6381,True
aragpt2,T3,T3-m-0546,m,فتح,4.4444,True,4.3614,True
aragpt2,T3,T3-m-0547,m,شاهد,15.1843,True,15.8089,True
aragpt2,T3,T3-m-0548,m,باع,1.4511,True,1.094,True
aragpt2,T3,T3-m-0549,m,ذهب,-10.8476,False,-9.9089,False
aragpt2,T3,T3-m-0550,m,عرف,-3.1465,False,-4.2106,False
aragpt2,T3,T3-m-0551,m,كتب,-1.6078,False,-2.1708,False
aragpt2,T3,T3-m-0552,m,طلب,0.8051,True,-0.4714,False
aragpt2,T3,T3-m-0553,m,كسر,1.2895,True,0.5546,True
aragpt2,T3,T3-m-0554,m,كسر,-0.2915,False,-1.0263,False
aragpt2,T3,T3-m-0555,m,ذهب,-2.1778,False,-1.2391,False
aragpt2,T3,T3-m-0556,m,وصل,-1.0172,False,-1.5654,False
aragpt2,T3,T3-m-0557,m,أخذ,2.0508,True,2.5382,True
aragpt2,T3,T3-m-0558,m,دفع,2.4321,True,3.231,True
aragpt2,T3,T3-m-0559,m,بدأ,2.2285,True,1.094,True
aragpt2,T3,T3-m-0560,m,عرف,-0.6539,False,-1.718,False
aragpt2,T3,T3-m-0561,m,فتح,1.9675,True,1.8845,True
aragpt2,T3,T3-m-0562,m,قال,-0.8659,False,-3.371,False
aragpt2,T3,T3-m-0563,m,شاهد,-2.6252,False,-2.0005,False
aragpt2,T3,T3-m-0564,m,باع,-2.1288,False,-2.4859,False
aragpt2,T3,T3-m-0565,m,طلب,-3.5318,False,-4.8083,False
aragpt2,T3,T3-m-0566,m,سمع,-0.4386,False,-0.0621,False
aragpt2,T3,T3-m-0567,m,فتح,4.5863,True,4.5034,True
aragpt2,T3,T3-m-0568,m,كتب,-2.1747,False,-2.7378,False
aragpt2,T3,T3-m-0569,m,ذهب,3.0776,True,4.0163,True
aragpt2,T3,T3-m-0570,m,فتح,-11.9411,False,-12.0241,False
aragpt2,T3,T3-m-0571,m,كسر,2.1981,True,1.4633,True
aragpt2,T3,T3-m-0572,m,قال,2.0328,True,-0.4723,False
aragpt2,T3,T3-m-0573,m,فتح,0.1576,True,0.0746,True
aragpt2,T3,T3-m-0574,m,ترك,3.2085,True,2.4855,True
aragpt2,T3,T3-m-0575,m,أخذ,-1.5083,False,-1.0209,False
aragpt2,T3,T3-m-0576,m,كتب,1.9505,True,1.3874,True
aragpt2,T3,T3-m-0577,m,طلب,-1.3731,False,-2.6496,False
aragpt2,T3,T3-m-0578,m,ترك,1.4257,True,0.7028,True
aragpt2,T3,T3-m-0579,m,ترك,-5.6275,False,-6.3504,False
aragpt2,T3,T3-m-0580,m,شاهد,8.9613,True,9.586,True
aragpt2,T3,T3-m-0581,m,دفع,2.527,True,3.3259,True
aragpt2,T3,T3-m-0582,m,وجد,9.7806,True,10.0508,True
aragpt2,T3,T3-m-0583,m,سمع,-5.6793,False,-5.3029,False
aragpt2,T3,T3-m-0584,m,ترك,1.6782,True,0.9553,True
aragpt2,T3,T3-m-0585,m,شاهد,4.0172,True,4.6418,True
aragpt2,T3,T3-m-0586,m,سمع,2.6132,True,2.9896,True
aragpt2,T3,T3-m-0587,m,دفع,3.2321,True,4.031,True
aragpt2,T3,T3-m-0588,m,سمع,-2.8077,False,-2.4313,False
aragpt2,T3,T3-m-0589,m,حضر,11.6363,True,11.7233,True
aragpt2,T3,T3-m-0590,m,فتح,5.8012,True,5.7182,True
aragpt2,T3,T3-m-0591,m,دفع,1.0647,True,1.8636,True
aragpt2,T3,T3-m-0592,m,أخذ,5.7273,True,6.2147,True
aragpt2,T3,T3-m-0593,m,سمع,0.2454,True,0.6218,True
aragpt2,T3,T3-m-0594,m,قال,9.2582,True,6.7531,True
aragpt2,T3,T3-m-0595,m,حمل,0.3605,True,-0.1834,False
aragpt2,T3,T3-m-0596,m,ذهب,-7.5355,False,-6.5967,False
aragpt2,T3,T3-m-0597,m,كسر,-0.7476,False,-1.4825,False
aragpt2,T3,T3-m-0598,m,وصل,-5.942,False,-6.4902,False
aragpt2,T3,T3-m-0599,m,فتح,4.3106,True,4.2276,True
aragpt2,T3,T3-f-0000,f,وجد,1.93,True,1.6598,True
aragpt2,T3,T3-f-0001,f,شاهد,-16.1722,False,-16.7969,False
aragpt2,T3,T3-f-0002,f,حضر,-10.9722,False,-11.0591,False
aragpt2,T3,T3-f-0003,f,خرج,-5.0224,False,-3.3218,False
aragpt2,T3,T3-f-0004,f,حضر,1.2303,True,1.1433,True
aragpt2,T3,T3-f-0005,f,وجد,1.4676,True,1.1974,True
aragpt2,T3,T3-f-0006,f,فتح,-4.547,False,-4.464,False
aragpt2,T3,T3-f-0007,f,وصل,-2.6057,False,-2.0575,False
aragpt2,T3,T3-f-0008,f,قرأ,-4.2535,False,-3.8485,False
aragpt2,T3,T3-f-0009,f,عرف,-0.8039,False,0.2602,True
aragpt2,T3,T3-f-0010,f,سمع,0.5196,True,0.1432,True
aragpt2,T3,T3-f-0011,f,دفع,-14.2496,False,-15.0485,False
aragpt2,T3,T3-f-0012,f,حضر,-2.1811,False,-2.2681,False
aragpt2,T3,T3-f-0013,f,قرأ,-1.0133,False,-0.6083,False
aragpt2,T3,T3-f-0014,f,حضر,-3.4801,False,-3.5671,False
aragpt2,T3,T3-f-0015,f,شاهد,-9.0704,False,-9.6951,False
aragpt2,T3,T3-f-0016,f,ترك,-7.1355,False,-6.4125,False
aragpt2,T3,T3-f-0017,f,كتب,4.9781,True,5.5411,True
aragpt2,T3,T3-f-0018,f,سمع,10.5129,True,10.1365,True
aragpt2,T3,T3-f-0019,f,خرج,1.2337,True,2.9343,True
aragpt2,T3,T3-f-0020,f,شاهد,-8.5487,False,-9.1734,False
aragpt2,T3,T3-f-0021,f,قرأ,-1.523,False,-1.118,False
aragpt2,T3,T3-f-0022,f,قال,-0.3942,False,2.1109,True
aragpt2,T3,T3-f-0023,f,ذهب,-7.6775,False,-8.6162,False
aragpt2,T3,T3-f-0024,f,دخل,-2.0869,False,-1.6091,False
aragpt2,T3,T3-f-0025,f,وصل,2.446,True,2.9942,True
aragpt2,T3,T3-f-0026,f,دخل,8.8257,True,9.3036,True
aragpt2,T3,T3-f-0027,f,أخذ,-11.4706,False,-11.958,False
aragpt2,T3,T3-f-0028,f,دفع,-9.8901,False,-10.689,False
aragpt2,T3,T3-f-0029,f,قرأ,-3.3791,False,-2.9741,False
aragpt2,T3,T3-f-0030,f,دفع,-5.1869,False,-5.9858,False
aragpt2,T3,T3-f-0031,f,كسر,-6.1571,False,-5.4223,False
aragpt2,T3,T3-f-0032,f,ذهب,-0.764,False,-1.7027,False
aragpt2,T3,T3-f-0033,f,شاهد,-3.4846,False,-4.1093,False
aragpt2,T3,T3-f-0034,f,كسر,-11.608,False,-10.8731,False
aragpt2,T3,T3-f-0035,f,طلب,-3.6873,False,-2.4108,False
aragpt2,T3,T3-f-0036,f,حضر,-8.0652,False,-8.1522,False
aragpt2,T3,T3-f-0037,f,وجد,-2.4317,False,-2.7018,False
aragpt2,T3,T3-f-0038,f,ذهب,-1.7743,False,-2.713,False
aragpt2,T3,T3-f-0039,f,قرأ,1.3372,True,1.7422,True
aragpt2,T3,T3-f-0040,f,باع,-3.4233,False,-3.0663,False
aragpt2,T3,T3-f-0041,f,فتح,-7.789,False,-7.706,False
aragpt2,T3,T3-f-0042,f,قال,-4.8795,False,-2.3744,False
aragpt2,T3,T3-f-0043,f,بدأ,-2.1618,False,-1.0272,False
aragpt2,T3,T3-f-0044,f,كسر,-2.0638,False,-1.3289,False
aragpt2,T3,T3-f-0045,f,حمل,-1.9775,False,-1.4336,False
aragpt2,T3,T3-f-0046,f,سمع,-2.2373,False,-2.6137,False
aragpt2,T3,T3-f-0047,f,كسر,-0.6821,False,0.0528,True
aragpt2,T3,T3-f-0048,f,دخل,-4.4615,False,-3.9836,False
aragpt2,T3,T3-f-0049,f,ذهب,3.6799,True,2.7412,True
aragpt2,T3,T3-f-0050,f,فتح,-7.5699,False,-7.4869,False
aragpt2,T3,T3-f-0051,f,كسر,-3.1195,False,-2.3846,False
aragpt2,T3,T3-f-0052,f,باع,4.1958,True,4.5529,True
aragpt2,T3,T3-f-0053,f,دفع,0.2746,True,-0.5243,False
aragpt2,T3,T3-f-0054,f,وجد,0.7963,True,0.5261,True
aragpt2,T3,T3-f-0055,f,كتب,0.7721,True,1.3352,True
aragpt2,T3,T3-f-0056,f,طلب,-1.146,False,0.1305,True
aragpt2,T3,T3-f-0057,f,شاهد,-10.341,False,-10.9657,False
aragpt2,T3,T3-f-0058,f,دخل,-2.1379,False,-1.6601,False
aragpt2,T3,T3-f-0059,f,كسر,-3.1242,False,-2.3893,False
aragpt2,T3,T3-f-0060,f,حضر,-5.7489,False,-5.8359,False
aragpt2,T3,T3-f-0061,f,قال,-12.5859,False,-10.0808,False
aragpt2,T3,T3-f-0062,f,ذهب,-1.065,False,-2.0037,False
aragpt2,T3,T3-f-0063,f,فتح,-9.9061,False,-9.8231,False
aragpt2,T3,T3-f-0064,f,ترك,-1.9978,False,-1.2748,False
aragpt2,T3,T3-f-0065,f,حمل,-1.4394,False,-0.8955,False
aragpt2,T3,T3-f-0066,f,خرج,-9.1132,False,-7.4126,False
aragpt2,T3,T3-f-0067,f,دخل,-0.5429,False,-0.065,False
aragpt2,T3,T3-f-0068,f,ذهب,-0.6017,False,-1.5404,False
aragpt2,T3,T3-f-0069,f,قرأ,-5.5626,False,-5.1576,False
aragpt2,T3,T3-f-0070,f,خرج,-4.0677,False,-2.3671,False
aragpt2,T3,T3-f-0071,f,حضر,-0.9818,False,-1.0688,False
aragpt2,T3,T3-f-0072,f,قرأ,-6.2494,False,-5.8443,False
aragpt2,T3,T3-f-0073,f,دفع,2.5876,True,1.7887,True
aragpt2,T3,T3-f-0074,f,قال,0.2363,True,2.7415,True
aragpt2,T3,T3-f-0075,f,أخذ,-1.1643,False,-1.6517,False
aragpt2,T3,T3-f-0076,f,سمع,5.5185,True,5.1421,True
aragpt2,T3,T3-f-0077,f,طلب,-7.9409,False,-6.6644,False
aragpt2,T3,T3-f-0078,f,أخذ,-1.2133,False,-1.7007,False
aragpt2,T3,T3-f-0079,f,كتب,-5.6827,False,-5.1197,False
aragpt2,T3,T3-f-0080,f,دفع,-0.2702,False,-1.0691,False
aragpt2,T3,T3-f-0081,f,دخل,-1.0512,False,-0.5733,False
aragpt2,T3,T3-f-0082,f,دفع,-4.3289,False,-5.1278,False
aragpt2,T3,T3-f-0083,f,طلب,1.6369,True,2.9134,True
aragpt2,T3,T3-f-0084,f,قرأ,-1.0008,False,-0.5958,False
aragpt2,T3,T3-f-0085,f,سمع,3.542,True,3.1656,True
aragpt2,T3,T3-f-0086,f,قرأ,-0.095,False,0.3101,True
aragpt2,T3,T3-f-0087,f,فتح,-3.554,False,-3.471,False
aragpt2,T3,T3-f-0088,f,حضر,-4.9714,False,-5.0584,False
aragpt2,T3,T3-f-0089,f,خرج,-0.6335,False,1.0671,True
aragpt2,T3,T3-f-0090,f,شاهد,-9.1106,False,-9.7353,False
aragpt2,T3,T3-f-0091,f,وجد,-6.2588,False,-6.5289,False
aragpt2,T3,T3-f-0092,f,حضر,4.6797,True,4.5928,True
aragpt2,T3,T3-f-0093,f,شاهد,-12.4474,False,-13.0721,False
aragpt2,T3,T3-f-0094,f,دفع,-4.1672,False,-4.9661,False
aragpt2,T3,T3-f-0095,f,كسر,-12.6614,False,-11.9265,False
aragpt2,T3,T3-f-0096,f,ترك,1.554,True,2.277,True
aragpt2,T3,T3-f-0097,f,دفع,-7.694,False,-8.4929,False
aragpt2,T3,T3-f-0098,f,طلب,-0.6196,False,0.6569,True
aragpt2,T3,T3-f-0099,f,باع,-1.1753,False,-0.8183,False
aragpt2,T3,T3-f-0100,f,ترك,-5.1439,False,-4.4209,False
aragpt2,T3,T3-f-0101,f,وصل,-1.1372,False,-0.589,False
aragpt2,T3,T3-f-0102,f,كسر,-17.1785,False,-16.4437,False
aragpt2,T3,T3-f-0103,f,عرف,-4.8733,False,-3.8092,False
aragpt2,T3,T3-f-0104,f,وصل,-8.4037,False,-7.8555,False
aragpt2,T3,T3-f-0105,f,أخذ,6.163,True,5.6756,True
aragpt2,T3,T3-f-0106,f,طلب,-3.071,False,-1.7945,False
aragpt2,T3,T3-f-0107,f,كسر,-4.198,False,-3.4632,False
aragpt2,T3,T3-f-0108,f,طلب,-6.091,False,-4.8145,False
aragpt2,T3,T3-f-0109,f,دفع,-13.4375,False,-14.2364,False
aragpt2,T3,T3-f-0110,f,حمل,-2.6326,False,-2.0887,False
aragpt2,T3,T3-f-0111,f,شاهد,-4.3057,False,-4.9304,False
aragpt2,T3,T3-f-0112,f,كسر,-7.8105,False,-7.0756,False
aragpt2,T3,T3-f-0113,f,وجد,1.8035,True,1.5334,True
aragpt2,T3,T3-f-0114,f,سمع,-8.0775,False,-8.4539,False
aragpt2,T3,T3-f-0115,f,باع,-6.3564,False,-5.9994,False
aragpt2,T3,T3-f-0116,f,وجد,2.1233,True,1.8531,True
aragpt2,T3,T3-f-0117,f,قرأ,-10.7202,False,-10.3152,False
aragpt2,T3,T3-f-0118,f,أخذ,0.5723,True,0.0849,True
aragpt2,T3,T3-f-0119,f,عرف,3.7164,True,4.7805,True
aragpt2,T3,T3-f-0120,f,فتح,-0.9128,False,-0.8298,False
aragpt2,T3,T3-f-0121,f,فتح,-4.0557,False,-3.9727,False
aragpt2,T3,T3-f-0122,f,حضر,-14.8863,False,-14.9732,False
aragpt2,T3,T3-f-0123,f,كتب,-0.9509,False,-0.3878,False
aragpt2,T3,T3-f-0124,f,كسر,-14.3101,False,-13.5753,False
aragpt2,T3,T3-f-0125,f,كسر,-11.7311,False,-10.9963,False
aragpt2,T3,T3-f-0126,f,بدأ,8.4933,True,9.6278,True
aragpt2,T3,T3-f-0127,f,خرج,-4.5354,False,-2.8348,False
aragpt2,T3,T3-f-0128,f,باع,-17.0627,False,-16.7057,False
aragpt2,T3,T3-f-0129,f,ذهب,-17.3654,False,-18.3041,False
aragpt2,T3,T3-f-0130,f,سمع,-1.7705,False,-2.1469,False
aragpt2,T3,T3-f-0131,f,بدأ,-3.2867,False,-2.1522,False
aragpt2,T3,T3-f-0132,f,شاهد,-12.7257,False,-13.3504,False
aragpt2,T3,T3-f-0133,f,فتح,-9.3027,False,-9.2197,False
aragpt2,T3,T3-f-0134,f,بدأ,-3.8264,False,-2.6919,False
aragpt2,T3,T3-f-0135,f,بدأ,-8.0579,False,-6.9234,False
aragpt2,T3,T3-f-0136,f,دخل,3.3174,True,3.7953,True
aragpt2,T3,T3-f-0137,f,قال,-1.8287,False,0.6764,True
aragpt2,T3,T3-f-0138,f,قال,-4.759,False,-2.2539,False
aragpt2,T3,T3-f-0139,f,خرج,-6.3404,False,-4.6399,False
aragpt2,T3,T3-f-0140,f,دفع,-0.2256,False,-1.0245,False
aragpt2,T3,T3-f-0141,f,قرأ,-0.0089,False,0.3962,True
aragpt2,T3,T3-f-0142,f,وجد,-6.8723,False,-7.1424,False
aragpt2,T3,T3-f-0143,f,قرأ,-11.6019,False,-11.1969,False
aragpt2,T3,T3-f-0144,f,طلب,-6.6472,False,-5.3707,False
aragpt2,T3,T3-f-0145,f,ترك,-7.3856,False,-6.6626,False
aragpt2,T3,T3-f-0146,f,شاهد,-7.4,False,-8.0247,False
aragpt2,T3,T3-f-0147,f,أخذ,-1.6774,False,-2.1648,False
aragpt2,T3,T3-f-0148,f,دفع,-8.6222,False,-9.4211,False
aragpt2,T3,T3-f-0149,f,وجد,-2.8086,False,-3.0787,False
aragpt2,T3,T3-f-0150,f,فتح,-2.2672,False,-2.1842,False
aragpt2,T3,T3-f-0151,f,قرأ,-5.3738,False,-4.9688,False
aragpt2,T3,T3-f-0152,f,كسر,-3.0448,False,-2.3099,False
aragpt2,T3,T3-f-0153,f,ذهب,3.0227,True,2.0839,True
aragpt2,T3,T3-f-0154,f,عرف,-1.9275,False,-0.8634,False
aragpt2,T3,T3-f-0155,f,ذهب,-1.0222,False,-1.9609,False
aragpt2,T3,T3-f-0156,f,وجد,-2.9173,False,-3.1874,False
aragpt2,T3,T3-f-0157,f,أخذ,-0.3254,False,-0.8128,False
aragpt2,T3,T3-f-0158,f,عرف,-7.5236,False,-6.4595,False
aragpt2,T3,T3-f-0159,f,شاهد,-7.9762,False,-8.6009,False
aragpt2,T3,T3-f-0160,f,فتح,-5.5028,False,-5.4199,False
aragpt2,T3,T3-f-0161,f,ذهب,1.5305,True,0.5918,True
aragpt2,T3,T3-f-0162,f,حمل,-6.7268,False,-6.1829,False
aragpt2,T3,T3-f-0163,f,قال,-8.0309,False,-5.5258,False
aragpt2,T3,T3-f-0164,f,قرأ,3.4023,True,3.8073,True
aragpt2,T3,T3-f-0165,f,وجد,-0.5248,False,-0.795,False
aragpt2,T3,T3-f-0166,f,دخل,-4.4174,False,-3.9396,False
aragpt2,T3,T3-f-0167,f,عرف,-5.7968,False,-4.7327,False
aragpt2,T3,T3-f-0168,f,ذهب,-2.4611,False,-3.3999,False
aragpt2,T3,T3-f-0169,f,قال,-6.2843,False,-3.7792,False
aragpt2,T3,T3-f-0170,f,حضر,-1.4756,False,-1.5626,False
aragpt2,T3,T3-f-0171,f,وجد,-6.7531,False,-7.0233,False
aragpt2,T3,T3-f-0172,f,بدأ,-3.5904,False,-2.4559,False
aragpt2,T3,T3-f-0173,f,كسر,-1.9109,False,-1.176,False
aragpt2,T3,T3-f-0174,f,عرف,-7.1903,False,-6.1262,False
aragpt2,T3,T3-f-0175,f,شاهد,-14.9576,False,-15.5823,False
aragpt2,T3,T3-f-0176,f,سمع,0.1524,True,-0.224,False
aragpt2,T3,T3-f-0177,f,حمل,-4.1676,False,-3.6237,False
aragpt2,T3,T3-f-0178,f,بدأ,-3.9314,False,-2.7969,False
aragpt2,T3,T3-f-0179,f,خرج,-0.6424,False,1.0581,True
aragpt2,T3,T3-f-0180,f,ترك,-7.2404,False,-6.5174,False
aragpt2,T3,T3-f-0181,f,طلب,-4.864,False,-3.5875,False
aragpt2,T3,T3-f-0182,f,حضر,-12.0269,False,-12.1138,False
aragpt2,T3,T3-f-0183,f,طلب,-7.2628,False,-5.9863,False
aragpt2,T3,T3-f-0184,f,دفع,-0.8365,False,-1.6354,False
aragpt2,T3,T3-f-0185,f,فتح,-7.7717,False,-7.6887,False
aragpt2,T3,T3-f-0186,f,طلب,5.2125,True,6.489,True
aragpt2,T3,T3-f-0187,f,باع,8.242,True,8.599,True
aragpt2,T3,T3-f-0188,f,ذهب,-1.5188,False,-2.4575,False
aragpt2,T3,T3-f-0189,f,قرأ,-5.677,False,-5.272,False
aragpt2,T3,T3-f-0190,f,حضر,-3.6929,False,-3.7799,False
aragpt2,T3,T3-f-0191,f,طلب,-1.0829,False,0.1936,True
aragpt2,T3,T3-f-0192,f,دخل,2.3335,True,2.8113,True
aragpt2,T3,T3-f-0193,f,قرأ,-6.8698,False,-6.4647,False
aragpt2,T3,T3-f-0194,f,أخذ,0.2471,True,-0.2403,False
aragpt2,T3,T3-f-0195,f,فتح,-8.77,False,-8.6871,False
aragpt2,T3,T3-f-0196,f,فتح,0.3907,True,0.4737,True
aragpt2,T3,T3-f-0197,f,قال,-2.2742,False,0.2309,True
aragpt2,T3,T3-f-0198,f,حمل,-5.2267,False,-4.6828,False
aragpt2,T3,T3-f-0199,f,كسر,-5.8145,False,-5.0796,False
aragpt2,T3,T3-f-0200,f,حضر,0.6134,True,0.5265,True
aragpt2,T3,T3-f-0201,f,عرف,-6.5735,False,-5.5094,False
aragpt2,T3,T3-f-0202,f,كسر,-7.9294,False,-7.1945,False
aragpt2,T3,T3-f-0203,f,أخذ,-10.4018,False,-10.8892,False
aragpt2,T3,T3-f-0204,f,كتب,1.073,True,1.6361,True
aragpt2,T3,T3-f-0205,f,بدأ,-4.5693,False,-3.4348,False
aragpt2,T3,T3-f-0206,f,عرف,7.8538,True,8.9178,True
aragpt2,T3,T3-f-0207,f,سمع,6.7336,True,6.3572,True
aragpt2,T3,T3-f-0208,f,قرأ,-3.8029,False,-3.3979,False
aragpt2,T3,T3-f-0209,f,حضر,-5.4016,False,-5.4886,False
aragpt2,T3,T3-f-0210,f,باع,6.7281,True,7.0851,True
aragpt2,T3,T3-f-0211,f,كتب,-3.7844,False,-3.2213,False
aragpt2,T3,T3-f-0212,f,وجد,-5.7128,False,-5.9829,False
aragpt2,T3,T3-f-0213,f,سمع,-3.6814,False,-4.0578,False
aragpt2,T3,T3-f-0214,f,طلب,-9.6654,False,-8.3889,False
aragpt2,T3,T3-f-0215,f,كتب,-5.7457,False,-5.1826,False
aragpt2,T3,T3-f-0216,f,دفع,-12.6776,False,-13.4765,False
aragpt2,T3,T3-f-0217,f,شاهد,-16.1727,False,-16.7974,False
aragpt2,T3,T3-f-0218,f,عرف,3.2891,True,4.3532,True
aragpt2,T3,T3-f-0219,f,حمل,0.2741,True,0.818,True
aragpt2,T3,T3-f-0220,f,أخذ,-1.9251,False,-2.4125,False
aragpt2,T3,T3-f-0221,f,دخل,4.6823,True,5.1601,True
aragpt2,T3,T3-f-0222,f,باع,-2.1139,False,-1.7568,False
aragpt2,T3,T3-f-0223,f,كتب,2.5115,True,3.0746,True
aragpt2,T3,T3-f-0224,f,شاهد,-7.5029,False,-8.1276,False
aragpt2,T3,T3-f-0225,f,فتح,-7.9703,False,-7.8873,False
aragpt2,T3,T3-f-0226,f,قال,-7.9567,False,-5.4515,False
aragpt2,T3,T3-f-0227,f,وصل,1.5786,True,2.1268,True
aragpt2,T3,T3-f-0228,f,طلب,-3.5207,False,-2.2442,False
aragpt2,T3,T3-f-0229,f,طلب,-4.0814,False,-2.8049,False
aragpt2,T3,T3-f-0230,f,دفع,-11.296,False,-12.0948,False
aragpt2,T3,T3-f-0231,f,شاهد,-14.335,False,-14.9596,False
aragpt2,T3,T3-f-0232,f,سمع,-6.0462,False,-6.4226,False
aragpt2,T3,T3-f-0233,f,دفع,-7.2776,False,-8.0765,False
aragpt2,T3,T3-f-0234,f,وجد,-6.5346,False,-6.8048,False
aragpt2,T3,T3-f-0235,f,كسر,-9.3726,False,-8.6377,False
aragpt2,T3,T3-f-0236,f,شاهد,-9.6869,False,-10.3116,False
aragpt2,T3,T3-f-0237,f,حمل,3.5103,True,4.0542,True
aragpt2,T3,T3-f-0238,f,ذهب,2.5536,True,1.6149,True
aragpt2,T3,T3-f-0239,f,وجد,3.5338,True,3.2636,True
aragpt2,T3,T3-f-0240,f,أخذ,-4.2506,False,-4.738,False
aragpt2,T3,T3-f-0241,f,شاهد,-4.1287,False,-4.7533,False
aragpt2,T3,T3-f-0242,f,شاهد,-4.6327,False,-5.2574,False
aragpt2,T3,T3-f-0243,f,ذهب,-0.0455,False,-0.9842,False
aragpt2,T3,T3-f-0244,f,فتح,-4.1899,False,-4.1069,False
aragpt2,T3,T3-f-0245,f,كسر,-5.1894,False,-4.4545,False
aragpt2,T3,T3-f-0246,f,حضر,-1.7173,False,-1.8042,False
aragpt2,T3,T3-f-0247,f,ذهب,-4.252,False,-5.1907,False
aragpt2,T3,T3-f-0248,f,كسر,-8.4485,False,-7.7136,False
aragpt2,T3,T3-f-0249,f,حضر,3.1517,True,3.0647,True
aragpt2,T3,T3-f-0250,f,فتح,-4.3354,False,-4.2524,False
aragpt2,T3,T3-f-0251,f,ذهب,3.2955,True,2.3568,True
aragpt2,T3,T3-f-0252,f,ذهب,0.8952,True,-0.0435,False
aragpt2,T3,T3-f-0253,f,بدأ,0.3618,True,1.4963,True
aragpt2,T3,T3-f-0254,f,حمل,-3.6115,False,-3.0676,False
aragpt2,T3,T3-f-0255,f,كسر,0.4629,True,1.1978,True
aragpt2,T3,T3-f-0256,f,خرج,-2.7481,False,-1.0475,False
aragpt2,T3,T3-f-0257,f,حمل,-4.739,False,-4.1951,False
aragpt2,T3,T3-f-0258,f,كتب,-7.8228,False,-7.2598,False
aragpt2,T3,T3-f-0259,f,ترك,-13.8502,False,-13.1272,False
aragpt2,T3,T3-f-0260,f,فتح,1.1386,True,1.2216,True
aragpt2,T3,T3-f-0261,f,دفع,-12.5637,False,-13.3626,False
aragpt2,T3,T3-f-0262,f,ذهب,-0.74,False,-1.6787,False
aragpt2,T3,T3-f-0263,f,خرج,-1.8653,False,-0.1647,False
aragpt2,T3,T3-f-0264,f,وصل,-5.4561,False,-4.9079,False
aragpt2,T3,T3-f-0265,f,أخذ,-4.2319,False,-4.7193,False
aragpt2,T3,T3-f-0266,f,سمع,1.9274,True,1.551,True
aragpt2,T3,T3-f-0267,f,بدأ,-1.3554,False,-0.2209,False
aragpt2,T3,T3-f-0268,f,شاهد,-15.0197,False,-15.6444,False
aragpt2,T3,T3-f-0269,f,شاهد,-10.1837,False,-10.8084,False
aragpt2,T3,T3-f-0270,f,كتب,0.4193,True,0.9824,True
aragpt2,T3,T3-f-0271,f,دخل,10.4984,True,10.9763,True
aragpt2,T3,T3-f-0272,f,ذهب,-2.9592,False,-3.8979,False
aragpt2,T3,T3-f-0273,f,أخذ,-5.482,False,-5.9694,False
aragpt2,T3,T3-f-0274,f,دفع,-17.5419,False,-18.3408,False
aragpt2,T3,T3-f-0275,f,وصل,-19.3532,False,-18.805,False
aragpt2,T3,T3-f-0276,f,قال,4.0513,True,6.5564,True
aragpt2,T3,T3-f-0277,f,ذهب,-2.2996,False,-3.2383,False
aragpt2,T3,T3-f-0278,f,حضر,-0.767,False,-0.854,False
aragpt2,T3,T3-f-0279,f,قرأ,-2.7891,False,-2.384,False
aragpt2,T3,T3-f-0280,f,كتب,-12.5562,False,-11.9931,False
aragpt2,T3,T3-f-0281,f,ترك,-8.5021,False,-7.7791,False
aragpt2,T3,T3-f-0282,f,حضر,3.0936,True,3.0066,True
aragpt2,T3,T3-f-0283,f,دخل,2.7807,True,3.2585,True
aragpt2,T3,T3-f-0284,f,باع,5.1932,True,5.5503,True
aragpt2,T3,T3-f-0285,f,قال,-3.6147,False,-1.1096,False
aragpt2,T3,T3-f-0286,f,باع,1.0296,True,1.3867,True
aragpt2,T3,T3-f-0287,f,ترك,-9.8519,False,-9.1289,False
aragpt2,T3,T3-f-0288,f,وجد,0.5769,True,0.3068,True
aragpt2,T3,T3-f-0289,f,وجد,9.8391,True,9.5689,True
aragpt2,T3,T3-f-0290,f,بدأ,-7.2438,False,-6.1092,False
aragpt2,T3,T3-f-0291,f,كسر,9.5407,True,10.2755,True
aragpt2,T3,T3-f-0292,f,دفع,-8.8032,False,-9.6021,False
aragpt2,T3,T3-f-0293,f,عرف,-3.0244,False,-1.9603,False
aragpt2,T3,T3-f-0294,f,باع,-1.7803,False,-1.4232,False
aragpt2,T3,T3-f-0295,f,قرأ,-2.8678,False,-2.4627,False
aragpt2,T3,T3-f-0296,f,عرف,8.7984,True,9.8625,True
aragpt2,T3,T3-f-0297,f,وجد,-4.5966,False,-4.8667,False
aragpt2,T3,T3-f-0298,f,كسر,-18.2848,False,-17.5499,False
aragpt2,T3,T3-f-0299,f,عرف,-8.8209,False,-7.7568,False
aragpt2,T3,T3-f-0300,f,قرأ,-1.2063,False,-0.8012,False
aragpt2,T3,T3-f-0301,f,فتح,-2.0521,False,-1.9691,False
aragpt2,T3,T3-f-0302,f,وجد,-7.3884,False,-7.6585,False
aragpt2,T3,T3-f-0303,f,فتح,0.4387,True,0.5217,True
aragpt2,T3,T3-f-0304,f,وصل,1.178,True,1.7262,True
aragpt2,T3,T3-f-0305,f,فتح,-1.4491,False,-1.3661,False
aragpt2,T3,T3-f-0306,f,قرأ,-0.0668,False,0.3382,True
aragpt2,T3,T3-f-0307,f,ذهب,10.6121,True,9.6734,True
aragpt2,T3,T3-f-0308,f,دفع,-8.5107,False,-9.3096,False
aragpt2,T3,T3-f-0309,f,دخل,-2.7915,False,-2.3137,False
aragpt2,T3,T3-f-0310,f,خرج,-1.9493,False,-0.2487,False
aragpt2,T3,T3-f-0311,f,بدأ,0.9524,True,2.0869,True
aragpt2,T3,T3-f-0312,f,ذهب,-3.3532,False,-4.2919,False
aragpt2,T3,T3-f-0313,f,ترك,-4.1992,False,-3.4762,False
aragpt2,T3,T3-f-0314,f,باع,-5.0423,False,-4.6852,False
aragpt2,T3,T3-f-0315,f,وصل,7.4371,True,7.9853,True
aragpt2,T3,T3-f-0316,f,بدأ,-5.368,False,-4.2335,False
aragpt2,T3,T3-f-0317,f,باع,1.5191,True,1.8761,True
aragpt2,T3,T3-f-0318,f,سمع,2.9766,True,2.6002,True
aragpt2,T3,T3-f-0319,f,دفع,-6.2782,False,-7.0771,False
aragpt2,T3,T3-f-0320,f,خرج,0.559,True,2.2595,True
aragpt2,T3,T3-f-0321,f,خرج,1.2713,True,2.9719,True
aragpt2,T3,T3-f-0322,f,دفع,-0.5744,False,-1.3732,False
aragpt2,T3,T3-f-0323,f,دخل,-3.1164,False,-2.6385,False
aragpt2,T3,T3-f-0324,f,وجد,-1.3214,False,-1.5916,False
aragpt2,T3,T3-f-0325,f,وجد,5.0641,True,4.7939,True
aragpt2,T3,T3-f-0326,f,وجد,0.9336,True,0.6634,True
aragpt2,T3,T3-f-0327,f,وصل,-0.7586,False,-0.2103,False
aragpt2,T3,T3-f-0328,f,بدأ,-3.4423,False,-2.3078,False
aragpt2,T3,T3-f-0329,f,ذهب,-1.0713,False,-2.01,False
aragpt2,T3,T3-f-0330,f,ذهب,-5.5293,False,-6.468,False
aragpt2,T3,T3-f-0331,f,قرأ,-9.6264,False,-9.2213,False
aragpt2,T3,T3-f-0332,f,فتح,-4.2934,False,-4.2104,False
aragpt2,T3,T3-f-0333,f,باع,-0.5073,False,-0.1502,False
aragpt2,T3,T3-f-0334,f,دفع,-14.9447,False,-15.7436,False
aragpt2,T3,T3-f-0335,f,خرج,0.2827,True,1.9832,True
aragpt2,T3,T3-f-0336,f,حضر,1.2134,True,1.1264,True
aragpt2,T3,T3-f-0337,f,أخذ,6.3561,True,5.8687,True
aragpt2,T3,T3-f-0338,f,كتب,1.1354,True,1.6985,True
aragpt2,T3,T3-f-0339,f,قال,2.1102,True,4.6153,True
aragpt2,T3,T3-f-0340,f,كسر,-3.1503,False,-2.4154,False
aragpt2,T3,T3-f-0341,f,أخذ,3.8417,True,3.3543,True
aragpt2,T3,T3-f-0342,f,شاهد,-9.3146,False,-9.9392,False
aragpt2,T3,T3-f-0343,f,بدأ,2.6056,True,3.7401,True
aragpt2,T3,T3-f-0344,f,قال,-2.0464,False,0.4587,True
aragpt2,T3,T3-f-0345,f,ترك,-0.1572,False,0.5657,True
aragpt2,T3,T3-f-0346,f,دخل,-7.3006,False,-6.8227,False
aragpt2,T3,T3-f-0347,f,أخذ,-3.8259,False,-4.3133,False
aragpt2,T3,T3-f-0348,f,شاهد,-13.1386,False,-13.7633,False
aragpt2,T3,T3-f-0349,f,سمع,0.1364,True,-0.24,False
aragpt2,T3,T3-f-0350,f,دفع,-1.358,False,-2.1569,False
aragpt2,T3,T3-f-0351,f,حضر,-1.6788,False,-1.7658,False
aragpt2,T3,T3-f-0352,f,وصل,-1.4845,False,-0.9363,False
aragpt2,T3,T3-f-0353,f,قرأ,-6.9907,False,-6.5857,False
aragpt2,T3,T3-f-0354,f,طلب,-8.0834,False,-6.8069,False
aragpt2,T3,T3-f-0355,f,ذهب,0.3512,True,-0.5875,False
aragpt2,T3,T3-f-0356,f,بدأ,3.314,True,4.4486,True
aragpt2,T3,T3-f-0357,f,فتح,-6.288,False,-6.205,False
aragpt2,T3,T3-f-0358,f,دخل,5.3234,True,5.8012,True
aragpt2,T3,T3-f-0359,f,خرج,-9.4221,False,-7.7216,False
aragpt2,T3,T3-f-0360,f,وصل,-3.2609,False,-2.7127,False
aragpt2,T3,T3-f-0361,f,فتح,-15.313,False,-15.23,False
aragpt2,T3,T3-f-0362,f,أخذ,-1.746,False,-2.2334,False
aragpt2,T3,T3-f-0363,f,كسر,-6.1852,False,-5.4504,False
aragpt2,T3,T3-f-0364,f,باع,3.3258,True,3.6828,True
aragpt2,T3,T3-f-0365,f,طلب,-2.6618,False,-1.3853,False
aragpt2,T3,T3-f-0366,f,دخل,-5.323,False,-4.8452,False
aragpt2,T3,T3-f-0367,f,حمل,1.8336,True,2.3775,True
aragpt2,T3,T3-f-0368,f,وجد,-13.0382,False,-13.3084,False
aragpt2,T3,T3-f-0369,f,ترك,-1.2892,False,-0.5662,False
aragpt2,T3,T3-f-0370,f,دخل,-3.0405,False,-2.5627,False
aragpt2,T3,T3-f-0371,f,قال,-0.8879,False,1.6172,True
aragpt2,T3,T3-f-0372,f,خرج,0.0184,True,1.719,True
aragpt2,T3,T3-f-0373,f,حمل,1.7081,True,2.252,True
aragpt2,T3,T3-f-0374,f,ترك,-13.4397,False,-12.7167,False
aragpt2,T3,T3-f-0375,f,حضر,-10.9016,False,-10.9886,False
aragpt2,T3,T3-f-0376,f,أخذ,4.3993,True,3.9119,True
aragpt2,T3,T3-f-0377,f,خرج,-3.0498,False,-1.3493,False
aragpt2,T3,T3-f-0378,f,دفع,-3.5471,False,-4.3459,False
aragpt2,T3,T3-f-0379,f,دخل,-0.603,False,-0.1252,False
aragpt2,T3,T3-f-0380,f,أخذ,-10.3613,False,-10.8487,False
aragpt2,T3,T3-f-0381,f,ترك,-8.008,False,-7.285,False
aragpt2,T3,T3-f-0382,f,حمل,-2.0791,False,-1.5352,False
aragpt2,T3,T3-f-0383,f,عرف,-2.7521,False,-1.688,False
aragpt2,T3,T3-f-0384,f,أخذ,-1.2979,False,-1.7853,False
aragpt2,T3,T3-f-0385,f,ذهب,7.2199,True,6.2812,True
aragpt2,T3,T3-f-0386,f,بدأ,0.2547,True,1.3893,True
aragpt2,T3,T3-f-0387,f,عرف,1.7734,True,2.8375,True
aragpt2,T3,T3-f-0388,f,قال,-2.1604,False,0.3448,True
aragpt2,T3,T3-f-0389,f,وصل,-1.0455,False,-0.4972,False
aragpt2,T3,T3-f-0390,f,شاهد,-19.0421,False,-19.6668,False
aragpt2,T3,T3-f-0391,f,حضر,-2.5817,False,-2.6687,False
aragpt2,T3,T3-f-0392,f,خرج,7.5143,True,9.2148,True
aragpt2,T3,T3-f-0393,f,باع,13.3249,True,13.6819,True
aragpt2,T3,T3-f-0394,f,خرج,4.3154,True,6.016,True
aragpt2,T3,T3-f-0395,f,أخذ,-7.0837,False,-7.5711,False
aragpt2,T3,T3-f-0396,f,ترك,1.6569,True,2.3799,True
aragpt2,T3,T3-f-0397,f,حمل,-7.3458,False,-6.8019,False
aragpt2,T3,T3-f-0398,f,كسر,-8.0722,False,-7.3374,False
aragpt2,T3,T3-f-0399,f,حضر,-3.4109,False,-3.4979,False
aragpt2,T3,T3-f-0400,f,دفع,-4.5869,False,-5.3858,False
aragpt2,T3,T3-f-0401,f,فتح,-0.5387,False,-0.4557,False
aragpt2,T3,T3-f-0402,f,دخل,-1.347,False,-0.8691,False
aragpt2,T3,T3-f-0403,f,فتح,-8.983,False,-8.9,False
aragpt2,T3,T3-f-0404,f,كسر,-6.2489,False,-5.514,False
aragpt2,T3,T3-f-0405,f,كتب,-2.9159,False,-2.3529,False
aragpt2,T3,T3-f-0406,f,حمل,-2.9699,False,-2.426,False
aragpt2,T3,T3-f-0407,f,وجد,-3.8071,False,-4.0772,False
aragpt2,T3,T3-f-0408,f,أخذ,-2.4098,False,-2.8972,False
aragpt2,T3,T3-f-0409,f,وصل,-5.7676,False,-5.2194,False
aragpt2,T3,T3-f-0410,f,حمل,-3.6501,False,-3.1062,False
aragpt2,T3,T3-f-0411,f,قال,0.9403,True,3.4454,True
aragpt2,T3,T3-f-0412,f,قرأ,-3.5599,False,-3.1549,False
aragpt2,T3,T3-f-0413,f,ذهب,-0.0634,False,-1.0021,False
aragpt2,T3,T3-f-0414,f,ذهب,-12.0349,False,-12.9736,False
aragpt2,T3,T3-f-0415,f,باع,-5.2265,False,-4.8695,False
aragpt2,T3,T3-f-0416,f,حمل,14.1731,True,14.717,True
aragpt2,T3,T3-f-0417,f,ترك,-6.0837,False,-5.3608,False
aragpt2,T3,T3-f-0418,f,عرف,-7.0916,False,-6.0275,False
aragpt2,T3,T3-f-0419,f,بدأ,-0.526,False,0.6085,True
aragpt2,T3,T3-f-0420,f,حمل,-0.6535,False,-0.1096,False
aragpt2,T3,T3-f-0421,f,كسر,-1.5275,False,-0.7926,False
aragpt2,T3,T3-f-0422,f,حضر,-2.9644,False,-3.0513,False
aragpt2,T3,T3-f-0423,f,حمل,-0.9702,False,-0.4262,False
aragpt2,T3,T3-f-0424,f,دخل,5.5999,True,6.0777,True
aragpt2,T3,T3-f-0425,f,سمع,-4.9554,False,-5.3318,False
aragpt2,T3,T3-f-0426,f,حمل,-6.5999,False,-6.056,False
aragpt2,T3,T3-f-0427,f,دفع,0.9219,True,0.123,True
aragpt2,T3,T3-f-0428,f,وصل,-3.3546,False,-2.8063,False
aragpt2,T3,T3-f-0429,f,وصل,-4.6468,False,-4.0986,False
aragpt2,T3,T3-f-0430,f,خرج,3.353,True,5.0536,True
aragpt2,T3,T3-f-0431,f,حمل,-9.6494,False,-9.1054,False
aragpt2,T3,T3-f-0432,f,سمع,-11.4957,False,-11.8721,False
aragpt2,T3,T3-f-0433,f,دخل,-0.9074,False,-0.4296,False
aragpt2,T3,T3-f-0434,f,شاهد,-9.3813,False,-10.006,False
aragpt2,T3,T3-f-0435,f,باع,-0.3953,False,-0.0383,False
aragpt2,T3,T3-f-0436,f,حضر,-6.0149,False,-6.1019,False
aragpt2,T3,T3-f-0437,f,فتح,-4.4753,False,-4.3923,False
aragpt2,T3,T3-f-0438,f,خرج,-0.4009,False,1.2997,True
aragpt2,T3,T3-f-0439,f,قرأ,-0.3341,False,0.0709,True
aragpt2,T3,T3-f-0440,f,دخل,9.346,True,9.8239,True
aragpt2,T3,T3-f-0441,f,عرف,-6.1559,False,-5.0918,False
aragpt2,T3,T3-f-0442,f,قال,-7.5719,False,-5.0667,False
aragpt2,T3,T3-f-0443,f,ذهب,-2.2658,False,-3.2045,False
aragpt2,T3,T3-f-0444,f,حمل,3.7828,True,4.3267,True
aragpt2,T3,T3-f-0445,f,عرف,-6.3932,False,-5.3291,False
aragpt2,T3,T3-f-0446,f,حمل,-1.7304,False,-1.1865,False
aragpt2,T3,T3-f-0447,f,خرج,-6.2071,False,-4.5066,False
aragpt2,T3,T3-f-0448,f,ذهب,-1.084,False,-2.0228,False
aragpt2,T3,T3-f-0449,f,قرأ,-4.5707,False,-4.1656,False
aragpt2,T3,T3-f-0450,f,وجد,-3.3783,False,-3.6485,False
aragpt2,T3,T3-f-0451,f,خرج,4.4346,True,6.1352,True
aragpt2,T3,T3-f-0452,f,فتح,-8.0139,False,-7.9309,False
aragpt2,T3,T3-f-0453,f,أخذ,-3.0218,False,-3.5092,False
aragpt2,T3,T3-f-0454,f,حمل,-1.3727,False,-0.8288,False
aragpt2,T3,T3-f-0455,f,قرأ,-2.6594,False,-2.2543,False
aragpt2,T3,T3-f-0456,f,عرف,-1.788,False,-0.7239,False
aragpt2,T3,T3-f-0457,f,فتح,-6.126,False,-6.043,False
aragpt2,T3,T3-f-0458,f,بدأ,-3.5506,False,-2.4161,False
aragpt2,T3,T3-f-0459,f,دفع,-7.3054,False,-8.1043,False
aragpt2,T3,T3-f-0460,f,حمل,-3.8028,False,-3.2589,False
aragpt2,T3,T3-f-0461,f,حضر,-2.9341,False,-3.0211,False
aragpt2,T3,T3-f-0462,f,سمع,-6.4124,False,-6.7888,False
aragpt2,T3,T3-f-0463,f,حمل,2.4961,True,3.04,True
aragpt2,T3,T3-f-0464,f,سمع,-4.688,False,-5.0644,False
aragpt2,T3,T3-f-0465,f,كتب,3.687,True,4.2501,True
aragpt2,T3,T3-f-0466,f,كسر,-9.0463,False,-8.3114,False
aragpt2,T3,T3-f-0467,f,خرج,-3.9071,False,-2.2066,False
aragpt2,T3,T3-f-0468,f,كسر,-3.3587,False,-2.6238,False
aragpt2,T3,T3-f-0469,f,سمع,-11.711,False,-12.0874,False
aragpt2,T3,T3-f-0470,f,شاهد,-6.6532,False,-7.2779,False
aragpt2,T3,T3-f-0471,f,دخل,-1.084,False,-0.6061,False
aragpt2,T3,T3-f-0472,f,أخذ,-3.8669,False,-4.3543,False
aragpt2,T3,T3-f-0473,f,كسر,-7.1831,False,-6.4483,False
aragpt2,T3,T3-f-0474,f,قرأ,0.1953,True,0.6003,True
aragpt2,T3,T3-f-0475,f,كتب,-2.9873,False,-2.4242,False
aragpt2,T3,T3-f-0476,f,قرأ,-2.0621,False,-1.6571,False
aragpt2,T3,T3-f-0477,f,وجد,-5.3316,False,-5.6018,False
aragpt2,T3,T3-f-0478,f,دخل,-4.4125,False,-3.9346,False
aragpt2,T3,T3-f-0479,f,وجد,6.2463,True,5.9762,True
aragpt2,T3,T3-f-0480,f,أخذ,1.0888,True,0.6014,True
aragpt2,T3,T3-f-0481,f,دفع,-1.7252,False,-2.5241,False
aragpt2,T3,T3-f-0482,f,أخذ,-4.6621,False,-5.1495,False
aragpt2,T3,T3-f-0483,f,فتح,-5.0816,False,-4.9986,False
aragpt2,T3,T3-f-0484,f,حضر,-1.6007,False,-1.6876,False
aragpt2,T3,T3-f-0485,f,كسر,-1.1135,False,-0.3786,False
aragpt2,T3,T3-f-0486,f,باع,-0.8809,False,-0.5238,False
aragpt2,T3,T3-f-0487,f,ذهب,-4.7508,False,-5.6895,False
aragpt2,T3,T3-f-0488,f,باع,-3.6038,False,-3.2467,False
aragpt2,T3,T3-f-0489,f,باع,4.3083,True,4.6654,True
aragpt2,T3,T3-f-0490,f,دفع,-0.0405,False,-0.8394,False
aragpt2,T3,T3-f-0491,f,قال,-2.7851,False,-0.28,False
aragpt2,T3,T3-f-0492,f,شاهد,-16.9958,False,-17.6205,False
aragpt2,T3,T3-f-0493,f,أخذ,-3.2218,False,-3.7092,False
aragpt2,T3,T3-f-0494,f,طلب,-13.9453,False,-12.6688,False
aragpt2,T3,T3-f-0495,f,وصل,-2.0625,False,-1.5143,False
aragpt2,T3,T3-f-0496,f,حمل,-5.2566,False,-4.7127,False
aragpt2,T3,T3-f-0497,f,باع,-1.0166,False,-0.6595,False
aragpt2,T3,T3-f-0498,f,كتب,7.2943,True,7.8574,True
aragpt2,T3,T3-f-0499,f,قال,-3.4041,False,-0.8989,False
aragpt2,T3,T3-f-0500,f,طلب,-3.8376,False,-2.5611,False
aragpt2,T3,T3-f-0501,f,باع,0.7928,True,1.1499,True
aragpt2,T3,T3-f-0502,f,فتح,-5.1594,False,-5.0764,False
aragpt2,T3,T3-f-0503,f,أخذ,-3.237,False,-3.7243,False
aragpt2,T3,T3-f-0504,f,ذهب,-2.8642,False,-3.8029,False
aragpt2,T3,T3-f-0505,f,خرج,-9.1325,False,-7.432,False
aragpt2,T3,T3-f-0506,f,خرج,-4.8628,False,-3.1622,False
aragpt2,T3,T3-f-0507,f,كسر,-3.3958,False,-2.661,False
aragpt2,T3,T3-f-0508,f,دخل,-0.5184,False,-0.0406,False
aragpt2,T3,T3-f-0509,f,كسر,-2.416,False,-1.6811,False
aragpt2,T3,T3-f-0510,f,وجد,-4.1291,False,-4.3992,False
aragpt2,T3,T3-f-0511,f,ترك,-7.5235,False,-6.8005,False
aragpt2,T3,T3-f-0512,f,أخذ,-5.846,False,-6.3334,False
aragpt2,T3,T3-f-0513,f,كسر,-6.0662,False,-5.3314,False
aragpt2,T3,T3-f-0514,f,قال,-2.5326,False,-0.0275,False
aragpt2,T3,T3-f-0515,f,دخل,5.4768,True,5.9547,True
aragpt2,T3,T3-f-0516,f,حضر,1.8485,True,1.7615,True
aragpt2,T3,T3-f-0517,f,ترك,-5.7593,False,-5.0363,False
aragpt2,T3,T3-f-0518,f,بدأ,-1.6299,False,-0.4954,False
aragpt2,T3,T3-f-0519,f,كسر,-2.5696,False,-1.8347,False
aragpt2,T3,T3-f-0520,f,وصل,0.3124,True,0.8606,True
aragpt2,T3,T3-f-0521,f,دخل,6.831,True,7.3089,True
aragpt2,T3,T3-f-0522,f,قال,-0.2436,False,2.2615,True
aragpt2,T3,T3-f-0523,f,بدأ,-1.1165,False,0.018,True
aragpt2,T3,T3-f-0524,f,باع,-3.7118,False,-3.3548,False
aragpt2,T3,T3-f-0525,f,كسر,-11.2257,False,-10.4909,False
aragpt2,T3,T3-f-0526,f,باع,-16.6758,False,-16.3187,False
aragpt2,T3,T3-f-0527,f,فتح,-4.6333,False,-4.5503,False
aragpt2,T3,T3-f-0528,f,دخل,-4.1748,False,-3.697,False
aragpt2,T3,T3-f-0529,f,خرج,0.8522,True,2.5527,True
aragpt2,T3,T3-f-0530,f,أخذ,-13.2528,False,-13.7402,False
aragpt2,T3,T3-f-0531,f,حمل,1.3951,True,1.939,True
aragpt2,T3,T3-f-0532,f,دفع,-6.4966,False,-7.2955,False
aragpt2,T3,T3-f-0533,f,قرأ,-5.7726,False,-5.3676,False
aragpt2,T3,T3-f-0534,f,حضر,-2.5935,False,-2.6804,False
aragpt2,T3,T3-f-0535,f,كتب,-3.7407,False,-3.1776,False
aragpt2,T3,T3-f-0536,f,ذهب,-0.1991,False,-1.1378,False
aragpt2,T3,T3-f-0537,f,كسر,-5.0635,False,-4.3286,False
aragpt2,T3,T3-f-0538,f,وجد,-5.3286,False,-5.5987,False
aragpt2,T3,T3-f-0539,f,بدأ,-1.601,False,-0.4664,False
aragpt2,T3,T3-f-0540,f,حضر,-8.1333,False,-8.2202,False
aragpt2,T3,T3-f-0541,f,حمل,-0.3759,False,0.168,True
aragpt2,T3,T3-f-0542,f,بدأ,-5.0462,False,-3.9117,False
aragpt2,T3,T3-f-0543,f,فتح,-6.0441,False,-5.9611,False
aragpt2,T3,T3-f-0544,f,بدأ,-2.4075,False,-1.2729,False
aragpt2,T3,T3-f-0545,f,أخذ,1.5103,True,1.0229,True
aragpt2,T3,T3-f-0546,f,وجد,-1.4937,False,-1.7638,False
aragpt2,T3,T3-f-0547,f,فتح,-3.8523,False,-3.7693,False
aragpt2,T3,T3-f-0548,f,طلب,6.1997,True,7.4762,True
aragpt2,T3,T3-f-0549,f,قرأ,0.3774,True,0.7824,True
aragpt2,T3,T3-f-0550,f,كسر,-3.843,False,-3.1081,False
aragpt2,T3,T3-f-0551,f,خرج,-3.7398,False,-2.0392,False
aragpt2,T3,T3-f-0552,f,كتب,-0.3219,False,0.2412,True
aragpt2,T3,T3-f-0553,f,ترك,4.2471,True,4.9701,True
aragpt2,T3,T3-f-0554,f,وجد,-8.0422,False,-8.3124,False
aragpt2,T3,T3-f-0555,f,وجد,-18.4802,False,-18.7504,False
aragpt2,T3,T3-f-0556,f,ترك,-9.3292,False,-8.6062,False
aragpt2,T3,T3-f-0557,f,حضر,-0.1706,False,-0.2576,False
aragpt2,T3,T3-f-0558,f,وصل,5.1207,True,5.6689,True
aragpt2,T3,T3-f-0559,f,ذهب,1.7007,True,0.7619,True
aragpt2,T3,T3-f-0560,f,كسر,-2.2425,False,-1.5077,False
aragpt2,T3,T3-f-0561,f,طلب,-12.0018,False,-10.7253,False
aragpt2,T3,T3-f-0562,f,ذهب,-3.7349,False,-4.6736,False
aragpt2,T3,T3-f-0563,f,كتب,-7.3906,False,-6.8275,False
aragpt2,T3,T3-f-0564,f,دفع,3.1018,True,2.3029,True
aragpt2,T3,T3-f-0565,f,ذهب,-0.8342,False,-1.7729,False
aragpt2,T3,T3-f-0566,f,ترك,2.8574,True,3.5803,True
aragpt2,T3,T3-f-0567,f,دخل,2.5792,True,3.0571,True
aragpt2,T3,T3-f-0568,f,دفع,-3.9595,False,-4.7584,False
aragpt2,T3,T3-f-0569,f,باع,-7.3114,False,-6.9543,False
aragpt2,T3,T3-f-0570,f,ترك,-7.3018,False,-6.5789,False
aragpt2,T3,T3-f-0571,f,وصل,3.4766,True,4.0248,True
aragpt2,T3,T3-f-0572,f,عرف,-1.2387,False,-0.1746,False
aragpt2,T3,T3-f-0573,f,وجد,-1.8579,False,-2.1281,False
aragpt2,T3,T3-f-0574,f,شاهد,2.1276,True,1.5029,True
aragpt2,T3,T3-f-0575,f,كتب,4.8478,True,5.4109,True
aragpt2,T3,T3-f-0576,f,قال,-6.5218,False,-4.0167,False
aragpt2,T3,T3-f-0577,f,ترك,0.4119,True,1.1349,True
aragpt2,T3,T3-f-0578,f,بدأ,-1.3975,False,-0.263,False
aragpt2,T3,T3-f-0579,f,قرأ,-3.4051,False,-3.0,False
aragpt2,T3,T3-f-0580,f,بدأ,1.6539,True,2.7884,True
aragpt2,T3,T3-f-0581,f,طلب,0.399,True,1.6755,True
aragpt2,T3,T3-f-0582,f,بدأ,-2.6708,False,-1.5362,False
aragpt2,T3,T3-f-0583,f,دخل,-0.7992,False,-0.3214,False
aragpt2,T3,T3-f-0584,f,عرف,7.5009,True,8.565,True
aragpt2,T3,T3-f-0585,f,باع,0.1281,True,0.4851,True
aragpt2,T3,T3-f-0586,f,دخل,4.2963,True,4.7741,True
aragpt2,T3,T3-f-0587,f,أخذ,-0.7118,False,-1.1992,False
aragpt2,T3,T3-f-0588,f,شاهد,-4.9588,False,-5.5835,False
aragpt2,T3,T3-f-0589,f,دفع,-0.766,False,-1.5649,False
aragpt2,T3,T3-f-0590,f,دخل,0.9432,True,1.421,True
aragpt2,T3,T3-f-0591,f,دفع,-3.7163,False,-4.5152,False
aragpt2,T3,T3-f-0592,f,بدأ,0.3233,True,1.4578,True
aragpt2,T3,T3-f-0593,f,أخذ,-4.5891,False,-5.0765,False
aragpt2,T3,T3-f-0594,f,حمل,0.6027,True,1.1466,True
aragpt2,T3,T3-f-0595,f,كتب,-1.2597,False,-0.6966,False
aragpt2,T3,T3-f-0596,f,باع,-3.4822,False,-3.1252,False
aragpt2,T3,T3-f-0597,f,قال,-6.5797,False,-4.0746,False
aragpt2,T3,T3-f-0598,f,حمل,0.9757,True,1.5196,True
aragpt2,T3,T3-f-0599,f,طلب,-0.5431,False,0.7334,True
aragpt2,T4,T4-m-0000,m,حمل,8.2782,True,7.7343,True
aragpt2,T4,T4-m-0001,m,دخل,-1.6339,False,-2.1118,False
aragpt2,T4,T4-m-0002,m,ذهب,5.1852,True,6.1239,True
aragpt2,T4,T4-m-0003,m,أخذ,4.3556,True,4.843,True
aragpt2,T4,T4-m-0004,m,ذهب,5.1852,True,6.1239,True
aragpt2,T4,T4-m-0005,m,قال,6.4087,True,3.9036,True
aragpt2,T4,T4-m-0006,m,ترك,4.534,True,3.8111,True
aragpt2,T4,T4-m-0007,m,وجد,2.8251,True,3.0953,True
aragpt2,T4,T4-m-0008,m,شاهد,2.8699,True,3.4945,True
aragpt2,T4,T4-m-0009,m,باع,14.0226,True,13.6655,True
aragpt2,T4,T4-m-0010,m,دفع,6.5855,True,7.3844,True
aragpt2,T4,T4-m-0011,m,وصل,2.4527,True,1.9045,True
aragpt2,T4,T4-m-0012,m,حضر,6.7737,True,6.8607,True
aragpt2,T4,T4-m-0013,m,بدأ,1.7483,True,0.6137,True
aragpt2,T4,T4-m-0014,m,طلب,4.5588,True,3.2823,True
aragpt2,T4,T4-m-0015,m,قرأ,3.1456,True,2.7406,True
aragpt2,T4,T4-m-0016,m,دفع,-0.7989,False,0.0,True
aragpt2,T4,T4-m-0017,m,سمع,-0.3764,False,-0.0,False
aragpt2,T4,T4-m-0018,m,خرج,1.7006,True,-0.0,False
aragpt2,T4,T4-m-0019,m,قرأ,0.405,True,-0.0,False
aragpt2,T4,T4-m-0020,m,وصل,0.5482,True,0.0,True
aragpt2,T4,T4-m-0021,m,باع,0.3571,True,0.0,True
aragpt2,T4,T4-m-0022,m,وجد,-0.2702,False,-0.0,False
aragpt2,T4,T4-m-0023,m,قال,2.5051,True,-0.0,False
aragpt2,T4,T4-m-0024,m,فتح,0.083,True,-0.0,False
aragpt2,T4,T4-m-0025,m,قال,2.5051,True,-0.0,False
aragpt2,T4,T4-m-0026,m,كسر,0.7349,True,0.0,True
aragpt2,T4,T4-m-0027,m,شاهد,-0.6247,False,0.0,True
aragpt2,T4,T4-m-0028,m,وجد,-0.2702,False,-0.0,False
aragpt2,T4,T4-m-0029,m,وجد,-0.2702,False,-0.0,False
aragpt2,T4,T4-m-0030,m,قال,2.5051,True,-0.0,False
aragpt2,T4,T4-m-0031,m,سمع,-0.3764,False,-0.0,False
aragpt2,T4,T4-m-0032,m,ذهب,-0.9387,False,0.0,True
aragpt2,T4,T4-m-0033,m,عرف,1.0641,True,-0.0,False
aragpt2,T4,T4-m-0034,m,ترك,0.723,True,-0.0,False
aragpt2,T4,T4-m-0035,m,كتب,0.5631,True,0.0,True
aragpt2,T4,T4-m-0036,m,فتح,0.083,True,-0.0,False
aragpt2,T4,T4-m-0037,m,باع,0.3571,True,0.0,True
aragpt2,T4,T4-m-0038,m,وجد,-0.2702,False,-0.0,False
aragpt2,T4,T4-m-0039,m,حمل,0.5439,True,0.0,True
aragpt2,T4,T4-m-0040,m,عرف,1.0641,True,-0.0,False
aragpt2,T4,T4-m-0041,m,قرأ,0.405,True,-0.0,False
aragpt2,T4,T4-m-0042,m,خرج,1.7006,True,-0.0,False
aragpt2,T4,T4-m-0043,m,كسر,0.7349,True,0.0,True
aragpt2,T4,T4-m-0044,m,دفع,-0.7989,False,0.0,True
aragpt2,T4,T4-m-0045,m,طلب,1.2765,True,0.0,True
aragpt2,T4,T4-m-0046,m,ترك,0.723,True,-0.0,False
aragpt2,T4,T4-m-0047,m,دفع,-0.7989,False,0.0,True
aragpt2,T4,T4-m-0048,m,سمع,-0.3764,False,-0.0,False
aragpt2,T4,T4-m-0049,m,حمل,0.5439,True,0.0,True
aragpt2,T4,T4-m-0050,m,سمع,-0.3764,False,-0.0,False
aragpt2,T4,T4-m-0051,m,سمع,-0.3764,False,-0.0,False
aragpt2,T4,T4-m-0052,m,خرج,1.7006,True,-0.0,False
aragpt2,T4,T4-m-0053,m,سمع,-0.3764,False,-0.0,False
aragpt2,T4,T4-m-0054,m,دفع,-0.7989,False,0.0,True
aragpt2,T4,T4-m-0055,m,بدأ,1.1345,True,0.0,True
aragpt2,T4,T4-m-0056,m,وجد,-0.2702,False,-0.0,False
aragpt2,T4,T4-m-0057,m,باع,0.3571,True,0.0,True
aragpt2,T4,T4-m-0058,m,شاهد,-0.6247,False,0.0,True
aragpt2,T4,T4-m-0059,m,بدأ,1.1345,True,0.0,True
aragpt2,T4,T4-m-0060,m,حضر,-0.087,False,-0.0,False
aragpt2,T4,T4-m-0061,m,عرف,1.0641,True,-0.0,False
aragpt2,T4,T4-m-0062,m,حمل,0.5439,True,0.0,True
aragpt2,T4,T4-m-0063,m,حمل,0.5439,True,0.0,True
aragpt2,T4,T4-m-0064,m,كسر,0.7349,True,0.0,True
aragpt2,T4,T4-m-0065,m,كتب,0.5631,True,0.0,True
aragpt2,T4,T4-m-0066,m,كتب,0.5631,True,0.0,True
aragpt2,T4,T4-m-0067,m,دخل,0.4778,True,-0.0,False
aragpt2,T4,T4-m-0068,m,كتب,0.5631,True,0.0,True
aragpt2,T4,T4-m-0069,m,ترك,0.723,True,-0.0,False
aragpt2,T4,T4-m-0070,m,خرج,1.7006,True,-0.0,False
aragpt2,T4,T4-m-0071,m,عرف,1.0641,True,-0.0,False
aragpt2,T4,T4-m-0072,m,خرج,1.7006,True,-0.0,False
aragpt2,T4,T4-m-0073,m,باع,0.3571,True,0.0,True
aragpt2,T4,T4-m-0074,m,طلب,1.2765,True,0.0,True
aragpt2,T4,T4-m-0075,m,شاهد,-0.6247,False,0.0,True
aragpt2,T4,T4-m-0076,m,فتح,0.083,True,-0.0,False
aragpt2,T4,T4-m-0077,m,سمع,-0.3764,False,-0.0,False
aragpt2,T4,T4-m-0078,m,حضر,-0.087,False,-0.0,False
aragpt2,T4,T4-m-0079,m,قرأ,0.405,True,-0.0,False
aragpt2,T4,T4-m-0080,m,كتب,0.5631,True,0.0,True
aragpt2,T4,T4-m-0081,m,أخذ,-0.4874,False,0.0,True
aragpt2,T4,T4-m-0082,m,دخل,0.4778,True,-0.0,False
aragpt2,T4,T4-m-0083,m,أخذ,-0.4874,False,0.0,True
aragpt2,T4,T4-m-0084,m,حضر,-0.087,False,-0.0,False
aragpt2,T4,T4-m-0085,m,أخذ,-0.4874,False,0.0,True
aragpt2,T4,T4-m-0086,m,دفع,-0.7989,False,0.0,True
aragpt2,T4,T4-m-0087,m,خرج,1.7006,True,-0.0,False
aragpt2,T4,T4-m-0088,m,خرج,1.7006,True,-0.0,False
aragpt2,T4,T4-m-0089,m,دخل,0.4778,True,-0.0,False
aragpt2,T4,T4-m-0090,m,أخذ,-0.4874,False,0.0,True
aragpt2,T4,T4-m-0091,m,ذهب,-0.9387,False,0.0,True
aragpt2,T4,T4-m-0092,m,دفع,-0.7989,False,0.0,True
aragpt2,T4,T4-m-0093,m,بدأ,1.1345,True,0.0,True
aragpt2,T4,T4-m-0094,m,وصل,0.5482,True,0.0,True
aragpt2,T4,T4-m-0095,m,خرج,1.7006,True,-0.0,False
aragpt2,T4,T4-m-0096,m,وصل,0.5482,True,0.0,True
aragpt2,T4,T4-m-0097,m,سمع,-0.3764,False,-0.0,False
aragpt2,T4,T4-m-0098,m,فتح,0.083,True,-0.0,False
aragpt2,T4,T4-m-0099,m,باع,0.3571,True,0.0,True
aragpt2,T4,T4-m-0100,m,دخل,0.4778,True,-0.0,False
aragpt2,T4,T4-m-0101,m,دفع,-0.7989,False,0.0,True
aragpt2,T4,T4-m-0102,m,باع,0.3571,True,0.0,True
aragpt2,T4,T4-m-0103,m,سمع,-0.3764,False,-0.0,False
aragpt2,T4,T4-m-0104,m,ترك,0.723,True,-0.0,False
aragpt2,T4,T4-m-0105,m,سمع,-0.3764,False,-0.0,False
aragpt2,T4,T4-m-0106,m,وصل,0.5482,True,0.0,True
aragpt2,T4,T4-m-0107,m,دخل,0.4778,True,-0.0,False
aragpt2,T4,T4-m-0108,m,سمع,-0.3764,False,-0.0,False
aragpt2,T4,T4-m-0109,m,قرأ,0.405,True,-0.0,False
aragpt2,T4,T4-m-0110,m,وجد,-0.2702,False,-0.0,False
aragpt2,T4,T4-m-0111,m,حمل,0.5439,True,0.0,True
aragpt2,T4,T4-m-0112,m,قرأ,0.405,True,-0.0,False
aragpt2,T4,T4-m-0113,m,سمع,-0.3764,False,-0.0,False
aragpt2,T4,T4-m-0114,m,وصل,0.5482,True,0.0,True
aragpt2,T4,T4-m-0115,m,باع,0.3571,True,0.0,True
aragpt2,T4,T4-m-0116,m,دخل,0.4778,True,-0.0,False
aragpt2,T4,T4-m-0117,m,قال,2.5051,True,-0.0,False
aragpt2,T4,T4-m-0118,m,حضر,-0.087,False,-0.0,False
aragpt2,T4,T4-m-0119,m,أخذ,-0.4874,False,0.0,True
aragpt2,T4,T4-m-0120,m,وجد,-0.2702,False,-0.0,False
aragpt2,T4,T4-m-0121,m,وصل,0.5482,True,0.0,True
aragpt2,T4,T4-m-0122,m,دفع,-0.7989,False,0.0,True
aragpt2,T4,T4-m-0123,m,قال,2.5051,True,-0.0,False
aragpt2,T4,T4-m-0124,m,خرج,1.7006,True,-0.0,False
aragpt2,T4,T4-m-0125,m,ذهب,-0.9387,False,0.0,True
aragpt2,T4,T4-m-0126,m,كسر,0.7349,True,0.0,True
aragpt2,T4,T4-m-0127,m,حضر,-0.087,False,-0.0,False
aragpt2,T4,T4-m-0128,m,أخذ,-0.4874,False,0.0,True
aragpt2,T4,T4-m-0129,m,دفع,-0.7989,False,0.0,True
aragpt2,T4,T4-m-0130,m,خرج,1.7006,True,-0.0,False
aragpt2,T4,T4-m-0131,m,باع,0.3571,True,0.0,True
aragpt2,T4,T4-m-0132,m,قرأ,0.405,True,-0.0,False
aragpt2,T4,T4-m-0133,m,دخل,0.4778,True,-0.0,False
aragpt2,T4,T4-m-0134,m,دخل,0.4778,True,-0.0,False
aragpt2,T4,T4-m-0135,m,سمع,-0.3764,False,-0.0,False
aragpt2,T4,T4-m-0136,m,كتب,0.5631,True,0.0,True
aragpt2,T4,T4-m-0137,m,قال,2.5051,True,-0.0,False
aragpt2,T4,T4-m-0138,m,ذهب,-0.9387,False,0.0,True
aragpt2,T4,T4-m-0139,m,دفع,-0.7989,False,0.0,True
aragpt2,T4,T4-m-0140,m,دفع,-0.7989,False,0.0,True
aragpt2,T4,T4-m-0141,m,كتب,0.5631,True,0.0,True
aragpt2,T4,T4-m-0142,m,قرأ,0.405,True,-0.0,False
aragpt2,T4,T4-m-0143,m,وجد,-0.2702,False,-0.0,False
aragpt2,T4,T4-m-0144,m,سمع,-0.3764,False,-0.0,False
aragpt2,T4,T4-m-0145,m,ذهب,-0.9387,False,0.0,True
aragpt2,T4,T4-m-0146,m,حمل,0.5439,True,0.0,True
aragpt2,T4,T4-m-0147,m,بدأ,1.1345,True,0.0,True
aragpt2,T4,T4-m-0148,m,كتب,0.5631,True,0.0,True
aragpt2,T4,T4-m-0149,m,عرف,1.0641,True,-0.0,False
aragpt2,T4,T4-m-0150,m,قال,2.5051,True,-0.0,False
aragpt2,T4,T4-m-0151,m,قال,2.5051,True,-0.0,False
aragpt2,T4,T4-m-0152,m,ترك,0.723,True,-0.0,False
aragpt2,T4,T4-m-0153,m,وجد,-0.2702,False,-0.0,False
aragpt2,T4,T4-m-0154,m,كسر,0.7349,True,0.0,True
aragpt2,T4,T4-m-0155,m,شاهد,-0.6247,False,0.0,True
aragpt2,T4,T4-m-0156,m,قال,2.5051,True,-0.0,False
aragpt2,T4,T4-m-0157,m,خرج,1.7006,True,-0.0,False
aragpt2,T4,T4-m-0158,m,بدأ,1.1345,True,0.0,True
aragpt2,T4,T4-m-0159,m,طلب,1.2765,True,0.0,True
aragpt2,T4,T4-m-0160,m,حمل,0.5439,True,0.0,True
aragpt2,T4,T4-m-0161,m,فتح,0.083,True,-0.0,False
aragpt2,T4,T4-m-0162,m,وجد,-0.2702,False,-0.0,False
aragpt2,T4,T4-m-0163,m,قرأ,0.405,True,-0.0,False
aragpt2,T4,T4-m-0164,m,دفع,-0.7989,False,0.0,True
aragpt2,T4,T4-m-0165,m,دخل,0.4778,True,-0.0,False
aragpt2,T4,T4-m-0166,m,طلب,1.2765,True,0.0,True
aragpt2,T4,T4-m-0167,m,كسر,0.7349,True,0.0,True
aragpt2,T4,T4-m-0168,m,حمل,0.5439,True,0.0,True
aragpt2,T4,T4-m-0169,m,باع,0.3571,True,0.0,True
aragpt2,T4,T4-m-0170,m,فتح,0.083,True,-0.0,False
aragpt2,T4,T4-m-0171,m,دفع,-0.7989,False,0.0,True
aragpt2,T4,T4-m-0172,m,حضر,-0.087,False,-0.0,False
aragpt2,T4,T4-m-0173,m,وصل,0.5482,True,0.0,True
aragpt2,T4,T4-m-0174,m,كسر,0.7349,True,0.0,True
aragpt2,T4,T4-m-0175,m,قرأ,0.405,True,-0.0,False
aragpt2,T4,T4-m-0176,m,وجد,-0.2702,False,-0.0,False
aragpt2,T4,T4-m-0177,m,حضر,-0.087,False,-0.0,False
aragpt2,T4,T4-m-0178,m,فتح,0.083,True,-0.0,False
aragpt2,T4,T4-m-0179,m,خرج,1.7006,True,-0.0,False
aragpt2,T4,T4-m-0180,m,دفع,-0.7989,False,0.0,True
aragpt2,T4,T4-m-0181,m,طلب,1.2765,True,0.0,True
aragpt2,T4,T4-m-0182,m,قال,2.5051,True,-0.0,False
aragpt2,T4,T4-m-0183,m,دخل,0.4778,True,-0.0,False
aragpt2,T4,T4-m-0184,m,دفع,-0.7989,False,0.0,True
aragpt2,T4,T4-m-0185,m,باع,0.3571,True,0.0,True
aragpt2,T4,T4-m-0186,m,حضر,-0.087,False,-0.0,False
aragpt2,T4,T4-m-0187,m,ذهب,-0.9387,False,0.0,True
aragpt2,T4,T4-m-0188,m,قرأ,0.405,True,-0.0,False
aragpt2,T4,T4-m-0189,m,حضر,-0.087,False,-0.0,False
aragpt2,T4,T4-m-0190,m,كتب,0.5631,True,0.0,True
aragpt2,T4,T4-m-0191,m,بدأ,1.1345,True,0.0,True
aragpt2,T4,T4-m-0192,m,شاهد,-0.6247,False,0.0,True
aragpt2,T4,T4-m-0193,m,قال,2.5051,True,-0.0,False
aragpt2,T4,T4-m-0194,m,دخل,0.4778,True,-0.0,False
aragpt2,T4,T4-m-0195,m,كسر,0.7349,True,0.0,True
aragpt2,T4,T4-m-0196,m,فتح,0.083,True,-0.0,False
aragpt2,T4,T4-m-0197,m,قال,2.5051,True,-0.0,False
aragpt2,T4,T4-m-0198,m,كسر,0.7349,True,0.0,True
aragpt2,T4,T4-m-0199,m,باع,0.3571,True,0.0,True
aragpt2,T4,T4-m-0200,m,كتب,0.5631,True,0.0,True
aragpt2,T4,T4-m-0201,m,قرأ,0.405,True,-0.0,False
aragpt2,T4,T4-m-0202,m,حمل,0.5439,True,0.0,True
aragpt2,T4,T4-m-0203,m,قرأ,0.405,True,-0.0,False
aragpt2,T4,T4-m-0204,m,قرأ,0.405,True,-0.0,False
aragpt2,T4,T4-m-0205,m,وجد,-0.2702,False,-0.0,False
aragpt2,T4,T4-m-0206,m,حضر,-0.087,False,-0.0,False
aragpt2,T4,T4-m-0207,m,عرف,1.0641,True,-0.0,False
aragpt2,T4,T4-m-0208,m,باع,0.3571,True,0.0,True
aragpt2,T4,T4-m-0209,m,كسر,0.7349,True,0.0,True
aragpt2,T4,T4-m-0210,m,ذهب,-0.9387,False,0.0,True
aragpt2,T4,T4-m-0211,m,شاهد,-0.6247,False,0.0,True
aragpt2,T4,T4-m-0212,m,دخل,0.4778,True,-0.0,False
aragpt2,T4,T4-m-0213,m,ذهب,-0.9387,False,0.0,True
aragpt2,T4,T4-m-0214,m,قال,2.5051,True,-0.0,False
aragpt2,T4,T4-m-0215,m,دفع,-0.7989,False,0.0,True
aragpt2,T4,T4-m-0216,m,قال,2.5051,True,-0.0,False
aragpt2,T4,T4-m-0217,m,أخذ,-0.4874,False,0.0,True
aragpt2,T4,T4-m-0218,m,ذهب,-0.9387,False,0.0,True
aragpt2,T4,T4-m-0219,m,كتب,0.5631,True,0.0,True
aragpt2,T4,T4-m-0220,m,وصل,0.5482,True,0.0,True
aragpt2,T4,T4-m-0221,m,دفع,-0.7989,False,0.0,True
aragpt2,T4,T4-m-0222,m,قرأ,0.405,True,-0.0,False
aragpt2,T4,T4-m-0223,m,خرج,1.7006,True,-0.0,False
aragpt2,T4,T4-m-0224,m,باع,0.3571,True,0.0,True
aragpt2,T4,T4-m-0225,m,أخذ,-0.4874,False,0.0,True
aragpt2,T4,T4-m-0226,m,وصل,0.5482,True,0.0,True
aragpt2,T4,T4-m-0227,m,بدأ,1.1345,True,0.0,True
aragpt2,T4,T4-m-0228,m,أخذ,-0.4874,False,0.0,True
aragpt2,T4,T4-m-0229,m,شاهد,-0.6247,False,0.0,True
aragpt2,T4,T4-m-0230,m,دخل,0.4778,True,-0.0,False
aragpt2,T4,T4-m-0231,m,حضر,-0.087,False,-0.0,False
aragpt2,T4,T4-m-0232,m,ترك,0.723,True,-0.0,False
aragpt2,T4,T4-m-0233,m,حمل,0.5439,True,0.0,True
aragpt2,T4,T4-m-0234,m,بدأ,1.1345,True,0.0,True
aragpt2,T4,T4-m-0235,m,كسر,0.7349,True,0.0,True
aragpt2,T4,T4-m-0236,m,ذهب,-0.9387,False,0.0,True
aragpt2,T4,T4-m-0237,m,حمل,0.5439,True,0.0,True
aragpt2,T4,T4-m-0238,m,حضر,-0.087,False,-0.0,False
aragpt2,T4,T4-m-0239,m,وصل,0.5482,True,0.0,True
aragpt2,T4,T4-m-0240,m,حمل,0.5439,True,0.0,True
aragpt2,T4,T4-m-0241,m,دخل,0.4778,True,-0.0,False
aragpt2,T4,T4-m-0242,m,خرج,1.7006,True,-0.0,False
aragpt2,T4,T4-m-0243,m,سمع,-0.3764,False,-0.0,False
aragpt2,T4,T4-m-0244,m,ذهب,-0.9387,False,0.0,True
aragpt2,T4,T4-m-0245,m,ترك,0.723,True,-0.0,False
aragpt2,T4,T4-m-0246,m,وصل,0.5482,True,0.0,True
aragpt2,T4,T4-m-0247,m,وصل,0.5482,True,0.0,True
aragpt2,T4,T4-m-0248,m,باع,0.3571,True,0.0,True
aragpt2,T4,T4-m-0249,m,شاهد,-0.6247,False,0.0,True
aragpt2,T4,T4-m-0250,m,بدأ,1.1345,True,0.0,True
aragpt2,T4,T4-m-0251,m,قرأ,0.405,True,-0.0,False
aragpt2,T4,T4-m-0252,m,خرج,1.7006,True,-0.0,False
aragpt2,T4,T4-m-0253,m,دفع,-0.7989,False,0.0,True
aragpt2,T4,T4-m-0254,m,أخذ,-0.4874,False,0.0,True
aragpt2,T4,T4-m-0255,m,وجد,-0.2702,False,-0.0,False
aragpt2,T4,T4-m-0256,m,وصل,0.5482,True,0.0,True
aragpt2,T4,T4-m-0257,m,قال,2.5051,True,-0.0,False
aragpt2,T4,T4-m-0258,m,كتب,0.5631,True,0.0,True
aragpt2,T4,T4-m-0259,m,كتب,0.5631,True,0.0,True
aragpt2,T4,T4-m-0260,m,وصل,0.5482,True,0.0,True
aragpt2,T4,T4-m-0261,m,دخل,0.4778,True,-0.0,False
aragpt2,T4,T4-m-0262,m,بدأ,1.1345,True,0.0,True
aragpt2,T4,T4-m-0263,m,فتح,0.083,True,-0.0,False
aragpt2,T4,T4-m-0264,m,ترك,0.723,True,-0.0,False
aragpt2,T4,T4-m-0265,m,حضر,-0.087,False,-0.0,False
aragpt2,T4,T4-m-0266,m,ذهب,-0.9387,False,0.0,True
aragpt2,T4,T4-m-0267,m,دفع,-0.7989,False,0.0,True
aragpt2,T4,T4-m-0268,m,عرف,1.0641,True,-0.0,False
aragpt2,T4,T4-m-0269,m,ترك,0.723,True,-0.0,False
aragpt2,T4,T4-m-0270,m,شاهد,-0.6247,False,0.0,True
aragpt2,T4,T4-m-0271,m,وصل,0.5482,True,0.0,True
aragpt2,T4,T4-m-0272,m,أخذ,-0.4874,False,0.0,True
aragpt2,T4,T4-m-0273,m,قرأ,0.405,True,-0.0,False
aragpt2,T4,T4-m-0274,m,أخذ,-0.4874,False,0.0,True
aragpt2,T4,T4-m-0275,m,وصل,0.5482,True,0.0,True
aragpt2,T4,T4-m-0276,m,قال,2.5051,True,-0.0,False
aragpt2,T4,T4-m-0277,m,أخذ,-0.4874,False,0.0,True
aragpt2,T4,T4-m-0278,m,دخل,0.4778,True,-0.0,False
aragpt2,T4,T4-m-0279,m,دفع,-0.7989,False,0.0,True
aragpt2,T4,T4-m-0280,m,ترك,0.723,True,-0.0,False
aragpt2,T4,T4-m-0281,m,كتب,0.5631,True,0.0,True
aragpt2,T4,T4-m-0282,m,كسر,0.7349,True,0.0,True
aragpt2,T4,T4-m-0283,m,خرج,1.7006,True,-0.0,False
aragpt2,T4,T4-m-0284,m,عرف,1.0641,True,-0.0,False
aragpt2,T4,T4-m-0285,m,أخذ,-0.4874,False,0.0,True
aragpt2,T4,T4-m-0286,m,طلب,1.2765,True,0.0,True
aragpt2,T4,T4-m-0287,m,عرف,1.0641,True,-0.0,False
aragpt2,T4,T4-m-0288,m,شاهد,-0.6247,False,0.0,True
aragpt2,T4,T4-m-0289,m,باع,0.3571,True,0.0,True
aragpt2,T4,T4-m-0290,m,دفع,-0.7989,False,0.0,True
aragpt2,T4,T4-m-0291,m,حضر,-0.087,False,-0.0,False
aragpt2,T4,T4-m-0292,m,سمع,-0.3764,False,-0.0,False
aragpt2,T4,T4-m-0293,m,قرأ,0.405,True,-0.0,False
aragpt2,T4,T4-m-0294,m,حضر,-0.087,False,-0.0,False
aragpt2,T4,T4-m-0295,m,خرج,1.7006,True,-0.0,False
aragpt2,T4,T4-m-0296,m,قال,2.5051,True,-0.0,False
aragpt2,T4,T4-m-0297,m,قال,2.5051,True,-0.0,False
aragpt2,T4,T4-m-0298,m,وصل,0.5482,True,0.0,True
aragpt2,T4,T4-m-0299,m,وصل,0.5482,True,0.0,True
aragpt2,T4,T4-m-0300,m,قرأ,0.405,True,-0.0,False
aragpt2,T4,T4-m-0301,m,طلب,1.2765,True,0.0,True
aragpt2,T4,T4-m-0302,m,فتح,0.083,True,-0.0,False
aragpt2,T4,T4-m-0303,m,حمل,0.5439,True,0.0,True
aragpt2,T4,T4-m-0304,m,باع,0.3571,True,0.0,True
aragpt2,T4,T4-m-0305,m,خرج,1.7006,True,-0.0,False
aragpt2,T4,T4-m-0306,m,قرأ,0.405,True,-0.0,False
aragpt2,T4,T4-m-0307,m,كسر,0.7349,True,0.0,True
aragpt2,T4,T4-m-0308,m,وصل,0.5482,True,0.0,True
aragpt2,T4,T4-m-0309,m,عرف,1.0641,True,-0.0,False
aragpt2,T4,T4-m-0310,m,خرج,1.7006,True,-0.0,False
aragpt2,T4,T4-m-0311,m,دخل,0.4778,True,-0.0,False
aragpt2,T4,T4-m-0312,m,باع,0.3571,True,0.0,True
aragpt2,T4,T4-m-0313,m,بدأ,1.1345,True,0.0,True
aragpt2,T4,T4-m-0314,m,بدأ,1.1345,True,0.0,True
aragpt2,T4,T4-m-0315,m,حمل,0.5439,True,0.0,True
aragpt2,T4,T4-m-0316,m,حضر,-0.087,False,-0.0,False
aragpt2,T4,T4-m-0317,m,حمل,0.5439,True,0.0,True
aragpt2,T4,T4-m-0318,m,خرج,1.7006,True,-0.0,False
aragpt2,T4,T4-m-0319,m,شاهد,-0.6247,False,0.0,True
aragpt2,T4,T4-m-0320,m,شاهد,-0.6247,False,0.0,True
aragpt2,T4,T4-m-0321,m,ترك,0.723,True,-0.0,False
aragpt2,T4,T4-m-0322,m,وجد,-0.2702,False,-0.0,False
aragpt2,T4,T4-m-0323,m,بدأ,1.1345,True,0.0,True
aragpt2,T4,T4-m-0324,m,قال,2.5051,True,-0.0,False
aragpt2,T4,T4-m-0325,m,ترك,0.723,True,-0.0,False
aragpt2,T4,T4-m-0326,m,ذهب,-0.9387,False,0.0,True
aragpt2,T4,T4-m-0327,m,أخذ,-0.4874,False,0.0,True
aragpt2,T4,T4-m-0328,m,وصل,0.5482,True,0.0,True
aragpt2,T4,T4-m-0329,m,وجد,-0.2702,False,-0.0,False
aragpt2,T4,T4-m-0330,m,طلب,1.2765,True,0.0,True
aragpt2,T4,T4-m-0331,m,ذهب,-0.9387,False,0.0,True
aragpt2,T4,T4-m-0332,m,حضر,-0.087,False,-0.0,False
aragpt2,T4,T4-m-0333,m,طلب,1.2765,True,0.0,True
aragpt2,T4,T4-m-0334,m,حضر,-0.087,False,-0.0,False
aragpt2,T4,T4-m-0335,m,حمل,0.5439,True,0.0,True
aragpt2,T4,T4-m-0336,m,ذهب,-0.9387,False,0.0,True
aragpt2,T4,T4-m-0337,m,قرأ,0.405,True,-0.0,False
aragpt2,T4,T4-m-0338,m,بدأ,1.1345,True,0.0,True
aragpt2,T4,T4-m-0339,m,قرأ,0.405,True,-0.0,False
aragpt2,T4,T4-m-0340,m,سمع,-0.3764,False,-0.0,False
aragpt2,T4,T4-m-0341,m,باع,0.3571,True,0.0,True
aragpt2,T4,T4-m-0342,m,وصل,0.5482,True,0.0,True
aragpt2,T4,T4-m-0343,m,حمل,0.5439,True,0.0,True
aragpt2,T4,T4-m-0344,m,فتح,0.083,True,-0.0,False
aragpt2,T4,T4-m-0345,m,وصل,0.5482,True,0.0,True
aragpt2,T4,T4-m-0346,m,أخذ,-0.4874,False,0.0,True
aragpt2,T4,T4-m-0347,m,وصل,0.5482,True,0.0,True
aragpt2,T4,T4-m-0348,m,بدأ,1.1345,True,0.0,True
aragpt2,T4,T4-m-0349,m,شاهد,-0.6247,False,0.0,True
aragpt2,T4,T4-m-0350,m,دخل,0.4778,True,-0.0,False
aragpt2,T4,T4-m-0351,m,ترك,0.723,True,-0.0,False
aragpt2,T4,T4-m-0352,m,عرف,1.0641,True,-0.0,False
aragpt2,T4,T4-m-0353,m,حضر,-0.087,False,-0.0,False
aragpt2,T4,T4-m-0354,m,بدأ,1.1345,True,0.0,True
aragpt2,T4,T4-m-0355,m,قال,2.5051,True,-0.0,False
aragpt2,T4,T4-m-0356,m,كتب,0.5631,True,0.0,True
aragpt2,T4,T4-m-0357,m,ترك,0.723,True,-0.0,False
aragpt2,T4,T4-m-0358,m,شاهد,-0.6247,False,0.0,True
aragpt2,T4,T4-m-0359,m,ترك,0.723,True,-0.0,False
aragpt2,T4,T4-m-0360,m,بدأ,1.1345,True,0.0,True
aragpt2,T4,T4-m-0361,m,شاهد,-0.6247,False,0.0,True
aragpt2,T4,T4-m-0362,m,بدأ,1.1345,True,0.0,True
aragpt2,T4,T4-m-0363,m,بدأ,1.1345,True,0.0,True
aragpt2,T4,T4-m-0364,m,كتب,0.5631,True,0.0,True
aragpt2,T4,T4-m-0365,m,قرأ,0.405,True,-0.0,False
aragpt2,T4,T4-m-0366,m,عرف,1.0641,True,-0.0,False
aragpt2,T4,T4-m-0367,m,قرأ,0.405,True,-0.0,False
aragpt2,T4,T4-m-0368,m,ترك,0.723,True,-0.0,False
aragpt2,T4,T4-m-0369,m,وجد,-0.2702,False,-0.0,False
aragpt2,T4,T4-m-0370,m,قال,2.5051,True,-0.0,False
aragpt2,T4,T4-m-0371,m,دخل,0.4778,True,-0.0,False
aragpt2,T4,T4-m-0372,m,كسر,0.7349,True,0.0,True
aragpt2,T4,T4-m-0373,m,كتب,0.5631,True,0.0,True
aragpt2,T4,T4-m-0374,m,ترك,0.723,True,-0.0,False
aragpt2,T4,T4-m-0375,m,ذهب,-0.9387,False,0.0,True
aragpt2,T4,T4-m-0376,m,طلب,1.2765,True,0.0,True
aragpt2,T4,T4-m-0377,m,فتح,0.083,True,-0.0,False
aragpt2,T4,T4-m-0378,m,دفع,-0.7989,False,0.0,True
aragpt2,T4,T4-m-0379,m,كتب,0.5631,True,0.0,True
aragpt2,T4,T4-m-0380,m,فتح,0.083,True,-0.0,False
aragpt2,T4,T4-m-0381,m,وصل,0.5482,True,0.0,True
aragpt2,T4,T4-m-0382,m,باع,0.3571,True,0.0,True
aragpt2,T4,T4-m-0383,m,ذهب,-0.9387,False,0.0,True
aragpt2,T4,T4-m-0384,m,وجد,-0.2702,False,-0.0,False
aragpt2,T4,T4-m-0385,m,طلب,1.2765,True,0.0,True
aragpt2,T4,T4-m-0386,m,دفع,-0.7989,False,0.0,True
aragpt2,T4,T4-m-0387,m,باع,0.3571,True,0.0,True
aragpt2,T4,T4-m-0388,m,دخل,0.4778,True,-0.0,False
aragpt2,T4,T4-m-0389,m,وجد,-0.2702,False,-0.0,False
aragpt2,T4,T4-m-0390,m,حمل,0.5439,True,0.0,True
aragpt2,T4,T4-m-0391,m,فتح,0.083,True,-0.0,False
aragpt2,T4,T4-m-0392,m,سمع,-0.3764,False,-0.0,False
aragpt2,T4,T4-m-0393,m,أخذ,-0.4874,False,0.0,True
aragpt2,T4,T4-m-0394,m,كسر,0.7349,True,0.0,True
aragpt2,T4,T4-m-0395,m,بدأ,1.1345,True,0.0,True
aragpt2,T4,T4-m-0396,m,حضر,-0.087,False,-0.0,False
aragpt2,T4,T4-m-0397,m,أخذ,-0.4874,False,0.0,True
aragpt2,T4,T4-m-0398,m,حمل,0.5439,True,0.0,True
aragpt2,T4,T4-m-0399,m,قرأ,0.405,True,-0.0,False
aragpt2,T4,T4-m-0400,m,عرف,1.0641,True,-0.0,False
aragpt2,T4,T4-m-0401,m,طلب,1.2765,True,0.0,True
aragpt2,T4,T4-m-0402,m,وجد,-0.2702,False,-0.0,False
aragpt2,T4,T4-m-0403,m,أخذ,-0.4874,False,0.0,True
aragpt2,T4,T4-m-0404,m,طلب,1.2765,True,0.0,True
aragpt2,T4,T4-m-0405,m,طلب,1.2765,True,0.0,True
aragpt2,T4,T4-m-0406,m,دفع,-0.7989,False,0.0,True
aragpt2,T4,T4-m-0407,m,كسر,0.7349,True,0.0,True
aragpt2,T4,T4-m-0408,m,دخل,0.4778,True,-0.0,False
aragpt2,T4,T4-m-0409,m,كسر,0.7349,True,0.0,True
aragpt2,T4,T4-m-0410,m,حضر,-0.087,False,-0.0,False
aragpt2,T4,T4-m-0411,m,كسر,0.7349,True,0.0,True
aragpt2,T4,T4-m-0412,m,خرج,1.7006,True,-0.0,False
aragpt2,T4,T4-m-0413,m,قال,2.5051,True,-0.0,False
aragpt2,T4,T4-m-0414,m,شاهد,-0.6247,False,0.0,True
aragpt2,T4,T4-m-0415,m,حمل,0.5439,True,0.0,True
aragpt2,T4,T4-m-0416,m,طلب,1.2765,True,0.0,True
aragpt2,T4,T4-m-0417,m,عرف,1.0641,True,-0.0,False
aragpt2,T4,T4-m-0418,m,سمع,-0.3764,False,-0.0,False
aragpt2,T4,T4-m-0419,m,دخل,0.4778,True,-0.0,False
aragpt2,T4,T4-m-0420,m,طلب,1.2765,True,0.0,True
aragpt2,T4,T4-m-0421,m,طلب,1.2765,True,0.0,True
aragpt2,T4,T4-m-0422,m,قال,2.5051,True,-0.0,False
aragpt2,T4,T4-m-0423,m,عرف,1.0641,True,-0.0,False
aragpt2,T4,T4-m-0424,m,عرف,1.0641,True,-0.0,False
aragpt2,T4,T4-m-0425,m,خرج,1.7006,True,-0.0,False
aragpt2,T4,T4-m-0426,m,كسر,0.7349,True,0.0,True
aragpt2,T4,T4-m-0427,m,فتح,0.083,True,-0.0,False
aragpt2,T4,T4-m-0428,m,باع,0.3571,True,0.0,True
aragpt2,T4,T4-m-0429,m,حضر,-0.087,False,-0.0,False
aragpt2,T4,T4-m-0430,m,باع,0.3571,True,0.0,True
aragpt2,T4,T4-m-0431,m,وجد,-0.2702,False,-0.0,False
aragpt2,T4,T4-m-0432,m,فتح,0.083,True,-0.0,False
aragpt2,T4,T4-m-0433,m,دخل,0.4778,True,-0.0,False
aragpt2,T4,T4-m-0434,m,سمع,-0.3764,False,-0.0,False
aragpt2,T4,T4-m-0435,m,خرج,1.7006,True,-0.0,False
aragpt2,T4,T4-m-0436,m,ذهب,-0.9387,False,0.0,True
aragpt2,T4,T4-m-0437,m,قال,2.5051,True,-0.0,False
aragpt2,T4,T4-m-0438,m,حضر,-0.087,False,-0.0,False
aragpt2,T4,T4-m-0439,m,عرف,1.0641,True,-0.0,False
aragpt2,T4,T4-m-0440,m,كتب,0.5631,True,0.0,True
aragpt2,T4,T4-m-0441,m,فتح,0.083,True,-0.0,False
aragpt2,T4,T4-m-0442,m,ترك,0.723,True,-0.0,False
aragpt2,T4,T4-m-0443,m,ذهب,-0.9387,False,0.0,True
aragpt2,T4,T4-m-0444,m,باع,0.3571,True,0.0,True
aragpt2,T4,T4-m-0445,m,فتح,0.083,True,-0.0,False
aragpt2,T4,T4-m-0446,m,حضر,-0.087,False,-0.0,False
aragpt2,T4,T4-m-0447,m,دخل,0.4778,True,-0.0,False
aragpt2,T4,T4-m-0448,m,كتب,0.5631,True,0.0,True
aragpt2,T4,T4-m-0449,m,شاهد,-0.6247,False,0.0,True
aragpt2,T4,T4-m-0450,m,دفع,-0.7989,False,0.0,True
aragpt2,T4,T4-m-0451,m,ترك,0.723,True,-0.0,False
aragpt2,T4,T4-m-0452,m,حمل,0.5439,True,0.0,True
aragpt2,T4,T4-m-0453,m,دفع,-0.7989,False,0.0,True
aragpt2,T4,T4-m-0454,m,حمل,0.5439,True,0.0,True
aragpt2,T4,T4-m-0455,m,قال,2.5051,True,-0.0,False
aragpt2,T4,T4-m-0456,m,بدأ,1.1345,True,0.0,True
aragpt2,T4,T4-m-0457,m,عرف,1.0641,True,-0.0,False
aragpt2,T4,T4-m-0458,m,كسر,0.7349,True,0.0,True
aragpt2,T4,T4-m-0459,m,باع,0.3571,True,0.0,True
aragpt2,T4,T4-m-0460,m,باع,0.3571,True,0.0,True
aragpt2,T4,T4-m-0461,m,فتح,0.083,True,-0.0,False
aragpt2,T4,T4-m-0462,m,شاهد,-0.6247,False,0.0,True
aragpt2,T4,T4-m-0463,m,قال,2.5051,True,-0.0,False
aragpt2,T4,T4-m-0464,m,فتح,0.083,True,-0.0,False
aragpt2,T4,T4-m-0465,m,قرأ,0.405,True,-0.0,False
aragpt2,T4,T4-m-0466,m,ذهب,-0.9387,False,0.0,True
aragpt2,T4,T4-m-0467,m,طلب,1.2765,True,0.0,True
aragpt2,T4,T4-m-0468,m,فتح,0.083,True,-0.0,False
aragpt2,T4,T4-m-0469,m,باع,0.3571,True,0.0,True
aragpt2,T4,T4-m-0470,m,وصل,0.5482,True,0.0,True
aragpt2,T4,T4-m-0471,m,أخذ,-0.4874,False,0.0,True
aragpt2,T4,T4-m-0472,m,كسر,0.7349,True,0.0,True
aragpt2,T4,T4-m-0473,m,فتح,0.083,True,-0.0,False
aragpt2,T4,T4-m-0474,m,وصل,0.5482,True,0.0,True
aragpt2,T4,T4-m-0475,m,ذهب,-0.9387,False,0.0,True
aragpt2,T4,T4-m-0476,m,وصل,0.5482,True,0.0,True
aragpt2,T4,T4-m-0477,m,شاهد,-0.6247,False,0.0,True
aragpt2,T4,T4-m-0478,m,بدأ,1.1345,True,0.0,True
aragpt2,T4,T4-m-0479,m,ذهب,-0.9387,False,0.0,True
aragpt2,T4,T4-m-0480,m,سمع,-0.3764,False,-0.0,False
aragpt2,T4,T4-m-0481,m,طلب,1.2765,True,0.0,True
aragpt2,T4,T4-m-0482,m,حضر,-0.087,False,-0.0,False
aragpt2,T4,T4-m-0483,m,كسر,0.7349,True,0.0,True
aragpt2,T4,T4-m-0484,m,قرأ,0.405,True,-0.0,False
aragpt2,T4,T4-m-0485,m,ذهب,-0.9387,False,0.0,True
aragpt2,T4,T4-m-0486,m,طلب,1.2765,True,0.0,True
aragpt2,T4,T4-m-0487,m,باع,0.3571,True,0.0,True
aragpt2,T4,T4-m-0488,m,كسر,0.7349,True,0.0,True
aragpt2,T4,T4-m-0489,m,كسر,0.7349,True,0.0,True
aragpt2,T4,T4-m-0490,m,خرج,1.7006,True,-0.0,False
aragpt2,T4,T4-m-0491,m,كتب,0.5631,True,0.0,True
aragpt2,T4,T4-m-0492,m,وجد,-0.2702,False,-0.0,False
aragpt2,T4,T4-m-0493,m,قال,2.5051,True,-0.0,False
aragpt2,T4,T4-m-0494,m,حمل,0.5439,True,0.0,True
aragpt2,T4,T4-m-0495,m,قال,2.5051,True,-0.0,False
aragpt2,T4,T4-m-0496,m,فتح,0.083,True,-0.0,False
aragpt2,T4,T4-m-0497,m,بدأ,1.1345,True,0.0,True
aragpt2,T4,T4-m-0498,m,حمل,0.5439,True,0.0,True
aragpt2,T4,T4-m-0499,m,خرج,1.7006,True,-0.0,False
aragpt2,T4,T4-m-0500,m,كسر,0.7349,True,0.0,True
aragpt2,T4,T4-m-0501,m,خرج,1.7006,True,-0.0,False
aragpt2,T4,T4-m-0502,m,فتح,0.083,True,-0.0,False
aragpt2,T4,T4-m-0503,m,كتب,0.5631,True,0.0,True
aragpt2,T4,T4-m-0504,m,وجد,-0.2702,False,-0.0,False
aragpt2,T4,T4-m-0505,m,شاهد,-0.6247,False,0.0,True
aragpt2,T4,T4-m-0506,m,باع,0.3571,True,0.0,True
aragpt2,T4,T4-m-0507,m,طلب,1.2765,True,0.0,True
aragpt2,T4,T4-m-0508,m,دخل,0.4778,True,-0.0,False
aragpt2,T4,T4-m-0509,m,قرأ,0.405,True,-0.0,False
aragpt2,T4,T4-m-0510,m,بدأ,1.1345,True,0.0,True
aragpt2,T4,T4-m-0511,m,عرف,1.0641,True,-0.0,False
aragpt2,T4,T4-m-0512,m,شاهد,-0.6247,False,0.0,True
aragpt2,T4,T4-m-0513,m,حضر,-0.087,False,-0.0,False
aragpt2,T4,T4-m-0514,m,دخل,0.4778,True,-0.0,False
aragpt2,T4,T4-m-0515,m,دخل,0.4778,True,-0.0,False
aragpt2,T4,T4-m-0516,m,عرف,1.0641,True,-0.0,False
aragpt2,T4,T4-m-0517,m,أخذ,-0.4874,False,0.0,True
aragpt2,T4,T4-m-0518,m,أخذ,-0.4874,False,0.0,True
aragpt2,T4,T4-m-0519,m,عرف,1.0641,True,-0.0,False
aragpt2,T4,T4-m-0520,m,طلب,1.2765,True,0.0,True
aragpt2,T4,T4-m-0521,m,طلب,1.2765,True,0.0,True
aragpt2,T4,T4-m-0522,m,فتح,0.083,True,-0.0,False
aragpt2,T4,T4-m-0523,m,طلب,1.2765,True,0.0,True
aragpt2,T4,T4-m-0524,m,باع,0.3571,True,0.0,True
aragpt2,T4,T4-m-0525,m,حضر,-0.087,False,-0.0,False
aragpt2,T4,T4-m-0526,m,ترك,0.723,True,-0.0,False
aragpt2,T4,T4-m-0527,m,ترك,0.723,True,-0.0,False
aragpt2,T4,T4-m-0528,m,بدأ,1.1345,True,0.0,True
aragpt2,T4,T4-m-0529,m,دخل,0.4778,True,-0.0,False
aragpt2,T4,T4-m-0530,m,فتح,0.083,True,-0.0,False
aragpt2,T4,T4-m-0531,m,قال,2.5051,True,-0.0,False
aragpt2,T4,T4-m-0532,m,عرف,1.0641,True,-0.0,False
aragpt2,T4,T4-m-0533,m,حمل,0.5439,True,0.0,True
aragpt2,T4,T4-m-0534,m,دخل,0.4778,True,-0.0,False
aragpt2,T4,T4-m-0535,m,ترك,0.723,True,-0.0,False
aragpt2,T4,T4-m-0536,m,باع,0.3571,True,0.0,True
aragpt2,T4,T4-m-0537,m,حضر,-0.087,False,-0.0,False
aragpt2,T4,T4-m-0538,m,فتح,0.083,True,-0.0,False
aragpt2,T4,T4-m-0539,m,كسر,0.7349,True,0.0,True
aragpt2,T4,T4-m-0540,m,فتح,0.083,True,-0.0,False
aragpt2,T4,T4-m-0541,m,كسر,0.7349,True,0.0,True
aragpt2,T4,T4-m-0542,m,باع,0.3571,True,0.0,True
aragpt2,T4,T4-m-0543,m,كتب,0.5631,True,0.0,True
aragpt2,T4,T4-m-0544,m,سمع,-0.3764,False,-0.0,False
aragpt2,T4,T4-m-0545,m,خرج,1.7006,True,-0.0,False
aragpt2,T4,T4-m-0546,m,ترك,0.723,True,-0.0,False
aragpt2,T4,T4-m-0547,m,وصل,0.5482,True,0.0,True
aragpt2,T4,T4-m-0548,m,شاهد,-0.6247,False,0.0,True
aragpt2,T4,T4-m-0549,m,كتب,0.5631,True,0.0,True
aragpt2,T4,T4-m-0550,m,خرج,1.7006,True,-0.0,False
aragpt2,T4,T4-m-0551,m,قال,2.5051,True,-0.0,False
aragpt2,T4,T4-m-0552,m,أخذ,-0.4874,False,0.0,True
aragpt2,T4,T4-m-0553,m,ترك,0.723,True,-0.0,False
aragpt2,T4,T4-m-0554,m,سمع,-0.3764,False,-0.0,False
aragpt2,T4,T4-m-0555,m,خرج,1.7006,True,-0.0,False
aragpt2,T4,T4-m-0556,m,عرف,1.0641,True,-0.0,False
aragpt2,T4,T4-m-0557,m,بدأ,1.1345,True,0.0,True
aragpt2,T4,T4-m-0558,m,وصل,0.5482,True,0.0,True
aragpt2,T4,T4-m-0559,m,قرأ,0.405,True,-0.0,False
aragpt2,T4,T4-m-0560,m,ذهب,-0.9387,False,0.0,True
aragpt2,T4,T4-m-0561,m,طلب,1.2765,True,0.0,True
aragpt2,T4,T4-m-0562,m,فتح,0.083,True,-0.0,False
aragpt2,T4,T4-m-0563,m,فتح,0.083,True,-0.0,False
aragpt2,T4,T4-m-0564,m,عرف,1.0641,True,-0.0,False
aragpt2,T4,T4-m-0565,m,عرف,1.0641,True,-0.0,False
aragpt2,T4,T4-m-0566,m,أخذ,-0.4874,False,0.0,True
aragpt2,T4,T4-m-0567,m,كسر,0.7349,True,0.0,True
aragpt2,T4,T4-m-0568,m,حمل,0.5439,True,0.0,True
aragpt2,T4,T4-m-0569,m,سمع,-0.3764,False,-0.0,False
aragpt2,T4,T4-m-0570,m,طلب,1.2765,True,0.0,True
aragpt2,T4,T4-m-0571,m,خرج,1.7006,True,-0.0,False
aragpt2,T4,T4-m-0572,m,كسر,0.7349,True,0.0,True
aragpt2,T4,T4-m-0573,m,ذهب,-0.9387,False,0.0,True
aragpt2,T4,T4-m-0574,m,حمل,0.5439,True,0.0,True
aragpt2,T4,T4-m-0575,m,وصل,0.5482,True,0.0,True
aragpt2,T4,T4-m-0576,m,كسر,0.7349,True,0.0,True
aragpt2,T4,T4-m-0577,m,أخذ,-0.4874,False,0.0,True
aragpt2,T4,T4-m-0578,m,عرف,1.0641,True,-0.0,False
aragpt2,T4,T4-m-0579,m,كسر,0.7349,True,0.0,True
aragpt2,T4,T4-m-0580,m,دخل,0.4778,True,-0.0,False
aragpt2,T4,T4-m-0581,m,خرج,1.7006,True,-0.0,False
aragpt2,T4,T4-m-0582,m,قال,2.5051,True,-0.0,False
aragpt2,T4,T4-m-0583,m,طلب,1.2765,True,0.0,True
aragpt2,T4,T4-m-0584,m,فتح,0.083,True,-0.0,False
aragpt2,T4,T4-m-0585,m,طلب,1.2765,True,0.0,True
aragpt2,T4,T4-m-0586,m,شاهد,-0.6247,False,0.0,True
aragpt2,T4,T4-m-0587,m,شاهد,-0.6247,False,0.0,True
aragpt2,T4,T4-m-0588,m,فتح,0.083,True,-0.0,False
aragpt2,T4,T4-m-0589,m,حضر,-0.087,False,-0.0,False
aragpt2,T4,T4-m-0590,m,ذهب,-0.9387,False,0.0,True
aragpt2,T4,T4-m-0591,m,دخل,0.4778,True,-0.0,False
aragpt2,T4,T4-m-0592,m,ترك,0.723,True,-0.0,False
aragpt2,T4,T4-m-0593,m,دخل,0.4778,True,-0.0,False
aragpt2,T4,T4-m-0594,m,ترك,0.723,True,-0.0,False
aragpt2,T4,T4-m-0595,m,حضر,-0.087,False,-0.0,False
aragpt2,T4,T4-m-0596,m,خرج,1.7006,True,-0.0,False
aragpt2,T4,T4-m-0597,m,عرف,1.0641,True,-0.0,False
aragpt2,T4,T4-m-0598,m,قال,2.5051,True,-0.0,False
aragpt2,T4,T4-m-0599,m,سمع,-0.3764,False,-0.0,False
aragpt2,T4,T4-f-0000,f,باع,-0.3571,False,-0.0,False
aragpt2,T4,T4-f-0001,f,خرج,-1.7006,False,0.0,True
aragpt2,T4,T4-f-0002,f,وصل,-0.5482,False,-0.0,False
aragpt2,T4,T4-f-0003,f,طلب,-1.2765,False,-0.0,False
aragpt2,T4,T4-f-0004,f,وجد,0.2702,True,0.0,True
aragpt2,T4,T4-f-0005,f,ترك,-0.723,False,0.0,True
aragpt2,T4,T4-f-0006,f,حضر,0.087,True,0.0,True
aragpt2,T4,T4-f-0007,f,عرف,-1.0641,False,0.0,True
aragpt2,T4,T4-f-0008,f,شاهد,0.6247,True,-0.0,False
aragpt2,T4,T4-f-0009,f,ترك,-0.723,False,0.0,True
aragpt2,T4,T4-f-0010,f,خرج,-1.7006,False,0.0,True
aragpt2,T4,T4-f-0011,f,حمل,-0.5439,False,-0.0,False
aragpt2,T4,T4-f-0012,f,خرج,-1.7006,False,0.0,True
aragpt2,T4,T4-f-0013,f,باع,-0.3571,False,-0.0,False
aragpt2,T4,T4-f-0014,f,خرج,-1.7006,False,0.0,True
aragpt2,T4,T4-f-0015,f,عرف,-1.0641,False,0.0,True
aragpt2,T4,T4-f-0016,f,ذهب,0.9387,True,-0.0,False
aragpt2,T4,T4-f-0017,f,قال,-2.5051,False,0.0,True
aragpt2,T4,T4-f-0018,f,طلب,-1.2765,False,-0.0,False
aragpt2,T4,T4-f-0019,f,فتح,-0.083,False,0.0,True
aragpt2,T4,T4-f-0020,f,كسر,-0.7349,False,-0.0,False
aragpt2,T4,T4-f-0021,f,قرأ,-0.405,False,0.0,True
aragpt2,T4,T4-f-0022,f,دخل,-0.4778,False,0.0,True
aragpt2,T4,T4-f-0023,f,حمل,-0.5439,False,-0.0,False
aragpt2,T4,T4-f-0024,f,قال,-2.5051,False,0.0,True
aragpt2,T4,T4-f-0025,f,خرج,-1.7006,False,0.0,True
aragpt2,T4,T4-f-0026,f,وجد,0.2702,True,0.0,True
aragpt2,T4,T4-f-0027,f,فتح,-0.083,False,0.0,True
aragpt2,T4,T4-f-0028,f,باع,-0.3571,False,-0.0,False
aragpt2,T4,T4-f-0029,f,أخذ,0.4874,True,-0.0,False
aragpt2,T4,T4-f-0030,f,فتح,-0.083,False,0.0,True
aragpt2,T4,T4-f-0031,f,باع,-0.3571,False,-0.0,False
aragpt2,T4,T4-f-0032,f,شاهد,0.6247,True,-0.0,False
aragpt2,T4,T4-f-0033,f,كسر,-0.7349,False,-0.0,False
aragpt2,T4,T4-f-0034,f,ترك,-0.723,False,0.0,True
aragpt2,T4,T4-f-0035,f,فتح,-0.083,False,0.0,True
aragpt2,T4,T4-f-0036,f,ترك,-0.723,False,0.0,True
aragpt2,T4,T4-f-0037,f,حضر,0.087,True,0.0,True
aragpt2,T4,T4-f-0038,f,دخل,-0.4778,False,0.0,True
aragpt2,T4,T4-f-0039,f,قال,-2.5051,False,0.0,True
aragpt2,T4,T4-f-0040,f,طلب,-1.2765,False,-0.0,False
aragpt2,T4,T4-f-0041,f,وصل,-0.5482,False,-0.0,False
aragpt2,T4,T4-f-0042,f,كتب,-0.5631,False,-0.0,False
aragpt2,T4,T4-f-0043,f,قال,-2.5051,False,0.0,True
aragpt2,T4,T4-f-0044,f,خرج,-1.7006,False,0.0,True
aragpt2,T4,T4-f-0045,f,وجد,0.2702,True,0.0,True
aragpt2,T4,T4-f-0046,f,باع,-0.3571,False,-0.0,False
aragpt2,T4,T4-f-0047,f,عرف,-1.0641,False,0.0,True
aragpt2,T4,T4-f-0048,f,دخل,-0.4778,False,0.0,True
aragpt2,T4,T4-f-0049,f,خرج,-1.7006,False,0.0,True
aragpt2,T4,T4-f-0050,f,ذهب,0.9387,True,-0.0,False
aragpt2,T4,T4-f-0051,f,وجد,0.2702,True,0.0,True
aragpt2,T4,T4-f-0052,f,وجد,0.2702,True,0.0,True
aragpt2,T4,T4-f-0053,f,بدأ,-1.1345,False,-0.0,False
aragpt2,T4,T4-f-0054,f,وصل,-0.5482,False,-0.0,False
aragpt2,T4,T4-f-0055,f,دخل,-0.4778,False,0.0,True
aragpt2,T4,T4-f-0056,f,طلب,-1.2765,False,-0.0,False
aragpt2,T4,T4-f-0057,f,حضر,0.087,True,0.0,True
aragpt2,T4,T4-f-0058,f,حمل,-0.5439,False,-0.0,False
aragpt2,T4,T4-f-0059,f,حضر,0.087,True,0.0,True
aragpt2,T4,T4-f-0060,f,أخذ,0.4874,True,-0.0,False
aragpt2,T4,T4-f-0061,f,وجد,0.2702,True,0.0,True
aragpt2,T4,T4-f-0062,f,خرج,-1.7006,False,0.0,True
aragpt2,T4,T4-f-0063,f,شاهد,0.6247,True,-0.0,False
aragpt2,T4,T4-f-0064,f,ترك,-0.723,False,0.0,True
aragpt2,T4,T4-f-0065,f,قال,-2.5051,False,0.0,True
aragpt2,T4,T4-f-0066,f,سمع,0.3764,True,0.0,True
aragpt2,T4,T4-f-0067,f,بدأ,-1.1345,False,-0.0,False
aragpt2,T4,T4-f-0068,f,بدأ,-1.1345,False,-0.0,False
aragpt2,T4,T4-f-0069,f,سمع,0.3764,True,0.0,True
aragpt2,T4,T4-f-0070,f,دفع,0.7989,True,-0.0,False
aragpt2,T4,T4-f-0071,f,وجد,0.2702,True,0.0,True
aragpt2,T4,T4-f-0072,f,طلب,-1.2765,False,-0.0,False
aragpt2,T4,T4-f-0073,f,قال,-2.5051,False,0.0,True
aragpt2,T4,T4-f-0074,f,أخذ,0.4874,True,-0.0,False
aragpt2,T4,T4-f-0075,f,وجد,0.2702,True,0.0,True
aragpt2,T4,T4-f-0076,f,قال,-2.5051,False,0.0,True
aragpt2,T4,T4-f-0077,f,عرف,-1.0641,False,0.0,True
aragpt2,T4,T4-f-0078,f,سمع,0.3764,True,0.0,True
aragpt2,T4,T4-f-0079,f,ذهب,0.9387,True,-0.0,False
aragpt2,T4,T4-f-0080,f,باع,-0.3571,False,-0.0,False
aragpt2,T4,T4-f-0081,f,خرج,-1.7006,False,0.0,True
aragpt2,T4,T4-f-0082,f,خرج,-1.7006,False,0.0,True
aragpt2,T4,T4-f-0083,f,سمع,0.3764,True,0.0,True
aragpt2,T4,T4-f-0084,f,قال,-2.5051,False,0.0,True
aragpt2,T4,T4-f-0085,f,قال,-2.5051,False,0.0,True
aragpt2,T4,T4-f-0086,f,شاهد,0.6247,True,-0.0,False
aragpt2,T4,T4-f-0087,f,دفع,0.7989,True,-0.0,False
aragpt2,T4,T4-f-0088,f,ذهب,0.9387,True,-0.0,False
aragpt2,T4,T4-f-0089,f,كتب,-0.5631,False,-0.0,False
aragpt2,T4,T4-f-0090,f,خرج,-1.7006,False,0.0,True
aragpt2,T4,T4-f-0091,f,قرأ,-0.405,False,0.0,True
aragpt2,T4,T4-f-0092,f,دخل,-0.4778,False,0.0,True
aragpt2,T4,T4-f-0093,f,قال,-2.5051,False,0.0,True
aragpt2,T4,T4-f-0094,f,كتب,-0.5631,False,-0.0,False
aragpt2,T4,T4-f-0095,f,وصل,-0.5482,False,-0.0,False
aragpt2,T4,T4-f-0096,f,وجد,0.2702,True,0.0,True
aragpt2,T4,T4-f-0097,f,أخذ,0.4874,True,-0.0,False
aragpt2,T4,T4-f-0098,f,ذهب,0.9387,True,-0.0,False
aragpt2,T4,T4-f-0099,f,فتح,-0.083,False,0.0,True
aragpt2,T4,T4-f-0100,f,أخذ,0.4874,True,-0.0,False
aragpt2,T4,T4-f-0101,f,أخذ,0.4874,True,-0.0,False
aragpt2,T4,T4-f-0102,f,خرج,-1.7006,False,0.0,True
aragpt2,T4,T4-f-0103,f,دخل,-0.4778,False,0.0,True
aragpt2,T4,T4-f-0104,f,عرف,-1.0641,False,0.0,True
aragpt2,T4,T4-f-0105,f,قال,-2.5051,False,0.0,True
aragpt2,T4,T4-f-0106,f,باع,-0.3571,False,-0.0,False
aragpt2,T4,T4-f-0107,f,حضر,0.087,True,0.0,True
aragpt2,T4,T4-f-0108,f,فتح,-0.083,False,0.0,True
aragpt2,T4,T4-f-0109,f,قال,-2.5051,False,0.0,True
aragpt2,T4,T4-f-0110,f,عرف,-1.0641,False,0.0,True
aragpt2,T4,T4-f-0111,f,كسر,-0.7349,False,-0.0,False
aragpt2,T4,T4-f-0112,f,حمل,-0.5439,False,-0.0,False
aragpt2,T4,T4-f-0113,f,كسر,-0.7349,False,-0.0,False
aragpt2,T4,T4-f-0114,f,كسر,-0.7349,False,-0.0,False
aragpt2,T4,T4-f-0115,f,كتب,-0.5631,False,-0.0,False
aragpt2,T4,T4-f-0116,f,قرأ,-0.405,False,0.0,True
aragpt2,T4,T4-f-0117,f,ترك,-0.723,False,0.0,True
aragpt2,T4,T4-f-0118,f,خرج,-1.7006,False,0.0,True
aragpt2,T4,T4-f-0119,f,وجد,0.2702,True,0.0,True
aragpt2,T4,T4-f-0120,f,باع,-0.3571,False,-0.0,False
aragpt2,T4,T4-f-0121,f,حمل,-0.5439,False,-0.0,False
aragpt2,T4,T4-f-0122,f,وجد,0.2702,True,0.0,True
aragpt2,T4,T4-f-0123,f,باع,-0.3571,False,-0.0,False
aragpt2,T4,T4-f-0124,f,باع,-0.3571,False,-0.0,False
aragpt2,T4,T4-f-0125,f,قرأ,-0.405,False,0.0,True
aragpt2,T4,T4-f-0126,f,قرأ,-0.405,False,0.0,True
aragpt2,T4,T4-f-0127,f,وصل,-0.5482,False,-0.0,False
aragpt2,T4,T4-f-0128,f,كسر,-0.7349,False,-0.0,False
aragpt2,T4,T4-f-0129,f,فتح,-0.083,False,0.0,True
aragpt2,T4,T4-f-0130,f,قال,-2.5051,False,0.0,True
aragpt2,T4,T4-f-0131,f,ترك,-0.723,False,0.0,True
aragpt2,T4,T4-f-0132,f,ذهب,0.9387,True,-0.0,False
aragpt2,T4,T4-f-0133,f,فتح,-0.083,False,0.0,True
aragpt2,T4,T4-f-0134,f,قال,-2.5051,False,0.0,True
aragpt2,T4,T4-f-0135,f,خرج,-1.7006,False,0.0,True
aragpt2,T4,T4-f-0136,f,بدأ,-1.1345,False,-0.0,False
aragpt2,T4,T4-f-0137,f,قال,-2.5051,False,0.0,True
aragpt2,T4,T4-f-0138,f,كسر,-0.7349,False,-0.0,False
aragpt2,T4,T4-f-0139,f,كسر,-0.7349,False,-0.0,False
aragpt2,T4,T4-f-0140,f,بدأ,-1.1345,False,-0.0,False
aragpt2,T4,T4-f-0141,f,قال,-2.5051,False,0.0,True
aragpt2,T4,T4-f-0142,f,قال,-2.5051,False,0.0,True
aragpt2,T4,T4-f-0143,f,كسر,-0.7349,False,-0.0,False
aragpt2,T4,T4-f-0144,f,وصل,-0.5482,False,-0.0,False
aragpt2,T4,T4-f-0145,f,عرف,-1.0641,False,0.0,True
aragpt2,T4,T4-f-0146,f,قرأ,-0.405,False,0.0,True
aragpt2,T4,T4-f-0147,f,وجد,0.2702,True,0.0,True
aragpt2,T4,T4-f-0148,f,سمع,0.3764,True,0.0,True
aragpt2,T4,T4-f-0149,f,وجد,0.2702,True,0.0,True
aragpt2,T4,T4-f-0150,f,أخذ,0.4874,True,-0.0,False
aragpt2,T4,T4-f-0151,f,طلب,-1.2765,False,-0.0,False
aragpt2,T4,T4-f-0152,f,فتح,-0.083,False,0.0,True
aragpt2,T4,T4-f-0153,f,حمل,-0.5439,False,-0.0,False
aragpt2,T4,T4-f-0154,f,قرأ,-0.405,False,0.0,True
aragpt2,T4,T4-f-0155,f,بدأ,-1.1345,False,-0.0,False
aragpt2,T4,T4-f-0156,f,قرأ,-0.405,False,0.0,True
aragpt2,T4,T4-f-0157,f,ذهب,0.9387,True,-0.0,False
aragpt2,T4,T4-f-0158,f,طلب,-1.2765,False,-0.0,False
aragpt2,T4,T4-f-0159,f,طلب,-1.2765,False,-0.0,False
aragpt2,T4,T4-f-0160,f,بدأ,-1.1345,False,-0.0,False
aragpt2,T4,T4-f-0161,f,كتب,-0.5631,False,-0.0,False
aragpt2,T4,T4-f-0162,f,دفع,0.7989,True,-0.0,False
aragpt2,T4,T4-f-0163,f,حمل,-0.5439,False,-0.0,False
aragpt2,T4,T4-f-0164,f,وجد,0.2702,True,0.0,True
aragpt2,T4,T4-f-0165,f,خرج,-1.7006,False,0.0,True
aragpt2,T4,T4-f-0166,f,ترك,-0.723,False,0.0,True
aragpt2,T4,T4-f-0167,f,طلب,-1.2765,False,-0.0,False
aragpt2,T4,T4-f-0168,f,طلب,-1.2765,False,-0.0,False
aragpt2,T4,T4-f-0169,f,ترك,-0.723,False,0.0,True
aragpt2,T4,T4-f-0170,f,شاهد,0.6247,True,-0.0,False
aragpt2,T4,T4-f-0171,f,شاهد,0.6247,True,-0.0,False
aragpt2,T4,T4-f-0172,f,شاهد,0.6247,True,-0.0,False
aragpt2,T4,T4-f-0173,f,دفع,0.7989,True,-0.0,False
aragpt2,T4,T4-f-0174,f,فتح,-0.083,False,0.0,True
aragpt2,T4,T4-f-0175,f,دخل,-0.4778,False,0.0,True
aragpt2,T4,T4-f-0176,f,وصل,-0.5482,False,-0.0,False
aragpt2,T4,T4-f-0177,f,كتب,-0.5631,False,-0.0,False
aragpt2,T4,T4-f-0178,f,كسر,-0.7349,False,-0.0,False
aragpt2,T4,T4-f-0179,f,حمل,-0.5439,False,-0.0,False
aragpt2,T4,T4-f-0180,f,باع,-0.3571,False,-0.0,False
aragpt2,T4,T4-f-0181,f,ترك,-0.723,False,0.0,True
aragpt2,T4,T4-f-0182,f,بدأ,-1.1345,False,-0.0,False
aragpt2,T4,T4-f-0183,f,عرف,-1.0641,False,0.0,True
aragpt2,T4,T4-f-0184,f,ترك,-0.723,False,0.0,True
aragpt2,T4,T4-f-0185,f,كتب,-0.5631,False,-0.0,False
aragpt2,T4,T4-f-0186,f,قال,-2.5051,False,0.0,True
aragpt2,T4,T4-f-0187,f,بدأ,-1.1345,False,-0.0,False
aragpt2,T4,T4-f-0188,f,كتب,-0.5631,False,-0.0,False
aragpt2,T4,T4-f-0189,f,حمل,-0.5439,False,-0.0,False
aragpt2,T4,T4-f-0190,f,بدأ,-1.1345,False,-0.0,False
aragpt2,T4,T4-f-0191,f,وجد,0.2702,True,0.0,True
aragpt2,T4,T4-f-0192,f,حمل,-0.5439,False,-0.0,False
aragpt2,T4,T4-f-0193,f,بدأ,-1.1345,False,-0.0,False
aragpt2,T4,T4-f-0194,f,خرج,-1.7006,False,0.0,True
aragpt2,T4,T4-f-0195,f,قال,-2.5051,False,0.0,True
aragpt2,T4,T4-f-0196,f,حضر,0.087,True,0.0,True
aragpt2,T4,T4-f-0197,f,حمل,-0.5439,False,-0.0,False
aragpt2,T4,T4-f-0198,f,عرف,-1.0641,False,0.0,True
aragpt2,T4,T4-f-0199,f,حمل,-0.5439,False,-0.0,False
aragpt2,T4,T4-f-0200,f,وصل,-0.5482,False,-0.0,False
aragpt2,T4,T4-f-0201,f,أخذ,0.4874,True,-0.0,False
aragpt2,T4,T4-f-0202,f,فتح,-0.083,False,0.0,True
aragpt2,T4,T4-f-0203,f,طلب,-1.2765,False,-0.0,False
aragpt2,T4,T4-f-0204,f,قال,-2.5051,False,0.0,True
aragpt2,T4,T4-f-0205,f,دخل,-0.4778,False,0.0,True
aragpt2,T4,T4-f-0206,f,كسر,-0.7349,False,-0.0,False
aragpt2,T4,T4-f-0207,f,حضر,0.087,True,0.0,True
aragpt2,T4,T4-f-0208,f,فتح,-0.083,False,0.0,True
aragpt2,T4,T4-f-0209,f,سمع,0.3764,True,0.0,True
aragpt2,T4,T4-f-0210,f,قرأ,-0.405,False,0.0,True
aragpt2,T4,T4-f-0211,f,فتح,-0.083,False,0.0,True
aragpt2,T4,T4-f-0212,f,بدأ,-1.1345,False,-0.0,False
aragpt2,T4,T4-f-0213,f,وجد,0.2702,True,0.0,True
aragpt2,T4,T4-f-0214,f,شاهد,0.6247,True,-0.0,False
aragpt2,T4,T4-f-0215,f,أخذ,0.4874,True,-0.0,False
aragpt2,T4,T4-f-0216,f,دخل,-0.4778,False,0.0,True
aragpt2,T4,T4-f-0217,f,بدأ,-1.1345,False,-0.0,False
aragpt2,T4,T4-f-0218,f,خرج,-1.7006,False,0.0,True
aragpt2,T4,T4-f-0219,f,حمل,-0.5439,False,-0.0,False
aragpt2,T4,T4-f-0220,f,سمع,0.3764,True,0.0,True
aragpt2,T4,T4-f-0221,f,دخل,-0.4778,False,0.0,True
aragpt2,T4,T4-f-0222,f,بدأ,-1.1345,False,-0.0,False
aragpt2,T4,T4-f-0223,f,عرف,-1.0641,False,0.0,True
aragpt2,T4,T4-f-0224,f,قال,-2.5051,False,0.0,True
aragpt2,T4,T4-f-0225,f,ترك,-0.723,False,0.0,True
aragpt2,T4,T4-f-0226,f,حضر,0.087,True,0.0,True
aragpt2,T4,T4-f-0227,f,طلب,-1.2765,False,-0.0,False
aragpt2,T4,T4-f-0228,f,دخل,-0.4778,False,0.0,True
aragpt2,T4,T4-f-0229,f,دفع,0.7989,True,-0.0,False
aragpt2,T4,T4-f-0230,f,عرف,-1.0641,False,0.0,True
aragpt2,T4,T4-f-0231,f,فتح,-0.083,False,0.0,True
aragpt2,T4,T4-f-0232,f,ترك,-0.723,False,0.0,True
aragpt2,T4,T4-f-0233,f,كسر,-0.7349,False,-0.0,False
aragpt2,T4,T4-f-0234,f,حضر,0.087,True,0.0,True
aragpt2,T4,T4-f-0235,f,ترك,-0.723,False,0.0,True
aragpt2,T4,T4-f-0236,f,وجد,0.2702,True,0.0,True
aragpt2,T4,T4-f-0237,f,سمع,0.3764,True,0.0,True
aragpt2,T4,T4-f-0238,f,أخذ,0.4874,True,-0.0,False
aragpt2,T4,T4-f-0239,f,عرف,-1.0641,False,0.0,True
aragpt2,T4,T4-f-0240,f,باع,-0.3571,False,-0.0,False
aragpt2,T4,T4-f-0241,f,كسر,-0.7349,False,-0.0,False
aragpt2,T4,T4-f-0242,f,وصل,-0.5482,False,-0.0,False
aragpt2,T4,T4-f-0243,f,كتب,-0.5631,False,-0.0,False
aragpt2,T4,T4-f-0244,f,دفع,0.7989,True,-0.0,False
aragpt2,T4,T4-f-0245,f,عرف,-1.0641,False,0.0,True
aragpt2,T4,T4-f-0246,f,وصل,-0.5482,False,-0.0,False
aragpt2,T4,T4-f-0247,f,حضر,0.087,True,0.0,True
aragpt2,T4,T4-f-0248,f,سمع,0.3764,True,0.0,True
aragpt2,T4,T4-f-0249,f,دفع,0.7989,True,-0.0,False
aragpt2,T4,T4-f-0250,f,كسر,-0.7349,False,-0.0,False
aragpt2,T4,T4-f-0251,f,ترك,-0.723,False,0.0,True
aragpt2,T4,T4-f-0252,f,بدأ,-1.1345,False,-0.0,False
aragpt2,T4,T4-f-0253,f,دفع,0.7989,True,-0.0,False
aragpt2,T4,T4-f-0254,f,عرف,-1.0641,False,0.0,True
aragpt2,T4,T4-f-0255,f,حضر,0.087,True,0.0,True
aragpt2,T4,T4-f-0256,f,طلب,-1.2765,False,-0.0,False
aragpt2,T4,T4-f-0257,f,باع,-0.3571,False,-0.0,False
aragpt2,T4,T4-f-0258,f,ذهب,0.9387,True,-0.0,False
aragpt2,T4,T4-f-0259,f,شاهد,0.6247,True,-0.0,False
aragpt2,T4,T4-f-0260,f,ذهب,0.9387,True,-0.0,False
aragpt2,T4,T4-f-0261,f,فتح,-0.083,False,0.0,True
aragpt2,T4,T4-f-0262,f,ترك,-0.723,False,0.0,True
aragpt2,T4,T4-f-0263,f,حمل,-0.5439,False,-0.0,False
aragpt2,T4,T4-f-0264,f,حضر,0.087,True,0.0,True
aragpt2,T4,T4-f-0265,f,سمع,0.3764,True,0.0,True
aragpt2,T4,T4-f-0266,f,فتح,-0.083,False,0.0,True
aragpt2,T4,T4-f-0267,f,وصل,-0.5482,False,-0.0,False
aragpt2,T4,T4-f-0268,f,سمع,0.3764,True,0.0,True
aragpt2,T4,T4-f-0269,f,أخذ,0.4874,True,-0.0,False
aragpt2,T4,T4-f-0270,f,وجد,0.2702,True,0.0,True
aragpt2,T4,T4-f-0271,f,شاهد,0.6247,True,-0.0,False
aragpt2,T4,T4-f-0272,f,خرج,-1.7006,False,0.0,True
aragpt2,T4,T4-f-0273,f,ذهب,0.9387,True,-0.0,False
aragpt2,T4,T4-f-0274,f,حضر,0.087,True,0.0,True
aragpt2,T4,T4-f-0275,f,كتب,-0.5631,False,-0.0,False
aragpt2,T4,T4-f-0276,f,فتح,-0.083,False,0.0,True
aragpt2,T4,T4-f-0277,f,باع,-0.3571,False,-0.0,False
aragpt2,T4,T4-f-0278,f,قال,-2.5051,False,0.0,True
aragpt2,T4,T4-f-0279,f,ترك,-0.723,False,0.0,True
aragpt2,T4,T4-f-0280,f,ترك,-0.723,False,0.0,True
aragpt2,T4,T4-f-0281,f,دفع,0.7989,True,-0.0,False
aragpt2,T4,T4-f-0282,f,حضر,0.087,True,0.0,True
aragpt2,T4,T4-f-0283,f,سمع,0.3764,True,0.0,True
aragpt2,T4,T4-f-0284,f,ذهب,0.9387,True,-0.0,False
aragpt2,T4,T4-f-0285,f,كتب,-0.5631,False,-0.0,False
aragpt2,T4,T4-f-0286,f,سمع,0.3764,True,0.0,True
aragpt2,T4,T4-f-0287,f,سمع,0.3764,True,0.0,True
aragpt2,T4,T4-f-0288,f,كسر,-0.7349,False,-0.0,False
aragpt2,T4,T4-f-0289,f,وصل,-0.5482,False,-0.0,False
aragpt2,T4,T4-f-0290,f,دفع,0.7989,True,-0.0,False
aragpt2,T4,T4-f-0291,f,قرأ,-0.405,False,0.0,True
aragpt2,T4,T4-f-0292,f,قال,-2.5051,False,0.0,True
aragpt2,T4,T4-f-0293,f,قرأ,-0.405,False,0.0,True
aragpt2,T4,T4-f-0294,f,دخل,-0.4778,False,0.0,True
aragpt2,T4,T4-f-0295,f,حمل,-0.5439,False,-0.0,False
aragpt2,T4,T4-f-0296,f,فتح,-0.083,False,0.0,True
aragpt2,T4,T4-f-0297,f,دخل,-0.4778,False,0.0,True
aragpt2,T4,T4-f-0298,f,وجد,0.2702,True,0.0,True
aragpt2,T4,T4-f-0299,f,ذهب,0.9387,True,-0.0,False
aragpt2,T4,T4-f-0300,f,شاهد,0.6247,True,-0.0,False
aragpt2,T4,T4-f-0301,f,خرج,-1.7006,False,0.0,True
aragpt2,T4,T4-f-0302,f,بدأ,-1.1345,False,-0.0,False
aragpt2,T4,T4-f-0303,f,عرف,-1.0641,False,0.0,True
aragpt2,T4,T4-f-0304,f,خرج,-1.7006,False,0.0,True
aragpt2,T4,T4-f-0305,f,عرف,-1.0641,False,0.0,True
aragpt2,T4,T4-f-0306,f,بدأ,-1.1345,False,-0.0,False
aragpt2,T4,T4-f-0307,f,سمع,0.3764,True,0.0,True
aragpt2,T4,T4-f-0308,f,قال,-2.5051,False,0.0,True
aragpt2,T4,T4-f-0309,f,أخذ,0.4874,True,-0.0,False
aragpt2,T4,T4-f-0310,f,خرج,-1.7006,False,0.0,True
aragpt2,T4,T4-f-0311,f,حمل,-0.5439,False,-0.0,False
aragpt2,T4,T4-f-0312,f,حمل,-0.5439,False,-0.0,False
aragpt2,T4,T4-f-0313,f,بدأ,-1.1345,False,-0.0,False
aragpt2,T4,T4-f-0314,f,وجد,0.2702,True,0.0,True
aragpt2,T4,T4-f-0315,f,شاهد,0.6247,True,-0.0,False
aragpt2,T4,T4-f-0316,f,ترك,-0.723,False,0.0,True
aragpt2,T4,T4-f-0317,f,خرج,-1.7006,False,0.0,True
aragpt2,T4,T4-f-0318,f,حضر,0.087,True,0.0,True
aragpt2,T4,T4-f-0319,f,طلب,-1.2765,False,-0.0,False
aragpt2,T4,T4-f-0320,f,خرج,-1.7006,False,0.0,True
aragpt2,T4,T4-f-0321,f,كسر,-0.7349,False,-0.0,False
aragpt2,T4,T4-f-0322,f,ترك,-0.723,False,0.0,True
aragpt2,T4,T4-f-0323,f,شاهد,0.6247,True,-0.0,False
aragpt2,T4,T4-f-0324,f,طلب,-1.2765,False,-0.0,False
aragpt2,T4,T4-f-0325,f,طلب,-1.2765,False,-0.0,False
aragpt2,T4,T4-f-0326,f,فتح,-0.083,False,0.0,True
aragpt2,T4,T4-f-0327,f,كتب,-0.5631,False,-0.0,False
aragpt2,T4,T4-f-0328,f,دفع,0.7989,True,-0.0,False
aragpt2,T4,T4-f-0329,f,أخذ,0.4874,True,-0.0,False
aragpt2,T4,T4-f-0330,f,قرأ,-0.405,False,0.0,True
aragpt2,T4,T4-f-0331,f,قرأ,-0.405,False,0.0,True
aragpt2,T4,T4-f-0332,f,شاهد,0.6247,True,-0.0,False
aragpt2,T4,T4-f-0333,f,وجد,0.2702,True,0.0,True
aragpt2,T4,T4-f-0334,f,طلب,-1.2765,False,-0.0,False
aragpt2,T4,T4-f-0335,f,شاهد,0.6247,True,-0.0,False
aragpt2,T4,T4-f-0336,f,باع,-0.3571,False,-0.0,False
aragpt2,T4,T4-f-0337,f,وجد,0.2702,True,0.0,True
aragpt2,T4,T4-f-0338,f,كتب,-0.5631,False,-0.0,False
aragpt2,T4,T4-f-0339,f,وجد,0.2702,True,0.0,True
aragpt2,T4,T4-f-0340,f,سمع,0.3764,True,0.0,True
aragpt2,T4,T4-f-0341,f,فتح,-0.083,False,0.0,True
aragpt2,T4,T4-f-0342,f,دخل,-0.4778,False,0.0,True
aragpt2,T4,T4-f-0343,f,شاهد,0.6247,True,-0.0,False
aragpt2,T4,T4-f-0344,f,فتح,-0.083,False,0.0,True
aragpt2,T4,T4-f-0345,f,وصل,-0.5482,False,-0.0,False
aragpt2,T4,T4-f-0346,f,باع,-0.3571,False,-0.0,False
aragpt2,T4,T4-f-0347,f,حمل,-0.5439,False,-0.0,False
aragpt2,T4,T4-f-0348,f,دفع,0.7989,True,-0.0,False
aragpt2,T4,T4-f-0349,f,ترك,-0.723,False,0.0,True
aragpt2,T4,T4-f-0350,f,سمع,0.3764,True,0.0,True
aragpt2,T4,T4-f-0351,f,دخل,-0.4778,False,0.0,True
aragpt2,T4,T4-f-0352,f,قال,-2.5051,False,0.0,True
aragpt2,T4,T4-f-0353,f,قال,-2.5051,False,0.0,True
aragpt2,T4,T4-f-0354,f,حمل,-0.5439,False,-0.0,False
aragpt2,T4,T4-f-0355,f,ترك,-0.723,False,0.0,True
aragpt2,T4,T4-f-0356,f,خرج,-1.7006,False,0.0,True
aragpt2,T4,T4-f-0357,f,وصل,-0.5482,False,-0.0,False
aragpt2,T4,T4-f-0358,f,سمع,0.3764,True,0.0,True
aragpt2,T4,T4-f-0359,f,عرف,-1.0641,False,0.0,True
aragpt2,T4,T4-f-0360,f,دخل,-0.4778,False,0.0,True
aragpt2,T4,T4-f-0361,f,طلب,-1.2765,False,-0.0,False
aragpt2,T4,T4-f-0362,f,حمل,-0.5439,False,-0.0,False
aragpt2,T4,T4-f-0363,f,كتب,-0.5631,False,-0.0,False
aragpt2,T4,T4-f-0364,f,دفع,0.7989,True,-0.0,False
aragpt2,T4,T4-f-0365,f,دفع,0.7989,True,-0.0,False
aragpt2,T4,T4-f-0366,f,وصل,-0.5482,False,-0.0,False
aragpt2,T4,T4-f-0367,f,باع,-0.3571,False,-0.0,False
aragpt2,T4,T4-f-0368,f,دفع,0.7989,True,-0.0,False
aragpt2,T4,T4-f-0369,f,ذهب,0.9387,True,-0.0,False
aragpt2,T4,T4-f-0370,f,كتب,-0.5631,False,-0.0,False
aragpt2,T4,T4-f-0371,f,فتح,-0.083,False,0.0,True
aragpt2,T4,T4-f-0372,f,حمل,-0.5439,False,-0.0,False
aragpt2,T4,T4-f-0373,f,بدأ,-1.1345,False,-0.0,False
aragpt2,T4,T4-f-0374,f,دخل,-0.4778,False,0.0,True
aragpt2,T4,T4-f-0375,f,خرج,-1.7006,False,0.0,True
aragpt2,T4,T4-f-0376,f,وصل,-0.5482,False,-0.0,False
aragpt2,T4,T4-f-0377,f,شاهد,0.6247,True,-0.0,False
aragpt2,T4,T4-f-0378,f,عرف,-1.0641,False,0.0,True
aragpt2,T4,T4-f-0379,f,ذهب,0.9387,True,-0.0,False
aragpt2,T4,T4-f-0380,f,باع,-0.3571,False,-0.0,False
aragpt2,T4,T4-f-0381,f,ذهب,0.9387,True,-0.0,False
aragpt2,T4,T4-f-0382,f,سمع,0.3764,True,0.0,True
aragpt2,T4,T4-f-0383,f,وصل,-0.5482,False,-0.0,False
aragpt2,T4,T4-f-0384,f,بدأ,-1.1345,False,-0.0,False
aragpt2,T4,T4-f-0385,f,فتح,-0.083,False,0.0,True
aragpt2,T4,T4-f-0386,f,ترك,-0.723,False,0.0,True
aragpt2,T4,T4-f-0387,f,وجد,0.2702,True,0.0,True
aragpt2,T4,T4-f-0388,f,بدأ,-1.1345,False,-0.0,False
aragpt2,T4,T4-f-0389,f,أخذ,0.4874,True,-0.0,False
aragpt2,T4,T4-f-0390,f,باع,-0.3571,False,-0.0,False
aragpt2,T4,T4-f-0391,f,سمع,0.3764,True,0.0,True
aragpt2,T4,T4-f-0392,f,وصل,-0.5482,False,-0.0,False
aragpt2,T4,T4-f-0393,f,أخذ,0.4874,True,-0.0,False
aragpt2,T4,T4-f-0394,f,ترك,-0.723,False,0.0,True
aragpt2,T4,T4-f-0395,f,أخذ,0.4874,True,-0.0,False
aragpt2,T4,T4-f-0396,f,سمع,0.3764,True,0.0,True
aragpt2,T4,T4-f-0397,f,ذهب,0.9387,True,-0.0,False
aragpt2,T4,T4-f-0398,f,دخل,-0.4778,False,0.0,True
aragpt2,T4,T4-f-0399,f,طلب,-1.2765,False,-0.0,False
aragpt2,T4,T4-f-0400,f,كتب,-0.5631,False,-0.0,False
aragpt2,T4,T4-f-0401,f,عرف,-1.0641,False,0.0,True
aragpt2,T4,T4-f-0402,f,ترك,-0.723,False,0.0,True
aragpt2,T4,T4-f-0403,f,خرج,-1.7006,False,0.0,True
aragpt2,T4,T4-f-0404,f,حضر,0.087,True,0.0,True
aragpt2,T4,T4-f-0405,f,حضر,0.087,True,0.0,True
aragpt2,T4,T4-f-0406,f,قال,-2.5051,False,0.0,True
aragpt2,T4,T4-f-0407,f,ذهب,0.9387,True,-0.0,False
aragpt2,T4,T4-f-0408,f,ترك,-0.723,False,0.0,True
aragpt2,T4,T4-f-0409,f,حضر,0.087,True,0.0,True
aragpt2,T4,T4-f-0410,f,فتح,-0.083,False,0.0,True
aragpt2,T4,T4-f-0411,f,حضر,0.087,True,0.0,True
aragpt2,T4,T4-f-0412,f,وصل,-0.5482,False,-0.0,False
aragpt2,T4,T4-f-0413,f,سمع,0.3764,True,0.0,True
aragpt2,T4,T4-f-0414,f,شاهد,0.6247,True,-0.0,False
aragpt2,T4,T4-f-0415,f,باع,-0.3571,False,-0.0,False
aragpt2,T4,T4-f-0416,f,شاهد,0.6247,True,-0.0,False
aragpt2,T4,T4-f-0417,f,باع,-0.3571,False,-0.0,False
aragpt2,T4,T4-f-0418,f,كتب,-0.5631,False,-0.0,False
aragpt2,T4,T4-f-0419,f,حمل,-0.5439,False,-0.0,False
aragpt2,T4,T4-f-0420,f,وجد,0.2702,True,0.0,True
aragpt2,T4,T4-f-0421,f,وجد,0.2702,True,0.0,True
aragpt2,T4,T4-f-0422,f,سمع,0.3764,True,0.0,True
aragpt2,T4,T4-f-0423,f,دخل,-0.4778,False,0.0,True
aragpt2,T4,T4-f-0424,f,قرأ,-0.405,False,0.0,True
aragpt2,T4,T4-f-0425,f,حمل,-0.5439,False,-0.0,False
aragpt2,T4,T4-f-0426,f,قال,-2.5051,False,0.0,True
aragpt2,T4,T4-f-0427,f,أخذ,0.4874,True,-0.0,False
aragpt2,T4,T4-f-0428,f,أخذ,0.4874,True,-0.0,False
aragpt2,T4,T4-f-0429,f,قرأ,-0.405,False,0.0,True
aragpt2,T4,T4-f-0430,f,كتب,-0.5631,False,-0.0,False
aragpt2,T4,T4-f-0431,f,وجد,0.2702,True,0.0,True
aragpt2,T4,T4-f-0432,f,ذهب,0.9387,True,-0.0,False
aragpt2,T4,T4-f-0433,f,كسر,-0.7349,False,-0.0,False
aragpt2,T4,T4-f-0434,f,قرأ,-0.405,False,0.0,True
aragpt2,T4,T4-f-0435,f,بدأ,-1.1345,False,-0.0,False
aragpt2,T4,T4-f-0436,f,سمع,0.3764,True,0.0,True
aragpt2,T4,T4-f-0437,f,وصل,-0.5482,False,-0.0,False
aragpt2,T4,T4-f-0438,f,عرف,-1.0641,False,0.0,True
aragpt2,T4,T4-f-0439,f,قال,-2.5051,False,0.0,True
aragpt2,T4,T4-f-0440,f,حمل,-0.5439,False,-0.0,False
aragpt2,T4,T4-f-0441,f,باع,-0.3571,False,-0.0,False
aragpt2,T4,T4-f-0442,f,ذهب,0.9387,True,-0.0,False
aragpt2,T4,T4-f-0443,f,دخل,-0.4778,False,0.0,True
aragpt2,T4,T4-f-0444,f,ترك,-0.723,False,0.0,True
aragpt2,T4,T4-f-0445,f,قرأ,-0.405,False,0.0,True
aragpt2,T4,T4-f-0446,f,ترك,-0.723,False,0.0,True
aragpt2,T4,T4-f-0447,f,سمع,0.3764,True,0.0,True
aragpt2,T4,T4-f-0448,f,أخذ,0.4874,True,-0.0,False
aragpt2,T4,T4-f-0449,f,سمع,0.3764,True,0.0,True
aragpt2,T4,T4-f-0450,f,حمل,-0.5439,False,-0.0,False
aragpt2,T4,T4-f-0451,f,ذهب,0.9387,True,-0.0,False
aragpt2,T4,T4-f-0452,f,كسر,-0.7349,False,-0.0,False
aragpt2,T4,T4-f-0453,f,باع,-0.3571,False,-0.0,False
aragpt2,T4,T4-f-0454,f,ذهب,0.9387,True,-0.0,False
aragpt2,T4,T4-f-0455,f,قرأ,-0.405,False,0.0,True
aragpt2,T4,T4-f-0456,f,شاهد,0.6247,True,-0.0,False
aragpt2,T4,T4-f-0457,f,قال,-2.5051,False,0.0,True
aragpt2,T4,T4-f-0458,f,باع,-0.3571,False,-0.0,False
aragpt2,T4,T4-f-0459,f,طلب,-1.2765,False,-0.0,False
aragpt2,T4,T4-f-0460,f,قال,-2.5051,False,0.0,True
aragpt2,T4,T4-f-0461,f,باع,-0.3571,False,-0.0,False
aragpt2,T4,T4-f-0462,f,قال,-2.5051,False,0.0,True
aragpt2,T4,T4-f-0463,f,خرج,-1.7006,False,0.0,True
aragpt2,T4,T4-f-0464,f,ذهب,0.9387,True,-0.0,False
aragpt2,T4,T4-f-0465,f,خرج,-1.7006,False,0.0,True
aragpt2,T4,T4-f-0466,f,دخل,-0.4778,False,0.0,True
aragpt2,T4,T4-f-0467,f,حضر,0.087,True,0.0,True
aragpt2,T4,T4-f-0468,f,وصل,-0.5482,False,-0.0,False
aragpt2,T4,T4-f-0469,f,وصل,-0.5482,False,-0.0,False
aragpt2,T4,T4-f-0470,f,عرف,-1.0641,False,0.0,True
aragpt2,T4,T4-f-0471,f,بدأ,-1.1345,False,-0.0,False
aragpt2,T4,T4-f-0472,f,كتب,-0.5631,False,-0.0,False
aragpt2,T4,T4-f-0473,f,عرف,-1.0641,False,0.0,True
aragpt2,T4,T4-f-0474,f,بدأ,-1.1345,False,-0.0,False
aragpt2,T4,T4-f-0475,f,وصل,-0.5482,False,-0.0,False
aragpt2,T4,T4-f-0476,f,دخل,-0.4778,False,0.0,True
aragpt2,T4,T4-f-0477,f,شاهد,0.6247,True,-0.0,False
aragpt2,T4,T4-f-0478,f,خرج,-1.7006,False,0.0,True
aragpt2,T4,T4-f-0479,f,طلب,-1.2765,False,-0.0,False
aragpt2,T4,T4-f-0480,f,ذهب,0.9387,True,-0.0,False
aragpt2,T4,T4-f-0481,f,كتب,-0.5631,False,-0.0,False
aragpt2,T4,T4-f-0482,f,قال,-2.5051,False,0.0,True
aragpt2,T4,T4-f-0483,f,دفع,0.7989,True,-0.0,False
aragpt2,T4,T4-f-0484,f,حمل,-0.5439,False,-0.0,False
aragpt2,T4,T4-f-0485,f,دفع,0.7989,True,-0.0,False
aragpt2,T4,T4-f-0486,f,أخذ,0.4874,True,-0.0,False
aragpt2,T4,T4-f-0487,f,باع,-0.3571,False,-0.0,False
aragpt2,T4,T4-f-0488,f,بدأ,-1.1345,False,-0.0,False
aragpt2,T4,T4-f-0489,f,ذهب,0.9387,True,-0.0,False
aragpt2,T4,T4-f-0490,f,حضر,0.087,True,0.0,True
aragpt2,T4,T4-f-0491,f,قرأ,-0.405,False,0.0,True
aragpt2,T4,T4-f-0492,f,دفع,0.7989,True,-0.0,False
aragpt2,T4,T4-f-0493,f,فتح,-0.083,False,0.0,True
aragpt2,T4,T4-f-0494,f,دخل,-0.4778,False,0.0,True
aragpt2,T4,T4-f-0495,f,كسر,-0.7349,False,-0.0,False
aragpt2,T4,T4-f-0496,f,أخذ,0.4874,True,-0.0,False
aragpt2,T4,T4-f-0497,f,وجد,0.2702,True,0.0,True
aragpt2,T4,T4-f-0498,f,دخل,-0.4778,False,0.0,True
aragpt2,T4,T4-f-0499,f,كتب,-0.5631,False,-0.0,False
aragpt2,T4,T4-f-0500,f,حضر,0.087,True,0.0,True
aragpt2,T4,T4-f-0501,f,ذهب,0.9387,True,-0.0,False
aragpt2,T4,T4-f-0502,f,فتح,-0.083,False,0.0,True
aragpt2,T4,T4-f-0503,f,ترك,-0.723,False,0.0,True
aragpt2,T4,T4-f-0504,f,فتح,-0.083,False,0.0,True
aragpt2,T4,T4-f-0505,f,طلب,-1.2765,False,-0.0,False
aragpt2,T4,T4-f-0506,f,خرج,-1.7006,False,0.0,True
aragpt2,T4,T4-f-0507,f,طلب,-1.2765,False,-0.0,False
aragpt2,T4,T4-f-0508,f,عرف,-1.0641,False,0.0,True
aragpt2,T4,T4-f-0509,f,قال,-2.5051,False,0.0,True
aragpt2,T4,T4-f-0510,f,أخذ,0.4874,True,-0.0,False
aragpt2,T4,T4-f-0511,f,أخذ,0.4874,True,-0.0,False
aragpt2,T4,T4-f-0512,f,وصل,-0.5482,False,-0.0,False
aragpt2,T4,T4-f-0513,f,دفع,0.7989,True,-0.0,False
aragpt2,T4,T4-f-0514,f,ترك,-0.723,False,0.0,True
aragpt2,T4,T4-f-0515,f,عرف,-1.0641,False,0.0,True
aragpt2,T4,T4-f-0516,f,باع,-0.3571,False,-0.0,False
aragpt2,T4,T4-f-0517,f,قال,-2.5051,False,0.0,True
aragpt2,T4,T4-f-0518,f,دفع,0.7989,True,-0.0,False
aragpt2,T4,T4-f-0519,f,عرف,-1.0641,False,0.0,True
aragpt2,T4,T4-f-0520,f,دخل,-0.4778,False,0.0,True
aragpt2,T4,T4-f-0521,f,فتح,-0.083,False,0.0,True
aragpt2,T4,T4-f-0522,f,ترك,-0.723,False,0.0,True
aragpt2,T4,T4-f-0523,f,ذهب,0.9387,True,-0.0,False
aragpt2,T4,T4-f-0524,f,شاهد,0.6247,True,-0.0,False
aragpt2,T4,T4-f-0525,f,قرأ,-0.405,False,0.0,True
aragpt2,T4,T4-f-0526,f,كسر,-0.7349,False,-0.0,False
aragpt2,T4,T4-f-0527,f,دخل,-0.4778,False,0.0,True
aragpt2,T4,T4-f-0528,f,عرف,-1.0641,False,0.0,True
aragpt2,T4,T4-f-0529,f,خرج,-1.7006,False,0.0,True
aragpt2,T4,T4-f-0530,f,باع,-0.3571,False,-0.0,False
aragpt2,T4,T4-f-0531,f,سمع,0.3764,True,0.0,True
aragpt2,T4,T4-f-0532,f,سمع,0.3764,True,0.0,True
aragpt2,T4,T4-f-0533,f,خرج,-1.7006,False,0.0,True
aragpt2,T4,T4-f-0534,f,وصل,-0.5482,False,-0.0,False
aragpt2,T4,T4-f-0535,f,قرأ,-0.405,False,0.0,True
aragpt2,T4,T4-f-0536,f,دخل,-0.4778,False,0.0,True
aragpt2,T4,T4-f-0537,f,فتح,-0.083,False,0.0,True
aragpt2,T4,T4-f-0538,f,حمل,-0.5439,False,-0.0,False
aragpt2,T4,T4-f-0539,f,سمع,0.3764,True,0.0,True
aragpt2,T4,T4-f-0540,f,حمل,-0.5439,False,-0.0,False
aragpt2,T4,T4-f-0541,f,وصل,-0.5482,False,-0.0,False
aragpt2,T4,T4-f-0542,f,سمع,0.3764,True,0.0,True
aragpt2,T4,T4-f-0543,f,ترك,-0.723,False,0.0,True
aragpt2,T4,T4-f-0544,f,كسر,-0.7349,False,-0.0,False
aragpt2,T4,T4-f-0545,f,كتب,-0.5631,False,-0.0,False
aragpt2,T4,T4-f-0546,f,كتب,-0.5631,False,-0.0,False
aragpt2,T4,T4-f-0547,f,وصل,-0.5482,False,-0.0,False
aragpt2,T4,T4-f-0548,f,دفع,0.7989,True,-0.0,False
aragpt2,T4,T4-f-0549,f,باع,-0.3571,False,-0.0,False
aragpt2,T4,T4-f-0550,f,وجد,0.2702,True,0.0,True
aragpt2,T4,T4-f-0551,f,فتح,-0.083,False,0.0,True
aragpt2,T4,T4-f-0552,f,أخذ,0.4874,True,-0.0,False
aragpt2,T4,T4-f-0553,f,فتح,-0.083,False,0.0,True
aragpt2,T4,T4-f-0554,f,ذهب,0.9387,True,-0.0,False
aragpt2,T4,T4-f-0555,f,ذهب,0.9387,True,-0.0,False
aragpt2,T4,T4-f-0556,f,كتب,-0.5631,False,-0.0,False
aragpt2,T4,T4-f-0557,f,حضر,0.087,True,0.0,True
aragpt2,T4,T4-f-0558,f,حضر,0.087,True,0.0,True
aragpt2,T4,T4-f-0559,f,كتب,-0.5631,False,-0.0,False
aragpt2,T4,T4-f-0560,f,حضر,0.087,True,0.0,True
aragpt2,T4,T4-f-0561,f,ذهب,0.9387,True,-0.0,False
aragpt2,T4,T4-f-0562,f,دفع,0.7989,True,-0.0,False
aragpt2,T4,T4-f-0563,f,شاهد,0.6247,True,-0.0,False
aragpt2,T4,T4-f-0564,f,دفع,0.7989,True,-0.0,False
aragpt2,T4,T4-f-0565,f,دخل,-0.4778,False,0.0,True
aragpt2,T4,T4-f-0566,f,باع,-0.3571,False,-0.0,False
aragpt2,T4,T4-f-0567,f,كتب,-0.5631,False,-0.0,False
aragpt2,T4,T4-f-0568,f,ذهب,0.9387,True,-0.0,False
aragpt2,T4,T4-f-0569,f,قال,-2.5051,False,0.0,True
aragpt2,T4,T4-f-0570,f,كتب,-0.5631,False,-0.0,False
aragpt2,T4,T4-f-0571,f,بدأ,-1.1345,False,-0.0,False
aragpt2,T4,T4-f-0572,f,شاهد,0.6247,True,-0.0,False
aragpt2,T4,T4-f-0573,f,حضر,0.087,True,0.0,True
aragpt2,T4,T4-f-0574,f,فتح,-0.083,False,0.0,True
aragpt2,T4,T4-f-0575,f,قرأ,-0.405,False,0.0,True
aragpt2,T4,T4-f-0576,f,دفع,0.7989,True,-0.0,False
aragpt2,T4,T4-f-0577,f,ترك,-0.723,False,0.0,True
aragpt2,T4,T4-f-0578,f,كسر,-0.7349,False,-0.0,False
aragpt2,T4,T4-f-0579,f,قال,-2.5051,False,0.0,True
aragpt2,T4,T4-f-0580,f,وجد,0.2702,True,0.0,True
aragpt2,T4,T4-f-0581,f,قرأ,-0.405,False,0.0,True
aragpt2,T4,T4-f-0582,f,عرف,-1.0641,False,0.0,True
aragpt2,T4,T4-f-0583,f,كتب,-0.5631,False,-0.0,False
aragpt2,T4,T4-f-0584,f,ترك,-0.723,False,0.0,True
aragpt2,T4,T4-f-0585,f,بدأ,-1.1345,False,-0.0,False
aragpt2,T4,T4-f-0586,f,حمل,-0.5439,False,-0.0,False
aragpt2,T4,T4-f-0587,f,كسر,-0.7349,False,-0.0,False
aragpt2,T4,T4-f-0588,f,ترك,-0.723,False,0.0,True
aragpt2,T4,T4-f-0589,f,أخذ,0.4874,True,-0.0,False
aragpt2,T4,T4-f-0590,f,كتب,-0.5631,False,-0.0,False
aragpt2,T4,T4-f-0591,f,قال,-2.5051,False,0.0,True
aragpt2,T4,T4-f-0592,f,باع,-0.3571,False,-0.0,False
aragpt2,T4,T4-f-0593,f,شاهد,0.6247,True,-0.0,False
aragpt2,T4,T4-f-0594,f,بدأ,-1.1345,False,-0.0,False
aragpt2,T4,T4-f-0595,f,حمل,-0.5439,False,-0.0,False
aragpt2,T4,T4-f-0596,f,أخذ,0.4874,True,-0.0,False
aragpt2,T4,T4-f-0597,f,باع,-0.3571,False,-0.0,False
aragpt2,T4,T4-f-0598,f,طلب,-1.2765,False,-0.0,False
aragpt2,T4,T4-f-0599,f,دخل,-0.4778,False,0.0,True
aragpt2,T5,T5-m-0000,m,قرأ,2.2633,True,1.8583,True
aragpt2,T5,T5-m-0001,m,باع,2.9782,True,2.6211,True
aragpt2,T5,T5-m-0002,m,خرج,0.4282,True,-1.2723,False
aragpt2,T5,T5-m-0003,m,أخذ,1.2083,True,1.6957,True
aragpt2,T5,T5-m-0004,m,كسر,5.4691,True,4.7342,True
aragpt2,T5,T5-m-0005,m,عرف,6.4956,True,5.4315,True
aragpt2,T5,T5-m-0006,m,وصل,1.3071,True,0.7589,True
aragpt2,T5,T5-m-0007,m,خرج,-0.1001,False,-1.8007,False
aragpt2,T5,T5-m-0008,m,طلب,4.1884,True,2.9119,True
aragpt2,T5,T5-m-0009,m,فتح,3.6868,True,3.6038,True
aragpt2,T5,T5-m-0010,m,باع,11.9604,True,11.6033,True
aragpt2,T5,T5-m-0011,m,قال,-1.0499,False,-3.555,False
aragpt2,T5,T5-m-0012,m,خرج,-9.905,False,-11.6056,False
aragpt2,T5,T5-m-0013,m,دفع,3.0764,True,3.8753,True
aragpt2,T5,T5-m-0014,m,حمل,3.469,True,2.9251,True
aragpt2,T5,T5-m-0015,m,خرج,-2.0171,False,-3.7177,False
aragpt2,T5,T5-m-0016,m,باع,1.7936,True,1.4365,True
aragpt2,T5,T5-m-0017,m,كتب,5.7188,True,5.1557,True
aragpt2,T5,T5-m-0018,m,قال,-1.8583,False,-4.3634,False
aragpt2,T5,T5-m-0019,m,فتح,-1.7907,False,-1.8737,False
aragpt2,T5,T5-m-0020,m,وصل,2.5559,True,2.0077,True
aragpt2,T5,T5-m-0021,m,سمع,-2.2694,False,-1.893,False
aragpt2,T5,T5-m-0022,m,ترك,-3.9642,False,-4.6872,False
aragpt2,T5,T5-m-0023,m,دفع,7.351,True,8.1499,True
aragpt2,T5,T5-m-0024,m,شاهد,8.0179,True,8.6426,True
aragpt2,T5,T5-m-0025,m,عرف,0.0046,True,-1.0595,False
aragpt2,T5,T5-m-0026,m,شاهد,3.5431,True,4.1678,True
aragpt2,T5,T5-m-0027,m,ترك,3.6847,True,2.9617,True
aragpt2,T5,T5-m-0028,m,ترك,5.5036,True,4.7806,True
aragpt2,T5,T5-m-0029,m,عرف,0.2159,True,-0.8482,False
aragpt2,T5,T5-m-0030,m,طلب,3.3295,True,2.053,True
aragpt2,T5,T5-m-0031,m,باع,5.1406,True,4.7836,True
aragpt2,T5,T5-m-0032,m,كتب,2.2301,True,1.667,True
aragpt2,T5,T5-m-0033,m,عرف,4.9999,True,3.9358,True
aragpt2,T5,T5-m-0034,m,دخل,-4.1716,False,-4.6495,False
aragpt2,T5,T5-m-0035,m,حمل,2.3144,True,1.7705,True
aragpt2,T5,T5-m-0036,m,وصل,-0.9667,False,-1.515,False
aragpt2,T5,T5-m-0037,m,قرأ,2.7641,True,2.3591,True
aragpt2,T5,T5-m-0038,m,قرأ,-3.7584,False,-4.1635,False
aragpt2,T5,T5-m-0039,m,دفع,4.1656,True,4.9645,True
aragpt2,T5,T5-m-0040,m,بدأ,0.4333,True,-0.7012,False
aragpt2,T5,T5-m-0041,m,دفع,4.0457,True,4.8446,True
aragpt2,T5,T5-m-0042,m,عرف,0.9668,True,-0.0973,False
aragpt2,T5,T5-m-0043,m,ترك,5.0425,True,4.3195,True
aragpt2,T5,T5-m-0044,m,كسر,3.9693,True,3.2344,True
aragpt2,T5,T5-m-0045,m,حمل,2.237,True,1.6931,True
aragpt2,T5,T5-m-0046,m,كتب,-3.0069,False,-3.57,False
aragpt2,T5,T5-m-0047,m,عرف,-1.2189,False,-2.283,False
aragpt2,T5,T5-m-0048,m,ذهب,1.7422,True,2.6809,True
aragpt2,T5,T5-m-0049,m,وجد,0.6684,True,0.9385,True
aragpt2,T5,T5-m-0050,m,دفع,1.3878,True,2.1867,True
aragpt2,T5,T5-m-0051,m,كسر,6.15,True,5.4151,True
aragpt2,T5,T5-m-0052,m,أخذ,2.2168,True,2.7042,True
aragpt2,T5,T5-m-0053,m,باع,2.7378,True,2.3808,True
aragpt2,T5,T5-m-0054,m,طلب,6.0509,True,4.7744,True
aragpt2,T5,T5-m-0055,m,وجد,5.4395,True,5.7096,True
aragpt2,T5,T5-m-0056,m,فتح,2.2496,True,2.1666,True
aragpt2,T5,T5-m-0057,m,قرأ,0.5439,True,0.1389,True
aragpt2,T5,T5-m-0058,m,حمل,2.2742,True,1.7303,True
aragpt2,T5,T5-m-0059,m,ذهب,2.0317,True,2.9704,True
aragpt2,T5,T5-m-0060,m,كسر,4.6755,True,3.9406,True
aragpt2,T5,T5-m-0061,m,حضر,2.1832,True,2.2702,True
aragpt2,T5,T5-m-0062,m,عرف,1.4989,True,0.4348,True
aragpt2,T5,T5-m-0063,m,حمل,11.9856,True,11.4417,True
aragpt2,T5,T5-m-0064,m,وصل,4.8927,True,4.3445,True
aragpt2,T5,T5-m-0065,m,كتب,-1.3855,False,-1.9486,False
aragpt2,T5,T5-m-0066,m,بدأ,-2.4328,False,-3.5673,False
aragpt2,T5,T5-m-0067,m,شاهد,3.014,True,3.6387,True
aragpt2,T5,T5-m-0068,m,ترك,9.3899,True,8.6669,True
aragpt2,T5,T5-m-0069,m,خرج,2.6081,True,0.9075,True
aragpt2,T5,T5-m-0070,m,قرأ,-0.4885,False,-0.8935,False
aragpt2,T5,T5-m-0071,m,سمع,3.5241,True,3.9005,True
aragpt2,T5,T5-m-0072,m,عرف,3.5612,True,2.4971,True
aragpt2,T5,T5-m-0073,m,خرج,5.0246,True,3.324,True
aragpt2,T5,T5-m-0074,m,دفع,1.7126,True,2.5115,True
aragpt2,T5,T5-m-0075,m,باع,3.6442,True,3.2872,True
aragpt2,T5,T5-m-0076,m,بدأ,7.5979,True,6.4633,True
aragpt2,T5,T5-m-0077,m,كتب,-0.514,False,-1.077,False
aragpt2,T5,T5-m-0078,m,حمل,6.6598,True,6.1159,True
aragpt2,T5,T5-m-0079,m,بدأ,-1.9167,False,-3.0512,False
aragpt2,T5,T5-m-0080,m,دفع,13.4642,True,14.2631,True
aragpt2,T5,T5-m-0081,m,كسر,3.6897,True,2.9548,True
aragpt2,T5,T5-m-0082,m,شاهد,1.7031,True,2.3277,True
aragpt2,T5,T5-m-0083,m,فتح,3.0264,True,2.9434,True
aragpt2,T5,T5-m-0084,m,بدأ,2.5321,True,1.3975,True
aragpt2,T5,T5-m-0085,m,ذهب,2.1537,True,3.0924,True
aragpt2,T5,T5-m-0086,m,وجد,1.3771,True,1.6473,True
aragpt2,T5,T5-m-0087,m,شاهد,5.4735,True,6.0982,True
aragpt2,T5,T5-m-0088,m,حمل,-2.8806,False,-3.4245,False
aragpt2,T5,T5-m-0089,m,بدأ,-0.4329,False,-1.5675,False
aragpt2,T5,T5-m-0090,m,طلب,-3.7961,False,-5.0726,False
aragpt2,T5,T5-m-0091,m,خرج,-1.4115,False,-3.112,False
aragpt2,T5,T5-m-0092,m,ترك,13.0533,True,12.3303,True
aragpt2,T5,T5-m-0093,m,دخل,5.8296,True,5.3518,True
aragpt2,T5,T5-m-0094,m,قرأ,-2.3495,False,-2.7545,False
aragpt2,T5,T5-m-0095,m,ذهب,0.8946,True,1.8333,True
aragpt2,T5,T5-m-0096,m,حضر,4.3873,True,4.4743,True
aragpt2,T5,T5-m-0097,m,دخل,2.272,True,1.7942,True
aragpt2,T5,T5-m-0098,m,عرف,3.0413,True,1.9772,True
aragpt2,T5,T5-m-0099,m,بدأ,-3.2052,False,-4.3398,False
aragpt2,T5,T5-m-0100,m,عرف,-1.4965,False,-2.5606,False
aragpt2,T5,T5-m-0101,m,سمع,3.1591,True,3.5355,True
aragpt2,T5,T5-m-0102,m,قال,-2.8006,False,-5.3057,False
aragpt2,T5,T5-m-0103,m,ترك,13.3122,True,12.5892,True
aragpt2,T5,T5-m-0104,m,قال,1.6865,True,-0.8186,False
aragpt2,T5,T5-m-0105,m,ترك,15.4396,True,14.7167,True
aragpt2,T5,T5-m-0106,m,ذهب,-4.0869,False,-3.1482,False
aragpt2,T5,T5-m-0107,m,ذهب,3.3482,True,4.2869,True
aragpt2,T5,T5-m-0108,m,باع,8.7278,True,8.3707,True
aragpt2,T5,T5-m-0109,m,عرف,-2.7143,False,-3.7784,False
aragpt2,T5,T5-m-0110,m,خرج,2.2929,True,0.5924,True
aragpt2,T5,T5-m-0111,m,حضر,0.8249,True,0.9118,True
aragpt2,T5,T5-m-0112,m,قال,9.2925,True,6.7874,True
aragpt2,T5,T5-m-0113,m,وصل,0.8901,True,0.3419,True
aragpt2,T5,T5-m-0114,m,طلب,1.9221,True,0.6456,True
aragpt2,T5,T5-m-0115,m,أخذ,1.3406,True,1.828,True
aragpt2,T5,T5-m-0116,m,خرج,5.6985,True,3.9979,True
aragpt2,T5,T5-m-0117,m,طلب,5.6595,True,4.383,True
aragpt2,T5,T5-m-0118,m,فتح,4.1025,True,4.0195,True
aragpt2,T5,T5-m-0119,m,عرف,3.7314,True,2.6673,True
aragpt2,T5,T5-m-0120,m,خرج,2.8922,True,1.1917,True
aragpt2,T5,T5-m-0121,m,فتح,0.4774,True,0.3944,True
aragpt2,T5,T5-m-0122,m,فتح,2.8765,True,2.7935,True
aragpt2,T5,T5-m-0123,m,قال,3.5258,True,1.0206,True
aragpt2,T5,T5-m-0124,m,ذهب,-2.3627,False,-1.424,False
aragpt2,T5,T5-m-0125,m,بدأ,0.9922,True,-0.1423,False
aragpt2,T5,T5-m-0126,m,قرأ,2.8485,True,2.4435,True
aragpt2,T5,T5-m-0127,m,فتح,2.8045,True,2.7215,True
aragpt2,T5,T5-m-0128,m,وصل,0.2004,True,-0.3479,False
aragpt2,T5,T5-m-0129,m,قال,7.224,True,4.7188,True
aragpt2,T5,T5-m-0130,m,خرج,1.4766,True,-0.224,False
aragpt2,T5,T5-m-0131,m,طلب,4.0953,True,2.8188,True
aragpt2,T5,T5-m-0132,m,قرأ,4.9585,True,4.5534,True
aragpt2,T5,T5-m-0133,m,قال,3.084,True,0.5789,True
aragpt2,T5,T5-m-0134,m,فتح,1.5782,True,1.4952,True
aragpt2,T5,T5-m-0135,m,باع,8.4098,True,8.0527,True
aragpt2,T5,T5-m-0136,m,أخذ,-1.3992,False,-0.9118,False
aragpt2,T5,T5-m-0137,m,ذهب,0.0657,True,1.0045,True
aragpt2,T5,T5-m-0138,m,دفع,2.062,True,2.8609,True
aragpt2,T5,T5-m-0139,m,باع,16.238,True,15.881,True
aragpt2,T5,T5-m-0140,m,باع,6.0935,True,5.7364,True
aragpt2,T5,T5-m-0141,m,حمل,8.2161,True,7.6722,True
aragpt2,T5,T5-m-0142,m,أخذ,-3.912,False,-3.4246,False
aragpt2,T5,T5-m-0143,m,أخذ,1.7775,True,2.2649,True
aragpt2,T5,T5-m-0144,m,وجد,1.5679,True,1.838,True
aragpt2,T5,T5-m-0145,m,وجد,6.9646,True,7.2348,True
aragpt2,T5,T5-m-0146,m,كسر,6.753,True,6.0181,True
aragpt2,T5,T5-m-0147,m,باع,3.1701,True,2.813,True
aragpt2,T5,T5-m-0148,m,سمع,-3.8299,False,-3.4535,False
aragpt2,T5,T5-m-0149,m,دخل,-2.3873,False,-2.8652,False
aragpt2,T5,T5-m-0150,m,كتب,5.788,True,5.2249,True
aragpt2,T5,T5-m-0151,m,دفع,4.5848,True,5.3837,True
aragpt2,T5,T5-m-0152,m,فتح,2.4789,True,2.3959,True
aragpt2,T5,T5-m-0153,m,دفع,11.7798,True,12.5787,True
aragpt2,T5,T5-m-0154,m,دفع,5.5225,True,6.3214,True
aragpt2,T5,T5-m-0155,m,دخل,5.7536,True,5.2758,True
aragpt2,T5,T5-m-0156,m,أخذ,1.2049,True,1.6923,True
aragpt2,T5,T5-m-0157,m,بدأ,-1.8491,False,-2.9836,False
aragpt2,T5,T5-m-0158,m,بدأ,0.2918,True,-0.8427,False
aragpt2,T5,T5-m-0159,m,حضر,-0.3832,False,-0.2962,False
aragpt2,T5,T5-m-0160,m,عرف,2.2698,True,1.2057,True
aragpt2,T5,T5-m-0161,m,خرج,1.1553,True,-0.5453,False
aragpt2,T5,T5-m-0162,m,كسر,1.7097,True,0.9748,True
aragpt2,T5,T5-m-0163,m,كتب,1.4624,True,0.8993,True
aragpt2,T5,T5-m-0164,m,حضر,5.1711,True,5.2581,True
aragpt2,T5,T5-m-0165,m,بدأ,0.6977,True,-0.4368,False
aragpt2,T5,T5-m-0166,m,دخل,-6.3418,False,-6.8196,False
aragpt2,T5,T5-m-0167,m,أخذ,12.3968,True,12.8842,True
aragpt2,T5,T5-m-0168,m,وجد,4.7608,True,5.031,True
aragpt2,T5,T5-m-0169,m,قرأ,2.4795,True,2.0745,True
aragpt2,T5,T5-m-0170,m,كتب,7.4128,True,6.8497,True
aragpt2,T5,T5-m-0171,m,ترك,-0.0488,False,-0.7718,False
aragpt2,T5,T5-m-0172,m,عرف,-4.4961,False,-5.5602,False
aragpt2,T5,T5-m-0173,m,وجد,-2.8228,False,-2.5526,False
aragpt2,T5,T5-m-0174,m,دخل,0.5022,True,0.0244,True
aragpt2,T5,T5-m-0175,m,خرج,0.8431,True,-0.8575,False
aragpt2,T5,T5-m-0176,m,وصل,0.9134,True,0.3652,True
aragpt2,T5,T5-m-0177,m,ذهب,-0.8896,False,0.0491,True
aragpt2,T5,T5-m-0178,m,سمع,1.105,True,1.4814,True
aragpt2,T5,T5-m-0179,m,ذهب,-3.5908,False,-2.6521,False
aragpt2,T5,T5-m-0180,m,ترك,2.5524,True,1.8294,True
aragpt2,T5,T5-m-0181,m,وصل,2.3426,True,1.7944,True
aragpt2,T5,T5-m-0182,m,أخذ,7.4564,True,7.9438,True
aragpt2,T5,T5-m-0183,m,وصل,1.9361,True,1.3879,True
aragpt2,T5,T5-m-0184,m,قرأ,-0.9758,False,-1.3809,False
aragpt2,T5,T5-m-0185,m,وجد,-1.4889,False,-1.2188,False
aragpt2,T5,T5-m-0186,m,حمل,2.0697,True,1.5258,True
aragpt2,T5,T5-m-0187,m,ترك,7.9059,True,7.1829,True
aragpt2,T5,T5-m-0188,m,سمع,-3.4732,False,-3.0968,False
aragpt2,T5,T5-m-0189,m,خرج,6.3324,True,4.6319,True
aragpt2,T5,T5-m-0190,m,حضر,2.9978,True,3.0847,True
aragpt2,T5,T5-m-0191,m,أخذ,1.384,True,1.8714,True
aragpt2,T5,T5-m-0192,m,شاهد,4.947,True,5.5717,True
aragpt2,T5,T5-m-0193,m,عرف,-0.0426,False,-1.1067,False
aragpt2,T5,T5-m-0194,m,وجد,2.9373,True,3.2074,True
aragpt2,T5,T5-m-0195,m,سمع,6.5597,True,6.9362,True
aragpt2,T5,T5-m-0196,m,حمل,3.4248,True,2.8809,True
aragpt2,T5,T5-m-0197,m,كسر,1.3564,True,0.6215,True
aragpt2,T5,T5-m-0198,m,دخل,2.4709,True,1.9931,True
aragpt2,T5,T5-m-0199,m,كتب,0.4536,True,-0.1095,False
aragpt2,T5,T5-m-0200,m,دفع,0.0976,True,0.8965,True
aragpt2,T5,T5-m-0201,m,كتب,-2.497,False,-3.0601,False
aragpt2,T5,T5-m-0202,m,كسر,7.2195,True,6.4847,True
aragpt2,T5,T5-m-0203,m,خرج,3.5581,True,1.8575,True
aragpt2,T5,T5-m-0204,m,كسر,1.4307,True,0.6958,True
aragpt2,T5,T5-m-0205,m,ذهب,0.2244,True,1.1631,True
aragpt2,T5,T5-m-0206,m,بدأ,0.0758,True,-1.0587,False
aragpt2,T5,T5-m-0207,m,باع,7.5915,True,7.2344,True
aragpt2,T5,T5-m-0208,m,دفع,0.2718,True,1.0707,True
aragpt2,T5,T5-m-0209,m,حضر,-1.5771,False,-1.4901,False
aragpt2,T5,T5-m-0210,m,طلب,6.8456,True,5.5691,True
aragpt2,T5,T5-m-0211,m,كسر,10.4075,True,9.6727,True
aragpt2,T5,T5-m-0212,m,كسر,1.7408,True,1.0059,True
aragpt2,T5,T5-m-0213,m,قرأ,0.3433,True,-0.0618,False
aragpt2,T5,T5-m-0214,m,باع,8.029,True,7.672,True
aragpt2,T5,T5-m-0215,m,فتح,1.6418,True,1.5588,True
aragpt2,T5,T5-m-0216,m,وصل,2.4504,True,1.9022,True
aragpt2,T5,T5-m-0217,m,قرأ,5.3499,True,4.9449,True
aragpt2,T5,T5-m-0218,m,سمع,-1.6944,False,-1.3179,False
aragpt2,T5,T5-m-0219,m,سمع,-0.2734,False,0.103,True
aragpt2,T5,T5-m-0220,m,وجد,-1.093,False,-0.8229,False
aragpt2,T5,T5-m-0221,m,دفع,4.3394,True,5.1383,True
aragpt2,T5,T5-m-0222,m,بدأ,-2.0384,False,-3.173,False
aragpt2,T5,T5-m-0223,m,فتح,2.2579,True,2.1749,True
aragpt2,T5,T5-m-0224,m,وصل,2.4406,True,1.8924,True
aragpt2,T5,T5-m-0225,m,كسر,3.5552,True,2.8204,True
aragpt2,T5,T5-m-0226,m,دخل,5.0962,True,4.6183,True
aragpt2,T5,T5-m-0227,m,دخل,-1.4424,False,-1.9202,False
aragpt2,T5,T5-m-0228,m,كسر,4.6719,True,3.9371,True
aragpt2,T5,T5-m-0229,m,ترك,2.4632,True,1.7402,True
aragpt2,T5,T5-m-0230,m,أخذ,6.4391,True,6.9265,True
aragpt2,T5,T5-m-0231,m,حمل,-0.6001,False,-1.144,False
aragpt2,T5,T5-m-0232,m,حمل,4.8681,True,4.3242,True
aragpt2,T5,T5-m-0233,m,سمع,-0.506,False,-0.1296,False
aragpt2,T5,T5-m-0234,m,باع,6.1541,True,5.7971,True
aragpt2,T5,T5-m-0235,m,شاهد,-1.3972,False,-0.7725,False
aragpt2,T5,T5-m-0236,m,حمل,0.8507,True,0.3068,True
aragpt2,T5,T5-m-0237,m,حضر,2.0824,True,2.1694,True
aragpt2,T5,T5-m-0238,m,أخذ,-3.4229,False,-2.9355,False
aragpt2,T5,T5-m-0239,m,كتب,1.1455,True,0.5824,True
aragpt2,T5,T5-m-0240,m,ذهب,3.9764,True,4.9151,True
aragpt2,T5,T5-m-0241,m,كتب,-1.7819,False,-2.345,False
aragpt2,T5,T5-m-0242,m,قال,2.7918,True,0.2867,True
aragpt2,T5,T5-m-0243,m,كتب,-0.178,False,-0.7411,False
aragpt2,T5,T5-m-0244,m,وصل,-1.2213,False,-1.7695,False
aragpt2,T5,T5-m-0245,m,كسر,4.761,True,4.0262,True
aragpt2,T5,T5-m-0246,m,قال,-3.9374,False,-6.4425,False
aragpt2,T5,T5-m-0247,m,كسر,12.9489,True,12.214,True
aragpt2,T5,T5-m-0248,m,دفع,-3.7342,False,-2.9353,False
aragpt2,T5,T5-m-0249,m,دخل,1.1859,True,0.708,True
aragpt2,T5,T5-m-0250,m,كتب,-10.5399,False,-11.1029,False
aragpt2,T5,T5-m-0251,m,باع,6.688,True,6.331,True
aragpt2,T5,T5-m-0252,m,خرج,12.8867,True,11.1862,True
aragpt2,T5,T5-m-0253,m,طلب,10.8568,True,9.5803,True
aragpt2,T5,T5-m-0254,m,وصل,2.2083,True,1.6601,True
aragpt2,T5,T5-m-0255,m,كتب,0.9649,True,0.4018,True
aragpt2,T5,T5-m-0256,m,باع,15.0237,True,14.6667,True
aragpt2,T5,T5-m-0257,m,حضر,4.3455,True,4.4324,True
aragpt2,T5,T5-m-0258,m,كتب,1.4557,True,0.8927,True
aragpt2,T5,T5-m-0259,m,كتب,3.2743,True,2.7112,True
aragpt2,T5,T5-m-0260,m,طلب,-0.2187,False,-1.4952,False
aragpt2,T5,T5-m-0261,m,دخل,3.0234,True,2.5456,True
aragpt2,T5,T5-m-0262,m,دفع,1.9083,True,2.7072,True
aragpt2,T5,T5-m-0263,m,شاهد,9.5603,True,10.185,True
aragpt2,T5,T5-m-0264,m,قال,-0.5033,False,-3.0084,False
aragpt2,T5,T5-m-0265,m,قرأ,0.2764,True,-0.1286,False
aragpt2,T5,T5-m-0266,m,قال,3.0009,True,0.4958,True
aragpt2,T5,T5-m-0267,m,أخذ,-0.7031,False,-0.2157,False
aragpt2,T5,T5-m-0268,m,كتب,1.4503,True,0.8872,True
aragpt2,T5,T5-m-0269,m,دفع,1.5018,True,2.3007,True
aragpt2,T5,T5-m-0270,m,خرج,-4.5208,False,-6.2214,False
aragpt2,T5,T5-m-0271,m,بدأ,1.5816,True,0.4471,True
aragpt2,T5,T5-m-0272,m,قال,1.5147,True,-0.9905,False
aragpt2,T5,T5-m-0273,m,كسر,2.7625,True,2.0276,True
aragpt2,T5,T5-m-0274,m,بدأ,0.6687,True,-0.4658,False
aragpt2,T5,T5-m-0275,m,أخذ,5.4192,True,5.9066,True
aragpt2,T5,T5-m-0276,m,وصل,4.5448,True,3.9966,True
aragpt2,T5,T5-m-0277,m,بدأ,-0.0377,False,-1.1723,False
aragpt2,T5,T5-m-0278,m,دخل,5.9079,True,5.43,True
aragpt2,T5,T5-m-0279,m,سمع,8.0111,True,8.3875,True
aragpt2,T5,T5-m-0280,m,شاهد,3.0876,True,3.7123,True
aragpt2,T5,T5-m-0281,m,سمع,1.8311,True,2.2075,True
aragpt2,T5,T5-m-0282,m,كسر,11.9903,True,11.2555,True
aragpt2,T5,T5-m-0283,m,سمع,4.5454,True,4.9218,True
aragpt2,T5,T5-m-0284,m,كسر,9.9325,True,9.1976,True
aragpt2,T5,T5-m-0285,m,كتب,-0.2956,False,-0.8587,False
aragpt2,T5,T5-m-0286,m,دفع,5.7198,True,6.5187,True
aragpt2,T5,T5-m-0287,m,دفع,2.4611,True,3.26,True
aragpt2,T5,T5-m-0288,m,حمل,0.0247,True,-0.5193,False
aragpt2,T5,T5-m-0289,m,ترك,2.5863,True,1.8633,True
aragpt2,T5,T5-m-0290,m,خرج,4.1457,True,2.4451,True
aragpt2,T5,T5-m-0291,m,عرف,-2.3154,False,-3.3795,False
aragpt2,T5,T5-m-0292,m,قال,2.3244,True,-0.1808,False
aragpt2,T5,T5-m-0293,m,عرف,-2.288,False,-3.3521,False
aragpt2,T5,T5-m-0294,m,شاهد,6.3589,True,6.9836,True
aragpt2,T5,T5-m-0295,m,سمع,1.3189,True,1.6953,True
aragpt2,T5,T5-m-0296,m,كسر,3.4728,True,2.7379,True
aragpt2,T5,T5-m-0297,m,حمل,1.526,True,0.9821,True
aragpt2,T5,T5-m-0298,m,وجد,3.1495,True,3.4197,True
aragpt2,T5,T5-m-0299,m,حمل,14.982,True,14.4381,True
aragpt2,T5,T5-m-0300,m,بدأ,1.4403,True,0.3058,True
aragpt2,T5,T5-m-0301,m,شاهد,1.8881,True,2.5128,True
aragpt2,T5,T5-m-0302,m,ترك,0.9063,True,0.1833,True
aragpt2,T5,T5-m-0303,m,شاهد,-0.6617,False,-0.037,False
aragpt2,T5,T5-m-0304,m,وصل,2.5323,True,1.9841,True
aragpt2,T5,T5-m-0305,m,فتح,2.9448,True,2.8618,True
aragpt2,T5,T5-m-0306,m,دفع,3.2641,True,4.063,True
aragpt2,T5,T5-m-0307,m,خرج,2.0366,True,0.336,True
aragpt2,T5,T5-m-0308,m,قال,-1.9109,False,-4.4161,False
aragpt2,T5,T5-m-0309,m,كتب,1.5641,True,1.001,True
aragpt2,T5,T5-m-0310,m,دفع,4.2293,True,5.0282,True
aragpt2,T5,T5-m-0311,m,سمع,0.9796,True,1.356,True
aragpt2,T5,T5-m-0312,m,خرج,0.6762,True,-1.0244,False
aragpt2,T5,T5-m-0313,m,شاهد,1.3384,True,1.9631,True
aragpt2,T5,T5-m-0314,m,قرأ,2.0682,True,1.6632,True
aragpt2,T5,T5-m-0315,m,عرف,-1.1336,False,-2.1977,False
aragpt2,T5,T5-m-0316,m,دخل,1.7028,True,1.2249,True
aragpt2,T5,T5-m-0317,m,أخذ,5.7535,True,6.2409,True
aragpt2,T5,T5-m-0318,m,خرج,6.9193,True,5.2187,True
aragpt2,T5,T5-m-0319,m,باع,6.2461,True,5.8891,True
aragpt2,T5,T5-m-0320,m,خرج,-0.7083,False,-2.4089,False
aragpt2,T5,T5-m-0321,m,قرأ,0.4839,True,0.0789,True
aragpt2,T5,T5-m-0322,m,وجد,5.2402,True,5.5104,True
aragpt2,T5,T5-m-0323,m,دخل,-0.5088,False,-0.9866,False
aragpt2,T5,T5-m-0324,m,قرأ,1.422,True,1.017,True
aragpt2,T5,T5-m-0325,m,قرأ,-0.2171,False,-0.6221,False
aragpt2,T5,T5-m-0326,m,أخذ,7.2787,True,7.7661,True
aragpt2,T5,T5-m-0327,m,ترك,4.4194,True,3.6964,True
aragpt2,T5,T5-m-0328,m,خرج,3.3671,True,1.6665,True
aragpt2,T5,T5-m-0329,m,قرأ,1.2574,True,0.8524,True
aragpt2,T5,T5-m-0330,m,قرأ,1.1587,True,0.7537,True
aragpt2,T5,T5-m-0331,m,وجد,0.1334,True,0.4036,True
aragpt2,T5,T5-m-0332,m,خرج,-2.2075,False,-3.908,False
aragpt2,T5,T5-m-0333,m,ترك,1.8912,True,1.1682,True
aragpt2,T5,T5-m-0334,m,أخذ,4.8037,True,5.2911,True
aragpt2,T5,T5-m-0335,m,أخذ,14.67,True,15.1574,True
aragpt2,T5,T5-m-0336,m,باع,1.7905,True,1.4334,True
aragpt2,T5,T5-m-0337,m,باع,-2.8079,False,-3.1649,False
aragpt2,T5,T5-m-0338,m,أخذ,9.0378,True,9.5252,True
aragpt2,T5,T5-m-0339,m,خرج,1.0542,True,-0.6463,False
aragpt2,T5,T5-m-0340,m,دفع,5.2207,True,6.0196,True
aragpt2,T5,T5-m-0341,m,كتب,1.7762,True,1.2131,True
aragpt2,T5,T5-m-0342,m,عرف,2.1707,True,1.1066,True
aragpt2,T5,T5-m-0343,m,بدأ,6.4787,True,5.3441,True
aragpt2,T5,T5-m-0344,m,خرج,3.763,True,2.0624,True
aragpt2,T5,T5-m-0345,m,كتب,7.548,True,6.9849,True
aragpt2,T5,T5-m-0346,m,دخل,1.2433,True,0.7655,True
aragpt2,T5,T5-m-0347,m,حضر,-1.7493,False,-1.6624,False
aragpt2,T5,T5-m-0348,m,ذهب,-0.0617,False,0.8771,True
aragpt2,T5,T5-m-0349,m,عرف,-3.2766,False,-4.3407,False
aragpt2,T5,T5-m-0350,m,طلب,5.9379,True,4.6614,True
aragpt2,T5,T5-m-0351,m,قال,0.1676,True,-2.3376,False
aragpt2,T5,T5-m-0352,m,أخذ,3.0834,True,3.5708,True
aragpt2,T5,T5-m-0353,m,ذهب,6.7626,True,7.7013,True
aragpt2,T5,T5-m-0354,m,قرأ,3.853,True,3.448,True
aragpt2,T5,T5-m-0355,m,فتح,6.414,True,6.331,True
aragpt2,T5,T5-m-0356,m,ترك,4.2907,True,3.5678,True
aragpt2,T5,T5-m-0357,m,فتح,5.4533,True,5.3703,True
aragpt2,T5,T5-m-0358,m,كسر,6.2617,True,5.5269,True
aragpt2,T5,T5-m-0359,m,ذهب,7.278,True,8.2167,True
aragpt2,T5,T5-m-0360,m,فتح,6.5505,True,6.4676,True
aragpt2,T5,T5-m-0361,m,حمل,-4.316,False,-4.8599,False
aragpt2,T5,T5-m-0362,m,طلب,2.3443,True,1.0678,True
aragpt2,T5,T5-m-0363,m,عرف,1.6615,True,0.5975,True
aragpt2,T5,T5-m-0364,m,ذهب,1.8845,True,2.8232,True
aragpt2,T5,T5-m-0365,m,كسر,2.1789,True,1.444,True
aragpt2,T5,T5-m-0366,m,ترك,1.2809,True,0.5579,True
aragpt2,T5,T5-m-0367,m,حضر,4.6863,True,4.7732,True
aragpt2,T5,T5-m-0368,m,دفع,2.6507,True,3.4496,True
aragpt2,T5,T5-m-0369,m,دخل,-2.3858,False,-2.8636,False
aragpt2,T5,T5-m-0370,m,حضر,6.2437,True,6.3307,True
aragpt2,T5,T5-m-0371,m,قال,0.5274,True,-1.9777,False
aragpt2,T5,T5-m-0372,m,باع,6.8191,True,6.462,True
aragpt2,T5,T5-m-0373,m,حمل,2.9567,True,2.4128,True
aragpt2,T5,T5-m-0374,m,بدأ,0.9577,True,-0.1769,False
aragpt2,T5,T5-m-0375,m,أخذ,1.2379,True,1.7253,True
aragpt2,T5,T5-m-0376,m,ترك,10.4413,True,9.7183,True
aragpt2,T5,T5-m-0377,m,وصل,1.5558,True,1.0076,True
aragpt2,T5,T5-m-0378,m,باع,1.0172,True,0.6601,True
aragpt2,T5,T5-m-0379,m,قال,5.2988,True,2.7937,True
aragpt2,T5,T5-m-0380,m,كتب,6.4185,True,5.8554,True
aragpt2,T5,T5-m-0381,m,شاهد,2.1458,True,2.7704,True
aragpt2,T5,T5-m-0382,m,شاهد,0.7165,True,1.3411,True
aragpt2,T5,T5-m-0383,m,أخذ,2.8388,True,3.3262,True
aragpt2,T5,T5-m-0384,m,شاهد,-4.6074,False,-3.9827,False
aragpt2,T5,T5-m-0385,m,حمل,3.7517,True,3.2078,True
aragpt2,T5,T5-m-0386,m,وجد,4.2216,True,4.4918,True
aragpt2,T5,T5-m-0387,m,وجد,5.82,True,6.0901,True
aragpt2,T5,T5-m-0388,m,كتب,-4.2186,False,-4.7817,False
aragpt2,T5,T5-m-0389,m,كتب,-2.5292,False,-3.0923,False
aragpt2,T5,T5-m-0390,m,طلب,0.638,True,-0.6385,False
aragpt2,T5,T5-m-0391,m,كسر,4.5934,True,3.8585,True
aragpt2,T5,T5-m-0392,m,باع,6.8803,True,6.5232,True
aragpt2,T5,T5-m-0393,m,دفع,1.6887,True,2.4876,True
aragpt2,T5,T5-m-0394,m,طلب,5.1044,True,3.8279,True
aragpt2,T5,T5-m-0395,m,حضر,-2.5468,False,-2.4598,False
aragpt2,T5,T5-m-0396,m,سمع,1.3527,True,1.7291,True
aragpt2,T5,T5-m-0397,m,وصل,2.2481,True,1.6999,True
aragpt2,T5,T5-m-0398,m,كتب,4.7544,True,4.1913,True
aragpt2,T5,T5-m-0399,m,سمع,-3.4954,False,-3.119,False
aragpt2,T5,T5-m-0400,m,كتب,5.8908,True,5.3277,True
aragpt2,T5,T5-m-0401,m,ذهب,0.5849,True,1.5236,True
aragpt2,T5,T5-m-0402,m,دفع,3.7746,True,4.5735,True
aragpt2,T5,T5-m-0403,m,حمل,14.9032,True,14.3593,True
aragpt2,T5,T5-m-0404,m,فتح,2.5015,True,2.4185,True
aragpt2,T5,T5-m-0405,m,شاهد,3.4971,True,4.1218,True
aragpt2,T5,T5-m-0406,m,طلب,-1.2589,False,-2.5354,False
aragpt2,T5,T5-m-0407,m,أخذ,1.1641,True,1.6515,True
aragpt2,T5,T5-m-0408,m,دخل,5.7473,True,5.2695,True
aragpt2,T5,T5-m-0409,m,ذهب,4.0233,True,4.962,True
aragpt2,T5,T5-m-0410,m,حضر,5.2791,True,5.3661,True
aragpt2,T5,T5-m-0411,m,كسر,0.8467,True,0.1118,True
aragpt2,T5,T5-m-0412,m,طلب,1.8148,True,0.5383,True
aragpt2,T5,T5-m-0413,m,أخذ,1.2695,True,1.7569,True
aragpt2,T5,T5-m-0414,m,دفع,7.8549,True,8.6538,True
aragpt2,T5,T5-m-0415,m,قرأ,1.4815,True,1.0765,True
aragpt2,T5,T5-m-0416,m,بدأ,-7.8153,False,-8.9499,False
aragpt2,T5,T5-m-0417,m,كسر,11.4426,True,10.7077,True
aragpt2,T5,T5-m-0418,m,ذهب,0.3196,True,1.2583,True
aragpt2,T5,T5-m-0419,m,شاهد,3.074,True,3.6986,True
aragpt2,T5,T5-m-0420,m,دفع,2.5332,True,3.3321,True
aragpt2,T5,T5-m-0421,m,ذهب,1.4877,True,2.4264,True
aragpt2,T5,T5-m-0422,m,بدأ,-1.3097,False,-2.4442,False
aragpt2,T5,T5-m-0423,m,حضر,6.5322,True,6.6192,True
aragpt2,T5,T5-m-0424,m,دخل,1.79,True,1.3121,True
aragpt2,T5,T5-m-0425,m,أخذ,0.8376,True,1.325,True
aragpt2,T5,T5-m-0426,m,وصل,-3.4736,False,-4.0218,False
aragpt2,T5,T5-m-0427,m,وجد,2.1557,True,2.4259,True
aragpt2,T5,T5-m-0428,m,عرف,-10.1186,False,-11.1827,False
aragpt2,T5,T5-m-0429,m,قال,6.5292,True,4.024,True
aragpt2,T5,T5-m-0430,m,باع,1.5888,True,1.2317,True
aragpt2,T5,T5-m-0431,m,حمل,2.849,True,2.3051,True
aragpt2,T5,T5-m-0432,m,طلب,2.1232,True,0.8467,True
aragpt2,T5,T5-m-0433,m,قال,2.5396,True,0.0345,True
aragpt2,T5,T5-m-0434,m,قال,2.2905,True,-0.2146,False
aragpt2,T5,T5-m-0435,m,سمع,-6.2116,False,-5.8352,False
aragpt2,T5,T5-m-0436,m,وجد,-0.0594,False,0.2108,True
aragpt2,T5,T5-m-0437,m,بدأ,0.641,True,-0.4935,False
aragpt2,T5,T5-m-0438,m,قرأ,3.9576,True,3.5526,True
aragpt2,T5,T5-m-0439,m,شاهد,3.4847,True,4.1094,True
aragpt2,T5,T5-m-0440,m,باع,3.6037,True,3.2466,True
aragpt2,T5,T5-m-0441,m,وجد,4.3216,True,4.5918,True
aragpt2,T5,T5-m-0442,m,فتح,5.3102,True,5.2272,True
aragpt2,T5,T5-m-0443,m,وجد,2.3789,True,2.6491,True
aragpt2,T5,T5-m-0444,m,وصل,3.1172,True,2.569,True
aragpt2,T5,T5-m-0445,m,سمع,1.2833,True,1.6598,True
aragpt2,T5,T5-m-0446,m,دخل,1.091,True,0.6131,True
aragpt2,T5,T5-m-0447,m,باع,12.1132,True,11.7562,True
aragpt2,T5,T5-m-0448,m,طلب,2.2531,True,0.9766,True
aragpt2,T5,T5-m-0449,m,بدأ,2.7302,True,1.5957,True
aragpt2,T5,T5-m-0450,m,باع,4.9398,True,4.5827,True
aragpt2,T5,T5-m-0451,m,أخذ,-0.079,False,0.4084,True
aragpt2,T5,T5-m-0452,m,ترك,10.0954,True,9.3725,True
aragpt2,T5,T5-m-0453,m,باع,2.5354,True,2.1783,True
aragpt2,T5,T5-m-0454,m,ترك,2.7838,True,2.0608,True
aragpt2,T5,T5-m-0455,m,قال,5.5282,True,3.023,True
aragpt2,T5,T5-m-0456,m,سمع,-7.8419,False,-7.4655,False
aragpt2,T5,T5-m-0457,m,كتب,9.0951,True,8.532,True
aragpt2,T5,T5-m-0458,m,باع,-4.5081,False,-4.8651,False
aragpt2,T5,T5-m-0459,m,سمع,2.2174,True,2.5938,True
aragpt2,T5,T5-m-0460,m,دخل,15.3663,True,14.8884,True
aragpt2,T5,T5-m-0461,m,دخل,1.4306,True,0.9527,True
aragpt2,T5,T5-m-0462,m,عرف,-0.9062,False,-1.9703,False
aragpt2,T5,T5-m-0463,m,كسر,0.7011,True,-0.0338,False
aragpt2,T5,T5-m-0464,m,دخل,2.1651,True,1.6873,True
aragpt2,T5,T5-m-0465,m,شاهد,6.642,True,7.2667,True
aragpt2,T5,T5-m-0466,m,طلب,11.6378,True,10.3613,True
aragpt2,T5,T5-m-0467,m,كسر,-1.1272,False,-1.8621,False
aragpt2,T5,T5-m-0468,m,حمل,4.7264,True,4.1825,True
aragpt2,T5,T5-m-0469,m,حمل,-2.9366,False,-3.4805,False
aragpt2,T5,T5-m-0470,m,فتح,2.3064,True,2.2234,True
aragpt2,T5,T5-m-0471,m,سمع,8.0068,True,8.3832,True
aragpt2,T5,T5-m-0472,m,كسر,2.7745,True,2.0396,True
aragpt2,T5,T5-m-0473,m,كتب,1.7778,True,1.2147,True
aragpt2,T5,T5-m-0474,m,فتح,8.7164,True,8.6334,True
aragpt2,T5,T5-m-0475,m,وجد,7.5797,True,7.8498,True
aragpt2,T5,T5-m-0476,m,بدأ,-3.7081,False,-4.8427,False
aragpt2,T5,T5-m-0477,m,كتب,-4.7612,False,-5.3243,False
aragpt2,T5,T5-m-0478,m,دفع,3.7925,True,4.5914,True
aragpt2,T5,T5-m-0479,m,ذهب,-2.8742,False,-1.9354,False
aragpt2,T5,T5-m-0480,m,حضر,1.9343,True,2.0212,True
aragpt2,T5,T5-m-0481,m,شاهد,3.9769,True,4.6016,True
aragpt2,T5,T5-m-0482,m,بدأ,1.4179,True,0.2834,True
aragpt2,T5,T5-m-0483,m,باع,1.9603,True,1.6033,True
aragpt2,T5,T5-m-0484,m,باع,4.4729,True,4.1158,True
aragpt2,T5,T5-m-0485,m,دخل,2.5784,True,2.1006,True
aragpt2,T5,T5-m-0486,m,حضر,4.1717,True,4.2587,True
aragpt2,T5,T5-m-0487,m,ترك,0.3502,True,-0.3728,False
aragpt2,T5,T5-m-0488,m,باع,2.5359,True,2.1789,True
aragpt2,T5,T5-m-0489,m,كسر,9.776,True,9.0412,True
aragpt2,T5,T5-m-0490,m,طلب,3.9741,True,2.6976,True
aragpt2,T5,T5-m-0491,m,بدأ,0.3761,True,-0.7584,False
aragpt2,T5,T5-m-0492,m,فتح,9.8927,True,9.8097,True
aragpt2,T5,T5-m-0493,m,كتب,0.7924,True,0.2293,True
aragpt2,T5,T5-m-0494,m,طلب,3.2578,True,1.9813,True
aragpt2,T5,T5-m-0495,m,شاهد,-4.1619,False,-3.5372,False
aragpt2,T5,T5-m-0496,m,ترك,15.4917,True,14.7687,True
aragpt2,T5,T5-m-0497,m,وجد,9.5632,True,9.8333,True
aragpt2,T5,T5-m-0498,m,كسر,4.2567,True,3.5219,True
aragpt2,T5,T5-m-0499,m,حمل,0.9517,True,0.4078,True
aragpt2,T5,T5-m-0500,m,كتب,-0.1598,False,-0.7229,False
aragpt2,T5,T5-m-0501,m,قرأ,1.572,True,1.1669,True
aragpt2,T5,T5-m-0502,m,بدأ,5.1679,True,4.0334,True
aragpt2,T5,T5-m-0503,m,أخذ,6.8022,True,7.2896,True
aragpt2,T5,T5-m-0504,m,بدأ,0.2656,True,-0.869,False
aragpt2,T5,T5-m-0505,m,وجد,10.1823,True,10.4524,True
aragpt2,T5,T5-m-0506,m,وجد,6.0389,True,6.309,True
aragpt2,T5,T5-m-0507,m,كسر,4.0719,True,3.337,True
aragpt2,T5,T5-m-0508,m,حضر,3.5454,True,3.6324,True
aragpt2,T5,T5-m-0509,m,خرج,-0.7781,False,-2.4786,False
aragpt2,T5,T5-m-0510,m,بدأ,-2.0534,False,-3.1879,False
aragpt2,T5,T5-m-0511,m,دخل,12.5794,True,12.1015,True
aragpt2,T5,T5-m-0512,m,خرج,4.1377,True,2.4371,True
aragpt2,T5,T5-m-0513,m,كسر,4.6184,True,3.8836,True
aragpt2,T5,T5-m-0514,m,قرأ,0.7655,True,0.3605,True
aragpt2,T5,T5-m-0515,m,أخذ,2.4247,True,2.9121,True
aragpt2,T5,T5-m-0516,m,كتب,4.0831,True,3.52,True
aragpt2,T5,T5-m-0517,m,حضر,3.6398,True,3.7268,True
aragpt2,T5,T5-m-0518,m,وجد,4.5646,True,4.8347,True
aragpt2,T5,T5-m-0519,m,حضر,3.6278,True,3.7148,True
aragpt2,T5,T5-m-0520,m,فتح,4.2442,True,4.1612,True
aragpt2,T5,T5-m-0521,m,عرف,3.7348,True,2.6707,True
aragpt2,T5,T5-m-0522,m,باع,0.7997,True,0.4426,True
aragpt2,T5,T5-m-0523,m,طلب,-0.5631,False,-1.8396,False
aragpt2,T5,T5-m-0524,m,كتب,2.3982,True,1.8351,True
aragpt2,T5,T5-m-0525,m,حمل,2.7553,True,2.2114,True
aragpt2,T5,T5-m-0526,m,وجد,5.8874,True,6.1576,True
aragpt2,T5,T5-m-0527,m,خرج,-1.2617,False,-2.9623,False
aragpt2,T5,T5-m-0528,m,كسر,14.5001,True,13.7653,True
aragpt2,T5,T5-m-0529,m,قال,1.9369,True,-0.5682,False
aragpt2,T5,T5-m-0530,m,دخل,4.0772,True,3.5994,True
aragpt2,T5,T5-m-0531,m,حضر,1.8915,True,1.9785,True
aragpt2,T5,T5-m-0532,m,حضر,6.8753,True,6.9622,True
aragpt2,T5,T5-m-0533,m,ترك,5.5851,True,4.8622,True
aragpt2,T5,T5-m-0534,m,قال,0.8316,True,-1.6736,False
aragpt2,T5,T5-m-0535,m,أخذ,7.2187,True,7.7061,True
aragpt2,T5,T5-m-0536,m,فتح,4.0856,True,4.0026,True
aragpt2,T5,T5-m-0537,m,حضر,-4.4266,False,-4.3396,False
aragpt2,T5,T5-m-0538,m,حضر,2.8713,True,2.9583,True
aragpt2,T5,T5-m-0539,m,ذهب,2.9317,True,3.8704,True
aragpt2,T5,T5-m-0540,m,دخل,3.4446,True,2.9668,True
aragpt2,T5,T5-m-0541,m,أخذ,-2.5703,False,-2.0829,False
aragpt2,T5,T5-m-0542,m,عرف,8.1776,True,7.1135,True
aragpt2,T5,T5-m-0543,m,بدأ,-3.1237,False,-4.2582,False
aragpt2,T5,T5-m-0544,m,باع,-3.6385,False,-3.9955,False
aragpt2,T5,T5-m-0545,m,دفع,2.6566,True,3.4554,True
aragpt2,T5,T5-m-0546,m,طلب,3.5983,True,2.3218,True
aragpt2,T5,T5-m-0547,m,فتح,2.8019,True,2.7189,True
aragpt2,T5,T5-m-0548,m,أخذ,-4.1639,False,-3.6765,False
aragpt2,T5,T5-m-0549,m,ترك,1.2129,True,0.49,True
aragpt2,T5,T5-m-0550,m,وصل,0.9516,True,0.4034,True
aragpt2,T5,T5-m-0551,m,ترك,3.2111,True,2.4882,True
aragpt2,T5,T5-m-0552,m,وجد,-5.4071,False,-5.137,False
aragpt2,T5,T5-m-0553,m,وصل,0.7327,True,0.1844,True
aragpt2,T5,T5-m-0554,m,بدأ,2.2624,True,1.1279,True
aragpt2,T5,T5-m-0555,m,وجد,1.788,True,2.0581,True
aragpt2,T5,T5-m-0556,m,قرأ,5.5145,True,5.1095,True
aragpt2,T5,T5-m-0557,m,وصل,-0.1761,False,-0.7243,False
aragpt2,T5,T5-m-0558,m,دفع,2.3986,True,3.1974,True
aragpt2,T5,T5-m-0559,m,فتح,-3.0928,False,-3.1758,False
aragpt2,T5,T5-m-0560,m,دخل,-0.7075,False,-1.1853,False
aragpt2,T5,T5-m-0561,m,حضر,1.0072,True,1.0941,True
aragpt2,T5,T5-m-0562,m,ترك,6.9602,True,6.2373,True
aragpt2,T5,T5-m-0563,m,خرج,1.5853,True,-0.1152,False
aragpt2,T5,T5-m-0564,m,دخل,0.4426,True,-0.0353,False
aragpt2,T5,T5-m-0565,m,عرف,2.8682,True,1.8041,True
aragpt2,T5,T5-m-0566,m,ترك,7.1652,True,6.4422,True
aragpt2,T5,T5-m-0567,m,وصل,4.1235,True,3.5753,True
aragpt2,T5,T5-m-0568,m,حضر,4.5135,True,4.6005,True
aragpt2,T5,T5-m-0569,m,قرأ,2.8889,True,2.4839,True
aragpt2,T5,T5-m-0570,m,كتب,5.6129,True,5.0498,True
aragpt2,T5,T5-m-0571,m,دفع,2.3824,True,3.1813,True
aragpt2,T5,T5-m-0572,m,باع,1.292,True,0.935,True
aragpt2,T5,T5-m-0573,m,حمل,6.1291,True,5.5852,True
aragpt2,T5,T5-m-0574,m,وجد,0.5194,True,0.7895,True
aragpt2,T5,T5-m-0575,m,وجد,1.2232,True,1.4933,True
aragpt2,T5,T5-m-0576,m,كتب,-3.7984,False,-4.3615,False
aragpt2,T5,T5-m-0577,m,خرج,0.5225,True,-1.1781,False
aragpt2,T5,T5-m-0578,m,ذهب,-1.4461,False,-0.5074,False
aragpt2,T5,T5-m-0579,m,باع,2.53,True,2.1729,True
aragpt2,T5,T5-m-0580,m,باع,8.6127,True,8.2557,True
aragpt2,T5,T5-m-0581,m,شاهد,4.0144,True,4.639,True
aragpt2,T5,T5-m-0582,m,باع,-0.7639,False,-1.121,False
aragpt2,T5,T5-m-0583,m,قال,5.1715,True,2.6664,True
aragpt2,T5,T5-m-0584,m,وصل,2.1225,True,1.5743,True
aragpt2,T5,T5-m-0585,m,كتب,1.9856,True,1.4225,True
aragpt2,T5,T5-m-0586,m,خرج,0.0952,True,-1.6054,False
aragpt2,T5,T5-m-0587,m,فتح,2.1563,True,2.0733,True
aragpt2,T5,T5-m-0588,m,كسر,6.7383,True,6.0034,True
aragpt2,T5,T5-m-0589,m,وجد,3.2529,True,3.523,True
aragpt2,T5,T5-m-0590,m,دخل,5.0462,True,4.5683,True
aragpt2,T5,T5-m-0591,m,كتب,3.8378,True,3.2747,True
aragpt2,T5,T5-m-0592,m,سمع,-3.0504,False,-2.674,False
aragpt2,T5,T5-m-0593,m,باع,6.8589,True,6.5018,True
aragpt2,T5,T5-m-0594,m,قرأ,-5.632,False,-6.0371,False
aragpt2,T5,T5-m-0595,m,كسر,3.7943,True,3.0595,True
aragpt2,T5,T5-m-0596,m,باع,3.3927,True,3.0357,True
aragpt2,T5,T5-m-0597,m,قرأ,-0.6927,False,-1.0977,False
aragpt2,T5,T5-m-0598,m,عرف,-1.3966,False,-2.4607,False
aragpt2,T5,T5-m-0599,m,خرج,1.5664,True,-0.1341,False
aragpt2,T5,T5-f-0000,f,حمل,-2.5981,False,-2.0542,False
aragpt2,T5,T5-f-0001,f,كتب,-0.2378,False,0.3253,True
aragpt2,T5,T5-f-0002,f,دفع,-7.3994,False,-8.1983,False
aragpt2,T5,T5-f-0003,f,كتب,-0.3653,False,0.1978,True
aragpt2,T5,T5-f-0004,f,حضر,-5.8338,False,-5.9208,False
aragpt2,T5,T5-f-0005,f,شاهد,-6.679,False,-7.3037,False
aragpt2,T5,T5-f-0006,f,سمع,-3.8771,False,-4.2535,False
aragpt2,T5,T5-f-0007,f,أخذ,-1.6861,False,-2.1735,False
aragpt2,T5,T5-f-0008,f,قرأ,0.3509,True,0.756,True
aragpt2,T5,T5-f-0009,f,حضر,0.6519,True,0.5649,True
aragpt2,T5,T5-f-0010,f,فتح,0.1608,True,0.2438,True
aragpt2,T5,T5-f-0011,f,قال,-1.384,False,1.1212,True
aragpt2,T5,T5-f-0012,f,كسر,-2.0967,False,-1.3618,False
aragpt2,T5,T5-f-0013,f,وصل,-0.1942,False,0.354,True
aragpt2,T5,T5-f-0014,f,خرج,-0.3467,False,1.3539,True
aragpt2,T5,T5-f-0015,f,حمل,11.458,True,12.0019,True
aragpt2,T5,T5-f-0016,f,وجد,-7.6901,False,-7.9602,False
aragpt2,T5,T5-f-0017,f,ذهب,-0.0905,False,-1.0292,False
aragpt2,T5,T5-f-0018,f,وصل,1.3777,True,1.9259,True
aragpt2,T5,T5-f-0019,f,حمل,-8.264,False,-7.7201,False
aragpt2,T5,T5-f-0020,f,قال,-2.0879,False,0.4173,True
aragpt2,T5,T5-f-0021,f,حمل,-4.2932,False,-3.7493,False
aragpt2,T5,T5-f-0022,f,أخذ,-2.8607,False,-3.3481,False
aragpt2,T5,T5-f-0023,f,باع,-8.425,False,-8.0679,False
aragpt2,T5,T5-f-0024,f,عرف,2.798,True,3.8621,True
aragpt2,T5,T5-f-0025,f,شاهد,-6.2909,False,-6.9155,False
aragpt2,T5,T5-f-0026,f,بدأ,0.7575,True,1.892,True
aragpt2,T5,T5-f-0027,f,كتب,-4.6089,False,-4.0458,False
aragpt2,T5,T5-f-0028,f,كتب,3.9424,True,4.5055,True
aragpt2,T5,T5-f-0029,f,خرج,2.4881,True,4.1887,True
aragpt2,T5,T5-f-0030,f,شاهد,-2.6819,False,-3.3066,False
aragpt2,T5,T5-f-0031,f,ترك,4.7412,True,5.4641,True
aragpt2,T5,T5-f-0032,f,أخذ,-3.1636,False,-3.651,False
aragpt2,T5,T5-f-0033,f,قرأ,-0.1859,False,0.2191,True
aragpt2,T5,T5-f-0034,f,طلب,-1.2491,False,0.0274,True
aragpt2,T5,T5-f-0035,f,فتح,-2.4062,False,-2.3232,False
aragpt2,T5,T5-f-0036,f,ذهب,1.8569,True,0.9181,True
aragpt2,T5,T5-f-0037,f,حضر,1.149,True,1.0621,True
aragpt2,T5,T5-f-0038,f,قرأ,-6.4068,False,-6.0018,False
aragpt2,T5,T5-f-0039,f,أخذ,-2.7238,False,-3.2112,False
aragpt2,T5,T5-f-0040,f,حمل,-1.5751,False,-1.0312,False
aragpt2,T5,T5-f-0041,f,سمع,0.3252,True,-0.0512,False
aragpt2,T5,T5-f-0042,f,دفع,-3.9321,False,-4.731,False
aragpt2,T5,T5-f-0043,f,عرف,-6.1347,False,-5.0706,False
aragpt2,T5,T5-f-0044,f,دفع,-1.9907,False,-2.7895,False
aragpt2,T5,T5-f-0045,f,كتب,-1.6764,False,-1.1133,False
aragpt2,T5,T5-f-0046,f,حمل,8.5998,True,9.1437,True
aragpt2,T5,T5-f-0047,f,شاهد,-2.9866,False,-3.6112,False
aragpt2,T5,T5-f-0048,f,كسر,-15.9175,False,-15.1826,False
aragpt2,T5,T5-f-0049,f,شاهد,-3.3946,False,-4.0193,False
aragpt2,T5,T5-f-0050,f,شاهد,-4.6434,False,-5.2681,False
aragpt2,T5,T5-f-0051,f,وجد,-5.8758,False,-6.1459,False
aragpt2,T5,T5-f-0052,f,حمل,1.0698,True,1.6137,True
aragpt2,T5,T5-f-0053,f,باع,-15.3359,False,-14.9788,False
aragpt2,T5,T5-f-0054,f,كتب,-6.8792,False,-6.3161,False
aragpt2,T5,T5-f-0055,f,حضر,-1.3064,False,-1.3934,False
aragpt2,T5,T5-f-0056,f,دفع,-2.0383,False,-2.8372,False
aragpt2,T5,T5-f-0057,f,حضر,-2.6992,False,-2.7862,False
aragpt2,T5,T5-f-0058,f,دخل,2.0043,True,2.4822,True
aragpt2,T5,T5-f-0059,f,بدأ,4.1793,True,5.3139,True
aragpt2,T5,T5-f-0060,f,حضر,2.2525,True,2.1655,True
aragpt2,T5,T5-f-0061,f,عرف,-3.8972,False,-2.8331,False
aragpt2,T5,T5-f-0062,f,ترك,-2.4165,False,-1.6935,False
aragpt2,T5,T5-f-0063,f,باع,-3.6479,False,-3.2909,False
aragpt2,T5,T5-f-0064,f,وصل,-1.8363,False,-1.2881,False
aragpt2,T5,T5-f-0065,f,حضر,1.123,True,1.036,True
aragpt2,T5,T5-f-0066,f,ترك,-2.0274,False,-1.3044,False
aragpt2,T5,T5-f-0067,f,أخذ,1.144,True,0.6566,True
aragpt2,T5,T5-f-0068,f,فتح,-1.5558,False,-1.4728,False
aragpt2,T5,T5-f-0069,f,بدأ,1.3978,True,2.5323,True
aragpt2,T5,T5-f-0070,f,دفع,-0.4042,False,-1.2031,False
aragpt2,T5,T5-f-0071,f,سمع,5.1444,True,4.768,True
aragpt2,T5,T5-f-0072,f,دخل,1.156,True,1.6339,True
aragpt2,T5,T5-f-0073,f,وجد,-1.9592,False,-2.2294,False
aragpt2,T5,T5-f-0074,f,وصل,-4.1003,False,-3.5521,False
aragpt2,T5,T5-f-0075,f,باع,-1.3839,False,-1.0268,False
aragpt2,T5,T5-f-0076,f,عرف,-0.0398,False,1.0243,True
aragpt2,T5,T5-f-0077,f,ترك,-2.1532,False,-1.4302,False
aragpt2,T5,T5-f-0078,f,قال,-6.8493,False,-4.3441,False
aragpt2,T5,T5-f-0079,f,وجد,-0.837,False,-1.1071,False
aragpt2,T5,T5-f-0080,f,دخل,11.4501,True,11.928,True
aragpt2,T5,T5-f-0081,f,أخذ,-2.9124,False,-3.3997,False
aragpt2,T5,T5-f-0082,f,ذهب,0.8706,True,-0.0681,False
aragpt2,T5,T5-f-0083,f,وصل,-2.7421,False,-2.1939,False
aragpt2,T5,T5-f-0084,f,وجد,-8.9877,False,-9.2578,False
aragpt2,T5,T5-f-0085,f,فتح,-2.0834,False,-2.0004,False
aragpt2,T5,T5-f-0086,f,فتح,-1.9334,False,-1.8504,False
aragpt2,T5,T5-f-0087,f,كسر,-1.2735,False,-0.5386,False
aragpt2,T5,T5-f-0088,f,قال,-3.62,False,-1.1148,False
aragpt2,T5,T5-f-0089,f,حمل,10.7527,True,11.2966,True
aragpt2,T5,T5-f-0090,f,قال,-4.9941,False,-2.489,False
aragpt2,T5,T5-f-0091,f,ذهب,-2.9052,False,-3.8439,False
aragpt2,T5,T5-f-0092,f,كتب,-3.1263,False,-2.5632,False
aragpt2,T5,T5-f-0093,f,عرف,-1.8874,False,-0.8233,False
aragpt2,T5,T5-f-0094,f,طلب,-0.2496,False,1.0269,True
aragpt2,T5,T5-f-0095,f,وجد,0.2157,True,-0.0545,False
aragpt2,T5,T5-f-0096,f,وجد,-1.4702,False,-1.7403,False
aragpt2,T5,T5-f-0097,f,طلب,-12.381,False,-11.1045,False
aragpt2,T5,T5-f-0098,f,قال,5.5983,True,8.1034,True
aragpt2,T5,T5-f-0099,f,دفع,-1.3449,False,-2.1438,False
aragpt2,T5,T5-f-0100,f,دخل,0.3383,True,0.8162,True
aragpt2,T5,T5-f-0101,f,قرأ,-7.5463,False,-7.1413,False
aragpt2,T5,T5-f-0102,f,وجد,7.3407,True,7.0705,True
aragpt2,T5,T5-f-0103,f,ترك,1.5081,True,2.2311,True
aragpt2,T5,T5-f-0104,f,طلب,-12.9721,False,-11.6956,False
aragpt2,T5,T5-f-0105,f,قال,1.9869,True,4.492,True
aragpt2,T5,T5-f-0106,f,طلب,0.3419,True,1.6184,True
aragpt2,T5,T5-f-0107,f,قرأ,3.9112,True,4.3162,True
aragpt2,T5,T5-f-0108,f,وجد,-2.6792,False,-2.9494,False
aragpt2,T5,T5-f-0109,f,شاهد,-3.3918,False,-4.0165,False
aragpt2,T5,T5-f-0110,f,قال,-0.9853,False,1.5199,True
aragpt2,T5,T5-f-0111,f,طلب,-5.4721,False,-4.1956,False
aragpt2,T5,T5-f-0112,f,كتب,1.8232,True,2.3863,True
aragpt2,T5,T5-f-0113,f,دفع,-2.361,False,-3.1599,False
aragpt2,T5,T5-f-0114,f,سمع,-6.0068,False,-6.3832,False
aragpt2,T5,T5-f-0115,f,باع,-7.93,False,-7.5729,False
aragpt2,T5,T5-f-0116,f,ذهب,-2.5155,False,-3.4542,False
aragpt2,T5,T5-f-0117,f,شاهد,-6.0012,False,-6.6259,False
aragpt2,T5,T5-f-0118,f,بدأ,-2.307,False,-1.1725,False
aragpt2,T5,T5-f-0119,f,وصل,1.3496,True,1.8978,True
aragpt2,T5,T5-f-0120,f,خرج,-4.2634,False,-2.5629,False
aragpt2,T5,T5-f-0121,f,دفع,0.2976,True,-0.5013,False
aragpt2,T5,T5-f-0122,f,بدأ,1.6673,True,2.8019,True
aragpt2,T5,T5-f-0123,f,عرف,-6.2514,False,-5.1873,False
aragpt2,T5,T5-f-0124,f,ترك,-0.0301,False,0.6928,True
aragpt2,T5,T5-f-0125,f,ترك,-1.686,False,-0.9631,False
aragpt2,T5,T5-f-0126,f,فتح,-3.4782,False,-3.3952,False
aragpt2,T5,T5-f-0127,f,كسر,-6.4604,False,-5.7255,False
aragpt2,T5,T5-f-0128,f,وجد,-1.4929,False,-1.7631,False
aragpt2,T5,T5-f-0129,f,فتح,-9.3313,False,-9.2483,False
aragpt2,T5,T5-f-0130,f,ترك,-8.6643,False,-7.9413,False
aragpt2,T5,T5-f-0131,f,دخل,-4.2876,False,-3.8097,False
aragpt2,T5,T5-f-0132,f,دفع,-8.0463,False,-8.8452,False
aragpt2,T5,T5-f-0133,f,طلب,-8.9056,False,-7.6291,False
aragpt2,T5,T5-f-0134,f,سمع,0.8336,True,0.4572,True
aragpt2,T5,T5-f-0135,f,حضر,-0.0993,False,-0.1863,False
aragpt2,T5,T5-f-0136,f,وجد,-3.0327,False,-3.3029,False
aragpt2,T5,T5-f-0137,f,فتح,-0.0136,False,0.0694,True
aragpt2,T5,T5-f-0138,f,وصل,1.5467,True,2.0949,True
aragpt2,T5,T5-f-0139,f,دخل,1.7187,True,2.1965,True
aragpt2,T5,T5-f-0140,f,ترك,1.7153,True,2.4383,True
aragpt2,T5,T5-f-0141,f,ترك,-3.2792,False,-2.5562,False
aragpt2,T5,T5-f-0142,f,فتح,-16.6986,False,-16.6156,False
aragpt2,T5,T5-f-0143,f,ترك,-4.8092,False,-4.0863,False
aragpt2,T5,T5-f-0144,f,وصل,0.246,True,0.7942,True
aragpt2,T5,T5-f-0145,f,وصل,3.4708,True,4.019,True
aragpt2,T5,T5-f-0146,f,ذهب,-12.7829,False,-13.7216,False
aragpt2,T5,T5-f-0147,f,قال,-1.0206,False,1.4845,True
aragpt2,T5,T5-f-0148,f,عرف,-1.3701,False,-0.306,False
aragpt2,T5,T5-f-0149,f,باع,4.3471,True,4.7042,True
aragpt2,T5,T5-f-0150,f,حضر,4.2357,True,4.1487,True
aragpt2,T5,T5-f-0151,f,حضر,2.799,True,2.7121,True
aragpt2,T5,T5-f-0152,f,سمع,0.0855,True,-0.2909,False
aragpt2,T5,T5-f-0153,f,باع,-6.4267,False,-6.0697,False
aragpt2,T5,T5-f-0154,f,أخذ,-6.3581,False,-6.8455,False
aragpt2,T5,T5-f-0155,f,دفع,-3.137,False,-3.9359,False
aragpt2,T5,T5-f-0156,f,دخل,7.8996,True,8.3775,True
aragpt2,T5,T5-f-0157,f,دخل,1.727,True,2.2049,True
aragpt2,T5,T5-f-0158,f,خرج,-0.7445,False,0.9561,True
aragpt2,T5,T5-f-0159,f,دخل,4.9268,True,5.4047,True
aragpt2,T5,T5-f-0160,f,كتب,-2.7009,False,-2.1378,False
aragpt2,T5,T5-f-0161,f,شاهد,-3.4497,False,-4.0744,False
aragpt2,T5,T5-f-0162,f,قال,6.897,True,9.4022,True
aragpt2,T5,T5-f-0163,f,خرج,-2.5857,False,-0.8852,False
aragpt2,T5,T5-f-0164,f,قرأ,1.3751,True,1.7801,True
aragpt2,T5,T5-f-0165,f,كتب,-5.4663,False,-4.9032,False
aragpt2,T5,T5-f-0166,f,بدأ,0.144,True,1.2785,True
aragpt2,T5,T5-f-0167,f,خرج,1.1054,True,2.806,True
aragpt2,T5,T5-f-0168,f,عرف,8.6176,True,9.6817,True
aragpt2,T5,T5-f-0169,f,وجد,-2.8613,False,-3.1314,False
aragpt2,T5,T5-f-0170,f,عرف,1.4411,True,2.5052,True
aragpt2,T5,T5-f-0171,f,قال,2.0761,True,4.5812,True
aragpt2,T5,T5-f-0172,f,حمل,-1.7905,False,-1.2466,False
aragpt2,T5,T5-f-0173,f,ترك,3.3218,True,4.0448,True
aragpt2,T5,T5-f-0174,f,طلب,0.2728,True,1.5493,True
aragpt2,T5,T5-f-0175,f,حمل,4.6157,True,5.1596,True
aragpt2,T5,T5-f-0176,f,شاهد,-5.7275,False,-6.3521,False
aragpt2,T5,T5-f-0177,f,وجد,-0.9366,False,-1.2068,False
aragpt2,T5,T5-f-0178,f,أخذ,-6.3415,False,-6.8289,False
aragpt2,T5,T5-f-0179,f,طلب,0.0098,True,1.2863,True
aragpt2,T5,T5-f-0180,f,خرج,0.4927,True,2.1933,True
aragpt2,T5,T5-f-0181,f,باع,-6.3273,False,-5.9703,False
aragpt2,T5,T5-f-0182,f,وجد,-1.4783,False,-1.7485,False
aragpt2,T5,T5-f-0183,f,ذهب,-0.7004,False,-1.6391,False
aragpt2,T5,T5-f-0184,f,أخذ,1.8884,True,1.401,True
aragpt2,T5,T5-f-0185,f,عرف,-10.1428,False,-9.0787,False
aragpt2,T5,T5-f-0186,f,شاهد,-15.1931,False,-15.8177,False
aragpt2,T5,T5-f-0187,f,باع,-11.3058,False,-10.9487,False
aragpt2,T5,T5-f-0188,f,قال,0.5248,True,3.0299,True
aragpt2,T5,T5-f-0189,f,ترك,-17.331,False,-16.6081,False
aragpt2,T5,T5-f-0190,f,حضر,-5.3037,False,-5.3907,False
aragpt2,T5,T5-f-0191,f,دفع,-4.4514,False,-5.2503,False
aragpt2,T5,T5-f-0192,f,كتب,2.988,True,3.551,True
aragpt2,T5,T5-f-0193,f,طلب,-1.3032,False,-0.0267,False
aragpt2,T5,T5-f-0194,f,حمل,-9.6066,False,-9.0627,False
aragpt2,T5,T5-f-0195,f,باع,-5.2772,False,-4.9201,False
aragpt2,T5,T5-f-0196,f,أخذ,-1.7988,False,-2.2862,False
aragpt2,T5,T5-f-0197,f,وجد,-3.5018,False,-3.7719,False
aragpt2,T5,T5-f-0198,f,طلب,-11.4053,False,-10.1288,False
aragpt2,T5,T5-f-0199,f,قال,-1.4591,False,1.046,True
aragpt2,T5,T5-f-0200,f,خرج,-2.4239,False,-0.7234,False
aragpt2,T5,T5-f-0201,f,وجد,1.0171,True,0.747,True
aragpt2,T5,T5-f-0202,f,أخذ,0.7899,True,0.3025,True
aragpt2,T5,T5-f-0203,f,ذهب,-1.2344,False,-2.1731,False
aragpt2,T5,T5-f-0204,f,بدأ,-0.2007,False,0.9339,True
aragpt2,T5,T5-f-0205,f,عرف,1.2097,True,2.2738,True
aragpt2,T5,T5-f-0206,f,ذهب,1.3796,True,0.4409,True
aragpt2,T5,T5-f-0207,f,كسر,-2.7074,False,-1.9725,False
aragpt2,T5,T5-f-0208,f,وصل,-1.4906,False,-0.9424,False
aragpt2,T5,T5-f-0209,f,خرج,0.0855,True,1.7861,True
aragpt2,T5,T5-f-0210,f,كسر,-3.5573,False,-2.8224,False
aragpt2,T5,T5-f-0211,f,شاهد,-7.5158,False,-8.1404,False
aragpt2,T5,T5-f-0212,f,وصل,-1.9736,False,-1.4254,False
aragpt2,T5,T5-f-0213,f,دخل,-4.1077,False,-3.6299,False
aragpt2,T5,T5-f-0214,f,كتب,6.2091,True,6.7722,True
aragpt2,T5,T5-f-0215,f,حمل,-0.0923,False,0.4516,True
aragpt2,T5,T5-f-0216,f,سمع,0.4302,True,0.0538,True
aragpt2,T5,T5-f-0217,f,سمع,-1.8814,False,-2.2578,False
aragpt2,T5,T5-f-0218,f,قال,4.4824,True,6.9876,True
aragpt2,T5,T5-f-0219,f,خرج,2.2541,True,3.9547,True
aragpt2,T5,T5-f-0220,f,ذهب,1.8426,True,0.9039,True
aragpt2,T5,T5-f-0221,f,دفع,-3.3748,False,-4.1737,False
aragpt2,T5,T5-f-0222,f,قال,1.2437,True,3.7488,True
aragpt2,T5,T5-f-0223,f,حمل,1.5275,True,2.0715,True
aragpt2,T5,T5-f-0224,f,بدأ,2.1137,True,3.2483,True
aragpt2,T5,T5-f-0225,f,دخل,3.0005,True,3.4784,True
aragpt2,T5,T5-f-0226,f,حمل,-4.2157,False,-3.6718,False
aragpt2,T5,T5-f-0227,f,وجد,-5.8826,False,-6.1528,False
aragpt2,T5,T5-f-0228,f,دفع,-1.4515,False,-2.2504,False
aragpt2,T5,T5-f-0229,f,ترك,1.5544,True,2.2774,True
aragpt2,T5,T5-f-0230,f,شاهد,-23.2007,False,-23.8254,False
aragpt2,T5,T5-f-0231,f,خرج,2.1252,True,3.8257,True
aragpt2,T5,T5-f-0232,f,دخل,0.17,True,0.6479,True
aragpt2,T5,T5-f-0233,f,دخل,2.8824,True,3.3602,True
aragpt2,T5,T5-f-0234,f,بدأ,-0.8963,False,0.2382,True
aragpt2,T5,T5-f-0235,f,خرج,-0.1449,False,1.5557,True
aragpt2,T5,T5-f-0236,f,طلب,-1.632,False,-0.3555,False
aragpt2,T5,T5-f-0237,f,حمل,0.0987,True,0.6426,True
aragpt2,T5,T5-f-0238,f,كتب,-1.3123,False,-0.7492,False
aragpt2,T5,T5-f-0239,f,قرأ,-12.4274,False,-12.0224,False
aragpt2,T5,T5-f-0240,f,كسر,-11.4582,False,-10.7233,False
aragpt2,T5,T5-f-0241,f,حمل,-7.1913,False,-6.6474,False
aragpt2,T5,T5-f-0242,f,ذهب,2.9919,True,2.0531,True
aragpt2,T5,T5-f-0243,f,أخذ,0.3713,True,-0.1161,False
aragpt2,T5,T5-f-0244,f,شاهد,-8.9893,False,-9.614,False
aragpt2,T5,T5-f-0245,f,وجد,-1.0897,False,-1.3598,False
aragpt2,T5,T5-f-0246,f,كسر,-1.2938,False,-0.5589,False
aragpt2,T5,T5-f-0247,f,حمل,0.8436,True,1.3875,True
aragpt2,T5,T5-f-0248,f,فتح,-3.9946,False,-3.9116,False
aragpt2,T5,T5-f-0249,f,قال,5.0325,True,7.5377,True
aragpt2,T5,T5-f-0250,f,باع,-0.6638,False,-0.3068,False
aragpt2,T5,T5-f-0251,f,أخذ,0.2255,True,-0.2619,False
aragpt2,T5,T5-f-0252,f,ذهب,-1.5278,False,-2.4666,False
aragpt2,T5,T5-f-0253,f,قرأ,-0.3156,False,0.0894,True
aragpt2,T5,T5-f-0254,f,حمل,6.0542,True,6.5981,True
aragpt2,T5,T5-f-0255,f,عرف,0.255,True,1.3191,True
aragpt2,T5,T5-f-0256,f,خرج,11.7863,True,13.4869,True
aragpt2,T5,T5-f-0257,f,بدأ,1.7706,True,2.9051,True
aragpt2,T5,T5-f-0258,f,دفع,-0.9318,False,-1.7307,False
aragpt2,T5,T5-f-0259,f,قال,-2.4357,False,0.0694,True
aragpt2,T5,T5-f-0260,f,وجد,1.7409,True,1.4708,True
aragpt2,T5,T5-f-0261,f,حمل,-2.5287,False,-1.9848,False
aragpt2,T5,T5-f-0262,f,حضر,0.9053,True,0.8183,True
aragpt2,T5,T5-f-0263,f,شاهد,-6.1827,False,-6.8074,False
aragpt2,T5,T5-f-0264,f,قرأ,-2.3172,False,-1.9122,False
aragpt2,T5,T5-f-0265,f,قال,0.9278,True,3.433,True
aragpt2,T5,T5-f-0266,f,وجد,4.9949,True,4.7247,True
aragpt2,T5,T5-f-0267,f,وصل,-1.8435,False,-1.2952,False
aragpt2,T5,T5-f-0268,f,كسر,-10.0341,False,-9.2993,False
aragpt2,T5,T5-f-0269,f,حمل,-2.2731,False,-1.7292,False
aragpt2,T5,T5-f-0270,f,قال,2.2926,True,4.7978,True
aragpt2,T5,T5-f-0271,f,وجد,-0.1795,False,-0.4497,False
aragpt2,T5,T5-f-0272,f,دخل,3.039,True,3.5168,True
aragpt2,T5,T5-f-0273,f,فتح,-0.614,False,-0.531,False
aragpt2,T5,T5-f-0274,f,حضر,0.9725,True,0.8855,True
aragpt2,T5,T5-f-0275,f,كسر,0.7277,True,1.4626,True
aragpt2,T5,T5-f-0276,f,خرج,3.0818,True,4.7824,True
aragpt2,T5,T5-f-0277,f,حمل,-4.0635,False,-3.5196,False
aragpt2,T5,T5-f-0278,f,قرأ,2.1249,True,2.5299,True
aragpt2,T5,T5-f-0279,f,فتح,-8.3705,False,-8.2875,False
aragpt2,T5,T5-f-0280,f,دفع,0.7067,True,-0.0921,False
aragpt2,T5,T5-f-0281,f,بدأ,0.7606,True,1.8952,True
aragpt2,T5,T5-f-0282,f,باع,-2.8118,False,-2.4547,False
aragpt2,T5,T5-f-0283,f,قال,-5.6664,False,-3.1612,False
aragpt2,T5,T5-f-0284,f,ذهب,-4.0173,False,-4.956,False
aragpt2,T5,T5-f-0285,f,حضر,-1.112,False,-1.199,False
aragpt2,T5,T5-f-0286,f,حضر,-2.6364,False,-2.7234,False
aragpt2,T5,T5-f-0287,f,دفع,-1.5523,False,-2.3512,False
aragpt2,T5,T5-f-0288,f,طلب,-5.534,False,-4.2575,False
aragpt2,T5,T5-f-0289,f,بدأ,2.2269,True,3.3614,True
aragpt2,T5,T5-f-0290,f,ترك,-0.7672,False,-0.0443,False
aragpt2,T5,T5-f-0291,f,وصل,-3.5684,False,-3.0201,False
aragpt2,T5,T5-f-0292,f,خرج,0.4095,True,2.1101,True
aragpt2,T5,T5-f-0293,f,قال,-0.6498,False,1.8554,True
aragpt2,T5,T5-f-0294,f,قرأ,-2.8572,False,-2.4522,False
aragpt2,T5,T5-f-0295,f,عرف,1.1218,True,2.1859,True
aragpt2,T5,T5-f-0296,f,حمل,-1.644,False,-1.1001,False
aragpt2,T5,T5-f-0297,f,ترك,3.4765,True,4.1995,True
aragpt2,T5,T5-f-0298,f,دفع,-1.6468,False,-2.4457,False
aragpt2,T5,T5-f-0299,f,وجد,-4.2228,False,-4.493,False
aragpt2,T5,T5-f-0300,f,قرأ,-7.0927,False,-6.6876,False
aragpt2,T5,T5-f-0301,f,شاهد,6.6247,True,6.0,True
aragpt2,T5,T5-f-0302,f,أخذ,-1.0616,False,-1.549,False
aragpt2,T5,T5-f-0303,f,دفع,-6.0671,False,-6.866,False
aragpt2,T5,T5-f-0304,f,وجد,0.6327,True,0.3625,True
aragpt2,T5,T5-f-0305,f,دخل,0.3242,True,0.802,True
aragpt2,T5,T5-f-0306,f,دفع,-10.974,False,-11.7729,False
aragpt2,T5,T5-f-0307,f,سمع,-1.8901,False,-2.2665,False
aragpt2,T5,T5-f-0308,f,دفع,-2.9837,False,-3.7826,False
aragpt2,T5,T5-f-0309,f,طلب,-2.8133,False,-1.5368,False
aragpt2,T5,T5-f-0310,f,خرج,-0.9173,False,0.7833,True
aragpt2,T5,T5-f-0311,f,دخل,-6.4975,False,-6.0196,False
aragpt2,T5,T5-f-0312,f,قال,-3.1389,False,-0.6338,False
aragpt2,T5,T5-f-0313,f,عرف,9.2369,True,10.301,True
aragpt2,T5,T5-f-0314,f,كتب,-3.5223,False,-2.9592,False
aragpt2,T5,T5-f-0315,f,بدأ,-0.7156,False,0.4189,True
aragpt2,T5,T5-f-0316,f,قال,-0.9458,False,1.5594,True
aragpt2,T5,T5-f-0317,f,خرج,-0.0736,False,1.627,True
aragpt2,T5,T5-f-0318,f,وصل,1.9611,True,2.5093,True
aragpt2,T5,T5-f-0319,f,قال,-3.2009,False,-0.6958,False
aragpt2,T5,T5-f-0320,f,ترك,-5.7637,False,-5.0407,False
aragpt2,T5,T5-f-0321,f,بدأ,0.8567,True,1.9912,True
aragpt2,T5,T5-f-0322,f,خرج,-5.4043,False,-3.7037,False
aragpt2,T5,T5-f-0323,f,دخل,-2.4997,False,-2.0219,False
aragpt2,T5,T5-f-0324,f,كسر,-6.9941,False,-6.2592,False
aragpt2,T5,T5-f-0325,f,وجد,-1.3192,False,-1.5894,False
aragpt2,T5,T5-f-0326,f,كتب,0.9536,True,1.5167,True
aragpt2,T5,T5-f-0327,f,كسر,-2.5703,False,-1.8354,False
aragpt2,T5,T5-f-0328,f,عرف,2.8332,True,3.8973,True
aragpt2,T5,T5-f-0329,f,دخل,-1.1168,False,-0.6389,False
aragpt2,T5,T5-f-0330,f,بدأ,4.7994,True,5.9339,True
aragpt2,T5,T5-f-0331,f,دفع,0.9696,True,0.1707,True
aragpt2,T5,T5-f-0332,f,حضر,0.5705,True,0.4835,True
aragpt2,T5,T5-f-0333,f,خرج,0.8927,True,2.5933,True
aragpt2,T5,T5-f-0334,f,أخذ,-3.899,False,-4.3864,False
aragpt2,T5,T5-f-0335,f,وصل,-1.4105,False,-0.8623,False
aragpt2,T5,T5-f-0336,f,كسر,-3.2605,False,-2.5256,False
aragpt2,T5,T5-f-0337,f,حمل,1.8907,True,2.4346,True
aragpt2,T5,T5-f-0338,f,قرأ,3.079,True,3.484,True
aragpt2,T5,T5-f-0339,f,بدأ,1.9748,True,3.1093,True
aragpt2,T5,T5-f-0340,f,دفع,-4.8576,False,-5.6565,False
aragpt2,T5,T5-f-0341,f,دخل,2.4838,True,2.9616,True
aragpt2,T5,T5-f-0342,f,سمع,2.7308,True,2.3544,True
aragpt2,T5,T5-f-0343,f,دخل,1.1674,True,1.6452,True
aragpt2,T5,T5-f-0344,f,عرف,12.7078,True,13.7719,True
aragpt2,T5,T5-f-0345,f,طلب,0.0568,True,1.3333,True
aragpt2,T5,T5-f-0346,f,وصل,1.1481,True,1.6963,True
aragpt2,T5,T5-f-0347,f,كتب,-1.8943,False,-1.3312,False
aragpt2,T5,T5-f-0348,f,عرف,7.1863,True,8.2504,True
aragpt2,T5,T5-f-0349,f,كسر,0.3768,True,1.1117,True
aragpt2,T5,T5-f-0350,f,ذهب,1.3312,True,0.3925,True
aragpt2,T5,T5-f-0351,f,قال,2.2389,True,4.744,True
aragpt2,T5,T5-f-0352,f,حمل,1.2996,True,1.8435,True
aragpt2,T5,T5-f-0353,f,طلب,-0.6766,False,0.5999,True
aragpt2,T5,T5-f-0354,f,كسر,-6.1514,False,-5.4165,False
aragpt2,T5,T5-f-0355,f,حضر,1.9959,True,1.909,True
aragpt2,T5,T5-f-0356,f,خرج,0.1332,True,1.8338,True
aragpt2,T5,T5-f-0357,f,قرأ,-12.8746,False,-12.4695,False
aragpt2,T5,T5-f-0358,f,قرأ,-0.5062,False,-0.1011,False
aragpt2,T5,T5-f-0359,f,ذهب,2.7489,True,1.8102,True
aragpt2,T5,T5-f-0360,f,حضر,1.4189,True,1.3319,True
aragpt2,T5,T5-f-0361,f,أخذ,-0.4854,False,-0.9728,False
aragpt2,T5,T5-f-0362,f,حضر,-1.3445,False,-1.4314,False
aragpt2,T5,T5-f-0363,f,طلب,-1.0867,False,0.1898,True
aragpt2,T5,T5-f-0364,f,ذهب,5.9301,True,4.9914,True
aragpt2,T5,T5-f-0365,f,أخذ,0.8134,True,0.326,True
aragpt2,T5,T5-f-0366,f,دخل,-2.5634,False,-2.0855,False
aragpt2,T5,T5-f-0367,f,سمع,6.8906,True,6.5142,True
aragpt2,T5,T5-f-0368,f,وجد,-7.023,False,-7.2932,False
aragpt2,T5,T5-f-0369,f,وصل,1.1637,True,1.7119,True
aragpt2,T5,T5-f-0370,f,باع,-1.6015,False,-1.2444,False
aragpt2,T5,T5-f-0371,f,سمع,-3.4646,False,-3.841,False
aragpt2,T5,T5-f-0372,f,ترك,-5.1477,False,-4.4247,False
aragpt2,T5,T5-f-0373,f,ذهب,7.2135,True,6.2748,True
aragpt2,T5,T5-f-0374,f,حضر,1.3548,True,1.2678,True
aragpt2,T5,T5-f-0375,f,دفع,0.1053,True,-0.6936,False
aragpt2,T5,T5-f-0376,f,سمع,1.9461,True,1.5697,True
aragpt2,T5,T5-f-0377,f,دفع,-5.9166,False,-6.7155,False
aragpt2,T5,T5-f-0378,f,طلب,1.5531,True,2.8296,True
aragpt2,T5,T5-f-0379,f,دفع,-2.4926,False,-3.2915,False
aragpt2,T5,T5-f-0380,f,أخذ,5.7697,True,5.2823,True
aragpt2,T5,T5-f-0381,f,ترك,4.6029,True,5.3259,True
aragpt2,T5,T5-f-0382,f,حمل,-0.1739,False,0.37,True
aragpt2,T5,T5-f-0383,f,وجد,-8.464,False,-8.7342,False
aragpt2,T5,T5-f-0384,f,أخذ,0.2962,True,-0.1912,False
aragpt2,T5,T5-f-0385,f,دخل,13.6015,True,14.0794,True
aragpt2,T5,T5-f-0386,f,خرج,3.0371,True,4.7376,True
aragpt2,T5,T5-f-0387,f,خرج,-2.6341,False,-0.9336,False
aragpt2,T5,T5-f-0388,f,كسر,-9.8497,False,-9.1148,False
aragpt2,T5,T5-f-0389,f,دخل,0.4714,True,0.9492,True
aragpt2,T5,T5-f-0390,f,دفع,-0.6468,False,-1.4457,False
aragpt2,T5,T5-f-0391,f,سمع,1.7133,True,1.3369,True
aragpt2,T5,T5-f-0392,f,شاهد,-4.7836,False,-5.4083,False
aragpt2,T5,T5-f-0393,f,كتب,-0.2243,False,0.3388,True
aragpt2,T5,T5-f-0394,f,وجد,2.2515,True,1.9814,True
aragpt2,T5,T5-f-0395,f,وجد,-2.2951,False,-2.5653,False
aragpt2,T5,T5-f-0396,f,خرج,2.993,True,4.6936,True
aragpt2,T5,T5-f-0397,f,عرف,4.4897,True,5.5538,True
aragpt2,T5,T5-f-0398,f,فتح,-2.2427,False,-2.1597,False
aragpt2,T5,T5-f-0399,f,قال,-0.8255,False,1.6797,True
aragpt2,T5,T5-f-0400,f,عرف,-6.9094,False,-5.8453,False
aragpt2,T5,T5-f-0401,f,بدأ,2.0032,True,3.1377,True
aragpt2,T5,T5-f-0402,f,كسر,-1.1063,False,-0.3714,False
aragpt2,T5,T5-f-0403,f,أخذ,1.6348,True,1.1474,True
aragpt2,T5,T5-f-0404,f,قرأ,0.44,True,0.8451,True
aragpt2,T5,T5-f-0405,f,حمل,4.5789,True,5.1228,True
aragpt2,T5,T5-f-0406,f,وصل,-1.4218,False,-0.8736,False
aragpt2,T5,T5-f-0407,f,كسر,-7.0054,False,-6.2705,False
aragpt2,T5,T5-f-0408,f,قال,-2.6477,False,-0.1426,False
aragpt2,T5,T5-f-0409,f,ذهب,3.8121,True,2.8734,True
aragpt2,T5,T5-f-0410,f,كتب,1.1986,True,1.7617,True
aragpt2,T5,T5-f-0411,f,عرف,1.4683,True,2.5324,True
aragpt2,T5,T5-f-0412,f,ذهب,-4.5299,False,-5.4686,False
aragpt2,T5,T5-f-0413,f,ذهب,0.5695,True,-0.3692,False
aragpt2,T5,T5-f-0414,f,وجد,-1.0173,False,-1.2875,False
aragpt2,T5,T5-f-0415,f,سمع,-7.8234,False,-8.1998,False
aragpt2,T5,T5-f-0416,f,دفع,0.2933,True,-0.5056,False
aragpt2,T5,T5-f-0417,f,شاهد,0.9217,True,0.297,True
aragpt2,T5,T5-f-0418,f,أخذ,0.3649,True,-0.1225,False
aragpt2,T5,T5-f-0419,f,باع,-7.4744,False,-7.1173,False
aragpt2,T5,T5-f-0420,f,باع,-2.0101,False,-1.6531,False
aragpt2,T5,T5-f-0421,f,باع,-2.5421,False,-2.185,False
aragpt2,T5,T5-f-0422,f,فتح,-0.545,False,-0.462,False
aragpt2,T5,T5-f-0423,f,ترك,2.1907,True,2.9137,True
aragpt2,T5,T5-f-0424,f,شاهد,-2.3698,False,-2.9945,False
aragpt2,T5,T5-f-0425,f,دفع,-10.6962,False,-11.4951,False
aragpt2,T5,T5-f-0426,f,فتح,0.1359,True,0.2189,True
aragpt2,T5,T5-f-0427,f,حمل,-6.889,False,-6.3451,False
aragpt2,T5,T5-f-0428,f,دفع,-0.0005,False,-0.7994,False
aragpt2,T5,T5-f-0429,f,دخل,8.5046,True,8.9825,True
aragpt2,T5,T5-f-0430,f,وصل,2.2391,True,2.7873,True
aragpt2,T5,T5-f-0431,f,قرأ,-0.241,False,0.1641,True
aragpt2,T5,T5-f-0432,f,فتح,0.9228,True,1.0058,True
aragpt2,T5,T5-f-0433,f,قال,-6.6126,False,-4.1075,False
aragpt2,T5,T5-f-0434,f,ترك,6.6895,True,7.4124,True
aragpt2,T5,T5-f-0435,f,عرف,0.9722,True,2.0362,True
aragpt2,T5,T5-f-0436,f,ذهب,2.7333,True,1.7946,True
aragpt2,T5,T5-f-0437,f,قال,0.1738,True,2.6789,True
aragpt2,T5,T5-f-0438,f,كسر,-10.3671,False,-9.6322,False
aragpt2,T5,T5-f-0439,f,خرج,2.7776,True,4.4782,True
aragpt2,T5,T5-f-0440,f,كتب,0.1131,True,0.6762,True
aragpt2,T5,T5-f-0441,f,حضر,0.8266,True,0.7396,True
aragpt2,T5,T5-f-0442,f,كتب,-0.1958,False,0.3673,True
aragpt2,T5,T5-f-0443,f,كسر,0.3173,True,1.0521,True
aragpt2,T5,T5-f-0444,f,طلب,1.4258,True,2.7023,True
aragpt2,T5,T5-f-0445,f,عرف,2.6437,True,3.7078,True
aragpt2,T5,T5-f-0446,f,أخذ,-1.0516,False,-1.539,False
aragpt2,T5,T5-f-0447,f,أخذ,-2.5755,False,-3.0629,False
aragpt2,T5,T5-f-0448,f,وصل,2.157,True,2.7052,True
aragpt2,T5,T5-f-0449,f,عرف,1.9523,True,3.0164,True
aragpt2,T5,T5-f-0450,f,وصل,-1.858,False,-1.3098,False
aragpt2,T5,T5-f-0451,f,طلب,-8.3794,False,-7.1029,False
aragpt2,T5,T5-f-0452,f,عرف,2.7692,True,3.8333,True
aragpt2,T5,T5-f-0453,f,قرأ,-2.2617,False,-1.8566,False
aragpt2,T5,T5-f-0454,f,قال,-1.3127,False,1.1924,True
aragpt2,T5,T5-f-0455,f,وصل,-0.7641,False,-0.2159,False
aragpt2,T5,T5-f-0456,f,خرج,1.7984,True,3.499,True
aragpt2,T5,T5-f-0457,f,شاهد,7.818,True,7.1933,True
aragpt2,T5,T5-f-0458,f,خرج,6.2683,True,7.9689,True
aragpt2,T5,T5-f-0459,f,فتح,-1.9964,False,-1.9134,False
aragpt2,T5,T5-f-0460,f,فتح,2.9879,True,3.0709,True
aragpt2,T5,T5-f-0461,f,حضر,-2.7445,False,-2.8315,False
aragpt2,T5,T5-f-0462,f,دفع,-4.3259,False,-5.1248,False
aragpt2,T5,T5-f-0463,f,وجد,-1.1403,False,-1.4105,False
aragpt2,T5,T5-f-0464,f,فتح,-4.9203,False,-4.8373,False
aragpt2,T5,T5-f-0465,f,عرف,0.5637,True,1.6277,True
aragpt2,T5,T5-f-0466,f,باع,-6.3645,False,-6.0074,False
aragpt2,T5,T5-f-0467,f,قال,2.5132,True,5.0183,True
aragpt2,T5,T5-f-0468,f,طلب,-2.4856,False,-1.2091,False
aragpt2,T5,T5-f-0469,f,أخذ,-1.5067,False,-1.9941,False
aragpt2,T5,T5-f-0470,f,حمل,-1.7127,False,-1.1688,False
aragpt2,T5,T5-f-0471,f,طلب,-6.361,False,-5.0845,False
aragpt2,T5,T5-f-0472,f,كتب,-2.2007,False,-1.6376,False
aragpt2,T5,T5-f-0473,f,طلب,-3.5856,False,-2.3091,False
aragpt2,T5,T5-f-0474,f,خرج,-0.151,False,1.5496,True
aragpt2,T5,T5-f-0475,f,قال,1.6914,True,4.1966,True
aragpt2,T5,T5-f-0476,f,دخل,4.1074,True,4.5852,True
aragpt2,T5,T5-f-0477,f,عرف,-5.4711,False,-4.407,False
aragpt2,T5,T5-f-0478,f,ترك,1.8991,True,2.6221,True
aragpt2,T5,T5-f-0479,f,قال,-1.738,False,0.7671,True
aragpt2,T5,T5-f-0480,f,ذهب,-2.9968,False,-3.9355,False
aragpt2,T5,T5-f-0481,f,سمع,-2.9296,False,-3.306,False
aragpt2,T5,T5-f-0482,f,قال,1.3421,True,3.8472,True
aragpt2,T5,T5-f-0483,f,طلب,7.8178,True,9.0943,True
aragpt2,T5,T5-f-0484,f,طلب,-1.4851,False,-0.2086,False
aragpt2,T5,T5-f-0485,f,وصل,1.727,True,2.2752,True
aragpt2,T5,T5-f-0486,f,سمع,-1.2806,False,-1.657,False
aragpt2,T5,T5-f-0487,f,باع,-7.5718,False,-7.2148,False
aragpt2,T5,T5-f-0488,f,باع,-3.8876,False,-3.5306,False
aragpt2,T5,T5-f-0489,f,ذهب,-3.5954,False,-4.5341,False
aragpt2,T5,T5-f-0490,f,طلب,-5.1493,False,-3.8728,False
aragpt2,T5,T5-f-0491,f,حضر,-5.1178,False,-5.2048,False
aragpt2,T5,T5-f-0492,f,حضر,-2.4037,False,-2.4906,False
aragpt2,T5,T5-f-0493,f,قرأ,-10.7833,False,-10.3783,False
aragpt2,T5,T5-f-0494,f,وجد,-0.3217,False,-0.5918,False
aragpt2,T5,T5-f-0495,f,حمل,-5.3619,False,-4.818,False
aragpt2,T5,T5-f-0496,f,وصل,0.243,True,0.7912,True
aragpt2,T5,T5-f-0497,f,حضر,-2.0819,False,-2.1688,False
aragpt2,T5,T5-f-0498,f,سمع,0.4887,True,0.1123,True
aragpt2,T5,T5-f-0499,f,ترك,-5.0799,False,-4.3569,False
aragpt2,T5,T5-f-0500,f,كسر,-4.8176,False,-4.0828,False
aragpt2,T5,T5-f-0501,f,ذهب,-2.8899,False,-3.8286,False
aragpt2,T5,T5-f-0502,f,وجد,8.9922,True,8.722,True
aragpt2,T5,T5-f-0503,f,وجد,-6.0818,False,-6.3519,False
aragpt2,T5,T5-f-0504,f,خرج,3.6048,True,5.3054,True
aragpt2,T5,T5-f-0505,f,كتب,-2.2586,False,-1.6955,False
aragpt2,T5,T5-f-0506,f,ذهب,-1.426,False,-2.3647,False
aragpt2,T5,T5-f-0507,f,شاهد,-2.0536,False,-2.6783,False
aragpt2,T5,T5-f-0508,f,حمل,-0.1012,False,0.4427,True
aragpt2,T5,T5-f-0509,f,أخذ,-1.7997,False,-2.2871,False
aragpt2,T5,T5-f-0510,f,كتب,10.6458,True,11.2088,True
aragpt2,T5,T5-f-0511,f,قال,-3.2275,False,-0.7224,False
aragpt2,T5,T5-f-0512,f,فتح,-5.403,False,-5.32,False
aragpt2,T5,T5-f-0513,f,دخل,-1.1365,False,-0.6586,False
aragpt2,T5,T5-f-0514,f,ذهب,3.0089,True,2.0702,True
aragpt2,T5,T5-f-0515,f,عرف,-0.8732,False,0.1909,True
aragpt2,T5,T5-f-0516,f,شاهد,0.4962,True,-0.1285,False
aragpt2,T5,T5-f-0517,f,خرج,1.2358,True,2.9364,True
aragpt2,T5,T5-f-0518,f,شاهد,-8.3572,False,-8.9819,False
aragpt2,T5,T5-f-0519,f,ترك,2.2893,True,3.0122,True
aragpt2,T5,T5-f-0520,f,قال,0.7902,True,3.2953,True
aragpt2,T5,T5-f-0521,f,خرج,-3.2066,False,-1.5061,False
aragpt2,T5,T5-f-0522,f,عرف,4.2232,True,5.2873,True
aragpt2,T5,T5-f-0523,f,بدأ,0.272,True,1.4065,True
aragpt2,T5,T5-f-0524,f,دفع,-8.2524,False,-9.0513,False
aragpt2,T5,T5-f-0525,f,شاهد,1.0743,True,0.4496,True
aragpt2,T5,T5-f-0526,f,ذهب,2.0992,True,1.1604,True
aragpt2,T5,T5-f-0527,f,قرأ,2.6938,True,3.0988,True
aragpt2,T5,T5-f-0528,f,دخل,-5.2376,False,-4.7598,False
aragpt2,T5,T5-f-0529,f,وجد,1.6406,True,1.3704,True
aragpt2,T5,T5-f-0530,f,عرف,0.27,True,1.3341,True
aragpt2,T5,T5-f-0531,f,دفع,-10.951,False,-11.7499,False
aragpt2,T5,T5-f-0532,f,شاهد,-6.5667,False,-7.1913,False
aragpt2,T5,T5-f-0533,f,ترك,-6.9288,False,-6.2058,False
aragpt2,T5,T5-f-0534,f,قرأ,-0.6859,False,-0.2809,False
aragpt2,T5,T5-f-0535,f,ترك,-2.7957,False,-2.0728,False
aragpt2,T5,T5-f-0536,f,قرأ,1.9232,True,2.3283,True
aragpt2,T5,T5-f-0537,f,خرج,-1.2038,False,0.4968,True
aragpt2,T5,T5-f-0538,f,طلب,-0.2293,False,1.0472,True
aragpt2,T5,T5-f-0539,f,طلب,0.3216,True,1.5981,True
aragpt2,T5,T5-f-0540,f,ترك,1.2367,True,1.9596,True
aragpt2,T5,T5-f-0541,f,حمل,-6.8324,False,-6.2885,False
aragpt2,T5,T5-f-0542,f,كتب,-5.8324,False,-5.2693,False
aragpt2,T5,T5-f-0543,f,حمل,1.517,True,2.0609,True
aragpt2,T5,T5-f-0544,f,سمع,0.1279,True,-0.2485,False
aragpt2,T5,T5-f-0545,f,خرج,2.7397,True,4.4403,True
aragpt2,T5,T5-f-0546,f,وصل,2.9459,True,3.4941,True
aragpt2,T5,T5-f-0547,f,قال,3.2474,True,5.7525,True
aragpt2,T5,T5-f-0548,f,خرج,-5.4809,False,-3.7803,False
aragpt2,T5,T5-f-0549,f,كتب,-4.0554,False,-3.4923,False
aragpt2,T5,T5-f-0550,f,كسر,0.2625,True,0.9974,True
aragpt2,T5,T5-f-0551,f,حمل,-2.0533,False,-1.5094,False
aragpt2,T5,T5-f-0552,f,طلب,-0.3279,False,0.9486,True
aragpt2,T5,T5-f-0553,f,بدأ,7.1907,True,8.3252,True
aragpt2,T5,T5-f-0554,f,أخذ,-0.2594,False,-0.7468,False
aragpt2,T5,T5-f-0555,f,سمع,-0.2984,False,-0.6748,False
aragpt2,T5,T5-f-0556,f,بدأ,0.7473,True,1.8818,True
aragpt2,T5,T5-f-0557,f,دخل,3.4814,True,3.9593,True
aragpt2,T5,T5-f-0558,f,ذهب,-11.3653,False,-12.304,False
aragpt2,T5,T5-f-0559,f,أخذ,0.2848,True,-0.2026,False
aragpt2,T5,T5-f-0560,f,قرأ,-5.2778,False,-4.8728,False
aragpt2,T5,T5-f-0561,f,دفع,2.0786,True,1.2797,True
aragpt2,T5,T5-f-0562,f,حضر,-1.0034,False,-1.0904,False
aragpt2,T5,T5-f-0563,f,باع,-2.7863,False,-2.4293,False
aragpt2,T5,T5-f-0564,f,دخل,8.6711,True,9.149,True
aragpt2,T5,T5-f-0565,f,أخذ,-3.4983,False,-3.9857,False
aragpt2,T5,T5-f-0566,f,فتح,-7.382,False,-7.299,False
aragpt2,T5,T5-f-0567,f,قال,-0.2929,False,2.2122,True
aragpt2,T5,T5-f-0568,f,كسر,-8.7094,False,-7.9746,False
aragpt2,T5,T5-f-0569,f,ذهب,-2.5509,False,-3.4896,False
aragpt2,T5,T5-f-0570,f,ذهب,-4.0098,False,-4.9485,False
aragpt2,T5,T5-f-0571,f,ترك,-2.2331,False,-1.5102,False
aragpt2,T5,T5-f-0572,f,سمع,3.7703,True,3.3939,True
aragpt2,T5,T5-f-0573,f,طلب,-1.4579,False,-0.1814,False
aragpt2,T5,T5-f-0574,f,باع,-11.1983,False,-10.8413,False
aragpt2,T5,T5-f-0575,f,خرج,0.8848,True,2.5854,True
aragpt2,T5,T5-f-0576,f,دخل,-0.7124,False,-0.2345,False
aragpt2,T5,T5-f-0577,f,ترك,1.6848,True,2.4078,True
aragpt2,T5,T5-f-0578,f,وصل,-0.8178,False,-0.2696,False
aragpt2,T5,T5-f-0579,f,سمع,-0.2599,False,-0.6363,False
aragpt2,T5,T5-f-0580,f,ذهب,-7.314,False,-8.2527,False
aragpt2,T5,T5-f-0581,f,قرأ,-5.3892,False,-4.9842,False
aragpt2,T5,T5-f-0582,f,قرأ,-1.8607,False,-1.4557,False
aragpt2,T5,T5-f-0583,f,حضر,-4.3444,False,-4.4313,False
aragpt2,T5,T5-f-0584,f,وجد,-0.8019,False,-1.072,False
aragpt2,T5,T5-f-0585,f,كسر,-9.7055,False,-8.9706,False
aragpt2,T5,T5-f-0586,f,دخل,2.0467,True,2.5246,True
aragpt2,T5,T5-f-0587,f,باع,-7.3975,False,-7.0405,False
aragpt2,T5,T5-f-0588,f,وجد,10.4498,True,10.1797,True
aragpt2,T5,T5-f-0589,f,وجد,-7.0746,False,-7.3448,False
aragpt2,T5,T5-f-0590,f,أخذ,3.7403,True,3.2529,True
aragpt2,T5,T5-f-0591,f,حضر,-5.9626,False,-6.0496,False
aragpt2,T5,T5-f-0592,f,كتب,-4.3959,False,-3.8328,False
aragpt2,T5,T5-f-0593,f,بدأ,-1.3868,False,-0.2523,False
aragpt2,T5,T5-f-0594,f,بدأ,0.7888,True,1.9233,True
aragpt2,T5,T5-f-0595,f,كتب,6.8303,True,7.3934,True
aragpt2,T5,T5-f-0596,f,باع,-7.0024,False,-6.6454,False
aragpt2,T5,T5-f-0597,f,عرف,-4.9301,False,-3.8661,False
aragpt2,T5,T5-f-0598,f,فتح,-0.3704,False,-0.2874,False
aragpt2,T5,T5-f-0599,f,فتح,-2.881,False,-2.7981,False
aragpt2,T6,T6-m-0000,m,كتب,0.6154,True,0.0523,True
aragpt2,T6,T6-m-0001,m,وجد,7.8368,True,8.107,True
aragpt2,T6,T6-m-0002,m,دفع,2.8326,True,3.6315,True
aragpt2,T6,T6-m-0003,m,شاهد,2.5418,True,3.1665,True
aragpt2,T6,T6-m-0004,m,حضر,4.9922,True,5.0792,True
aragpt2,T6,T6-m-0005,m,باع,-0.5051,False,-0.8621,False
aragpt2,T6,T6-m-0006,m,ترك,5.7696,True,5.0466,True
aragpt2,T6,T6-m-0007,m,قال,0.6663,True,-1.8388,False
aragpt2,T6,T6-m-0008,m,وصل,7.8402,True,7.2919,True
aragpt2,T6,T6-m-0009,m,وصل,-4.6594,False,-5.2076,False
aragpt2,T6,T6-m-0010,m,قال,-1.4701,False,-3.9752,False
aragpt2,T6,T6-m-0011,m,فتح,5.2241,True,5.1411,True
aragpt2,T6,T6-m-0012,m,وصل,-13.4275,False,-13.9757,False
aragpt2,T6,T6-m-0013,m,أخذ,-1.4849,False,-0.9975,False
aragpt2,T6,T6-m-0014,m,ذهب,0.5922,True,1.5309,True
aragpt2,T6,T6-m-0015,m,شاهد,4.7579,True,5.3825,True
aragpt2,T6,T6-m-0016,m,وجد,-0.1159,False,0.1543,True
aragpt2,T6,T6-m-0017,m,عرف,1.2029,True,0.1388,True
aragpt2,T6,T6-m-0018,m,كتب,6.729,True,6.1659,True
aragpt2,T6,T6-m-0019,m,وجد,2.0426,True,2.3128,True
aragpt2,T6,T6-m-0020,m,كتب,1.5094,True,0.9463,True
aragpt2,T6,T6-m-0021,m,شاهد,3.0313,True,3.6559,True
aragpt2,T6,T6-m-0022,m,ذهب,0.4682,True,1.407,True
aragpt2,T6,T6-m-0023,m,خرج,-0.5604,False,-2.261,False
aragpt2,T6,T6-m-0024,m,دخل,-10.4336,False,-10.9114,False
aragpt2,T6,T6-m-0025,m,قال,6.7072,True,4.202,True
aragpt2,T6,T6-m-0026,m,فتح,7.1691,True,7.0861,True
aragpt2,T6,T6-m-0027,m,ذهب,-2.0557,False,-1.117,False
aragpt2,T6,T6-m-0028,m,كسر,-1.8357,False,-2.5706,False
aragpt2,T6,T6-m-0029,m,كسر,4.9555,True,4.2207,True
aragpt2,T6,T6-m-0030,m,قرأ,-3.1249,False,-3.5299,False
aragpt2,T6,T6-m-0031,m,فتح,2.3788,True,2.2958,True
aragpt2,T6,T6-m-0032,m,ترك,0.7479,True,0.0249,True
aragpt2,T6,T6-m-0033,m,شاهد,2.0948,True,2.7195,True
aragpt2,T6,T6-m-0034,m,ترك,6.7649,True,6.0419,True
aragpt2,T6,T6-m-0035,m,طلب,4.6047,True,3.3282,True
aragpt2,T6,T6-m-0036,m,وجد,0.9113,True,1.1815,True
aragpt2,T6,T6-m-0037,m,وصل,2.8507,True,2.3025,True
aragpt2,T6,T6-m-0038,m,خرج,-1.1093,False,-2.8099,False
aragpt2,T6,T6-m-0039,m,دخل,-1.6249,False,-2.1028,False
aragpt2,T6,T6-m-0040,m,طلب,-1.8441,False,-3.1206,False
aragpt2,T6,T6-m-0041,m,أخذ,2.4089,True,2.8963,True
aragpt2,T6,T6-m-0042,m,ترك,3.5704,True,2.8474,True
aragpt2,T6,T6-m-0043,m,وصل,-0.7541,False,-1.3023,False
aragpt2,T6,T6-m-0044,m,فتح,-1.1747,False,-1.2577,False
aragpt2,T6,T6-m-0045,m,خرج,-5.746,False,-7.4466,False
aragpt2,T6,T6-m-0046,m,طلب,3.1556,True,1.8791,True
aragpt2,T6,T6-m-0047,m,دخل,4.8562,True,4.3783,True
aragpt2,T6,T6-m-0048,m,دفع,2.6912,True,3.4901,True
aragpt2,T6,T6-m-0049,m,ذهب,0.4619,True,1.4006,True
aragpt2,T6,T6-m-0050,m,قال,1.4836,True,-1.0215,False
aragpt2,T6,T6-m-0051,m,بدأ,-5.2617,False,-6.3962,False
aragpt2,T6,T6-m-0052,m,سمع,5.2955,True,5.6719,True
aragpt2,T6,T6-m-0053,m,حمل,-1.0659,False,-1.6098,False
aragpt2,T6,T6-m-0054,m,وجد,5.0821,True,5.3523,True
aragpt2,T6,T6-m-0055,m,قال,-3.7603,False,-6.2655,False
aragpt2,T6,T6-m-0056,m,ترك,5.1297,True,4.4067,True
aragpt2,T6,T6-m-0057,m,دفع,3.6126,True,4.4115,True
aragpt2,T6,T6-m-0058,m,ترك,2.1743,True,1.4513,True
aragpt2,T6,T6-m-0059,m,كسر,4.8334,True,4.0985,True
aragpt2,T6,T6-m-0060,m,كسر,5.7769,True,5.042,True
aragpt2,T6,T6-m-0061,m,دخل,-0.3893,False,-0.8672,False
aragpt2,T6,T6-m-0062,m,بدأ,-1.0431,False,-2.1776,False
aragpt2,T6,T6-m-0063,m,دخل,-2.1792,False,-2.6571,False
aragpt2,T6,T6-m-0064,m,كتب,2.1355,True,1.5724,True
aragpt2,T6,T6-m-0065,m,طلب,4.0212,True,2.7447,True
aragpt2,T6,T6-m-0066,m,خرج,0.9225,True,-0.7781,False
aragpt2,T6,T6-m-0067,m,طلب,4.2044,True,2.9279,True
aragpt2,T6,T6-m-0068,m,باع,0.4071,True,0.0501,True
aragpt2,T6,T6-m-0069,m,ترك,-0.3921,False,-1.115,False
aragpt2,T6,T6-m-0070,m,شاهد,-1.5859,False,-0.9612,False
aragpt2,T6,T6-m-0071,m,ذهب,3.3157,True,4.2544,True
aragpt2,T6,T6-m-0072,m,ذهب,-0.6753,False,0.2634,True
aragpt2,T6,T6-m-0073,m,كتب,5.1388,True,4.5758,True
aragpt2,T6,T6-m-0074,m,بدأ,2.3815,True,1.2469,True
aragpt2,T6,T6-m-0075,m,أخذ,1.0052,True,1.4926,True
aragpt2,T6,T6-m-0076,m,ذهب,0.6005,True,1.5393,True
aragpt2,T6,T6-m-0077,m,دخل,-1.3613,False,-1.8391,False
aragpt2,T6,T6-m-0078,m,كتب,-0.2844,False,-0.8475,False
aragpt2,T6,T6-m-0079,m,وصل,-0.4192,False,-0.9674,False
aragpt2,T6,T6-m-0080,m,ذهب,-1.6024,False,-0.6637,False
aragpt2,T6,T6-m-0081,m,ترك,3.3539,True,2.6309,True
aragpt2,T6,T6-m-0082,m,دفع,2.6127,True,3.4116,True
aragpt2,T6,T6-m-0083,m,خرج,-0.0458,False,-1.7464,False
aragpt2,T6,T6-m-0084,m,دفع,4.0803,True,4.8791,True
aragpt2,T6,T6-m-0085,m,وصل,-0.4183,False,-0.9665,False
aragpt2,T6,T6-m-0086,m,وجد,0.6504,True,0.9206,True
aragpt2,T6,T6-m-0087,m,باع,9.2309,True,8.8738,True
aragpt2,T6,T6-m-0088,m,عرف,-0.3723,False,-1.4364,False
aragpt2,T6,T6-m-0089,m,شاهد,6.1319,True,6.7566,True
aragpt2,T6,T6-m-0090,m,سمع,-3.1042,False,-2.7278,False
aragpt2,T6,T6-m-0091,m,وجد,3.5633,True,3.8335,True
aragpt2,T6,T6-m-0092,m,حضر,-3.0391,False,-2.9521,False
aragpt2,T6,T6-m-0093,m,قرأ,5.2473,True,4.8423,True
aragpt2,T6,T6-m-0094,m,وصل,-4.103,False,-4.6512,False
aragpt2,T6,T6-m-0095,m,باع,3.8495,True,3.4924,True
aragpt2,T6,T6-m-0096,m,دفع,4.3555,True,5.1544,True
aragpt2,T6,T6-m-0097,m,وصل,0.4185,True,-0.1297,False
aragpt2,T6,T6-m-0098,m,دفع,7.4795,True,8.2784,True
aragpt2,T6,T6-m-0099,m,سمع,-0.659,False,-0.2826,False
aragpt2,T6,T6-m-0100,m,دخل,0.2917,True,-0.1861,False
aragpt2,T6,T6-m-0101,m,حمل,1.9586,True,1.4147,True
aragpt2,T6,T6-m-0102,m,فتح,2.6438,True,2.5608,True
aragpt2,T6,T6-m-0103,m,خرج,-0.833,False,-2.5336,False
aragpt2,T6,T6-m-0104,m,أخذ,0.072,True,0.5594,True
aragpt2,T6,T6-m-0105,m,حضر,2.883,True,2.97,True
aragpt2,T6,T6-m-0106,m,قرأ,-1.1166,False,-1.5216,False
aragpt2,T6,T6-m-0107,m,دخل,-0.9087,False,-1.3865,False
aragpt2,T6,T6-m-0108,m,قال,-0.0887,False,-2.5939,False
aragpt2,T6,T6-m-0109,m,حمل,-9.1221,False,-9.666,False
aragpt2,T6,T6-m-0110,m,كتب,4.7761,True,4.213,True
aragpt2,T6,T6-m-0111,m,وجد,-2.465,False,-2.1948,False
aragpt2,T6,T6-m-0112,m,وجد,5.4502,True,5.7204,True
aragpt2,T6,T6-m-0113,m,خرج,3.2164,True,1.5158,True
aragpt2,T6,T6-m-0114,m,عرف,-3.5852,False,-4.6493,False
aragpt2,T6,T6-m-0115,m,ذهب,-8.1944,False,-7.2557,False
aragpt2,T6,T6-m-0116,m,وجد,6.2013,True,6.4715,True
aragpt2,T6,T6-m-0117,m,قرأ,1.3097,True,0.9047,True
aragpt2,T6,T6-m-0118,m,ذهب,2.5443,True,3.483,True
aragpt2,T6,T6-m-0119,m,دفع,1.804,True,2.6029,True
aragpt2,T6,T6-m-0120,m,شاهد,0.5409,True,1.1656,True
aragpt2,T6,T6-m-0121,m,دفع,2.3665,True,3.1654,True
aragpt2,T6,T6-m-0122,m,وصل,0.2626,True,-0.2856,False
aragpt2,T6,T6-m-0123,m,ذهب,3.4974,True,4.4361,True
aragpt2,T6,T6-m-0124,m,طلب,3.5912,True,2.3148,True
aragpt2,T6,T6-m-0125,m,وجد,1.3725,True,1.6427,True
aragpt2,T6,T6-m-0126,m,أخذ,1.7776,True,2.265,True
aragpt2,T6,T6-m-0127,m,بدأ,-3.7291,False,-4.8637,False
aragpt2,T6,T6-m-0128,m,كتب,-0.2375,False,-0.8006,False
aragpt2,T6,T6-m-0129,m,كسر,2.3889,True,1.654,True
aragpt2,T6,T6-m-0130,m,خرج,4.5014,True,2.8008,True
aragpt2,T6,T6-m-0131,m,وصل,-12.9473,False,-13.4955,False
aragpt2,T6,T6-m-0132,m,دخل,-4.4874,False,-4.9653,False
aragpt2,T6,T6-m-0133,m,طلب,6.6266,True,5.3501,True
aragpt2,T6,T6-m-0134,m,دخل,11.4285,True,10.9507,True
aragpt2,T6,T6-m-0135,m,باع,3.1386,True,2.7816,True
aragpt2,T6,T6-m-0136,m,سمع,5.3077,True,5.6841,True
aragpt2,T6,T6-m-0137,m,ذهب,-5.5666,False,-4.6279,False
aragpt2,T6,T6-m-0138,m,قال,0.9735,True,-1.5316,False
aragpt2,T6,T6-m-0139,m,فتح,11.2542,True,11.1712,True
aragpt2,T6,T6-m-0140,m,أخذ,-0.3527,False,0.1347,True
aragpt2,T6,T6-m-0141,m,طلب,4.5396,True,3.2631,True
aragpt2,T6,T6-m-0142,m,دخل,-2.1776,False,-2.6555,False
aragpt2,T6,T6-m-0143,m,باع,-15.3694,False,-15.7264,False
aragpt2,T6,T6-m-0144,m,قرأ,-1.8178,False,-2.2228,False
aragpt2,T6,T6-m-0145,m,شاهد,0.4939,True,1.1186,True
aragpt2,T6,T6-m-0146,m,خرج,-2.6954,False,-4.3959,False
aragpt2,T6,T6-m-0147,m,وصل,-3.7238,False,-4.2721,False
aragpt2,T6,T6-m-0148,m,شاهد,7.1,True,7.7247,True
aragpt2,T6,T6-m-0149,m,دخل,-5.4372,False,-5.9151,False
aragpt2,T6,T6-m-0150,m,باع,8.8059,True,8.4489,True
aragpt2,T6,T6-m-0151,m,خرج,0.8984,True,-0.8021,False
aragpt2,T6,T6-m-0152,m,حضر,-5.2443,False,-5.1573,False
aragpt2,T6,T6-m-0153,m,دخل,-1.241,False,-1.7188,False
aragpt2,T6,T6-m-0154,m,أخذ,-0.793,False,-0.3056,False
aragpt2,T6,T6-m-0155,m,قال,2.7735,True,0.2683,True
aragpt2,T6,T6-m-0156,m,باع,0.825,True,0.468,True
aragpt2,T6,T6-m-0157,m,ذهب,4.0501,True,4.9888,True
aragpt2,T6,T6-m-0158,m,دفع,1.3705,True,2.1694,True
aragpt2,T6,T6-m-0159,m,أخذ,-0.1283,False,0.3591,True
aragpt2,T6,T6-m-0160,m,طلب,12.3844,True,11.1079,True
aragpt2,T6,T6-m-0161,m,حضر,0.2164,True,0.3034,True
aragpt2,T6,T6-m-0162,m,كتب,2.0138,True,1.4507,True
aragpt2,T6,T6-m-0163,m,سمع,0.5931,True,0.9695,True
aragpt2,T6,T6-m-0164,m,ذهب,-3.2036,False,-2.2648,False
aragpt2,T6,T6-m-0165,m,باع,7.9657,True,7.6086,True
aragpt2,T6,T6-m-0166,m,حضر,0.5379,True,0.6249,True
aragpt2,T6,T6-m-0167,m,قرأ,-3.124,False,-3.529,False
aragpt2,T6,T6-m-0168,m,حمل,-2.2797,False,-2.8236,False
aragpt2,T6,T6-m-0169,m,حضر,-3.1547,False,-3.0677,False
aragpt2,T6,T6-m-0170,m,قال,0.9744,True,-1.5307,False
aragpt2,T6,T6-m-0171,m,وصل,1.5419,True,0.9937,True
aragpt2,T6,T6-m-0172,m,بدأ,-1.5783,False,-2.7128,False
aragpt2,T6,T6-m-0173,m,كسر,1.9671,True,1.2322,True
aragpt2,T6,T6-m-0174,m,بدأ,-0.7035,False,-1.838,False
aragpt2,T6,T6-m-0175,m,حمل,5.4148,True,4.8709,True
aragpt2,T6,T6-m-0176,m,باع,1.2142,True,0.8572,True
aragpt2,T6,T6-m-0177,m,حمل,-2.2092,False,-2.7531,False
aragpt2,T6,T6-m-0178,m,ترك,4.0372,True,3.3143,True
aragpt2,T6,T6-m-0179,m,كتب,4.0962,True,3.5331,True
aragpt2,T6,T6-m-0180,m,دفع,-1.4643,False,-0.6655,False
aragpt2,T6,T6-m-0181,m,بدأ,-5.0417,False,-6.1762,False
aragpt2,T6,T6-m-0182,m,حضر,-3.7421,False,-3.6551,False
aragpt2,T6,T6-m-0183,m,كسر,4.1574,True,3.4225,True
aragpt2,T6,T6-m-0184,m,وجد,-4.4467,False,-4.1765,False
aragpt2,T6,T6-m-0185,m,حضر,-0.4365,False,-0.3495,False
aragpt2,T6,T6-m-0186,m,بدأ,-1.8548,False,-2.9894,False
aragpt2,T6,T6-m-0187,m,طلب,3.457,True,2.1805,True
aragpt2,T6,T6-m-0188,m,فتح,6.2577,True,6.1747,True
aragpt2,T6,T6-m-0189,m,قال,2.0362,True,-0.4689,False
aragpt2,T6,T6-m-0190,m,ترك,0.5173,True,-0.2057,False
aragpt2,T6,T6-m-0191,m,كسر,4.6999,True,3.965,True
aragpt2,T6,T6-m-0192,m,حمل,-8.0491,False,-8.593,False
aragpt2,T6,T6-m-0193,m,باع,2.5047,True,2.1477,True
aragpt2,T6,T6-m-0194,m,وصل,-1.3085,False,-1.8567,False
aragpt2,T6,T6-m-0195,m,ترك,6.1355,True,5.4125,True
aragpt2,T6,T6-m-0196,m,ترك,-1.1551,False,-1.8781,False
aragpt2,T6,T6-m-0197,m,أخذ,-2.4037,False,-1.9163,False
aragpt2,T6,T6-m-0198,m,خرج,-0.1939,False,-1.8944,False
aragpt2,T6,T6-m-0199,m,كتب,0.4999,True,-0.0632,False
aragpt2,T6,T6-m-0200,m,قال,-6.1985,False,-8.7036,False
aragpt2,T6,T6-m-0201,m,فتح,6.2634,True,6.1804,True
aragpt2,T6,T6-m-0202,m,شاهد,2.9305,True,3.5552,True
aragpt2,T6,T6-m-0203,m,وجد,1.8872,True,2.1573,True
aragpt2,T6,T6-m-0204,m,قال,-0.0347,False,-2.5398,False
aragpt2,T6,T6-m-0205,m,باع,7.61,True,7.2529,True
aragpt2,T6,T6-m-0206,m,وجد,-1.1367,False,-0.8665,False
aragpt2,T6,T6-m-0207,m,شاهد,4.7352,True,5.3599,True
aragpt2,T6,T6-m-0208,m,سمع,-0.012,False,0.3644,True
aragpt2,T6,T6-m-0209,m,شاهد,5.7246,True,6.3492,True
aragpt2,T6,T6-m-0210,m,قرأ,-3.9793,False,-4.3843,False
aragpt2,T6,T6-m-0211,m,ذهب,-0.1726,False,0.7662,True
aragpt2,T6,T6-m-0212,m,أخذ,0.0145,True,0.5019,True
aragpt2,T6,T6-m-0213,m,شاهد,4.0726,True,4.6973,True
aragpt2,T6,T6-m-0214,m,أخذ,5.168,True,5.6554,True
aragpt2,T6,T6-m-0215,m,بدأ,-0.965,False,-2.0995,False
aragpt2,T6,T6-m-0216,m,دفع,2.1472,True,2.9461,True
aragpt2,T6,T6-m-0217,m,وصل,-2.2295,False,-2.7777,False
aragpt2,T6,T6-m-0218,m,عرف,0.3622,True,-0.7019,False
aragpt2,T6,T6-m-0219,m,شاهد,-1.6065,False,-0.9819,False
aragpt2,T6,T6-m-0220,m,سمع,0.4863,True,0.8627,True
aragpt2,T6,T6-m-0221,m,حضر,1.2224,True,1.3094,True
aragpt2,T6,T6-m-0222,m,كتب,2.6378,True,2.0747,True
aragpt2,T6,T6-m-0223,m,دفع,3.6995,True,4.4984,True
aragpt2,T6,T6-m-0224,m,أخذ,-6.0009,False,-5.5135,False
aragpt2,T6,T6-m-0225,m,وجد,0.4058,True,0.676,True
aragpt2,T6,T6-m-0226,m,ذهب,3.6336,True,4.5723,True
aragpt2,T6,T6-m-0227,m,دفع,11.9301,True,12.729,True
aragpt2,T6,T6-m-0228,m,شاهد,-0.9898,False,-0.3651,False
aragpt2,T6,T6-m-0229,m,حضر,1.6479,True,1.7349,True
aragpt2,T6,T6-m-0230,m,وجد,8.5825,True,8.8527,True
aragpt2,T6,T6-m-0231,m,قرأ,-1.2504,False,-1.6554,False
aragpt2,T6,T6-m-0232,m,ذهب,-1.1748,False,-0.2361,False
aragpt2,T6,T6-m-0233,m,بدأ,2.1967,True,1.0621,True
aragpt2,T6,T6-m-0234,m,باع,4.9207,True,4.5636,True
aragpt2,T6,T6-m-0235,m,ذهب,-2.6367,False,-1.698,False
aragpt2,T6,T6-m-0236,m,وصل,-2.2833,False,-2.8315,False
aragpt2,T6,T6-m-0237,m,قال,-0.2409,False,-2.746,False
aragpt2,T6,T6-m-0238,m,وجد,2.0255,True,2.2957,True
aragpt2,T6,T6-m-0239,m,قال,-4.1048,False,-6.6099,False
aragpt2,T6,T6-m-0240,m,ترك,9.3213,True,8.5983,True
aragpt2,T6,T6-m-0241,m,دفع,5.9283,True,6.7272,True
aragpt2,T6,T6-m-0242,m,وصل,-2.3308,False,-2.8791,False
aragpt2,T6,T6-m-0243,m,وصل,-3.1814,False,-3.7296,False
aragpt2,T6,T6-m-0244,m,حمل,0.2232,True,-0.3207,False
aragpt2,T6,T6-m-0245,m,أخذ,2.8805,True,3.3679,True
aragpt2,T6,T6-m-0246,m,عرف,-1.0066,False,-2.0707,False
aragpt2,T6,T6-m-0247,m,حضر,2.9509,True,3.0379,True
aragpt2,T6,T6-m-0248,m,كتب,2.3096,True,1.7465,True
aragpt2,T6,T6-m-0249,m,طلب,1.1357,True,-0.1408,False
aragpt2,T6,T6-m-0250,m,كتب,2.4797,True,1.9166,True
aragpt2,T6,T6-m-0251,m,شاهد,1.7095,True,2.3342,True
aragpt2,T6,T6-m-0252,m,ذهب,-4.3161,False,-3.3774,False
aragpt2,T6,T6-m-0253,m,قال,-1.5114,False,-4.0165,False
aragpt2,T6,T6-m-0254,m,طلب,-0.1711,False,-1.4476,False
aragpt2,T6,T6-m-0255,m,قال,-0.4667,False,-2.9718,False
aragpt2,T6,T6-m-0256,m,وجد,2.9482,True,3.2184,True
aragpt2,T6,T6-m-0257,m,وصل,0.046,True,-0.5023,False
aragpt2,T6,T6-m-0258,m,سمع,-5.105,False,-4.7286,False
aragpt2,T6,T6-m-0259,m,بدأ,-4.31,False,-5.4445,False
aragpt2,T6,T6-m-0260,m,حضر,-7.8736,False,-7.7866,False
aragpt2,T6,T6-m-0261,m,باع,-0.4589,False,-0.816,False
aragpt2,T6,T6-m-0262,m,سمع,-0.1646,False,0.2118,True
aragpt2,T6,T6-m-0263,m,خرج,6.3216,True,4.621,True
aragpt2,T6,T6-m-0264,m,حضر,0.6479,True,0.7348,True
aragpt2,T6,T6-m-0265,m,دفع,0.9801,True,1.779,True
aragpt2,T6,T6-m-0266,m,وصل,-2.4694,False,-3.0176,False
aragpt2,T6,T6-m-0267,m,سمع,1.048,True,1.4244,True
aragpt2,T6,T6-m-0268,m,أخذ,0.7728,True,1.2602,True
aragpt2,T6,T6-m-0269,m,كتب,0.3593,True,-0.2038,False
aragpt2,T6,T6-m-0270,m,حمل,2.553,True,2.0091,True
aragpt2,T6,T6-m-0271,m,طلب,4.2534,True,2.9769,True
aragpt2,T6,T6-m-0272,m,حضر,0.0039,True,0.0909,True
aragpt2,T6,T6-m-0273,m,ذهب,-2.4788,False,-1.5401,False
aragpt2,T6,T6-m-0274,m,كتب,7.2721,True,6.709,True
aragpt2,T6,T6-m-0275,m,كتب,-1.5086,False,-2.0717,False
aragpt2,T6,T6-m-0276,m,باع,4.4586,True,4.1016,True
aragpt2,T6,T6-m-0277,m,كسر,3.9849,True,3.25,True
aragpt2,T6,T6-m-0278,m,فتح,9.9351,True,9.8521,True
aragpt2,T6,T6-m-0279,m,حضر,-0.6277,False,-0.5407,False
aragpt2,T6,T6-m-0280,m,سمع,3.1812,True,3.5576,True
aragpt2,T6,T6-m-0281,m,دفع,3.5756,True,4.3745,True
aragpt2,T6,T6-m-0282,m,ترك,14.6558,True,13.9329,True
aragpt2,T6,T6-m-0283,m,حضر,-6.7413,False,-6.6543,False
aragpt2,T6,T6-m-0284,m,قال,2.4698,True,-0.0353,False
aragpt2,T6,T6-m-0285,m,سمع,4.7393,True,5.1157,True
aragpt2,T6,T6-m-0286,m,خرج,0.9822,True,-0.7183,False
aragpt2,T6,T6-m-0287,m,أخذ,1.1962,True,1.6835,True
aragpt2,T6,T6-m-0288,m,وجد,1.058,True,1.3281,True
aragpt2,T6,T6-m-0289,m,كتب,-2.5274,False,-3.0905,False
aragpt2,T6,T6-m-0290,m,دفع,2.3828,True,3.1816,True
aragpt2,T6,T6-m-0291,m,فتح,3.7036,True,3.6206,True
aragpt2,T6,T6-m-0292,m,قرأ,-0.7322,False,-1.1373,False
aragpt2,T6,T6-m-0293,m,دفع,1.813,True,2.6119,True
aragpt2,T6,T6-m-0294,m,قال,-2.866,False,-5.3711,False
aragpt2,T6,T6-m-0295,m,فتح,3.2164,True,3.1334,True
aragpt2,T6,T6-m-0296,m,طلب,0.7954,True,-0.4811,False
aragpt2,T6,T6-m-0297,m,كسر,2.6262,True,1.8913,True
aragpt2,T6,T6-m-0298,m,أخذ,-1.2725,False,-0.7851,False
aragpt2,T6,T6-m-0299,m,فتح,0.0843,True,0.0013,True
aragpt2,T6,T6-m-0300,m,دفع,3.247,True,4.0459,True
aragpt2,T6,T6-m-0301,m,كتب,0.1383,True,-0.4248,False
aragpt2,T6,T6-m-0302,m,كتب,3.5309,True,2.9678,True
aragpt2,T6,T6-m-0303,m,حمل,2.7997,True,2.2558,True
aragpt2,T6,T6-m-0304,m,وصل,4.3818,True,3.8335,True
aragpt2,T6,T6-m-0305,m,طلب,3.3362,True,2.0597,True
aragpt2,T6,T6-m-0306,m,قرأ,-0.5294,False,-0.9344,False
aragpt2,T6,T6-m-0307,m,خرج,-2.0546,False,-3.7551,False
aragpt2,T6,T6-m-0308,m,دخل,-8.2161,False,-8.694,False
aragpt2,T6,T6-m-0309,m,أخذ,-1.1476,False,-0.6602,False
aragpt2,T6,T6-m-0310,m,وصل,-13.7803,False,-14.3285,False
aragpt2,T6,T6-m-0311,m,باع,9.7152,True,9.3581,True
aragpt2,T6,T6-m-0312,m,حمل,1.4235,True,0.8796,True
aragpt2,T6,T6-m-0313,m,ترك,4.9367,True,4.2137,True
aragpt2,T6,T6-m-0314,m,خرج,1.0946,True,-0.6059,False
aragpt2,T6,T6-m-0315,m,حمل,9.4019,True,8.858,True
aragpt2,T6,T6-m-0316,m,دخل,-2.003,False,-2.4808,False
aragpt2,T6,T6-m-0317,m,دخل,-8.3453,False,-8.8232,False
aragpt2,T6,T6-m-0318,m,شاهد,-0.3488,False,0.2759,True
aragpt2,T6,T6-m-0319,m,دخل,2.8297,True,2.3519,True
aragpt2,T6,T6-m-0320,m,قرأ,0.7626,True,0.3575,True
aragpt2,T6,T6-m-0321,m,حضر,-3.5933,False,-3.5063,False
aragpt2,T6,T6-m-0322,m,حضر,4.7275,True,4.8145,True
aragpt2,T6,T6-m-0323,m,حمل,1.9971,True,1.4532,True
aragpt2,T6,T6-m-0324,m,عرف,9.8198,True,8.7557,True
aragpt2,T6,T6-m-0325,m,باع,-14.7833,False,-15.1403,False
aragpt2,T6,T6-m-0326,m,خرج,2.473,True,0.7724,True
aragpt2,T6,T6-m-0327,m,طلب,-0.1097,False,-1.3862,False
aragpt2,T6,T6-m-0328,m,أخذ,2.6773,True,3.1647,True
aragpt2,T6,T6-m-0329,m,حضر,2.5278,True,2.6148,True
aragpt2,T6,T6-m-0330,m,ترك,1.1077,True,0.3847,True
aragpt2,T6,T6-m-0331,m,فتح,7.4577,True,7.3747,True
aragpt2,T6,T6-m-0332,m,باع,3.1076,True,2.7506,True
aragpt2,T6,T6-m-0333,m,خرج,-2.7564,False,-4.4569,False
aragpt2,T6,T6-m-0334,m,باع,4.3229,True,3.9659,True
aragpt2,T6,T6-m-0335,m,كتب,7.1945,True,6.6314,True
aragpt2,T6,T6-m-0336,m,عرف,-0.9225,False,-1.9866,False
aragpt2,T6,T6-m-0337,m,سمع,-0.9363,False,-0.5599,False
aragpt2,T6,T6-m-0338,m,دخل,-1.6284,False,-2.1062,False
aragpt2,T6,T6-m-0339,m,حضر,2.1061,True,2.1931,True
aragpt2,T6,T6-m-0340,m,عرف,0.9825,True,-0.0816,False
aragpt2,T6,T6-m-0341,m,حمل,1.1196,True,0.5757,True
aragpt2,T6,T6-m-0342,m,سمع,-0.2716,False,0.1048,True
aragpt2,T6,T6-m-0343,m,قرأ,-1.1871,False,-1.5921,False
aragpt2,T6,T6-m-0344,m,ترك,4.463,True,3.7401,True
aragpt2,T6,T6-m-0345,m,أخذ,-5.3812,False,-4.8938,False
aragpt2,T6,T6-m-0346,m,أخذ,4.3145,True,4.8019,True
aragpt2,T6,T6-m-0347,m,ترك,-1.0458,False,-1.7688,False
aragpt2,T6,T6-m-0348,m,قرأ,-0.7078,False,-1.1128,False
aragpt2,T6,T6-m-0349,m,شاهد,1.747,True,2.3717,True
aragpt2,T6,T6-m-0350,m,قرأ,-0.8215,False,-1.2265,False
aragpt2,T6,T6-m-0351,m,دخل,-4.3608,False,-4.8387,False
aragpt2,T6,T6-m-0352,m,شاهد,2.5818,True,3.2064,True
aragpt2,T6,T6-m-0353,m,وجد,2.7086,True,2.9787,True
aragpt2,T6,T6-m-0354,m,سمع,3.1839,True,3.5603,True
aragpt2,T6,T6-m-0355,m,طلب,3.1992,True,1.9227,True
aragpt2,T6,T6-m-0356,m,أخذ,0.1774,True,0.6648,True
aragpt2,T6,T6-m-0357,m,كتب,3.8784,True,3.3153,True
aragpt2,T6,T6-m-0358,m,عرف,0.6285,True,-0.4356,False
aragpt2,T6,T6-m-0359,m,فتح,1.945,True,1.862,True
aragpt2,T6,T6-m-0360,m,حمل,2.0674,True,1.5235,True
aragpt2,T6,T6-m-0361,m,وصل,4.938,True,4.3898,True
aragpt2,T6,T6-m-0362,m,ذهب,-3.6336,False,-2.6949,False
aragpt2,T6,T6-m-0363,m,قال,-1.4251,False,-3.9303,False
aragpt2,T6,T6-m-0364,m,كتب,0.2783,True,-0.2848,False
aragpt2,T6,T6-m-0365,m,دخل,2.0342,True,1.5564,True
aragpt2,T6,T6-m-0366,m,كتب,4.9937,True,4.4306,True
aragpt2,T6,T6-m-0367,m,بدأ,-5.2372,False,-6.3717,False
aragpt2,T6,T6-m-0368,m,شاهد,-0.2119,False,0.4127,True
aragpt2,T6,T6-m-0369,m,قرأ,-4.1308,False,-4.5358,False
aragpt2,T6,T6-m-0370,m,فتح,3.3935,True,3.3105,True
aragpt2,T6,T6-m-0371,m,عرف,-0.7925,False,-1.8565,False
aragpt2,T6,T6-m-0372,m,خرج,1.7182,True,0.0176,True
aragpt2,T6,T6-m-0373,m,قال,0.3987,True,-2.1064,False
aragpt2,T6,T6-m-0374,m,سمع,0.9611,True,1.3375,True
aragpt2,T6,T6-m-0375,m,طلب,3.7767,True,2.5002,True
aragpt2,T6,T6-m-0376,m,طلب,0.3049,True,-0.9716,False
aragpt2,T6,T6-m-0377,m,حمل,4.0075,True,3.4636,True
aragpt2,T6,T6-m-0378,m,سمع,0.3046,True,0.6811,True
aragpt2,T6,T6-m-0379,m,ترك,6.8026,True,6.0797,True
aragpt2,T6,T6-m-0380,m,ذهب,-0.5061,False,0.4326,True
aragpt2,T6,T6-m-0381,m,كتب,4.7762,True,4.2132,True
aragpt2,T6,T6-m-0382,m,ترك,-6.4075,False,-7.1304,False
aragpt2,T6,T6-m-0383,m,دخل,-5.8697,False,-6.3476,False
aragpt2,T6,T6-m-0384,m,سمع,7.7863,True,8.1627,True
aragpt2,T6,T6-m-0385,m,وصل,-0.9082,False,-1.4564,False
aragpt2,T6,T6-m-0386,m,طلب,1.0938,True,-0.1827,False
aragpt2,T6,T6-m-0387,m,بدأ,1.4915,True,0.357,True
aragpt2,T6,T6-m-0388,m,فتح,5.9765,True,5.8935,True
aragpt2,T6,T6-m-0389,m,بدأ,-0.1714,False,-1.3059,False
aragpt2,T6,T6-m-0390,m,خرج,-4.7542,False,-6.4548,False
aragpt2,T6,T6-m-0391,m,بدأ,-0.1879,False,-1.3224,False
aragpt2,T6,T6-m-0392,m,خرج,-2.3543,False,-4.0548,False
aragpt2,T6,T6-m-0393,m,ذهب,-5.45,False,-4.5113,False
aragpt2,T6,T6-m-0394,m,ذهب,-2.3629,False,-1.4241,False
aragpt2,T6,T6-m-0395,m,كسر,2.4776,True,1.7428,True
aragpt2,T6,T6-m-0396,m,قال,-0.3166,False,-2.8218,False
aragpt2,T6,T6-m-0397,m,فتح,-5.5566,False,-5.6396,False
aragpt2,T6,T6-m-0398,m,قرأ,0.8688,True,0.4638,True
aragpt2,T6,T6-m-0399,m,بدأ,-0.124,False,-1.2585,False
aragpt2,T6,T6-m-0400,m,قال,1.3836,True,-1.1215,False
aragpt2,T6,T6-m-0401,m,ترك,5.4205,True,4.6976,True
aragpt2,T6,T6-m-0402,m,كتب,1.0078,True,0.4448,True
aragpt2,T6,T6-m-0403,m,ذهب,2.4244,True,3.3631,True
aragpt2,T6,T6-m-0404,m,عرف,-3.3074,False,-4.3715,False
aragpt2,T6,T6-m-0405,m,سمع,2.3687,True,2.7451,True
aragpt2,T6,T6-m-0406,m,حضر,-1.1666,False,-1.0797,False
aragpt2,T6,T6-m-0407,m,دخل,1.5569,True,1.0791,True
aragpt2,T6,T6-m-0408,m,قرأ,-2.2303,False,-2.6353,False
aragpt2,T6,T6-m-0409,m,شاهد,0.8963,True,1.5209,True
aragpt2,T6,T6-m-0410,m,وجد,10.8288,True,11.099,True
aragpt2,T6,T6-m-0411,m,فتح,4.0715,True,3.9885,True
aragpt2,T6,T6-m-0412,m,بدأ,-1.4309,False,-2.5654,False
aragpt2,T6,T6-m-0413,m,حمل,3.3893,True,2.8454,True
aragpt2,T6,T6-m-0414,m,حضر,0.0828,True,0.1698,True
aragpt2,T6,T6-m-0415,m,ترك,1.6403,True,0.9174,True
aragpt2,T6,T6-m-0416,m,فتح,0.5673,True,0.4843,True
aragpt2,T6,T6-m-0417,m,بدأ,-2.4736,False,-3.6081,False
aragpt2,T6,T6-m-0418,m,وصل,0.9585,True,0.4103,True
aragpt2,T6,T6-m-0419,m,خرج,-2.1604,False,-3.8609,False
aragpt2,T6,T6-m-0420,m,باع,6.3898,True,6.0328,True
aragpt2,T6,T6-m-0421,m,طلب,-6.0339,False,-7.3104,False
aragpt2,T6,T6-m-0422,m,ترك,2.1465,True,1.4235,True
aragpt2,T6,T6-m-0423,m,ترك,6.1857,True,5.4627,True
aragpt2,T6,T6-m-0424,m,كسر,2.5218,True,1.7869,True
aragpt2,T6,T6-m-0425,m,دخل,3.3232,True,2.8453,True
aragpt2,T6,T6-m-0426,m,فتح,3.7823,True,3.6993,True
aragpt2,T6,T6-m-0427,m,عرف,0.721,True,-0.3431,False
aragpt2,T6,T6-m-0428,m,أخذ,5.9058,True,6.3932,True
aragpt2,T6,T6-m-0429,m,وجد,2.7493,True,3.0195,True
aragpt2,T6,T6-m-0430,m,كتب,5.2535,True,4.6904,True
aragpt2,T6,T6-m-0431,m,باع,1.199,True,0.842,True
aragpt2,T6,T6-m-0432,m,قرأ,3.3327,True,2.9276,True
aragpt2,T6,T6-m-0433,m,خرج,1.0966,True,-0.604,False
aragpt2,T6,T6-m-0434,m,خرج,-4.158,False,-5.8585,False
aragpt2,T6,T6-m-0435,m,قال,0.9254,True,-1.5797,False
aragpt2,T6,T6-m-0436,m,خرج,-2.2769,False,-3.9775,False
aragpt2,T6,T6-m-0437,m,حضر,-9.4698,False,-9.3828,False
aragpt2,T6,T6-m-0438,m,قال,3.1194,True,0.6142,True
aragpt2,T6,T6-m-0439,m,دفع,3.4494,True,4.2483,True
aragpt2,T6,T6-m-0440,m,دفع,0.8213,True,1.6201,True
aragpt2,T6,T6-m-0441,m,كتب,10.1542,True,9.5911,True
aragpt2,T6,T6-m-0442,m,حضر,1.829,True,1.916,True
aragpt2,T6,T6-m-0443,m,كتب,3.4161,True,2.853,True
aragpt2,T6,T6-m-0444,m,خرج,2.638,True,0.9374,True
aragpt2,T6,T6-m-0445,m,حضر,-0.217,False,-0.13,False
aragpt2,T6,T6-m-0446,m,كتب,1.4259,True,0.8628,True
aragpt2,T6,T6-m-0447,m,قرأ,13.0783,True,12.6733,True
aragpt2,T6,T6-m-0448,m,وجد,3.7224,True,3.9926,True
aragpt2,T6,T6-m-0449,m,شاهد,2.6513,True,3.276,True
aragpt2,T6,T6-m-0450,m,باع,3.7822,True,3.4251,True
aragpt2,T6,T6-m-0451,m,ذهب,-3.5304,False,-2.5917,False
aragpt2,T6,T6-m-0452,m,عرف,-8.6503,False,-9.7144,False
aragpt2,T6,T6-m-0453,m,قال,3.2214,True,0.7163,True
aragpt2,T6,T6-m-0454,m,خرج,2.3566,True,0.656,True
aragpt2,T6,T6-m-0455,m,سمع,-1.5969,False,-1.2205,False
aragpt2,T6,T6-m-0456,m,خرج,0.6403,True,-1.0602,False
aragpt2,T6,T6-m-0457,m,ترك,1.5418,True,0.8189,True
aragpt2,T6,T6-m-0458,m,خرج,-2.2021,False,-3.9027,False
aragpt2,T6,T6-m-0459,m,بدأ,-2.8018,False,-3.9363,False
aragpt2,T6,T6-m-0460,m,دفع,3.7214,True,4.5203,True
aragpt2,T6,T6-m-0461,m,طلب,3.5131,True,2.2366,True
aragpt2,T6,T6-m-0462,m,باع,4.526,True,4.169,True
aragpt2,T6,T6-m-0463,m,وصل,-1.9759,False,-2.5241,False
aragpt2,T6,T6-m-0464,m,عرف,-0.5873,False,-1.6514,False
aragpt2,T6,T6-m-0465,m,عرف,-1.3253,False,-2.3894,False
aragpt2,T6,T6-m-0466,m,دفع,4.9269,True,5.7258,True
aragpt2,T6,T6-m-0467,m,دفع,3.6394,True,4.4383,True
aragpt2,T6,T6-m-0468,m,ذهب,-2.5858,False,-1.6471,False
aragpt2,T6,T6-m-0469,m,فتح,5.1512,True,5.0682,True
aragpt2,T6,T6-m-0470,m,دفع,1.0702,True,1.8691,True
aragpt2,T6,T6-m-0471,m,قال,-3.5937,False,-6.0988,False
aragpt2,T6,T6-m-0472,m,عرف,-3.6044,False,-4.6684,False
aragpt2,T6,T6-m-0473,m,حمل,1.8668,True,1.3229,True
aragpt2,T6,T6-m-0474,m,أخذ,2.2448,True,2.7322,True
aragpt2,T6,T6-m-0475,m,قرأ,-1.3404,False,-1.7454,False
aragpt2,T6,T6-m-0476,m,وصل,0.5464,True,-0.0018,False
aragpt2,T6,T6-m-0477,m,خرج,-1.2689,False,-2.9695,False
aragpt2,T6,T6-m-0478,m,قال,0.7285,True,-1.7766,False
aragpt2,T6,T6-m-0479,m,شاهد,5.9872,True,6.6118,True
aragpt2,T6,T6-m-0480,m,وجد,3.3323,True,3.6025,True
aragpt2,T6,T6-m-0481,m,قرأ,1.7049,True,1.2998,True
aragpt2,T6,T6-m-0482,m,قرأ,-5.9047,False,-6.3097,False
aragpt2,T6,T6-m-0483,m,طلب,3.8465,True,2.57,True
aragpt2,T6,T6-m-0484,m,حمل,4.5365,True,3.9926,True
aragpt2,T6,T6-m-0485,m,باع,4.6069,True,4.2499,True
aragpt2,T6,T6-m-0486,m,دفع,2.1956,True,2.9944,True
aragpt2,T6,T6-m-0487,m,سمع,1.1213,True,1.4977,True
aragpt2,T6,T6-m-0488,m,فتح,7.5328,True,7.4498,True
aragpt2,T6,T6-m-0489,m,وصل,2.1235,True,1.5753,True
aragpt2,T6,T6-m-0490,m,كتب,-1.7777,False,-2.3408,False
aragpt2,T6,T6-m-0491,m,قرأ,-1.3724,False,-1.7775,False
aragpt2,T6,T6-m-0492,m,طلب,-4.0712,False,-5.3477,False
aragpt2,T6,T6-m-0493,m,كسر,-0.8628,False,-1.5977,False
aragpt2,T6,T6-m-0494,m,وصل,1.9845,True,1.4363,True
aragpt2,T6,T6-m-0495,m,حضر,0.8831,True,0.9701,True
aragpt2,T6,T6-m-0496,m,طلب,1.0304,True,-0.2461,False
aragpt2,T6,T6-m-0497,m,كسر,3.2868,True,2.5519,True
aragpt2,T6,T6-m-0498,m,باع,3.9513,True,3.5942,True
aragpt2,T6,T6-m-0499,m,وجد,3.3912,True,3.6614,True
aragpt2,T6,T6-m-0500,m,دخل,1.6414,True,1.1636,True
aragpt2,T6,T6-m-0501,m,فتح,4.4277,True,4.3447,True
aragpt2,T6,T6-m-0502,m,قال,-0.3082,False,-2.8133,False
aragpt2,T6,T6-m-0503,m,أخذ,-0.5301,False,-0.0427,False
aragpt2,T6,T6-m-0504,m,شاهد,9.9401,True,10.5647,True
aragpt2,T6,T6-m-0505,m,وجد,4.4557,True,4.7259,True
aragpt2,T6,T6-m-0506,m,وصل,-2.341,False,-2.8892,False
aragpt2,T6,T6-m-0507,m,كسر,4.1345,True,3.3997,True
aragpt2,T6,T6-m-0508,m,أخذ,-2.8518,False,-2.3644,False
aragpt2,T6,T6-m-0509,m,أخذ,0.6322,True,1.1196,True
aragpt2,T6,T6-m-0510,m,خرج,0.3758,True,-1.3247,False
aragpt2,T6,T6-m-0511,m,دفع,2.7491,True,3.548,True
aragpt2,T6,T6-m-0512,m,حمل,0.2209,True,-0.323,False
aragpt2,T6,T6-m-0513,m,حضر,3.9385,True,4.0255,True
aragpt2,T6,T6-m-0514,m,ذهب,-11.1052,False,-10.1665,False
aragpt2,T6,T6-m-0515,m,حمل,1.8641,True,1.3202,True
aragpt2,T6,T6-m-0516,m,قال,-3.1738,False,-5.679,False
aragpt2,T6,T6-m-0517,m,أخذ,-0.6001,False,-0.1127,False
aragpt2,T6,T6-m-0518,m,دخل,-5.8327,False,-6.3106,False
aragpt2,T6,T6-m-0519,m,أخذ,0.4288,True,0.9162,True
aragpt2,T6,T6-m-0520,m,قال,-1.9219,False,-4.427,False
aragpt2,T6,T6-m-0521,m,قرأ,-2.7214,False,-3.1264,False
aragpt2,T6,T6-m-0522,m,قال,-1.0501,False,-3.5552,False
aragpt2,T6,T6-m-0523,m,طلب,8.7885,True,7.512,True
aragpt2,T6,T6-m-0524,m,كتب,-4.0723,False,-4.6354,False
aragpt2,T6,T6-m-0525,m,حضر,2.2179,True,2.3049,True
aragpt2,T6,T6-m-0526,m,كتب,4.9383,True,4.3752,True
aragpt2,T6,T6-m-0527,m,وجد,4.5779,True,4.8481,True
aragpt2,T6,T6-m-0528,m,ذهب,6.3822,True,7.3209,True
aragpt2,T6,T6-m-0529,m,ترك,0.505,True,-0.2179,False
aragpt2,T6,T6-m-0530,m,باع,5.2558,True,4.8988,True
aragpt2,T6,T6-m-0531,m,طلب,4.7691,True,3.4926,True
aragpt2,T6,T6-m-0532,m,حمل,0.8458,True,0.3019,True
aragpt2,T6,T6-m-0533,m,شاهد,3.312,True,3.9366,True
aragpt2,T6,T6-m-0534,m,بدأ,-3.2485,False,-4.3831,False
aragpt2,T6,T6-m-0535,m,ترك,0.288,True,-0.435,False
aragpt2,T6,T6-m-0536,m,شاهد,3.685,True,4.3097,True
aragpt2,T6,T6-m-0537,m,قرأ,-2.3768,False,-2.7818,False
aragpt2,T6,T6-m-0538,m,وصل,-4.2676,False,-4.8158,False
aragpt2,T6,T6-m-0539,m,حمل,2.3687,True,1.8248,True
aragpt2,T6,T6-m-0540,m,دفع,2.3972,True,3.196,True
aragpt2,T6,T6-m-0541,m,ذهب,0.8124,True,1.7511,True
aragpt2,T6,T6-m-0542,m,خرج,1.3654,True,-0.3352,False
aragpt2,T6,T6-m-0543,m,سمع,2.4742,True,2.8506,True
aragpt2,T6,T6-m-0544,m,طلب,1.8374,True,0.5609,True
aragpt2,T6,T6-m-0545,m,كسر,0.7745,True,0.0396,True
aragpt2,T6,T6-m-0546,m,كسر,3.7078,True,2.9729,True
aragpt2,T6,T6-m-0547,m,طلب,0.2677,True,-1.0088,False
aragpt2,T6,T6-m-0548,m,أخذ,1.6517,True,2.1391,True
aragpt2,T6,T6-m-0549,m,دخل,-3.0905,False,-3.5684,False
aragpt2,T6,T6-m-0550,m,عرف,1.7466,True,0.6825,True
aragpt2,T6,T6-m-0551,m,طلب,4.7951,True,3.5186,True
aragpt2,T6,T6-m-0552,m,شاهد,3.9856,True,4.6103,True
aragpt2,T6,T6-m-0553,m,باع,-1.9774,False,-2.3344,False
aragpt2,T6,T6-m-0554,m,قال,-2.9172,False,-5.4223,False
aragpt2,T6,T6-m-0555,m,سمع,-6.1494,False,-5.773,False
aragpt2,T6,T6-m-0556,m,دخل,-0.496,False,-0.9739,False
aragpt2,T6,T6-m-0557,m,أخذ,-0.943,False,-0.4556,False
aragpt2,T6,T6-m-0558,m,كتب,2.7782,True,2.2152,True
aragpt2,T6,T6-m-0559,m,باع,4.5131,True,4.1561,True
aragpt2,T6,T6-m-0560,m,حضر,1.8476,True,1.9345,True
aragpt2,T6,T6-m-0561,m,ترك,1.0224,True,0.2995,True
aragpt2,T6,T6-m-0562,m,فتح,3.8471,True,3.7641,True
aragpt2,T6,T6-m-0563,m,طلب,3.0518,True,1.7753,True
aragpt2,T6,T6-m-0564,m,حمل,0.3582,True,-0.1857,False
aragpt2,T6,T6-m-0565,m,حضر,-3.7734,False,-3.6864,False
aragpt2,T6,T6-m-0566,m,أخذ,1.6848,True,2.1722,True
aragpt2,T6,T6-m-0567,m,قرأ,0.2179,True,-0.1871,False
aragpt2,T6,T6-m-0568,m,وجد,1.9737,True,2.2439,True
aragpt2,T6,T6-m-0569,m,باع,1.3548,True,0.9978,True
aragpt2,T6,T6-m-0570,m,بدأ,-1.1713,False,-2.3059,False
aragpt2,T6,T6-m-0571,m,وجد,-0.1222,False,0.148,True
aragpt2,T6,T6-m-0572,m,شاهد,4.0485,True,4.6732,True
aragpt2,T6,T6-m-0573,m,سمع,1.7924,True,2.1688,True
aragpt2,T6,T6-m-0574,m,شاهد,1.0476,True,1.6723,True
aragpt2,T6,T6-m-0575,m,بدأ,-0.7127,False,-1.8472,False
aragpt2,T6,T6-m-0576,m,أخذ,-5.0234,False,-4.536,False
aragpt2,T6,T6-m-0577,m,سمع,-8.4741,False,-8.0977,False
aragpt2,T6,T6-m-0578,m,خرج,-1.8931,False,-3.5936,False
aragpt2,T6,T6-m-0579,m,حمل,2.9335,True,2.3896,True
aragpt2,T6,T6-m-0580,m,باع,7.6512,True,7.2942,True
aragpt2,T6,T6-m-0581,m,باع,2.6829,True,2.3258,True
aragpt2,T6,T6-m-0582,m,قرأ,-4.3031,False,-4.7081,False
aragpt2,T6,T6-m-0583,m,دفع,-3.3107,False,-2.5118,False
aragpt2,T6,T6-m-0584,m,قرأ,-1.5774,False,-1.9824,False
aragpt2,T6,T6-m-0585,m,دخل,0.095,True,-0.3828,False
aragpt2,T6,T6-m-0586,m,سمع,4.556,True,4.9324,True
aragpt2,T6,T6-m-0587,m,قال,-2.0671,False,-4.5722,False
aragpt2,T6,T6-m-0588,m,دفع,4.5988,True,5.3977,True
aragpt2,T6,T6-m-0589,m,أخذ,-0.4518,False,0.0356,True
aragpt2,T6,T6-m-0590,m,خرج,-0.5448,False,-2.2454,False
aragpt2,T6,T6-m-0591,m,عرف,-0.7358,False,-1.7999,False
aragpt2,T6,T6-m-0592,m,حمل,-0.4757,False,-1.0196,False
aragpt2,T6,T6-m-0593,m,شاهد,3.0654,True,3.69,True
aragpt2,T6,T6-m-0594,m,سمع,1.4769,True,1.8534,True
aragpt2,T6,T6-m-0595,m,طلب,3.2996,True,2.0231,True
aragpt2,T6,T6-m-0596,m,شاهد,-0.5327,False,0.092,True
aragpt2,T6,T6-m-0597,m,دخل,8.1906,True,7.7127,True
aragpt2,T6,T6-m-0598,m,عرف,-3.1374,False,-4.2015,False
aragpt2,T6,T6-m-0599,m,حضر,0.4873,True,0.5743,True
aragpt2,T6,T6-f-0000,f,عرف,-1.4488,False,-0.3848,False
aragpt2,T6,T6-f-0001,f,قال,-2.6126,False,-0.1075,False
aragpt2,T6,T6-f-0002,f,سمع,-0.0776,False,-0.454,False
aragpt2,T6,T6-f-0003,f,فتح,-1.0774,False,-0.9944,False
aragpt2,T6,T6-f-0004,f,شاهد,-1.4904,False,-2.115,False
aragpt2,T6,T6-f-0005,f,باع,-5.2671,False,-4.9101,False
aragpt2,T6,T6-f-0006,f,خرج,0.0597,True,1.7603,True
aragpt2,T6,T6-f-0007,f,ترك,-4.647,False,-3.924,False
aragpt2,T6,T6-f-0008,f,طلب,-5.547,False,-4.2705,False
aragpt2,T6,T6-f-0009,f,دفع,-7.0316,False,-7.8305,False
aragpt2,T6,T6-f-0010,f,شاهد,-2.3561,False,-2.9808,False
aragpt2,T6,T6-f-0011,f,شاهد,-8.011,False,-8.6357,False
aragpt2,T6,T6-f-0012,f,شاهد,-6.8158,False,-7.4404,False
aragpt2,T6,T6-f-0013,f,بدأ,-0.7082,False,0.4263,True
aragpt2,T6,T6-f-0014,f,سمع,-6.4373,False,-6.8137,False
aragpt2,T6,T6-f-0015,f,حمل,-2.0809,False,-1.537,False
aragpt2,T6,T6-f-0016,f,ترك,-8.0513,False,-7.3283,False
aragpt2,T6,T6-f-0017,f,ذهب,0.4456,True,-0.4932,False
aragpt2,T6,T6-f-0018,f,حضر,8.2782,True,8.1912,True
aragpt2,T6,T6-f-0019,f,كتب,-2.8425,False,-2.2794,False
aragpt2,T6,T6-f-0020,f,ترك,-2.7789,False,-2.0559,False
aragpt2,T6,T6-f-0021,f,قال,-5.6374,False,-3.1323,False
aragpt2,T6,T6-f-0022,f,قرأ,-6.1511,False,-5.7461,False
aragpt2,T6,T6-f-0023,f,وصل,0.1578,True,0.706,True
aragpt2,T6,T6-f-0024,f,عرف,-2.0123,False,-0.9482,False
aragpt2,T6,T6-f-0025,f,طلب,-5.5457,False,-4.2692,False
aragpt2,T6,T6-f-0026,f,كسر,-7.7123,False,-6.9774,False
aragpt2,T6,T6-f-0027,f,فتح,-3.2824,False,-3.1994,False
aragpt2,T6,T6-f-0028,f,حمل,-2.9442,False,-2.4003,False
aragpt2,T6,T6-f-0029,f,قرأ,0.7558,True,1.1609,True
aragpt2,T6,T6-f-0030,f,طلب,-6.0503,False,-4.7738,False
aragpt2,T6,T6-f-0031,f,دفع,-13.222,False,-14.0209,False
aragpt2,T6,T6-f-0032,f,ترك,-2.6317,False,-1.9088,False
aragpt2,T6,T6-f-0033,f,ذهب,-1.475,False,-2.4137,False
aragpt2,T6,T6-f-0034,f,بدأ,-1.347,False,-0.2125,False
aragpt2,T6,T6-f-0035,f,كتب,-0.2262,False,0.3369,True
aragpt2,T6,T6-f-0036,f,دفع,-15.0899,False,-15.8888,False
aragpt2,T6,T6-f-0037,f,حمل,-2.6502,False,-2.1063,False
aragpt2,T6,T6-f-0038,f,عرف,-1.8376,False,-0.7735,False
aragpt2,T6,T6-f-0039,f,شاهد,-5.3326,False,-5.9573,False
aragpt2,T6,T6-f-0040,f,بدأ,-9.3815,False,-8.247,False
aragpt2,T6,T6-f-0041,f,حمل,-5.2894,False,-4.7455,False
aragpt2,T6,T6-f-0042,f,وصل,2.0916,True,2.6398,True
aragpt2,T6,T6-f-0043,f,حضر,-3.8485,False,-3.9354,False
aragpt2,T6,T6-f-0044,f,سمع,-0.9968,False,-1.3732,False
aragpt2,T6,T6-f-0045,f,طلب,-3.8912,False,-2.6147,False
aragpt2,T6,T6-f-0046,f,خرج,-6.4136,False,-4.713,False
aragpt2,T6,T6-f-0047,f,قال,-7.5064,False,-5.0013,False
aragpt2,T6,T6-f-0048,f,وصل,3.2283,True,3.7765,True
aragpt2,T6,T6-f-0049,f,أخذ,2.0508,True,1.5634,True
aragpt2,T6,T6-f-0050,f,سمع,-0.0828,False,-0.4592,False
aragpt2,T6,T6-f-0051,f,حضر,-3.3537,False,-3.4407,False
aragpt2,T6,T6-f-0052,f,أخذ,0.4545,True,-0.0329,False
aragpt2,T6,T6-f-0053,f,كسر,-13.2851,False,-12.5503,False
aragpt2,T6,T6-f-0054,f,قال,-0.5969,False,1.9082,True
aragpt2,T6,T6-f-0055,f,حضر,-8.8157,False,-8.9026,False
aragpt2,T6,T6-f-0056,f,ترك,-3.6834,False,-2.9605,False
aragpt2,T6,T6-f-0057,f,ذهب,-2.9371,False,-3.8759,False
aragpt2,T6,T6-f-0058,f,خرج,-3.3308,False,-1.6303,False
aragpt2,T6,T6-f-0059,f,ترك,-16.9243,False,-16.2014,False
aragpt2,T6,T6-f-0060,f,دخل,-3.4567,False,-2.9789,False
aragpt2,T6,T6-f-0061,f,خرج,0.6942,True,2.3948,True
aragpt2,T6,T6-f-0062,f,شاهد,-3.2494,False,-3.874,False
aragpt2,T6,T6-f-0063,f,وصل,-3.6704,False,-3.1222,False
aragpt2,T6,T6-f-0064,f,باع,-5.1758,False,-4.8188,False
aragpt2,T6,T6-f-0065,f,حمل,-7.0634,False,-6.5195,False
aragpt2,T6,T6-f-0066,f,خرج,-6.3606,False,-4.6601,False
aragpt2,T6,T6-f-0067,f,كسر,0.1473,True,0.8822,True
aragpt2,T6,T6-f-0068,f,دفع,-2.5135,False,-3.3124,False
aragpt2,T6,T6-f-0069,f,ذهب,-6.4016,False,-7.3403,False
aragpt2,T6,T6-f-0070,f,حضر,-5.0977,False,-5.1847,False
aragpt2,T6,T6-f-0071,f,ذهب,0.684,True,-0.2547,False
aragpt2,T6,T6-f-0072,f,قال,-4.212,False,-1.7069,False
aragpt2,T6,T6-f-0073,f,حضر,-4.8499,False,-4.9369,False
aragpt2,T6,T6-f-0074,f,حضر,-9.5934,False,-9.6804,False
aragpt2,T6,T6-f-0075,f,دخل,-0.4062,False,0.0716,True
aragpt2,T6,T6-f-0076,f,أخذ,-5.4653,False,-5.9527,False
aragpt2,T6,T6-f-0077,f,وصل,0.6499,True,1.1981,True
aragpt2,T6,T6-f-0078,f,سمع,-4.5544,False,-4.9308,False
aragpt2,T6,T6-f-0079,f,بدأ,-6.7299,False,-5.5954,False
aragpt2,T6,T6-f-0080,f,طلب,-1.5824,False,-0.3059,False
aragpt2,T6,T6-f-0081,f,وصل,-0.6232,False,-0.075,False
aragpt2,T6,T6-f-0082,f,فتح,-6.321,False,-6.238,False
aragpt2,T6,T6-f-0083,f,دفع,-2.1096,False,-2.9084,False
aragpt2,T6,T6-f-0084,f,طلب,-13.8857,False,-12.6092,False
aragpt2,T6,T6-f-0085,f,خرج,-2.2124,False,-0.5118,False
aragpt2,T6,T6-f-0086,f,فتح,-7.1791,False,-7.0961,False
aragpt2,T6,T6-f-0087,f,حمل,-7.945,False,-7.4011,False
aragpt2,T6,T6-f-0088,f,ترك,-0.396,False,0.327,True
aragpt2,T6,T6-f-0089,f,باع,-4.1235,False,-3.7664,False
aragpt2,T6,T6-f-0090,f,خرج,-3.9388,False,-2.2382,False
aragpt2,T6,T6-f-0091,f,وجد,-5.1443,False,-5.4145,False
aragpt2,T6,T6-f-0092,f,قال,0.2699,True,2.775,True
aragpt2,T6,T6-f-0093,f,شاهد,-2.2274,False,-2.8521,False
aragpt2,T6,T6-f-0094,f,سمع,-1.7173,False,-2.0937,False
aragpt2,T6,T6-f-0095,f,قرأ,-1.5701,False,-1.1651,False
aragpt2,T6,T6-f-0096,f,حمل,-4.8364,False,-4.2925,False
aragpt2,T6,T6-f-0097,f,باع,-1.5868,False,-1.2297,False
aragpt2,T6,T6-f-0098,f,سمع,1.4808,True,1.1044,True
aragpt2,T6,T6-f-0099,f,قال,2.5428,True,5.0479,True
aragpt2,T6,T6-f-0100,f,دفع,-3.7509,False,-4.5497,False
aragpt2,T6,T6-f-0101,f,باع,-3.9905,False,-3.6334,False
aragpt2,T6,T6-f-0102,f,بدأ,0.2087,True,1.3432,True
aragpt2,T6,T6-f-0103,f,حضر,-4.4654,False,-4.5523,False
aragpt2,T6,T6-f-0104,f,أخذ,0.0289,True,-0.4585,False
aragpt2,T6,T6-f-0105,f,أخذ,3.9178,True,3.4304,True
aragpt2,T6,T6-f-0106,f,كتب,-2.2325,False,-1.6694,False
aragpt2,T6,T6-f-0107,f,حمل,-2.4675,False,-1.9236,False
aragpt2,T6,T6-f-0108,f,دخل,-1.0003,False,-0.5225,False
aragpt2,T6,T6-f-0109,f,حضر,-3.2345,False,-3.3215,False
aragpt2,T6,T6-f-0110,f,حضر,-0.4179,False,-0.5049,False
aragpt2,T6,T6-f-0111,f,وجد,5.1311,True,4.8609,True
aragpt2,T6,T6-f-0112,f,وصل,-1.6382,False,-1.09,False
aragpt2,T6,T6-f-0113,f,ترك,-0.5321,False,0.1909,True
aragpt2,T6,T6-f-0114,f,شاهد,-3.943,False,-4.5677,False
aragpt2,T6,T6-f-0115,f,كتب,-1.8699,False,-1.3068,False
aragpt2,T6,T6-f-0116,f,قرأ,-0.4834,False,-0.0784,False
aragpt2,T6,T6-f-0117,f,فتح,-13.0981,False,-13.0151,False
aragpt2,T6,T6-f-0118,f,دفع,-3.2832,False,-4.0821,False
aragpt2,T6,T6-f-0119,f,سمع,-0.2351,False,-0.6115,False
aragpt2,T6,T6-f-0120,f,دفع,2.4141,True,1.6152,True
aragpt2,T6,T6-f-0121,f,سمع,-3.0004,False,-3.3768,False
aragpt2,T6,T6-f-0122,f,دخل,0.7836,True,1.2614,True
aragpt2,T6,T6-f-0123,f,كتب,-1.5498,False,-0.9867,False
aragpt2,T6,T6-f-0124,f,بدأ,-0.1888,False,0.9457,True
aragpt2,T6,T6-f-0125,f,أخذ,0.0697,True,-0.4177,False
aragpt2,T6,T6-f-0126,f,فتح,-10.865,False,-10.782,False
aragpt2,T6,T6-f-0127,f,حضر,-5.8113,False,-5.8983,False
aragpt2,T6,T6-f-0128,f,دفع,-2.6838,False,-3.4827,False
aragpt2,T6,T6-f-0129,f,فتح,-3.8359,False,-3.7529,False
aragpt2,T6,T6-f-0130,f,شاهد,-3.4314,False,-4.0561,False
aragpt2,T6,T6-f-0131,f,سمع,-3.3239,False,-3.7003,False
aragpt2,T6,T6-f-0132,f,كسر,-10.0231,False,-9.2882,False
aragpt2,T6,T6-f-0133,f,كتب,0.893,True,1.4561,True
aragpt2,T6,T6-f-0134,f,وجد,3.9254,True,3.6553,True
aragpt2,T6,T6-f-0135,f,خرج,4.559,True,6.2595,True
aragpt2,T6,T6-f-0136,f,بدأ,-1.2528,False,-0.1183,False
aragpt2,T6,T6-f-0137,f,شاهد,-0.1871,False,-0.8117,False
aragpt2,T6,T6-f-0138,f,قال,-2.316,False,0.1891,True
aragpt2,T6,T6-f-0139,f,فتح,-7.1404,False,-7.0574,False
aragpt2,T6,T6-f-0140,f,دفع,-0.3632,False,-1.1621,False
aragpt2,T6,T6-f-0141,f,كسر,-6.368,False,-5.6331,False
aragpt2,T6,T6-f-0142,f,قال,-3.7387,False,-1.2336,False
aragpt2,T6,T6-f-0143,f,ذهب,-3.9988,False,-4.9376,False
aragpt2,T6,T6-f-0144,f,قال,0.2749,True,2.7801,True
aragpt2,T6,T6-f-0145,f,قال,-2.5727,False,-0.0676,False
aragpt2,T6,T6-f-0146,f,فتح,-8.0608,False,-7.9778,False
aragpt2,T6,T6-f-0147,f,قرأ,-1.0656,False,-0.6605,False
aragpt2,T6,T6-f-0148,f,بدأ,-0.1157,False,1.0188,True
aragpt2,T6,T6-f-0149,f,سمع,0.0593,True,-0.3171,False
aragpt2,T6,T6-f-0150,f,قال,-1.5926,False,0.9125,True
aragpt2,T6,T6-f-0151,f,دفع,-2.5365,False,-3.3353,False
aragpt2,T6,T6-f-0152,f,باع,-5.5847,False,-5.2277,False
aragpt2,T6,T6-f-0153,f,كسر,-3.6796,False,-2.9448,False
aragpt2,T6,T6-f-0154,f,ترك,-2.0739,False,-1.3509,False
aragpt2,T6,T6-f-0155,f,ذهب,-4.0011,False,-4.9398,False
aragpt2,T6,T6-f-0156,f,عرف,3.03,True,4.0941,True
aragpt2,T6,T6-f-0157,f,حضر,0.9204,True,0.8335,True
aragpt2,T6,T6-f-0158,f,قرأ,-1.6765,False,-1.2715,False
aragpt2,T6,T6-f-0159,f,وصل,-2.5883,False,-2.0401,False
aragpt2,T6,T6-f-0160,f,كسر,-5.7008,False,-4.9659,False
aragpt2,T6,T6-f-0161,f,كتب,-2.5843,False,-2.0212,False
aragpt2,T6,T6-f-0162,f,ترك,-5.3103,False,-4.5873,False
aragpt2,T6,T6-f-0163,f,سمع,-1.7399,False,-2.1163,False
aragpt2,T6,T6-f-0164,f,طلب,-7.1852,False,-5.9087,False
aragpt2,T6,T6-f-0165,f,فتح,-4.1546,False,-4.0716,False
aragpt2,T6,T6-f-0166,f,طلب,-4.7842,False,-3.5078,False
aragpt2,T6,T6-f-0167,f,باع,-2.2627,False,-1.9056,False
aragpt2,T6,T6-f-0168,f,ذهب,-2.0616,False,-3.0003,False
aragpt2,T6,T6-f-0169,f,حمل,-8.3867,False,-7.8428,False
aragpt2,T6,T6-f-0170,f,ذهب,-4.0511,False,-4.9898,False
aragpt2,T6,T6-f-0171,f,كتب,1.2034,True,1.7665,True
aragpt2,T6,T6-f-0172,f,حضر,-9.9825,False,-10.0694,False
aragpt2,T6,T6-f-0173,f,خرج,-5.0881,False,-3.3875,False
aragpt2,T6,T6-f-0174,f,خرج,-6.1271,False,-4.4265,False
aragpt2,T6,T6-f-0175,f,باع,-1.5314,False,-1.1743,False
aragpt2,T6,T6-f-0176,f,طلب,-7.0749,False,-5.7984,False
aragpt2,T6,T6-f-0177,f,دفع,-1.2855,False,-2.0844,False
aragpt2,T6,T6-f-0178,f,سمع,2.0092,True,1.6328,True
aragpt2,T6,T6-f-0179,f,بدأ,0.3918,True,1.5263,True
aragpt2,T6,T6-f-0180,f,أخذ,-6.9535,False,-7.4409,False
aragpt2,T6,T6-f-0181,f,كسر,-4.8446,False,-4.1098,False
aragpt2,T6,T6-f-0182,f,بدأ,1.5619,True,2.6964,True
aragpt2,T6,T6-f-0183,f,حضر,-3.159,False,-3.246,False
aragpt2,T6,T6-f-0184,f,سمع,-0.852,False,-1.2284,False
aragpt2,T6,T6-f-0185,f,عرف,-1.9897,False,-0.9256,False
aragpt2,T6,T6-f-0186,f,بدأ,-2.5585,False,-1.4239,False
aragpt2,T6,T6-f-0187,f,أخذ,-0.3849,False,-0.8723,False
aragpt2,T6,T6-f-0188,f,وصل,0.3769,True,0.9251,True
aragpt2,T6,T6-f-0189,f,حضر,-4.5558,False,-4.6427,False
aragpt2,T6,T6-f-0190,f,ذهب,5.57,True,4.6313,True
aragpt2,T6,T6-f-0191,f,قال,-3.9507,False,-1.4456,False
aragpt2,T6,T6-f-0192,f,دخل,-0.8865,False,-0.4086,False
aragpt2,T6,T6-f-0193,f,عرف,0.4974,True,1.5615,True
aragpt2,T6,T6-f-0194,f,قال,-2.2578,False,0.2474,True
aragpt2,T6,T6-f-0195,f,عرف,-2.92,False,-1.8559,False
aragpt2,T6,T6-f-0196,f,كسر,-8.2541,False,-7.5192,False
aragpt2,T6,T6-f-0197,f,وجد,1.3299,True,1.0598,True
aragpt2,T6,T6-f-0198,f,فتح,-18.2989,False,-18.2159,False
aragpt2,T6,T6-f-0199,f,دخل,3.1476,True,3.6255,True
aragpt2,T6,T6-f-0200,f,دفع,-3.5974,False,-4.3963,False
aragpt2,T6,T6-f-0201,f,ذهب,-4.0315,False,-4.9702,False
aragpt2,T6,T6-f-0202,f,باع,-4.725,False,-4.3679,False
aragpt2,T6,T6-f-0203,f,سمع,2.5844,True,2.2079,True
aragpt2,T6,T6-f-0204,f,ترك,-3.714,False,-2.991,False
aragpt2,T6,T6-f-0205,f,كتب,-4.9698,False,-4.4067,False
aragpt2,T6,T6-f-0206,f,طلب,6.1939,True,7.4704,True
aragpt2,T6,T6-f-0207,f,أخذ,-8.4983,False,-8.9857,False
aragpt2,T6,T6-f-0208,f,طلب,-3.2763,False,-1.9998,False
aragpt2,T6,T6-f-0209,f,كتب,-3.6163,False,-3.0533,False
aragpt2,T6,T6-f-0210,f,طلب,-0.996,False,0.2805,True
aragpt2,T6,T6-f-0211,f,بدأ,1.0715,True,2.206,True
aragpt2,T6,T6-f-0212,f,خرج,-2.254,False,-0.5534,False
aragpt2,T6,T6-f-0213,f,عرف,-1.0398,False,0.0243,True
aragpt2,T6,T6-f-0214,f,سمع,4.6393,True,4.2629,True
aragpt2,T6,T6-f-0215,f,سمع,-6.5788,False,-6.9552,False
aragpt2,T6,T6-f-0216,f,سمع,-1.1332,False,-1.5096,False
aragpt2,T6,T6-f-0217,f,كتب,-1.0158,False,-0.4527,False
aragpt2,T6,T6-f-0218,f,دفع,-3.1629,False,-3.9618,False
aragpt2,T6,T6-f-0219,f,وصل,-1.6965,False,-1.1483,False
aragpt2,T6,T6-f-0220,f,دفع,0.1409,True,-0.658,False
aragpt2,T6,T6-f-0221,f,طلب,-1.455,False,-0.1785,False
aragpt2,T6,T6-f-0222,f,ذهب,-0.2867,False,-1.2254,False
aragpt2,T6,T6-f-0223,f,دخل,-1.9175,False,-1.4396,False
aragpt2,T6,T6-f-0224,f,قرأ,-0.1331,False,0.2719,True
aragpt2,T6,T6-f-0225,f,قرأ,5.5978,True,6.0028,True
aragpt2,T6,T6-f-0226,f,كسر,-4.161,False,-3.4261,False
aragpt2,T6,T6-f-0227,f,دفع,-3.7132,False,-4.5121,False
aragpt2,T6,T6-f-0228,f,حمل,-1.7194,False,-1.1755,False
aragpt2,T6,T6-f-0229,f,طلب,-3.7928,False,-2.5163,False
aragpt2,T6,T6-f-0230,f,وجد,-0.1241,False,-0.3943,False
aragpt2,T6,T6-f-0231,f,قرأ,-3.2203,False,-2.8152,False
aragpt2,T6,T6-f-0232,f,عرف,-0.941,False,0.1231,True
aragpt2,T6,T6-f-0233,f,سمع,-0.9381,False,-1.3145,False
aragpt2,T6,T6-f-0234,f,باع,2.2728,True,2.6298,True
aragpt2,T6,T6-f-0235,f,أخذ,0.2544,True,-0.233,False
aragpt2,T6,T6-f-0236,f,عرف,-0.4485,False,0.6156,True
aragpt2,T6,T6-f-0237,f,دفع,-3.7137,False,-4.5126,False
aragpt2,T6,T6-f-0238,f,سمع,1.5498,True,1.1734,True
aragpt2,T6,T6-f-0239,f,حمل,-3.0464,False,-2.5025,False
aragpt2,T6,T6-f-0240,f,دخل,-0.9391,False,-0.4612,False
aragpt2,T6,T6-f-0241,f,خرج,-1.7806,False,-0.08,False
aragpt2,T6,T6-f-0242,f,دخل,-1.4465,False,-0.9687,False
aragpt2,T6,T6-f-0243,f,بدأ,0.3837,True,1.5182,True
aragpt2,T6,T6-f-0244,f,كتب,-4.7526,False,-4.1896,False
aragpt2,T6,T6-f-0245,f,طلب,-0.7486,False,0.5279,True
aragpt2,T6,T6-f-0246,f,شاهد,-6.7106,False,-7.3353,False
aragpt2,T6,T6-f-0247,f,دفع,-3.7378,False,-4.5367,False
aragpt2,T6,T6-f-0248,f,ذهب,-1.4285,False,-2.3673,False
aragpt2,T6,T6-f-0249,f,وجد,-6.108,False,-6.3782,False
aragpt2,T6,T6-f-0250,f,سمع,-1.9369,False,-2.3134,False
aragpt2,T6,T6-f-0251,f,حمل,2.7055,True,3.2494,True
aragpt2,T6,T6-f-0252,f,حضر,-3.852,False,-3.9389,False
aragpt2,T6,T6-f-0253,f,وصل,-0.336,False,0.2122,True
aragpt2,T6,T6-f-0254,f,باع,-6.4967,False,-6.1397,False
aragpt2,T6,T6-f-0255,f,قال,3.8561,True,6.3613,True
aragpt2,T6,T6-f-0256,f,طلب,-5.7777,False,-4.5012,False
aragpt2,T6,T6-f-0257,f,عرف,1.9185,True,2.9826,True
aragpt2,T6,T6-f-0258,f,وصل,-1.8207,False,-1.2725,False
aragpt2,T6,T6-f-0259,f,وجد,-0.0078,False,-0.278,False
aragpt2,T6,T6-f-0260,f,بدأ,-0.5235,False,0.6111,True
aragpt2,T6,T6-f-0261,f,ترك,-0.6856,False,0.0373,True
aragpt2,T6,T6-f-0262,f,عرف,-3.1066,False,-2.0425,False
aragpt2,T6,T6-f-0263,f,عرف,3.1352,True,4.1993,True
aragpt2,T6,T6-f-0264,f,حضر,-1.2244,False,-1.3114,False
aragpt2,T6,T6-f-0265,f,قرأ,-0.2788,False,0.1262,True
aragpt2,T6,T6-f-0266,f,دفع,-6.3161,False,-7.115,False
aragpt2,T6,T6-f-0267,f,ذهب,-3.3816,False,-4.3203,False
aragpt2,T6,T6-f-0268,f,حمل,-3.212,False,-2.6681,False
aragpt2,T6,T6-f-0269,f,وجد,0.2836,True,0.0134,True
aragpt2,T6,T6-f-0270,f,خرج,-0.8065,False,0.8941,True
aragpt2,T6,T6-f-0271,f,وصل,-3.5496,False,-3.0014,False
aragpt2,T6,T6-f-0272,f,حمل,-2.8026,False,-2.2587,False
aragpt2,T6,T6-f-0273,f,خرج,3.7171,True,5.4177,True
aragpt2,T6,T6-f-0274,f,فتح,-15.6059,False,-15.523,False
aragpt2,T6,T6-f-0275,f,كسر,-5.1346,False,-4.3997,False
aragpt2,T6,T6-f-0276,f,باع,-1.8845,False,-1.5274,False
aragpt2,T6,T6-f-0277,f,بدأ,-0.0422,False,1.0923,True
aragpt2,T6,T6-f-0278,f,وجد,-1.353,False,-1.6232,False
aragpt2,T6,T6-f-0279,f,سمع,0.9522,True,0.5758,True
aragpt2,T6,T6-f-0280,f,حمل,-7.2715,False,-6.7276,False
aragpt2,T6,T6-f-0281,f,وجد,-2.8052,False,-3.0753,False
aragpt2,T6,T6-f-0282,f,شاهد,0.9487,True,0.324,True
aragpt2,T6,T6-f-0283,f,ترك,-6.1754,False,-5.4525,False
aragpt2,T6,T6-f-0284,f,وجد,-5.5793,False,-5.8495,False
aragpt2,T6,T6-f-0285,f,عرف,2.4147,True,3.4788,True
aragpt2,T6,T6-f-0286,f,أخذ,-1.3769,False,-1.8643,False
aragpt2,T6,T6-f-0287,f,ذهب,-0.3372,False,-1.2759,False
aragpt2,T6,T6-f-0288,f,حمل,-1.7353,False,-1.1913,False
aragpt2,T6,T6-f-0289,f,فتح,-1.3769,False,-1.2939,False
aragpt2,T6,T6-f-0290,f,وصل,-1.4231,False,-0.8749,False
aragpt2,T6,T6-f-0291,f,ذهب,-3.6989,False,-4.6377,False
aragpt2,T6,T6-f-0292,f,فتح,-13.9966,False,-13.9136,False
aragpt2,T6,T6-f-0293,f,وصل,-10.0892,False,-9.541,False
aragpt2,T6,T6-f-0294,f,ترك,-3.5317,False,-2.8088,False
aragpt2,T6,T6-f-0295,f,شاهد,-3.0693,False,-3.694,False
aragpt2,T6,T6-f-0296,f,كسر,-5.5135,False,-4.7786,False
aragpt2,T6,T6-f-0297,f,قال,-1.893,False,0.6121,True
aragpt2,T6,T6-f-0298,f,خرج,-3.8355,False,-2.1349,False
aragpt2,T6,T6-f-0299,f,وجد,-5.7292,False,-5.9994,False
aragpt2,T6,T6-f-0300,f,وجد,-4.6632,False,-4.9333,False
aragpt2,T6,T6-f-0301,f,شاهد,-9.5844,False,-10.2091,False
aragpt2,T6,T6-f-0302,f,ذهب,3.5783,True,2.6396,True
aragpt2,T6,T6-f-0303,f,وجد,-0.1226,False,-0.3928,False
aragpt2,T6,T6-f-0304,f,ترك,-0.7725,False,-0.0495,False
aragpt2,T6,T6-f-0305,f,دخل,-3.9027,False,-3.4249,False
aragpt2,T6,T6-f-0306,f,بدأ,-3.9838,False,-2.8493,False
aragpt2,T6,T6-f-0307,f,أخذ,-1.3983,False,-1.8857,False
aragpt2,T6,T6-f-0308,f,طلب,4.5405,True,5.817,True
aragpt2,T6,T6-f-0309,f,عرف,-1.3398,False,-0.2757,False
aragpt2,T6,T6-f-0310,f,أخذ,-9.1048,False,-9.5922,False
aragpt2,T6,T6-f-0311,f,دفع,-1.7085,False,-2.5073,False
aragpt2,T6,T6-f-0312,f,قال,1.4428,True,3.9479,True
aragpt2,T6,T6-f-0313,f,حضر,-3.845,False,-3.932,False
aragpt2,T6,T6-f-0314,f,وجد,-1.5383,False,-1.8085,False
aragpt2,T6,T6-f-0315,f,ذهب,2.3256,True,1.3869,True
aragpt2,T6,T6-f-0316,f,وجد,-16.2592,False,-16.5294,False
aragpt2,T6,T6-f-0317,f,سمع,-3.4216,False,-3.798,False
aragpt2,T6,T6-f-0318,f,وصل,8.4008,True,8.949,True
aragpt2,T6,T6-f-0319,f,عرف,7.1235,True,8.1876,True
aragpt2,T6,T6-f-0320,f,دخل,-2.1056,False,-1.6277,False
aragpt2,T6,T6-f-0321,f,خرج,-4.294,False,-2.5934,False
aragpt2,T6,T6-f-0322,f,وصل,-2.9329,False,-2.3847,False
aragpt2,T6,T6-f-0323,f,بدأ,-2.5149,False,-1.3804,False
aragpt2,T6,T6-f-0324,f,باع,-3.641,False,-3.2839,False
aragpt2,T6,T6-f-0325,f,دفع,-3.5891,False,-4.388,False
aragpt2,T6,T6-f-0326,f,قرأ,-0.9931,False,-0.5881,False
aragpt2,T6,T6-f-0327,f,سمع,4.2311,True,3.8547,True
aragpt2,T6,T6-f-0328,f,باع,-14.6014,False,-14.2443,False
aragpt2,T6,T6-f-0329,f,حمل,-2.7011,False,-2.1571,False
aragpt2,T6,T6-f-0330,f,وصل,1.4783,True,2.0265,True
aragpt2,T6,T6-f-0331,f,وجد,-4.465,False,-4.7351,False
aragpt2,T6,T6-f-0332,f,كتب,-3.9671,False,-3.4041,False
aragpt2,T6,T6-f-0333,f,بدأ,-1.8103,False,-0.6757,False
aragpt2,T6,T6-f-0334,f,عرف,0.9149,True,1.979,True
aragpt2,T6,T6-f-0335,f,قرأ,-1.4496,False,-1.0446,False
aragpt2,T6,T6-f-0336,f,قرأ,-2.3326,False,-1.9275,False
aragpt2,T6,T6-f-0337,f,باع,-0.5515,False,-0.1945,False
aragpt2,T6,T6-f-0338,f,أخذ,0.2962,True,-0.1912,False
aragpt2,T6,T6-f-0339,f,ترك,-2.5612,False,-1.8382,False
aragpt2,T6,T6-f-0340,f,كسر,-3.6937,False,-2.9588,False
aragpt2,T6,T6-f-0341,f,فتح,-1.312,False,-1.229,False
aragpt2,T6,T6-f-0342,f,كتب,-0.8937,False,-0.3306,False
aragpt2,T6,T6-f-0343,f,فتح,-0.5699,False,-0.4869,False
aragpt2,T6,T6-f-0344,f,خرج,-3.7565,False,-2.0559,False
aragpt2,T6,T6-f-0345,f,قرأ,-0.442,False,-0.037,False
aragpt2,T6,T6-f-0346,f,وصل,-0.5949,False,-0.0467,False
aragpt2,T6,T6-f-0347,f,خرج,-1.0784,False,0.6222,True
aragpt2,T6,T6-f-0348,f,ذهب,0.2951,True,-0.6437,False
aragpt2,T6,T6-f-0349,f,سمع,0.6489,True,0.2725,True
aragpt2,T6,T6-f-0350,f,أخذ,0.4003,True,-0.0871,False
aragpt2,T6,T6-f-0351,f,عرف,-0.0474,False,1.0167,True
aragpt2,T6,T6-f-0352,f,دخل,-3.529,False,-3.0511,False
aragpt2,T6,T6-f-0353,f,قرأ,0.4207,True,0.8257,True
aragpt2,T6,T6-f-0354,f,دفع,0.1511,True,-0.6478,False
aragpt2,T6,T6-f-0355,f,عرف,14.0102,True,15.0743,True
aragpt2,T6,T6-f-0356,f,دفع,-4.8467,False,-5.6456,False
aragpt2,T6,T6-f-0357,f,وجد,-5.7765,False,-6.0466,False
aragpt2,T6,T6-f-0358,f,سمع,1.2703,True,0.8939,True
aragpt2,T6,T6-f-0359,f,خرج,-3.5599,False,-1.8594,False
aragpt2,T6,T6-f-0360,f,سمع,0.308,True,-0.0684,False
aragpt2,T6,T6-f-0361,f,عرف,0.1804,True,1.2445,True
aragpt2,T6,T6-f-0362,f,قرأ,-0.9999,False,-0.5949,False
aragpt2,T6,T6-f-0363,f,قال,1.1056,True,3.6108,True
aragpt2,T6,T6-f-0364,f,سمع,0.1814,True,-0.195,False
aragpt2,T6,T6-f-0365,f,عرف,-6.8078,False,-5.7437,False
aragpt2,T6,T6-f-0366,f,وجد,-0.1326,False,-0.4027,False
aragpt2,T6,T6-f-0367,f,فتح,0.7013,True,0.7843,True
aragpt2,T6,T6-f-0368,f,ترك,-1.0369,False,-0.3139,False
aragpt2,T6,T6-f-0369,f,ترك,-1.8129,False,-1.0899,False
aragpt2,T6,T6-f-0370,f,سمع,-0.8448,False,-1.2212,False
aragpt2,T6,T6-f-0371,f,دفع,-4.1704,False,-4.9693,False
aragpt2,T6,T6-f-0372,f,شاهد,-3.291,False,-3.9156,False
aragpt2,T6,T6-f-0373,f,حمل,-0.1114,False,0.4325,True
aragpt2,T6,T6-f-0374,f,أخذ,-2.1225,False,-2.6099,False
aragpt2,T6,T6-f-0375,f,أخذ,0.9603,True,0.4729,True
aragpt2,T6,T6-f-0376,f,ترك,-4.9154,False,-4.1924,False
aragpt2,T6,T6-f-0377,f,وجد,-4.0152,False,-4.2853,False
aragpt2,T6,T6-f-0378,f,كتب,0.3215,True,0.8846,True
aragpt2,T6,T6-f-0379,f,حمل,-2.3172,False,-1.7733,False
aragpt2,T6,T6-f-0380,f,ذهب,0.4072,True,-0.5315,False
aragpt2,T6,T6-f-0381,f,قال,0.5505,True,3.0557,True
aragpt2,T6,T6-f-0382,f,وصل,-1.5152,False,-0.967,False
aragpt2,T6,T6-f-0383,f,بدأ,-8.0162,False,-6.8817,False
aragpt2,T6,T6-f-0384,f,قال,-0.0194,False,2.4858,True
aragpt2,T6,T6-f-0385,f,حضر,2.3773,True,2.2903,True
aragpt2,T6,T6-f-0386,f,فتح,-2.5498,False,-2.4668,False
aragpt2,T6,T6-f-0387,f,باع,-5.5847,False,-5.2277,False
aragpt2,T6,T6-f-0388,f,أخذ,-6.2811,False,-6.7685,False
aragpt2,T6,T6-f-0389,f,طلب,-1.3149,False,-0.0384,False
aragpt2,T6,T6-f-0390,f,كتب,0.7989,True,1.362,True
aragpt2,T6,T6-f-0391,f,قال,-2.1486,False,0.3566,True
aragpt2,T6,T6-f-0392,f,كسر,-5.977,False,-5.2421,False
aragpt2,T6,T6-f-0393,f,أخذ,2.7234,True,2.236,True
aragpt2,T6,T6-f-0394,f,وجد,1.5981,True,1.328,True
aragpt2,T6,T6-f-0395,f,خرج,-1.36,False,0.3406,True
aragpt2,T6,T6-f-0396,f,وصل,3.1557,True,3.704,True
aragpt2,T6,T6-f-0397,f,ترك,5.8317,True,6.5546,True
aragpt2,T6,T6-f-0398,f,ترك,-3.6462,False,-2.9232,False
aragpt2,T6,T6-f-0399,f,طلب,-1.6813,False,-0.4048,False
aragpt2,T6,T6-f-0400,f,دفع,-4.3022,False,-5.1011,False
aragpt2,T6,T6-f-0401,f,كسر,-6.1874,False,-5.4526,False
aragpt2,T6,T6-f-0402,f,وجد,-13.0396,False,-13.3098,False
aragpt2,T6,T6-f-0403,f,فتح,-8.9786,False,-8.8956,False
aragpt2,T6,T6-f-0404,f,وصل,7.2067,True,7.7549,True
aragpt2,T6,T6-f-0405,f,كتب,-7.6403,False,-7.0772,False
aragpt2,T6,T6-f-0406,f,دفع,-1.3964,False,-2.1953,False
aragpt2,T6,T6-f-0407,f,خرج,-2.2627,False,-0.5621,False
aragpt2,T6,T6-f-0408,f,دفع,-4.4668,False,-5.2657,False
aragpt2,T6,T6-f-0409,f,ترك,-5.6065,False,-4.8835,False
aragpt2,T6,T6-f-0410,f,كتب,3.4462,True,4.0093,True
aragpt2,T6,T6-f-0411,f,أخذ,-0.7283,False,-1.2157,False
aragpt2,T6,T6-f-0412,f,بدأ,-7.4953,False,-6.3608,False
aragpt2,T6,T6-f-0413,f,حمل,-5.5405,False,-4.9965,False
aragpt2,T6,T6-f-0414,f,بدأ,-2.3288,False,-1.1943,False
aragpt2,T6,T6-f-0415,f,دخل,-4.537,False,-4.0591,False
aragpt2,T6,T6-f-0416,f,أخذ,-0.0441,False,-0.5315,False
aragpt2,T6,T6-f-0417,f,وصل,-0.6381,False,-0.0899,False
aragpt2,T6,T6-f-0418,f,شاهد,-6.7512,False,-7.3759,False
aragpt2,T6,T6-f-0419,f,حضر,1.4072,True,1.3202,True
aragpt2,T6,T6-f-0420,f,فتح,-7.3533,False,-7.2703,False
aragpt2,T6,T6-f-0421,f,حضر,-4.3372,False,-4.4242,False
aragpt2,T6,T6-f-0422,f,شاهد,-7.0772,False,-7.7018,False
aragpt2,T6,T6-f-0423,f,وصل,-1.4898,False,-0.9416,False
aragpt2,T6,T6-f-0424,f,دفع,-2.927,False,-3.7259,False
aragpt2,T6,T6-f-0425,f,حمل,0.4468,True,0.9907,True
aragpt2,T6,T6-f-0426,f,باع,-7.2747,False,-6.9177,False
aragpt2,T6,T6-f-0427,f,قرأ,-1.4194,False,-1.0144,False
aragpt2,T6,T6-f-0428,f,قال,-1.8555,False,0.6496,True
aragpt2,T6,T6-f-0429,f,كسر,-1.9424,False,-1.2075,False
aragpt2,T6,T6-f-0430,f,أخذ,-2.3866,False,-2.874,False
aragpt2,T6,T6-f-0431,f,قال,-2.3406,False,0.1645,True
aragpt2,T6,T6-f-0432,f,وجد,-6.7028,False,-6.9729,False
aragpt2,T6,T6-f-0433,f,وجد,0.161,True,-0.1092,False
aragpt2,T6,T6-f-0434,f,خرج,1.4244,True,3.125,True
aragpt2,T6,T6-f-0435,f,سمع,1.0592,True,0.6828,True
aragpt2,T6,T6-f-0436,f,وصل,-1.6521,False,-1.1039,False
aragpt2,T6,T6-f-0437,f,حمل,-4.6163,False,-4.0724,False
aragpt2,T6,T6-f-0438,f,قال,1.9822,True,4.4874,True
aragpt2,T6,T6-f-0439,f,خرج,-4.3611,False,-2.6605,False
aragpt2,T6,T6-f-0440,f,دخل,3.3179,True,3.7958,True
aragpt2,T6,T6-f-0441,f,قال,-4.517,False,-2.0118,False
aragpt2,T6,T6-f-0442,f,حمل,-2.8258,False,-2.2819,False
aragpt2,T6,T6-f-0443,f,باع,-7.5619,False,-7.2048,False
aragpt2,T6,T6-f-0444,f,سمع,6.5504,True,6.174,True
aragpt2,T6,T6-f-0445,f,قرأ,-1.028,False,-0.623,False
aragpt2,T6,T6-f-0446,f,عرف,-0.0462,False,1.0179,True
aragpt2,T6,T6-f-0447,f,شاهد,-6.427,False,-7.0517,False
aragpt2,T6,T6-f-0448,f,طلب,-7.3698,False,-6.0933,False
aragpt2,T6,T6-f-0449,f,وصل,-0.2331,False,0.3151,True
aragpt2,T6,T6-f-0450,f,باع,-1.4831,False,-1.1261,False
aragpt2,T6,T6-f-0451,f,ذهب,-0.0793,False,-1.018,False
aragpt2,T6,T6-f-0452,f,فتح,-2.2923,False,-2.2093,False
aragpt2,T6,T6-f-0453,f,دفع,-2.0301,False,-2.829,False
aragpt2,T6,T6-f-0454,f,حضر,-8.0378,False,-8.1248,False
aragpt2,T6,T6-f-0455,f,بدأ,1.9156,True,3.0501,True
aragpt2,T6,T6-f-0456,f,طلب,-4.7953,False,-3.5188,False
aragpt2,T6,T6-f-0457,f,أخذ,-2.5787,False,-3.0661,False
aragpt2,T6,T6-f-0458,f,دفع,-3.3454,False,-4.1443,False
aragpt2,T6,T6-f-0459,f,عرف,-5.5657,False,-4.5016,False
aragpt2,T6,T6-f-0460,f,قال,-0.1045,False,2.4007,True
aragpt2,T6,T6-f-0461,f,قال,-4.5414,False,-2.0363,False
aragpt2,T6,T6-f-0462,f,وجد,-8.8992,False,-9.1694,False
aragpt2,T6,T6-f-0463,f,دخل,-0.3945,False,0.0833,True
aragpt2,T6,T6-f-0464,f,فتح,-6.4848,False,-6.4018,False
aragpt2,T6,T6-f-0465,f,ذهب,-0.2857,False,-1.2244,False
aragpt2,T6,T6-f-0466,f,خرج,-3.9958,False,-2.2952,False
aragpt2,T6,T6-f-0467,f,قال,0.1576,True,2.6628,True
aragpt2,T6,T6-f-0468,f,دفع,-3.0705,False,-3.8694,False
aragpt2,T6,T6-f-0469,f,عرف,1.9572,True,3.0213,True
aragpt2,T6,T6-f-0470,f,حضر,-3.4037,False,-3.4907,False
aragpt2,T6,T6-f-0471,f,قرأ,-0.3234,False,0.0816,True
aragpt2,T6,T6-f-0472,f,دخل,-0.8672,False,-0.3893,False
aragpt2,T6,T6-f-0473,f,كسر,-5.2633,False,-4.5285,False
aragpt2,T6,T6-f-0474,f,باع,-18.0051,False,-17.648,False
aragpt2,T6,T6-f-0475,f,سمع,0.2811,True,-0.0953,False
aragpt2,T6,T6-f-0476,f,دفع,-1.1935,False,-1.9924,False
aragpt2,T6,T6-f-0477,f,باع,-3.1856,False,-2.8286,False
aragpt2,T6,T6-f-0478,f,أخذ,0.2147,True,-0.2727,False
aragpt2,T6,T6-f-0479,f,سمع,-1.6908,False,-2.0672,False
aragpt2,T6,T6-f-0480,f,حضر,-5.1625,False,-5.2495,False
aragpt2,T6,T6-f-0481,f,عرف,-0.1584,False,0.9057,True
aragpt2,T6,T6-f-0482,f,حضر,-1.9149,False,-2.0019,False
aragpt2,T6,T6-f-0483,f,بدأ,-0.7116,False,0.4229,True
aragpt2,T6,T6-f-0484,f,خرج,-5.1904,False,-3.4899,False
aragpt2,T6,T6-f-0485,f,دفع,-0.9193,False,-1.7182,False
aragpt2,T6,T6-f-0486,f,قال,-2.9202,False,-0.4151,False
aragpt2,T6,T6-f-0487,f,دخل,-0.9799,False,-0.502,False
aragpt2,T6,T6-f-0488,f,خرج,-2.7421,False,-1.0415,False
aragpt2,T6,T6-f-0489,f,قال,1.1282,True,3.6334,True
aragpt2,T6,T6-f-0490,f,كتب,-2.8861,False,-2.323,False
aragpt2,T6,T6-f-0491,f,باع,-7.8486,False,-7.4916,False
aragpt2,T6,T6-f-0492,f,دفع,-5.7574,False,-6.5563,False
aragpt2,T6,T6-f-0493,f,سمع,-0.8676,False,-1.244,False
aragpt2,T6,T6-f-0494,f,سمع,-2.0048,False,-2.3812,False
aragpt2,T6,T6-f-0495,f,وصل,-1.1536,False,-0.6054,False
aragpt2,T6,T6-f-0496,f,قال,-2.5312,False,-0.0261,False
aragpt2,T6,T6-f-0497,f,فتح,-2.7727,False,-2.6897,False
aragpt2,T6,T6-f-0498,f,شاهد,-4.5161,False,-5.1408,False
aragpt2,T6,T6-f-0499,f,كسر,-4.3498,False,-3.6149,False
aragpt2,T6,T6-f-0500,f,باع,-0.9341,False,-0.577,False
aragpt2,T6,T6-f-0501,f,قال,-7.8856,False,-5.3805,False
aragpt2,T6,T6-f-0502,f,عرف,0.0483,True,1.1124,True
aragpt2,T6,T6-f-0503,f,وصل,0.799,True,1.3472,True
aragpt2,T6,T6-f-0504,f,ترك,-1.5617,False,-0.8388,False
aragpt2,T6,T6-f-0505,f,باع,-19.8093,False,-19.4522,False
aragpt2,T6,T6-f-0506,f,كسر,6.6945,True,7.4294,True
aragpt2,T6,T6-f-0507,f,خرج,-1.6243,False,0.0763,True
aragpt2,T6,T6-f-0508,f,فتح,-1.3634,False,-1.2804,False
aragpt2,T6,T6-f-0509,f,عرف,-1.6792,False,-0.6151,False
aragpt2,T6,T6-f-0510,f,فتح,-2.8895,False,-2.8065,False
aragpt2,T6,T6-f-0511,f,ذهب,-6.7931,False,-7.7318,False
aragpt2,T6,T6-f-0512,f,حضر,-4.768,False,-4.855,False
aragpt2,T6,T6-f-0513,f,وصل,0.9934,True,1.5417,True
aragpt2,T6,T6-f-0514,f,عرف,0.6634,True,1.7275,True
aragpt2,T6,T6-f-0515,f,أخذ,-0.8339,False,-1.3213,False
aragpt2,T6,T6-f-0516,f,سمع,-5.0398,False,-5.4162,False
aragpt2,T6,T6-f-0517,f,قال,-4.1587,False,-1.6535,False
aragpt2,T6,T6-f-0518,f,ذهب,-3.4966,False,-4.4353,False
aragpt2,T6,T6-f-0519,f,طلب,0.7415,True,2.018,True
aragpt2,T6,T6-f-0520,f,فتح,-1.273,False,-1.19,False
aragpt2,T6,T6-f-0521,f,وجد,5.4195,True,5.1493,True
aragpt2,T6,T6-f-0522,f,وجد,0.4715,True,0.2014,True
aragpt2,T6,T6-f-0523,f,طلب,-3.2482,False,-1.9717,False
aragpt2,T6,T6-f-0524,f,سمع,-1.481,False,-1.8574,False
aragpt2,T6,T6-f-0525,f,حضر,-4.0754,False,-4.1624,False
aragpt2,T6,T6-f-0526,f,سمع,-2.7628,False,-3.1392,False
aragpt2,T6,T6-f-0527,f,ترك,-5.2704,False,-4.5474,False
aragpt2,T6,T6-f-0528,f,كسر,-6.767,False,-6.0321,False
aragpt2,T6,T6-f-0529,f,أخذ,-14.3076,False,-14.795,False
aragpt2,T6,T6-f-0530,f,خرج,-5.7788,False,-4.0783,False
aragpt2,T6,T6-f-0531,f,وصل,3.6027,True,4.1509,True
aragpt2,T6,T6-f-0532,f,قال,-4.2215,False,-1.7163,False
aragpt2,T6,T6-f-0533,f,سمع,1.3763,True,0.9999,True
aragpt2,T6,T6-f-0534,f,خرج,-1.2779,False,0.4226,True
aragpt2,T6,T6-f-0535,f,حمل,-2.1251,False,-1.5812,False
aragpt2,T6,T6-f-0536,f,طلب,-7.0614,False,-5.7849,False
aragpt2,T6,T6-f-0537,f,خرج,-1.46,False,0.2405,True
aragpt2,T6,T6-f-0538,f,دخل,-14.3926,False,-13.9147,False
aragpt2,T6,T6-f-0539,f,ترك,-3.2237,False,-2.5007,False
aragpt2,T6,T6-f-0540,f,بدأ,0.0928,True,1.2273,True
aragpt2,T6,T6-f-0541,f,حضر,-5.6992,False,-5.7862,False
aragpt2,T6,T6-f-0542,f,شاهد,-1.7996,False,-2.4243,False
aragpt2,T6,T6-f-0543,f,كسر,-3.2193,False,-2.4844,False
aragpt2,T6,T6-f-0544,f,عرف,-0.9694,False,0.0947,True
aragpt2,T6,T6-f-0545,f,كتب,-0.5012,False,0.0619,True
aragpt2,T6,T6-f-0546,f,حمل,3.2763,True,3.8202,True
aragpt2,T6,T6-f-0547,f,حضر,-7.9062,False,-7.9931,False
aragpt2,T6,T6-f-0548,f,باع,-12.3357,False,-11.9786,False
aragpt2,T6,T6-f-0549,f,طلب,3.4121,True,4.6886,True
aragpt2,T6,T6-f-0550,f,سمع,-0.5926,False,-0.969,False
aragpt2,T6,T6-f-0551,f,كتب,-4.0243,False,-3.4612,False
aragpt2,T6,T6-f-0552,f,دفع,-2.8525,False,-3.6514,False
aragpt2,T6,T6-f-0553,f,وجد,-10.8444,False,-11.1145,False
aragpt2,T6,T6-f-0554,f,عرف,-5.0122,False,-3.9481,False
aragpt2,T6,T6-f-0555,f,طلب,-5.4217,False,-4.1452,False
aragpt2,T6,T6-f-0556,f,ترك,-1.5503,False,-0.8273,False
aragpt2,T6,T6-f-0557,f,حمل,1.025,True,1.5689,True
aragpt2,T6,T6-f-0558,f,بدأ,-4.3853,False,-3.2507,False
aragpt2,T6,T6-f-0559,f,دخل,-2.4499,False,-1.9721,False
aragpt2,T6,T6-f-0560,f,دخل,1.765,True,2.2428,True
aragpt2,T6,T6-f-0561,f,وصل,-0.5116,False,0.0366,True
aragpt2,T6,T6-f-0562,f,باع,-3.9918,False,-3.6348,False
aragpt2,T6,T6-f-0563,f,ترك,-3.9014,False,-3.1784,False
aragpt2,T6,T6-f-0564,f,باع,-3.9079,False,-3.5509,False
aragpt2,T6,T6-f-0565,f,حمل,-4.8718,False,-4.3279,False
aragpt2,T6,T6-f-0566,f,دفع,1.1112,True,0.3123,True
aragpt2,T6,T6-f-0567,f,عرف,0.5713,True,1.6354,True
aragpt2,T6,T6-f-0568,f,وجد,-3.5639,False,-3.8341,False
aragpt2,T6,T6-f-0569,f,أخذ,-4.7137,False,-5.2011,False
aragpt2,T6,T6-f-0570,f,كتب,-5.2504,False,-4.6873,False
aragpt2,T6,T6-f-0571,f,ترك,-2.356,False,-1.6331,False
aragpt2,T6,T6-f-0572,f,شاهد,0.0864,True,-0.5382,False
aragpt2,T6,T6-f-0573,f,باع,-5.2494,False,-4.8923,False
aragpt2,T6,T6-f-0574,f,طلب,-4.7868,False,-3.5103,False
aragpt2,T6,T6-f-0575,f,ذهب,0.9919,True,0.0532,True
aragpt2,T6,T6-f-0576,f,وصل,-2.8784,False,-2.3302,False
aragpt2,T6,T6-f-0577,f,كسر,-7.2141,False,-6.4792,False
aragpt2,T6,T6-f-0578,f,كسر,-4.8831,False,-4.1482,False
aragpt2,T6,T6-f-0579,f,حمل,-6.8747,False,-6.3308,False
aragpt2,T6,T6-f-0580,f,حضر,3.5093,True,3.4223,True
aragpt2,T6,T6-f-0581,f,وصل,2.9912,True,3.5394,True
aragpt2,T6,T6-f-0582,f,شاهد,-8.8474,False,-9.472,False
aragpt2,T6,T6-f-0583,f,كتب,2.3038,True,2.8669,True
aragpt2,T6,T6-f-0584,f,خرج,-0.317,False,1.3836,True
aragpt2,T6,T6-f-0585,f,باع,-2.2804,False,-1.9234,False
aragpt2,T6,T6-f-0586,f,قرأ,-2.7618,False,-2.3568,False
aragpt2,T6,T6-f-0587,f,بدأ,-2.9525,False,-1.8179,False
aragpt2,T6,T6-f-0588,f,وصل,-2.6354,False,-2.0872,False
aragpt2,T6,T6-f-0589,f,حضر,-2.9862,False,-3.0732,False
aragpt2,T6,T6-f-0590,f,أخذ,-0.241,False,-0.7284,False
aragpt2,T6,T6-f-0591,f,حمل,-5.2215,False,-4.6776,False
aragpt2,T6,T6-f-0592,f,حضر,0.573,True,0.4861,True
aragpt2,T6,T6-f-0593,f,طلب,-4.1462,False,-2.8697,False
aragpt2,T6,T6-f-0594,f,عرف,1.2395,True,2.3036,True
aragpt2,T6,T6-f-0595,f,كتب,-13.1537,False,-12.5906,False
aragpt2,T6,T6-f-0596,f,ترك,-0.6106,False,0.1124,True
aragpt2,T6,T6-f-0597,f,طلب,-3.9219,False,-2.6454,False
aragpt2,T6,T6-f-0598,f,دخل,-3.8047,False,-3.3268,False
aragpt2,T6,T6-f-0599,f,فتح,-2.6169,False,-2.534,False
