model,condition,id,gold,delta_clean,delta_neut,delta_ctrl,clean_correct
arabert,T3,T3-m-0000,m,-2.3350653648376465,2.1870317459106445,-2.5895118713378906,False
arabert,T3,T3-m-0001,m,-0.9813618659973145,3.124690532684326,-0.8931674957275391,False
arabert,T3,T3-m-0002,m,-0.32999515533447266,2.281069755554199,-0.050751686096191406,False
arabert,T3,T3-m-0003,m,-0.4410247802734375,2.4842300415039062,1.209197998046875,False
arabert,T3,T3-m-0004,m,3.9093589782714844,4.819939613342285,2.261660575866699,True
arabert,T3,T3-m-0005,m,1.6162176132202148,4.111757278442383,1.5367279052734375,True
arabert,T3,T3-m-0006,m,0.2836933135986328,5.604965686798096,0.05688190460205078,True
arabert,T3,T3-m-0007,m,-1.267733097076416,2.9396800994873047,-1.1304612159729004,False
arabert,T3,T3-m-0008,m,-0.9688324928283691,3.765777587890625,-2.0756444931030273,False
arabert,T3,T3-m-0009,m,-4.540721893310547,0.33884334564208984,-2.0534000396728516,False
arabert,T3,T3-m-0010,m,-3.0073318481445312,3.994381904602051,1.7343425750732422,False
arabert,T3,T3-m-0011,m,-2.218916893005371,2.9429545402526855,-0.7397251129150391,False
arabert,T3,T3-m-0012,m,-1.4927382469177246,4.121165752410889,-2.416530132293701,False
arabert,T3,T3-m-0013,m,0.8049635887145996,3.2380990982055664,-0.32149410247802734,True
arabert,T3,T3-m-0014,m,-1.078751564025879,-0.49495723843574524,-2.283734083175659,False
arabert,T3,T3-m-0015,m,-2.054306983947754,2.0851001739501953,-2.1890974044799805,False
arabert,T3,T3-m-0016,m,1.5018415451049805,3.5969181060791016,1.1155328750610352,True
arabert,T3,T3-m-0017,m,2.470871925354004,5.466365814208984,1.7539453506469727,True
arabert,T3,T3-m-0018,m,-0.9646587371826172,0.8942747116088867,-0.6817798614501953,False
arabert,T3,T3-m-0019,m,-0.23510408401489258,1.5651874542236328,2.489750385284424,False
arabert,T3,T3-m-0020,m,-0.9138984680175781,2.2486352920532227,0.32885217666625977,False
arabert,T3,T3-m-0021,m,-2.560574531555176,1.6930999755859375,1.0809345245361328,False
arabert,T3,T3-m-0022,m,-2.059345245361328,1.774885654449463,-1.9615464210510254,False
arabert,T3,T3-m-0023,m,-2.8637542724609375,1.273280143737793,1.5263891220092773,False
arabert,T3,T3-m-0024,m,1.6285948753356934,3.649120330810547,1.193565845489502,True
arabert,T3,T3-m-0025,m,2.5630722045898438,5.623923301696777,0.5303020477294922,True
arabert,T3,T3-m-0026,m,-0.3516707420349121,3.266145706176758,0.09746551513671875,False
arabert,T3,T3-m-0027,m,-0.19350147247314453,3.4146852493286133,-0.4134101867675781,False
arabert,T3,T3-m-0028,m,-1.3965439796447754,1.6513442993164062,-0.35797786712646484,False
arabert,T3,T3-m-0029,m,1.1737151145935059,3.153432607650757,0.7792162895202637,True
arabert,T3,T3-m-0030,m,-0.8639330863952637,3.094146728515625,-0.36893367767333984,False
arabert,T3,T3-m-0031,m,-1.2716522216796875,2.992447853088379,-0.5580539703369141,False
arabert,T3,T3-m-0032,m,-0.28301429748535156,2.938042640686035,-0.8607196807861328,False
arabert,T3,T3-m-0033,m,-0.5861377716064453,2.1251015663146973,-0.2041473388671875,False
arabert,T3,T3-m-0034,m,-0.7025537490844727,2.4147396087646484,-1.5818138122558594,False
arabert,T3,T3-m-0035,m,-0.3242483139038086,2.983071804046631,1.4959006309509277,False
arabert,T3,T3-m-0036,m,1.4464402198791504,3.648016929626465,0.878814697265625,True
arabert,T3,T3-m-0037,m,-1.6548542976379395,2.0182604789733887,-2.5299386978149414,False
arabert,T3,T3-m-0038,m,0.4733295440673828,4.06913948059082,-0.2850532531738281,True
arabert,T3,T3-m-0039,m,-0.5426435470581055,3.1647157669067383,1.1758003234863281,False
arabert,T3,T3-m-0040,m,-1.4206657409667969,4.6099958419799805,-0.6885881423950195,False
arabert,T3,T3-m-0041,m,1.5076260566711426,3.1585898399353027,0.6425390243530273,True
arabert,T3,T3-m-0042,m,2.3325061798095703,5.427968978881836,1.7106637954711914,True
arabert,T3,T3-m-0043,m,-1.2150120735168457,-1.3281240463256836,-1.4010629653930664,False
arabert,T3,T3-m-0044,m,0.9955024719238281,4.511526107788086,1.3565025329589844,True
arabert,T3,T3-m-0045,m,-0.8663721084594727,3.3883094787597656,-0.5496616363525391,False
arabert,T3,T3-m-0046,m,-1.3595833778381348,1.8014273643493652,-2.5644383430480957,False
arabert,T3,T3-m-0047,m,0.3115196228027344,4.527967929840088,-0.554379940032959,True
arabert,T3,T3-m-0048,m,0.4347267150878906,2.64091157913208,0.6389155387878418,True
arabert,T3,T3-m-0049,m,-4.054538726806641,-2.878248691558838,-4.503303527832031,False
arabert,T3,T3-m-0050,m,3.3703322410583496,3.2496156692504883,2.9219465255737305,True
arabert,T3,T3-m-0051,m,2.374077796936035,5.428036689758301,1.0363407135009766,True
arabert,T3,T3-m-0052,m,-1.9035444259643555,1.0863218307495117,0.37822723388671875,False
arabert,T3,T3-m-0053,m,1.303173542022705,2.92279052734375,0.2916254997253418,True
arabert,T3,T3-m-0054,m,0.8625411987304688,5.279040336608887,-0.130157470703125,True
arabert,T3,T3-m-0055,m,-1.8937149047851562,-0.22681570053100586,-2.181964874267578,False
arabert,T3,T3-m-0056,m,-1.5413322448730469,2.6890201568603516,-1.7570686340332031,False
arabert,T3,T3-m-0057,m,-1.7665276527404785,2.1679601669311523,1.6780729293823242,False
arabert,T3,T3-m-0058,m,-1.914809226989746,2.878002166748047,-1.3909473419189453,False
arabert,T3,T3-m-0059,m,-0.7370247840881348,4.774253845214844,3.7445459365844727,False
arabert,T3,T3-m-0060,m,-0.9718103408813477,2.557748317718506,-0.8601498603820801,False
arabert,T3,T3-m-0061,m,-2.3269057273864746,1.9265952110290527,-2.1497678756713867,False
arabert,T3,T3-m-0062,m,-0.13214826583862305,1.7934346199035645,-0.1446828842163086,False
arabert,T3,T3-m-0063,m,-1.5930986404418945,4.023932456970215,-2.073728084564209,False
arabert,T3,T3-m-0064,m,2.9721155166625977,5.413011074066162,1.802112102508545,True
arabert,T3,T3-m-0065,m,0.5942564010620117,5.3951215744018555,0.46889686584472656,True
arabert,T3,T3-m-0066,m,0.2078542709350586,4.459547996520996,0.0711984634399414,True
arabert,T3,T3-m-0067,m,-0.6862545013427734,3.055288314819336,-0.9433135986328125,False
arabert,T3,T3-m-0068,m,0.8915548324584961,3.159411907196045,0.2402181625366211,True
arabert,T3,T3-m-0069,m,1.2291207313537598,4.998889923095703,0.8550052642822266,True
arabert,T3,T3-m-0070,m,-1.760345458984375,2.294692039489746,-0.7190260887145996,False
arabert,T3,T3-m-0071,m,-3.270328998565674,-1.8627729415893555,-3.2919185161590576,False
arabert,T3,T3-m-0072,m,0.3281574249267578,4.015826225280762,1.5569534301757812,True
arabert,T3,T3-m-0073,m,2.4478282928466797,4.356093406677246,2.5553126335144043,True
arabert,T3,T3-m-0074,m,0.8668394088745117,5.546972274780273,0.20007896423339844,True
arabert,T3,T3-m-0075,m,-0.47867918014526367,3.455587387084961,-1.4470672607421875,False
arabert,T3,T3-m-0076,m,0.1222696304321289,3.2116622924804688,0.319091796875,True
arabert,T3,T3-m-0077,m,2.0980477333068848,1.5016140937805176,0.0901193618774414,True
arabert,T3,T3-m-0078,m,-0.9243147373199463,2.51047945022583,-0.28835296630859375,False
arabert,T3,T3-m-0079,m,3.726858139038086,4.399030685424805,3.6323556900024414,True
arabert,T3,T3-m-0080,m,-1.374068260192871,3.091917037963867,-2.3111586570739746,False
arabert,T3,T3-m-0081,m,4.366276264190674,3.851241111755371,2.599390983581543,True
arabert,T3,T3-m-0082,m,0.582667350769043,3.909928798675537,0.2009902000427246,True
arabert,T3,T3-m-0083,m,-0.6058063507080078,3.140721321105957,-1.1228771209716797,False
arabert,T3,T3-m-0084,m,1.0286941528320312,5.426934242248535,1.1670398712158203,True
arabert,T3,T3-m-0085,m,-1.460052490234375,1.442026138305664,-1.5483636856079102,False
arabert,T3,T3-m-0086,m,0.46381187438964844,4.728017330169678,-0.5495939254760742,True
arabert,T3,T3-m-0087,m,0.8420348167419434,2.0510902404785156,-0.660243034362793,True
arabert,T3,T3-m-0088,m,-1.6321454048156738,1.9071331024169922,-1.5841379165649414,False
arabert,T3,T3-m-0089,m,-0.31504249572753906,4.031659126281738,-0.2755565643310547,False
arabert,T3,T3-m-0090,m,-1.514063835144043,0.9212856292724609,-0.4490361213684082,False
arabert,T3,T3-m-0091,m,-3.2952351570129395,1.6975641250610352,-2.85068941116333,False
arabert,T3,T3-m-0092,m,-0.2471299171447754,3.349923610687256,0.3982071876525879,False
arabert,T3,T3-m-0093,m,-1.8078675270080566,4.445977687835693,-0.9348468780517578,False
arabert,T3,T3-m-0094,m,-0.34537410736083984,1.5593452453613281,-0.3296818733215332,False
arabert,T3,T3-m-0095,m,-3.1074678897857666,-1.7549238204956055,-2.8260586261749268,False
arabert,T3,T3-m-0096,m,1.0391387939453125,2.5333919525146484,0.7855329513549805,True
arabert,T3,T3-m-0097,m,-3.274404764175415,-2.4894535541534424,-2.67081618309021,False
arabert,T3,T3-m-0098,m,-1.8830623626708984,1.7563385963439941,-0.8883295059204102,False
arabert,T3,T3-m-0099,m,-1.1903352737426758,3.503909111022949,-1.0676374435424805,False
arabert,T3,T3-m-0100,m,-0.9195456504821777,1.827040195465088,-1.76945161819458,False
arabert,T3,T3-m-0101,m,0.2350616455078125,3.4962453842163086,0.8402490615844727,True
arabert,T3,T3-m-0102,m,0.9500422477722168,2.7637252807617188,0.27507591247558594,True
arabert,T3,T3-m-0103,m,1.1917896270751953,4.591858863830566,1.7626285552978516,True
arabert,T3,T3-m-0104,m,0.5432510375976562,3.2513928413391113,-0.6016674041748047,True
arabert,T3,T3-m-0105,m,1.2756538391113281,4.050101280212402,1.3512134552001953,True
arabert,T3,T3-m-0106,m,-3.19498348236084,1.6098718643188477,-1.6283836364746094,False
arabert,T3,T3-m-0107,m,-0.35840654373168945,2.7368345260620117,0.5129599571228027,False
arabert,T3,T3-m-0108,m,0.11600780487060547,5.479312896728516,-0.3605818748474121,True
arabert,T3,T3-m-0109,m,0.6733837127685547,3.7923011779785156,0.32741832733154297,True
arabert,T3,T3-m-0110,m,-1.1070237159729004,-0.8786864280700684,-1.4239387512207031,False
arabert,T3,T3-m-0111,m,-2.338571071624756,-1.289825201034546,-2.207710027694702,False
arabert,T3,T3-m-0112,m,-1.32686185836792,2.262531280517578,0.8425893783569336,False
arabert,T3,T3-m-0113,m,1.6198525428771973,3.98055362701416,0.9060297012329102,True
arabert,T3,T3-m-0114,m,0.480316162109375,3.061418294906616,0.04197835922241211,True
arabert,T3,T3-m-0115,m,-1.2792987823486328,1.8058280944824219,-1.0307989120483398,False
arabert,T3,T3-m-0116,m,-1.9159026145935059,2.134054183959961,-0.9933667182922363,False
arabert,T3,T3-m-0117,m,-0.29983997344970703,2.6847457885742188,0.4618072509765625,False
arabert,T3,T3-m-0118,m,1.502187728881836,3.175766944885254,1.3185839653015137,True
arabert,T3,T3-m-0119,m,-1.1573877334594727,1.0163507461547852,-0.4456348419189453,False
arabert,T3,T3-m-0120,m,-1.065190315246582,4.036029815673828,-0.5898313522338867,False
arabert,T3,T3-m-0121,m,-1.5620732307434082,1.5301055908203125,-3.2987327575683594,False
arabert,T3,T3-m-0122,m,-2.176821231842041,-0.3261769711971283,-2.1335103511810303,False
arabert,T3,T3-m-0123,m,-4.5479736328125,-4.079916000366211,-4.631167888641357,False
arabert,T3,T3-m-0124,m,-0.7213478088378906,4.589812278747559,-1.4808473587036133,False
arabert,T3,T3-m-0125,m,-2.4324352741241455,-1.0060598850250244,-2.1340837478637695,False
arabert,T3,T3-m-0126,m,0.6430635452270508,4.390047550201416,2.6192588806152344,True
arabert,T3,T3-m-0127,m,-3.549522638320923,2.264008045196533,-2.7657384872436523,False
arabert,T3,T3-m-0128,m,-1.641700267791748,0.5615711212158203,-2.064516544342041,False
arabert,T3,T3-m-0129,m,-0.3722991943359375,3.1399269104003906,-1.0132575035095215,False
arabert,T3,T3-m-0130,m,0.8536701202392578,3.273322582244873,0.5810832977294922,True
arabert,T3,T3-m-0131,m,0.03337383270263672,3.00118350982666,2.7044191360473633,True
arabert,T3,T3-m-0132,m,-1.638127326965332,1.8754091262817383,-1.7603979110717773,False
arabert,T3,T3-m-0133,m,0.21930599212646484,3.995438575744629,0.4956226348876953,True
arabert,T3,T3-m-0134,m,0.450681209564209,3.0364933013916016,0.58514404296875,True
arabert,T3,T3-m-0135,m,-1.6330170631408691,3.7037272453308105,-1.4898161888122559,False
arabert,T3,T3-m-0136,m,-1.9148674011230469,1.817133903503418,-1.88523530960083,False
arabert,T3,T3-m-0137,m,-0.3769536018371582,3.2292213439941406,0.08259153366088867,False
arabert,T3,T3-m-0138,m,1.429677963256836,4.955665111541748,0.79547119140625,True
arabert,T3,T3-m-0139,m,-0.7579526901245117,3.056269645690918,-0.7103109359741211,False
arabert,T3,T3-m-0140,m,1.5045719146728516,3.172201633453369,1.2180333137512207,True
arabert,T3,T3-m-0141,m,-2.1683597564697266,0.25287914276123047,-1.4041624069213867,False
arabert,T3,T3-m-0142,m,-0.061980247497558594,3.2729129791259766,-0.6425008773803711,False
arabert,T3,T3-m-0143,m,-2.229193687438965,2.2942557334899902,0.30536794662475586,False
arabert,T3,T3-m-0144,m,1.0056180953979492,3.4907846450805664,0.36363983154296875,True
arabert,T3,T3-m-0145,m,-0.09988069534301758,2.4789047241210938,-0.4891781806945801,False
arabert,T3,T3-m-0146,m,-0.02846813201904297,3.3393068313598633,0.9440984725952148,False
arabert,T3,T3-m-0147,m,0.06115531921386719,1.881601333618164,0.2549400329589844,True
arabert,T3,T3-m-0148,m,-0.5585265159606934,3.4634852409362793,-1.3841781616210938,False
arabert,T3,T3-m-0149,m,2.107893943786621,3.3412652015686035,1.7348241806030273,True
arabert,T3,T3-m-0150,m,0.2859320640563965,2.7629284858703613,1.0456156730651855,True
arabert,T3,T3-m-0151,m,-2.0934219360351562,3.1444778442382812,-0.9904041290283203,False
arabert,T3,T3-m-0152,m,-3.195930004119873,-1.4559741020202637,-3.46954083442688,False
arabert,T3,T3-m-0153,m,-1.030665397644043,-0.2614173889160156,-0.8664407730102539,False
arabert,T3,T3-m-0154,m,-1.1914024353027344,3.8022637367248535,-2.429751396179199,False
arabert,T3,T3-m-0155,m,-2.830472469329834,-1.887007236480713,-3.2434473037719727,False
arabert,T3,T3-m-0156,m,-0.7853641510009766,3.3807497024536133,1.1421966552734375,False
arabert,T3,T3-m-0157,m,-2.8520169258117676,0.21364545822143555,-1.9710743427276611,False
arabert,T3,T3-m-0158,m,-0.4512968063354492,3.057431221008301,-0.2617626190185547,False
arabert,T3,T3-m-0159,m,1.4014463424682617,4.448826789855957,0.7038030624389648,True
arabert,T3,T3-m-0160,m,-0.5451889038085938,2.6618051528930664,-0.12766265869140625,False
arabert,T3,T3-m-0161,m,-1.8883581161499023,4.580585479736328,-0.8125052452087402,False
arabert,T3,T3-m-0162,m,0.3386068344116211,2.893744468688965,0.348175048828125,True
arabert,T3,T3-m-0163,m,0.706364631652832,3.752751588821411,0.32733154296875,True
arabert,T3,T3-m-0164,m,1.9550385475158691,3.936082124710083,1.355295181274414,True
arabert,T3,T3-m-0165,m,-1.0527667999267578,1.8496465682983398,-0.5760002136230469,False
arabert,T3,T3-m-0166,m,-1.2669410705566406,1.0739011764526367,-0.6589384078979492,False
arabert,T3,T3-m-0167,m,-1.8292713165283203,2.636427879333496,-1.1249399185180664,False
arabert,T3,T3-m-0168,m,-0.07401657104492188,4.632420539855957,2.442718505859375,False
arabert,T3,T3-m-0169,m,0.6917738914489746,3.4471354484558105,0.8690309524536133,True
arabert,T3,T3-m-0170,m,-2.2338104248046875,2.338846206665039,-0.6934394836425781,False
arabert,T3,T3-m-0171,m,-1.4788827896118164,2.958245277404785,-1.1983146667480469,False
arabert,T3,T3-m-0172,m,-3.72200345993042,1.7010669708251953,0.731968879699707,False
arabert,T3,T3-m-0173,m,-0.6617193222045898,1.5076665878295898,-0.6775178909301758,False
arabert,T3,T3-m-0174,m,-1.2271137237548828,2.612445831298828,-1.0919713973999023,False
arabert,T3,T3-m-0175,m,-2.5262227058410645,0.8485970497131348,-2.2114675045013428,False
arabert,T3,T3-m-0176,m,0.7519872188568115,3.4121053218841553,2.890958070755005,True
arabert,T3,T3-m-0177,m,0.7183246612548828,3.7621045112609863,1.3765029907226562,True
arabert,T3,T3-m-0178,m,0.0444793701171875,2.604485034942627,-0.28210973739624023,True
arabert,T3,T3-m-0179,m,-1.179025650024414,1.465022087097168,-1.4293527603149414,False
arabert,T3,T3-m-0180,m,0.5847415924072266,3.7159605026245117,0.30410003662109375,True
arabert,T3,T3-m-0181,m,0.893852710723877,3.045686721801758,0.20057249069213867,True
arabert,T3,T3-m-0182,m,-1.7646312713623047,0.26413536071777344,-1.1991090774536133,False
arabert,T3,T3-m-0183,m,-1.8926820755004883,2.0085535049438477,-0.4543333053588867,False
arabert,T3,T3-m-0184,m,-1.547414779663086,2.7265214920043945,-1.2543115615844727,False
arabert,T3,T3-m-0185,m,-2.7501821517944336,-1.6918511390686035,-2.6164016723632812,False
arabert,T3,T3-m-0186,m,-1.7006378173828125,2.9274063110351562,-0.22603702545166016,False
arabert,T3,T3-m-0187,m,-0.5987453460693359,0.30126380920410156,-0.8551244735717773,False
arabert,T3,T3-m-0188,m,-2.0132360458374023,1.8838233947753906,-1.0327653884887695,False
arabert,T3,T3-m-0189,m,1.4481091499328613,4.6165618896484375,1.724665641784668,True
arabert,T3,T3-m-0190,m,0.5328493118286133,4.963011741638184,0.3760700225830078,True
arabert,T3,T3-m-0191,m,-1.7904348373413086,2.997494697570801,2.5441012382507324,False
arabert,T3,T3-m-0192,m,-1.9331769943237305,3.8903870582580566,-1.4247512817382812,False
arabert,T3,T3-m-0193,m,2.227468490600586,3.7517995834350586,2.6619744300842285,True
arabert,T3,T3-m-0194,m,0.5581455230712891,3.4105048179626465,0.48563671112060547,True
arabert,T3,T3-m-0195,m,-1.2368040084838867,3.3871536254882812,1.0586528778076172,False
arabert,T3,T3-m-0196,m,-3.468852996826172,2.7614030838012695,-1.7100982666015625,False
arabert,T3,T3-m-0197,m,0.9570326805114746,3.0485332012176514,0.7354493141174316,True
arabert,T3,T3-m-0198,m,-0.46097230911254883,2.817192554473877,-1.2066621780395508,False
arabert,T3,T3-m-0199,m,-0.19309616088867188,4.021319389343262,0.17768573760986328,False
arabert,T3,T3-m-0200,m,-2.709085464477539,3.5836944580078125,0.03579902648925781,False
arabert,T3,T3-m-0201,m,-0.22021770477294922,2.3655571937561035,-1.6201505661010742,False
arabert,T3,T3-m-0202,m,0.19057846069335938,3.6549129486083984,1.2706575393676758,True
arabert,T3,T3-m-0203,m,-0.09243583679199219,4.177701950073242,-0.31046485900878906,False
arabert,T3,T3-m-0204,m,-0.6484470367431641,3.1313352584838867,-0.02241802215576172,False
arabert,T3,T3-m-0205,m,0.2945404052734375,1.9738149642944336,-1.613743782043457,True
arabert,T3,T3-m-0206,m,-1.210291862487793,4.749354362487793,2.5646677017211914,False
arabert,T3,T3-m-0207,m,-0.051140785217285156,-0.26277923583984375,-0.13389825820922852,False
arabert,T3,T3-m-0208,m,-2.148864269256592,3.2047624588012695,-1.5677123069763184,False
arabert,T3,T3-m-0209,m,1.8034887313842773,4.375748634338379,1.2660417556762695,True
arabert,T3,T3-m-0210,m,-0.45259666442871094,2.2306928634643555,0.8308811187744141,False
arabert,T3,T3-m-0211,m,-0.7431840896606445,4.4622483253479,-0.3570098876953125,False
arabert,T3,T3-m-0212,m,-2.6089401245117188,0.7852783203125,-2.1441173553466797,False
arabert,T3,T3-m-0213,m,0.11545181274414062,4.1552653312683105,2.6759376525878906,True
arabert,T3,T3-m-0214,m,0.5470657348632812,3.331319808959961,0.7257099151611328,True
arabert,T3,T3-m-0215,m,-2.629301071166992,0.26367759704589844,-1.3159666061401367,False
arabert,T3,T3-m-0216,m,-0.7074756622314453,2.453396797180176,0.06659126281738281,False
arabert,T3,T3-m-0217,m,0.7190303802490234,4.172116279602051,0.9684505462646484,True
arabert,T3,T3-m-0218,m,-2.20304012298584,1.554281234741211,-0.15000629425048828,False
arabert,T3,T3-m-0219,m,1.7777104377746582,4.2134690284729,1.3990397453308105,True
arabert,T3,T3-m-0220,m,-0.376678466796875,4.121218204498291,0.9499931335449219,False
arabert,T3,T3-m-0221,m,0.2974281311035156,2.925442934036255,0.1032872200012207,True
arabert,T3,T3-m-0222,m,-2.1312103271484375,4.047935485839844,-0.4751567840576172,False
arabert,T3,T3-m-0223,m,-2.547821521759033,2.3689355850219727,-2.336977958679199,False
arabert,T3,T3-m-0224,m,-0.9329280853271484,4.047412872314453,-0.3166961669921875,False
arabert,T3,T3-m-0225,m,-1.2840242385864258,4.549508094787598,2.970982074737549,False
arabert,T3,T3-m-0226,m,3.4771151542663574,5.101280689239502,2.3945178985595703,True
arabert,T3,T3-m-0227,m,0.7771539688110352,3.6869678497314453,0.6083650588989258,True
arabert,T3,T3-m-0228,m,0.8470363616943359,4.471184253692627,3.0706887245178223,True
arabert,T3,T3-m-0229,m,-1.3667268753051758,2.001941680908203,-2.123772621154785,False
arabert,T3,T3-m-0230,m,0.4778928756713867,4.7741923332214355,1.2335233688354492,True
arabert,T3,T3-m-0231,m,-3.401488780975342,2.2802085876464844,-1.4368267059326172,False
arabert,T3,T3-m-0232,m,2.34818696975708,4.886928558349609,1.7511539459228516,True
arabert,T3,T3-m-0233,m,1.3047575950622559,3.6456079483032227,1.3497262001037598,True
arabert,T3,T3-m-0234,m,-3.2326602935791016,0.9206385612487793,-0.37119340896606445,False
arabert,T3,T3-m-0235,m,2.0832462310791016,4.429184913635254,2.3860702514648438,True
arabert,T3,T3-m-0236,m,-0.38486480712890625,3.7528176307678223,2.987776756286621,False
arabert,T3,T3-m-0237,m,-0.9592251777648926,3.8515267372131348,2.8581910133361816,False
arabert,T3,T3-m-0238,m,-0.8415660858154297,4.034763336181641,-2.4092588424682617,False
arabert,T3,T3-m-0239,m,-0.37777137756347656,4.203078746795654,-1.1953754425048828,False
arabert,T3,T3-m-0240,m,-2.276704788208008,-0.8347158432006836,-1.8490753173828125,False
arabert,T3,T3-m-0241,m,0.22764158248901367,2.955212116241455,0.5081267356872559,True
arabert,T3,T3-m-0242,m,-1.797743797302246,3.056582450866699,-0.9673242568969727,False
arabert,T3,T3-m-0243,m,-0.4764089584350586,4.977250576019287,0.2057971954345703,False
arabert,T3,T3-m-0244,m,-1.5908145904541016,2.1505937576293945,-1.2722492218017578,False
arabert,T3,T3-m-0245,m,1.1423006057739258,2.763535737991333,1.228257417678833,True
arabert,T3,T3-m-0246,m,-3.1657114028930664,0.33117103576660156,-1.9116859436035156,False
arabert,T3,T3-m-0247,m,-0.2866387367248535,2.7758612632751465,0.016331195831298828,False
arabert,T3,T3-m-0248,m,-0.10596752166748047,3.6358699798583984,-0.3004789352416992,False
arabert,T3,T3-m-0249,m,-2.8366079330444336,1.4283256530761719,-1.9406003952026367,False
arabert,T3,T3-m-0250,m,0.10639476776123047,2.6554932594299316,-0.05481719970703125,True
arabert,T3,T3-m-0251,m,-1.1809358596801758,1.5824322700500488,-0.7952475547790527,False
arabert,T3,T3-m-0252,m,-3.419132947921753,-2.2812962532043457,-4.035957336425781,False
arabert,T3,T3-m-0253,m,-0.3316335678100586,3.2866458892822266,1.9126405715942383,False
arabert,T3,T3-m-0254,m,-1.5150384902954102,0.4838705062866211,-0.5714554786682129,False
arabert,T3,T3-m-0255,m,-2.014341354370117,4.149057388305664,-2.082575798034668,False
arabert,T3,T3-m-0256,m,2.3347373008728027,3.7423667907714844,2.0043740272521973,True
arabert,T3,T3-m-0257,m,-0.030196189880371094,3.8414974212646484,0.5465536117553711,False
arabert,T3,T3-m-0258,m,-1.0716133117675781,2.923854351043701,-0.28211307525634766,False
arabert,T3,T3-m-0259,m,-2.278074264526367,2.28125,-1.9043207168579102,False
arabert,T3,T3-m-0260,m,-0.10784006118774414,3.9612174034118652,-0.28609180450439453,False
arabert,T3,T3-m-0261,m,-0.7903928756713867,4.2363386154174805,-0.589508056640625,False
arabert,T3,T3-m-0262,m,1.0650749206542969,3.299406051635742,0.2732267379760742,True
arabert,T3,T3-m-0263,m,-0.9086360931396484,5.036952972412109,-0.8563432693481445,False
arabert,T3,T3-m-0264,m,-2.029923439025879,3.5041584968566895,3.7019686698913574,False
arabert,T3,T3-m-0265,m,-2.76809024810791,2.9407501220703125,-1.3732728958129883,False
arabert,T3,T3-m-0266,m,-0.24725055694580078,2.459526538848877,-0.5485901832580566,False
arabert,T3,T3-m-0267,m,-2.8932971954345703,3.042234420776367,2.142685890197754,False
arabert,T3,T3-m-0268,m,0.014077186584472656,3.1901140213012695,1.219879150390625,True
arabert,T3,T3-m-0269,m,0.28970909118652344,3.269951820373535,2.75,True
arabert,T3,T3-m-0270,m,1.1043920516967773,3.459794044494629,0.8695297241210938,True
arabert,T3,T3-m-0271,m,-2.449528694152832,-0.8589529991149902,-2.7723283767700195,False
arabert,T3,T3-m-0272,m,4.65498161315918,5.624249458312988,3.4574356079101562,True
arabert,T3,T3-m-0273,m,-0.22281455993652344,1.7639188766479492,-1.0115327835083008,False
arabert,T3,T3-m-0274,m,-1.4966497421264648,1.2241120338439941,-1.2542166709899902,False
arabert,T3,T3-m-0275,m,0.8118185997009277,3.3093104362487793,-0.07491350173950195,True
arabert,T3,T3-m-0276,m,0.7129735946655273,4.710241317749023,0.13683319091796875,True
arabert,T3,T3-m-0277,m,0.5403189659118652,3.000131130218506,0.7353324890136719,True
arabert,T3,T3-m-0278,m,0.30637550354003906,4.197779178619385,0.5928764343261719,True
arabert,T3,T3-m-0279,m,0.020736217498779297,5.253733158111572,-0.16267776489257812,True
arabert,T3,T3-m-0280,m,0.5781497955322266,2.17370867729187,1.3158631324768066,True
arabert,T3,T3-m-0281,m,1.6076207160949707,4.393858432769775,0.3359665870666504,True
arabert,T3,T3-m-0282,m,0.9974141120910645,4.381939888000488,0.7113327980041504,True
arabert,T3,T3-m-0283,m,-3.8133034706115723,-1.9530000686645508,-3.4182186126708984,False
arabert,T3,T3-m-0284,m,0.7413425445556641,4.2484283447265625,1.0825810432434082,True
arabert,T3,T3-m-0285,m,-3.8785133361816406,-1.831387996673584,-3.2421464920043945,False
arabert,T3,T3-m-0286,m,-0.13365459442138672,3.5138988494873047,-0.8709192276000977,False
arabert,T3,T3-m-0287,m,-0.9246916770935059,3.902073383331299,2.5349478721618652,False
arabert,T3,T3-m-0288,m,-1.589035987854004,2.3119544982910156,-1.1583547592163086,False
arabert,T3,T3-m-0289,m,-1.1945834159851074,3.322526454925537,-1.2061686515808105,False
arabert,T3,T3-m-0290,m,0.7729935646057129,3.368043899536133,0.8465418815612793,True
arabert,T3,T3-m-0291,m,0.7647814750671387,2.896787166595459,1.7407336235046387,True
arabert,T3,T3-m-0292,m,-0.9626398086547852,3.2866783142089844,-1.015176773071289,False
arabert,T3,T3-m-0293,m,-1.822127103805542,-0.8058677911758423,-1.5650694370269775,False
arabert,T3,T3-m-0294,m,-0.8286905288696289,4.155511856079102,-0.18907594680786133,False
arabert,T3,T3-m-0295,m,-2.3584823608398438,2.6193323135375977,-0.6127185821533203,False
arabert,T3,T3-m-0296,m,-2.6958580017089844,0.7211236953735352,-2.2601733207702637,False
arabert,T3,T3-m-0297,m,1.7548942565917969,3.439894676208496,1.0219264030456543,True
arabert,T3,T3-m-0298,m,0.650848388671875,4.0947747230529785,0.9226322174072266,True
arabert,T3,T3-m-0299,m,0.4328479766845703,4.049905776977539,-0.14133834838867188,True
arabert,T3,T3-m-0300,m,-1.6081962585449219,3.778446674346924,3.1242198944091797,False
arabert,T3,T3-m-0301,m,-0.009447097778320312,3.757600784301758,4.557212829589844,False
arabert,T3,T3-m-0302,m,0.2389202117919922,5.0872344970703125,0.19061946868896484,True
arabert,T3,T3-m-0303,m,-0.5968532562255859,2.701117992401123,-0.7196879386901855,False
arabert,T3,T3-m-0304,m,2.3598413467407227,3.933749198913574,0.7286343574523926,True
arabert,T3,T3-m-0305,m,-4.472542762756348,-2.8289475440979004,-1.1981844902038574,False
arabert,T3,T3-m-0306,m,-1.6989431381225586,2.0847606658935547,-1.1477937698364258,False
arabert,T3,T3-m-0307,m,-0.33170127868652344,4.184349060058594,-0.5409946441650391,False
arabert,T3,T3-m-0308,m,-1.8979887962341309,3.182255744934082,-2.295936107635498,False
arabert,T3,T3-m-0309,m,-0.8433341979980469,3.280580520629883,-1.2545709609985352,False
arabert,T3,T3-m-0310,m,-1.3666296005249023,1.0630097389221191,-1.6041040420532227,False
arabert,T3,T3-m-0311,m,-4.277714729309082,-2.915421962738037,-4.051067352294922,False
arabert,T3,T3-m-0312,m,-1.0701918601989746,3.471529960632324,-1.5653667449951172,False
arabert,T3,T3-m-0313,m,-0.8191423416137695,3.8512096405029297,-1.076075553894043,False
arabert,T3,T3-m-0314,m,-0.5916657447814941,0.37339258193969727,0.16878557205200195,False
arabert,T3,T3-m-0315,m,-0.8202962875366211,2.2680130004882812,0.33300209045410156,False
arabert,T3,T3-m-0316,m,-1.1456260681152344,3.8938655853271484,2.7239246368408203,False
arabert,T3,T3-m-0317,m,-1.9814586639404297,2.3955788612365723,-1.1463427543640137,False
arabert,T3,T3-m-0318,m,1.310140609741211,4.39566707611084,0.263704776763916,True
arabert,T3,T3-m-0319,m,0.9782686233520508,1.14768648147583,0.36388254165649414,True
arabert,T3,T3-m-0320,m,-0.5957937240600586,2.515249252319336,-0.6165857315063477,False
arabert,T3,T3-m-0321,m,-1.0068683624267578,2.1566781997680664,-0.7633867263793945,False
arabert,T3,T3-m-0322,m,-0.7757806777954102,1.9281587600708008,-1.0750923156738281,False
arabert,T3,T3-m-0323,m,-2.7807788848876953,2.740673542022705,-2.609605312347412,False
arabert,T3,T3-m-0324,m,-2.420332908630371,2.6169090270996094,-2.6503076553344727,False
arabert,T3,T3-m-0325,m,0.9850854873657227,5.073779582977295,2.854116916656494,True
arabert,T3,T3-m-0326,m,-0.30361413955688477,2.957474708557129,-0.8559350967407227,False
arabert,T3,T3-m-0327,m,2.2864878177642822,2.8051464557647705,2.5581202507019043,True
arabert,T3,T3-m-0328,m,0.5502843856811523,4.456150054931641,0.28420209884643555,True
arabert,T3,T3-m-0329,m,-2.2435336112976074,3.0492420196533203,-0.9324393272399902,False
arabert,T3,T3-m-0330,m,-0.11888694763183594,2.992671012878418,0.8242239952087402,False
arabert,T3,T3-m-0331,m,-2.9412341117858887,2.1254639625549316,-3.2544617652893066,False
arabert,T3,T3-m-0332,m,-0.1861710548400879,2.029845714569092,-0.03444671630859375,False
arabert,T3,T3-m-0333,m,-2.6069746017456055,0.9913482666015625,-2.3224925994873047,False
arabert,T3,T3-m-0334,m,-1.1370134353637695,4.428770542144775,4.610095024108887,False
arabert,T3,T3-m-0335,m,-0.2358531951904297,3.7292885780334473,-0.5997376441955566,False
arabert,T3,T3-m-0336,m,-1.665837287902832,2.49080228805542,-1.2058911323547363,False
arabert,T3,T3-m-0337,m,-1.6763114929199219,3.1651430130004883,-2.61057186126709,False
arabert,T3,T3-m-0338,m,-1.024338722229004,2.0767908096313477,1.5490331649780273,False
arabert,T3,T3-m-0339,m,0.8383350372314453,4.911149978637695,1.0581855773925781,True
arabert,T3,T3-m-0340,m,0.7202897071838379,2.8734874725341797,1.3748326301574707,True
arabert,T3,T3-m-0341,m,-2.5344228744506836,3.113931179046631,-3.4150257110595703,False
arabert,T3,T3-m-0342,m,0.16759967803955078,3.5741443634033203,1.0073461532592773,True
arabert,T3,T3-m-0343,m,-0.5172672271728516,3.43399715423584,-1.6297311782836914,False
arabert,T3,T3-m-0344,m,-0.995488166809082,0.35260772705078125,1.0658559799194336,False
arabert,T3,T3-m-0345,m,1.1600217819213867,3.3576557636260986,1.8437445163726807,True
arabert,T3,T3-m-0346,m,-0.4177227020263672,3.477891445159912,-0.5212020874023438,False
arabert,T3,T3-m-0347,m,-1.6048002243041992,0.851201057434082,-2.8605432510375977,False
arabert,T3,T3-m-0348,m,-2.8669304847717285,2.686300277709961,0.2829923629760742,False
arabert,T3,T3-m-0349,m,1.7481613159179688,5.165236473083496,1.0901851654052734,True
arabert,T3,T3-m-0350,m,-1.9554710388183594,0.053470611572265625,-2.4610071182250977,False
arabert,T3,T3-m-0351,m,-0.39412736892700195,3.2118844985961914,-0.6709284782409668,False
arabert,T3,T3-m-0352,m,-2.2553791999816895,-0.4539809226989746,-1.7513842582702637,False
arabert,T3,T3-m-0353,m,-0.11201238632202148,1.8865976333618164,-0.14495468139648438,False
arabert,T3,T3-m-0354,m,0.5610475540161133,2.3992676734924316,0.05727338790893555,True
arabert,T3,T3-m-0355,m,-2.7853565216064453,2.865844249725342,-1.8661322593688965,False
arabert,T3,T3-m-0356,m,-2.075512170791626,3.7690529823303223,-1.6690831184387207,False
arabert,T3,T3-m-0357,m,0.7833333015441895,2.7730698585510254,0.9566788673400879,True
arabert,T3,T3-m-0358,m,0.06408500671386719,3.2968640327453613,-0.19759845733642578,True
arabert,T3,T3-m-0359,m,-0.7974414825439453,1.9063286781311035,-1.5323505401611328,False
arabert,T3,T3-m-0360,m,1.131779670715332,5.224056720733643,2.704986572265625,True
arabert,T3,T3-m-0361,m,0.9290127754211426,2.0247950553894043,-0.0011343955993652344,True
arabert,T3,T3-m-0362,m,-1.5559005737304688,2.8780765533447266,-1.0576810836791992,False
arabert,T3,T3-m-0363,m,-2.942268133163452,-2.061932325363159,-3.520564317703247,False
arabert,T3,T3-m-0364,m,-0.5122017860412598,2.831918716430664,-0.46672725677490234,False
arabert,T3,T3-m-0365,m,-1.6818742752075195,4.285778999328613,-1.8828258514404297,False
arabert,T3,T3-m-0366,m,-2.9674601554870605,-2.241032600402832,-3.211113929748535,False
arabert,T3,T3-m-0367,m,0.15469026565551758,2.415689468383789,-0.1273026466369629,True
arabert,T3,T3-m-0368,m,0.32885169982910156,3.64202880859375,1.6218137741088867,True
arabert,T3,T3-m-0369,m,-2.3521289825439453,4.294958591461182,-0.4502086639404297,False
arabert,T3,T3-m-0370,m,0.4942789077758789,3.3673887252807617,-0.2404947280883789,True
arabert,T3,T3-m-0371,m,-3.0041112899780273,-2.2433862686157227,-2.4605560302734375,False
arabert,T3,T3-m-0372,m,1.5468873977661133,3.184788703918457,0.5988788604736328,True
arabert,T3,T3-m-0373,m,-2.1729469299316406,3.8473644256591797,-1.7891101837158203,False
arabert,T3,T3-m-0374,m,0.062046051025390625,5.0172600746154785,1.1041207313537598,True
arabert,T3,T3-m-0375,m,1.5781402587890625,4.9132080078125,0.8996152877807617,True
arabert,T3,T3-m-0376,m,1.464036464691162,2.2463064193725586,1.4278416633605957,True
arabert,T3,T3-m-0377,m,-1.8558244705200195,2.223629951477051,-1.3973140716552734,False
arabert,T3,T3-m-0378,m,1.392521858215332,5.035567283630371,2.1348142623901367,True
arabert,T3,T3-m-0379,m,-0.6699533462524414,-0.06988191604614258,-1.134347915649414,False
arabert,T3,T3-m-0380,m,-0.6111805438995361,2.1424877643585205,-0.653510332107544,False
arabert,T3,T3-m-0381,m,1.4636609554290771,3.060413360595703,0.9724550247192383,True
arabert,T3,T3-m-0382,m,-2.121236801147461,-1.7204694747924805,-1.822627067565918,False
arabert,T3,T3-m-0383,m,-2.084484100341797,4.239101886749268,2.028919219970703,False
arabert,T3,T3-m-0384,m,-2.8610610961914062,-1.1242222785949707,-2.227444648742676,False
arabert,T3,T3-m-0385,m,-1.052779197692871,1.6557388305664062,0.302978515625,False
arabert,T3,T3-m-0386,m,-2.3244853019714355,-1.5142457485198975,-2.6957590579986572,False
arabert,T3,T3-m-0387,m,-1.4521942138671875,3.5841588973999023,-0.8658504486083984,False
arabert,T3,T3-m-0388,m,-0.3176264762878418,2.0619521141052246,-0.35613250732421875,False
arabert,T3,T3-m-0389,m,0.5062592029571533,2.486140012741089,0.762371301651001,True
arabert,T3,T3-m-0390,m,0.685124397277832,2.6449031829833984,0.45208263397216797,True
arabert,T3,T3-m-0391,m,-3.202958106994629,1.7307915687561035,-1.7464017868041992,False
arabert,T3,T3-m-0392,m,1.201624870300293,3.589297294616699,1.370506763458252,True
arabert,T3,T3-m-0393,m,-1.319798469543457,4.208571434020996,-0.9665594100952148,False
arabert,T3,T3-m-0394,m,-1.5942440032958984,4.387824058532715,4.078281402587891,False
arabert,T3,T3-m-0395,m,-2.8367090225219727,2.0789713859558105,-3.0299835205078125,False
arabert,T3,T3-m-0396,m,0.10860538482666016,2.877873420715332,1.1390466690063477,True
arabert,T3,T3-m-0397,m,-1.428056240081787,1.6743083000183105,-1.8491787910461426,False
arabert,T3,T3-m-0398,m,0.08315896987915039,3.788224220275879,0.4285712242126465,True
arabert,T3,T3-m-0399,m,-0.4700956344604492,2.562940835952759,-0.9381070137023926,False
arabert,T3,T3-m-0400,m,-1.2672557830810547,2.493668556213379,-1.9704689979553223,False
arabert,T3,T3-m-0401,m,0.7194266319274902,3.047569751739502,0.4224586486816406,True
arabert,T3,T3-m-0402,m,-0.36041736602783203,3.849715232849121,0.7232532501220703,False
arabert,T3,T3-m-0403,m,-3.359668731689453,-0.859288215637207,-2.263425827026367,False
arabert,T3,T3-m-0404,m,0.327207088470459,3.601219892501831,0.32245540618896484,True
arabert,T3,T3-m-0405,m,0.29927968978881836,2.9069323539733887,0.435457706451416,True
arabert,T3,T3-m-0406,m,2.6956138610839844,5.022556304931641,2.299862861633301,True
arabert,T3,T3-m-0407,m,-2.122056484222412,3.595613479614258,-1.5521879196166992,False
arabert,T3,T3-m-0408,m,-0.7014608383178711,1.7256269454956055,-0.37503814697265625,False
arabert,T3,T3-m-0409,m,-1.7796802520751953,0.7890462875366211,-1.399545669555664,False
arabert,T3,T3-m-0410,m,-0.3201713562011719,4.087701797485352,-1.5985097885131836,False
arabert,T3,T3-m-0411,m,-3.062441110610962,-2.714489698410034,-2.860783338546753,False
arabert,T3,T3-m-0412,m,0.5647015571594238,2.9112963676452637,1.1044344902038574,True
arabert,T3,T3-m-0413,m,0.6418499946594238,2.8570446968078613,0.9108219146728516,True
arabert,T3,T3-m-0414,m,-2.984315872192383,0.18402671813964844,-2.789048194885254,False
arabert,T3,T3-m-0415,m,-2.0256781578063965,-0.8594445586204529,-2.18223237991333,False
arabert,T3,T3-m-0416,m,-0.993105411529541,0.18935441970825195,-0.7807550430297852,False
arabert,T3,T3-m-0417,m,-1.1581306457519531,2.1681785583496094,-1.2269420623779297,False
arabert,T3,T3-m-0418,m,-1.010798454284668,2.8520727157592773,-0.07896137237548828,False
arabert,T3,T3-m-0419,m,0.25751209259033203,3.1930036544799805,0.1427173614501953,True
arabert,T3,T3-m-0420,m,-1.415095329284668,4.949014663696289,-1.2308216094970703,False
arabert,T3,T3-m-0421,m,-2.643768310546875,-1.5887725353240967,-2.747147798538208,False
arabert,T3,T3-m-0422,m,-1.0132865905761719,2.2466368675231934,-0.45538330078125,False
arabert,T3,T3-m-0423,m,0.9066686630249023,3.7024669647216797,0.8446612358093262,True
arabert,T3,T3-m-0424,m,-1.257308006286621,0.976719856262207,1.024623155593872,False
arabert,T3,T3-m-0425,m,0.9829187393188477,3.1544666290283203,-0.21350955963134766,True
arabert,T3,T3-m-0426,m,-1.5037221908569336,2.198397159576416,-1.579636573791504,False
arabert,T3,T3-m-0427,m,0.3755474090576172,3.3751301765441895,0.20415830612182617,True
arabert,T3,T3-m-0428,m,-2.2287073135375977,1.72914457321167,0.5479602813720703,False
arabert,T3,T3-m-0429,m,-1.779271125793457,3.494011878967285,-0.9590415954589844,False
arabert,T3,T3-m-0430,m,-1.1370782852172852,2.9927196502685547,1.0467958450317383,False
arabert,T3,T3-m-0431,m,1.026498794555664,3.709705352783203,1.8328838348388672,True
arabert,T3,T3-m-0432,m,0.7818498611450195,3.4146032333374023,0.2113046646118164,True
arabert,T3,T3-m-0433,m,-0.3184623718261719,2.995884418487549,-0.26410770416259766,False
arabert,T3,T3-m-0434,m,-2.132218360900879,3.02028751373291,-2.9369587898254395,False
arabert,T3,T3-m-0435,m,-2.768054962158203,3.564243793487549,-0.23913860321044922,False
arabert,T3,T3-m-0436,m,-0.2430896759033203,0.6690382957458496,0.37732648849487305,False
arabert,T3,T3-m-0437,m,-0.9526748657226562,2.4962568283081055,-0.7547998428344727,False
arabert,T3,T3-m-0438,m,-0.24820804595947266,4.053825855255127,0.39212512969970703,False
arabert,T3,T3-m-0439,m,-0.48360157012939453,3.541924476623535,-0.6779804229736328,False
arabert,T3,T3-m-0440,m,-0.9107542037963867,4.275893211364746,-2.0141472816467285,False
arabert,T3,T3-m-0441,m,1.194291114807129,3.676520347595215,1.4380979537963867,True
arabert,T3,T3-m-0442,m,-3.912875175476074,0.7415485382080078,-2.3813352584838867,False
arabert,T3,T3-m-0443,m,0.03902721405029297,3.5699353218078613,0.406557559967041,True
arabert,T3,T3-m-0444,m,-1.9775333404541016,2.7535057067871094,1.522883415222168,False
arabert,T3,T3-m-0445,m,2.021021842956543,1.744318962097168,1.412968635559082,True
arabert,T3,T3-m-0446,m,-0.41222381591796875,3.304502010345459,0.38954830169677734,False
arabert,T3,T3-m-0447,m,1.902608871459961,4.404899597167969,2.009317398071289,True
arabert,T3,T3-m-0448,m,0.5557012557983398,1.4923992156982422,2.629261016845703,True
arabert,T3,T3-m-0449,m,-1.0303378105163574,2.990607976913452,-1.3939566612243652,False
arabert,T3,T3-m-0450,m,-1.6785573959350586,0.8160090446472168,0.17751455307006836,False
arabert,T3,T3-m-0451,m,-2.657878875732422,1.3381996154785156,-1.6571683883666992,False
arabert,T3,T3-m-0452,m,-1.0287165641784668,3.9645938873291016,0.022933483123779297,False
arabert,T3,T3-m-0453,m,-2.9903340339660645,1.4277286529541016,1.066091537475586,False
arabert,T3,T3-m-0454,m,1.0900111198425293,3.824735641479492,0.6526126861572266,True
arabert,T3,T3-m-0455,m,-2.5530881881713867,1.8306884765625,-2.1864089965820312,False
arabert,T3,T3-m-0456,m,1.3132200241088867,4.957912445068359,2.066904067993164,True
arabert,T3,T3-m-0457,m,-2.9041125774383545,1.6252555847167969,-3.0746817588806152,False
arabert,T3,T3-m-0458,m,2.0168535709381104,2.971015453338623,1.6971126794815063,True
arabert,T3,T3-m-0459,m,-2.6291208267211914,2.516444206237793,-1.8910627365112305,False
arabert,T3,T3-m-0460,m,-2.601578712463379,1.1160550117492676,-2.521847724914551,False
arabert,T3,T3-m-0461,m,-1.5242466926574707,2.0857229232788086,0.5631890296936035,False
arabert,T3,T3-m-0462,m,0.20374488830566406,2.4934139251708984,0.46849632263183594,True
arabert,T3,T3-m-0463,m,-0.6854629516601562,3.617537498474121,-0.14014101028442383,False
arabert,T3,T3-m-0464,m,-0.2038593292236328,2.8163986206054688,0.4278087615966797,False
arabert,T3,T3-m-0465,m,-0.4681549072265625,5.13512659072876,4.824723720550537,False
arabert,T3,T3-m-0466,m,-0.7785987854003906,4.956002235412598,-0.9831972122192383,False
arabert,T3,T3-m-0467,m,-2.5974903106689453,0.22112607955932617,-3.2473154067993164,False
arabert,T3,T3-m-0468,m,-0.6340351104736328,1.7604670524597168,-0.7075285911560059,False
arabert,T3,T3-m-0469,m,-1.0414972305297852,3.397866725921631,-0.7064294815063477,False
arabert,T3,T3-m-0470,m,-1.971095085144043,2.2137136459350586,-1.7948312759399414,False
arabert,T3,T3-m-0471,m,1.6551704406738281,4.465269088745117,0.4082484245300293,True
arabert,T3,T3-m-0472,m,-1.4042973518371582,3.2693185806274414,-1.7028508186340332,False
arabert,T3,T3-m-0473,m,0.803377628326416,4.71143913269043,-0.2476968765258789,True
arabert,T3,T3-m-0474,m,-3.147000551223755,-2.588000774383545,-3.3230276107788086,False
arabert,T3,T3-m-0475,m,-2.561856269836426,-1.3333117961883545,-0.5233957767486572,False
arabert,T3,T3-m-0476,m,-1.5068836212158203,2.9916324615478516,-1.5688576698303223,False
arabert,T3,T3-m-0477,m,-2.3698320388793945,0.4291191101074219,-2.219329833984375,False
arabert,T3,T3-m-0478,m,-0.7934608459472656,4.579085826873779,0.11868953704833984,False
arabert,T3,T3-m-0479,m,0.12179183959960938,4.521087646484375,-0.28256702423095703,True
arabert,T3,T3-m-0480,m,0.05899333953857422,3.475296974182129,-1.1440744400024414,True
arabert,T3,T3-m-0481,m,1.8068339824676514,2.893489360809326,1.2017269134521484,True
arabert,T3,T3-m-0482,m,-1.1075081825256348,1.407785415649414,0.5004062652587891,False
arabert,T3,T3-m-0483,m,-1.295353889465332,2.3081626892089844,-0.9164104461669922,False
arabert,T3,T3-m-0484,m,0.37947797775268555,1.7583107948303223,-0.25658416748046875,True
arabert,T3,T3-m-0485,m,0.28966712951660156,2.536252975463867,0.3731575012207031,True
arabert,T3,T3-m-0486,m,-2.347841262817383,-1.4303532838821411,-2.2985808849334717,False
arabert,T3,T3-m-0487,m,-0.3061046600341797,2.0808682441711426,1.1857547760009766,False
arabert,T3,T3-m-0488,m,0.5120859146118164,4.476449012756348,-0.5927271842956543,True
arabert,T3,T3-m-0489,m,-0.6187334060668945,3.6976418495178223,0.10778284072875977,False
arabert,T3,T3-m-0490,m,-0.20135784149169922,4.844245910644531,1.8160419464111328,False
arabert,T3,T3-m-0491,m,-0.9808683395385742,4.640177249908447,-1.132420539855957,False
arabert,T3,T3-m-0492,m,0.5131912231445312,4.807084560394287,1.0465984344482422,True
arabert,T3,T3-m-0493,m,0.5489625930786133,2.5876970291137695,0.0014872550964355469,True
arabert,T3,T3-m-0494,m,0.579319953918457,3.799732208251953,0.0738840103149414,True
arabert,T3,T3-m-0495,m,-0.6636180877685547,4.5821709632873535,-0.7516231536865234,False
arabert,T3,T3-m-0496,m,-2.2802059650421143,-1.5516538619995117,-2.3161120414733887,False
arabert,T3,T3-m-0497,m,-2.052842140197754,2.5236082077026367,-0.34775447845458984,False
arabert,T3,T3-m-0498,m,-0.1789841651916504,3.8840384483337402,0.9476251602172852,False
arabert,T3,T3-m-0499,m,0.7365798950195312,5.234522819519043,1.2748308181762695,True
arabert,T3,T3-m-0500,m,-1.4999265670776367,2.5734949111938477,-1.4732179641723633,False
arabert,T3,T3-m-0501,m,-0.7824916839599609,3.6036996841430664,-1.3880529403686523,False
arabert,T3,T3-m-0502,m,-2.9034223556518555,-1.1819772720336914,0.3580913543701172,False
arabert,T3,T3-m-0503,m,-0.09513092041015625,3.891613483428955,0.061031341552734375,False
arabert,T3,T3-m-0504,m,-0.21452713012695312,3.8702173233032227,-1.2328672409057617,False
arabert,T3,T3-m-0505,m,0.3848886489868164,3.9466800689697266,-0.1104269027709961,True
arabert,T3,T3-m-0506,m,-2.4796829223632812,-1.538647174835205,-3.519923448562622,False
arabert,T3,T3-m-0507,m,1.2080278396606445,3.3252735137939453,0.7356433868408203,True
arabert,T3,T3-m-0508,m,-2.9485740661621094,-0.7468118667602539,-3.295346260070801,False
arabert,T3,T3-m-0509,m,-0.37487125396728516,2.7112627029418945,-0.2865161895751953,False
arabert,T3,T3-m-0510,m,0.3565702438354492,1.6736254692077637,0.3361954689025879,True
arabert,T3,T3-m-0511,m,3.1958208084106445,4.371592998504639,3.9819650650024414,True
arabert,T3,T3-m-0512,m,0.09609413146972656,3.054324150085449,-0.6823568344116211,True
arabert,T3,T3-m-0513,m,0.30253028869628906,3.5411415100097656,-0.06950187683105469,True
arabert,T3,T3-m-0514,m,-1.5931425094604492,3.2220678329467773,1.3133611679077148,False
arabert,T3,T3-m-0515,m,-0.6706113815307617,2.1217408180236816,0.26313352584838867,False
arabert,T3,T3-m-0516,m,0.3590373992919922,3.341548442840576,-0.025640010833740234,True
arabert,T3,T3-m-0517,m,0.46185874938964844,3.458621025085449,0.9207363128662109,True
arabert,T3,T3-m-0518,m,-0.13542413711547852,3.443066120147705,0.41982078552246094,False
arabert,T3,T3-m-0519,m,-0.39780616760253906,3.672701358795166,0.6086950302124023,False
arabert,T3,T3-m-0520,m,0.23647403717041016,3.0348525047302246,1.2753286361694336,True
arabert,T3,T3-m-0521,m,1.1985852718353271,2.9265329837799072,0.036045074462890625,True
arabert,T3,T3-m-0522,m,-1.9204025268554688,3.320765495300293,-1.6613121032714844,False
arabert,T3,T3-m-0523,m,0.9058694839477539,2.7534854412078857,2.829618453979492,True
arabert,T3,T3-m-0524,m,-1.5004825592041016,4.660268306732178,-0.19621562957763672,False
arabert,T3,T3-m-0525,m,1.2451386451721191,3.3676233291625977,-0.7163381576538086,True
arabert,T3,T3-m-0526,m,1.2178974151611328,3.7315673828125,0.757683277130127,True
arabert,T3,T3-m-0527,m,-0.8213081359863281,3.17624568939209,-0.5946979522705078,False
arabert,T3,T3-m-0528,m,-0.3714103698730469,0.8282804489135742,-0.23951196670532227,False
arabert,T3,T3-m-0529,m,0.15612411499023438,2.724173069000244,-0.3515300750732422,True
arabert,T3,T3-m-0530,m,-1.8546714782714844,1.6532020568847656,-0.6621332168579102,False
arabert,T3,T3-m-0531,m,-1.173715591430664,2.9233474731445312,-0.969080924987793,False
arabert,T3,T3-m-0532,m,1.7101712226867676,4.219758987426758,1.1857571601867676,True
arabert,T3,T3-m-0533,m,-0.5165843963623047,4.215859413146973,-0.4630594253540039,False
arabert,T3,T3-m-0534,m,1.0583300590515137,2.5361523628234863,0.6895523071289062,True
arabert,T3,T3-m-0535,m,-2.361586332321167,-1.3491594791412354,-2.2133936882019043,False
arabert,T3,T3-m-0536,m,-0.14133644104003906,3.073057174682617,0.8669891357421875,False
arabert,T3,T3-m-0537,m,0.5971741676330566,3.695742607116699,1.1311016082763672,True
arabert,T3,T3-m-0538,m,-1.5829010009765625,4.049951553344727,-1.1431751251220703,False
arabert,T3,T3-m-0539,m,-0.1700296401977539,4.176573276519775,-0.966402530670166,False
arabert,T3,T3-m-0540,m,-1.6048531532287598,-0.7521238327026367,-1.898977279663086,False
arabert,T3,T3-m-0541,m,2.2315096855163574,3.376145362854004,1.9798064231872559,True
arabert,T3,T3-m-0542,m,-0.588932991027832,2.8943099975585938,-0.28522396087646484,False
arabert,T3,T3-m-0543,m,-3.938117265701294,-2.586596965789795,-3.3714380264282227,False
arabert,T3,T3-m-0544,m,-2.5423994064331055,1.6180682182312012,0.8852829933166504,False
arabert,T3,T3-m-0545,m,0.778599739074707,4.583798885345459,0.691673755645752,True
arabert,T3,T3-m-0546,m,-2.850569725036621,-2.25386905670166,-1.2207412719726562,False
arabert,T3,T3-m-0547,m,0.18585681915283203,3.9254298210144043,-0.16710853576660156,True
arabert,T3,T3-m-0548,m,-0.7015681266784668,2.5931806564331055,-0.45264434814453125,False
arabert,T3,T3-m-0549,m,-1.8882231712341309,2.4280691146850586,-1.1550259590148926,False
arabert,T3,T3-m-0550,m,-1.0464348793029785,2.9561166763305664,-1.3844118118286133,False
arabert,T3,T3-m-0551,m,-0.27788400650024414,2.505735397338867,0.13858985900878906,False
arabert,T3,T3-m-0552,m,0.431854248046875,3.9570064544677734,0.5086603164672852,True
arabert,T3,T3-m-0553,m,1.6073598861694336,4.279549598693848,0.7901287078857422,True
arabert,T3,T3-m-0554,m,-0.4054594039916992,2.5956315994262695,0.9975700378417969,False
arabert,T3,T3-m-0555,m,-0.5640144348144531,3.861229419708252,0.49973011016845703,False
arabert,T3,T3-m-0556,m,0.3161630630493164,5.137876033782959,-0.12848663330078125,True
arabert,T3,T3-m-0557,m,-0.7911977767944336,2.2026195526123047,1.7583494186401367,False
arabert,T3,T3-m-0558,m,1.5441184043884277,3.0233330726623535,1.250119686126709,True
arabert,T3,T3-m-0559,m,-0.999659538269043,2.454049587249756,-1.0904512405395508,False
arabert,T3,T3-m-0560,m,-0.884251594543457,2.793569564819336,-1.078770637512207,False
arabert,T3,T3-m-0561,m,0.3259696960449219,3.118636131286621,-0.18216419219970703,True
arabert,T3,T3-m-0562,m,0.6284852027893066,4.974038600921631,-0.005244731903076172,True
arabert,T3,T3-m-0563,m,0.9989528656005859,3.7718043327331543,1.4148917198181152,True
arabert,T3,T3-m-0564,m,-0.14251327514648438,3.2431302070617676,-1.5065817832946777,False
arabert,T3,T3-m-0565,m,0.8646688461303711,4.674282073974609,-0.321169376373291,True
arabert,T3,T3-m-0566,m,-3.4507381916046143,-1.0517324209213257,-2.339785099029541,False
arabert,T3,T3-m-0567,m,0.550872802734375,3.2208118438720703,-0.11429214477539062,True
arabert,T3,T3-m-0568,m,-0.22519207000732422,3.0380210876464844,-0.8739328384399414,False
arabert,T3,T3-m-0569,m,-1.3192720413208008,4.14047908782959,-0.11133337020874023,False
arabert,T3,T3-m-0570,m,-1.067194938659668,3.403742790222168,0.947784423828125,False
arabert,T3,T3-m-0571,m,1.431905746459961,4.080445289611816,1.329463005065918,True
arabert,T3,T3-m-0572,m,-3.826946258544922,0.5383796691894531,0.9463372230529785,False
arabert,T3,T3-m-0573,m,1.0535860061645508,3.6541261672973633,1.2781190872192383,True
arabert,T3,T3-m-0574,m,-0.9065971374511719,2.6896495819091797,-1.0765433311462402,False
arabert,T3,T3-m-0575,m,-1.4773364067077637,1.244091510772705,1.0441465377807617,False
arabert,T3,T3-m-0576,m,0.07984256744384766,3.2181692123413086,0.10493612289428711,True
arabert,T3,T3-m-0577,m,1.0104694366455078,3.94989013671875,0.7046041488647461,True
arabert,T3,T3-m-0578,m,-2.3672080039978027,-0.02824115753173828,-1.2644729614257812,False
arabert,T3,T3-m-0579,m,1.3538837432861328,2.742798328399658,0.28688907623291016,True
arabert,T3,T3-m-0580,m,-0.24079132080078125,0.6538996696472168,0.07541179656982422,False
arabert,T3,T3-m-0581,m,-0.2969532012939453,3.2512898445129395,0.38043689727783203,False
arabert,T3,T3-m-0582,m,-0.7194709777832031,4.090226650238037,-0.6920599937438965,False
arabert,T3,T3-m-0583,m,-2.097416400909424,-1.503650188446045,-2.0463509559631348,False
arabert,T3,T3-m-0584,m,-1.237720012664795,2.5242137908935547,-1.0122919082641602,False
arabert,T3,T3-m-0585,m,0.8744487762451172,2.7370495796203613,0.7945480346679688,True
arabert,T3,T3-m-0586,m,-4.613145351409912,-3.6051390171051025,-4.173236846923828,False
arabert,T3,T3-m-0587,m,0.6594257354736328,3.418668270111084,0.42953920364379883,True
arabert,T3,T3-m-0588,m,-2.8525328636169434,-0.956458568572998,-3.266376495361328,False
arabert,T3,T3-m-0589,m,0.12435340881347656,2.7911376953125,2.4030818939208984,True
arabert,T3,T3-m-0590,m,0.36752986907958984,3.606783866882324,0.4435234069824219,True
arabert,T3,T3-m-0591,m,-1.1266183853149414,2.4281184673309326,1.4956626892089844,False
arabert,T3,T3-m-0592,m,-2.7819175720214844,0.049071311950683594,-0.4091520309448242,False
arabert,T3,T3-m-0593,m,-0.04161989688873291,0.5829143524169922,0.34548330307006836,False
arabert,T3,T3-m-0594,m,0.2626066207885742,5.022032737731934,1.253525733947754,True
arabert,T3,T3-m-0595,m,2.3163156509399414,4.783651351928711,2.294055938720703,True
arabert,T3,T3-m-0596,m,-3.6565654277801514,2.4871389865875244,-2.9787325859069824,False
arabert,T3,T3-m-0597,m,0.6228532791137695,3.8265442848205566,0.11929130554199219,True
arabert,T3,T3-m-0598,m,-4.060771465301514,0.02385425567626953,-2.646944999694824,False
arabert,T3,T3-m-0599,m,-0.5996904373168945,2.483427047729492,-0.26423072814941406,False
arabert,T3,T3-f-0000,f,-3.6202964782714844,-0.22963619232177734,-1.0034546852111816,False
arabert,T3,T3-f-0001,f,-1.631566047668457,0.9931035041809082,-1.5410089492797852,False
arabert,T3,T3-f-0002,f,-0.14159202575683594,1.824864387512207,2.270723342895508,False
arabert,T3,T3-f-0003,f,-1.9790163040161133,2.8076162338256836,-1.1407651901245117,False
arabert,T3,T3-f-0004,f,0.8692893981933594,3.619248390197754,3.16585636138916,True
arabert,T3,T3-f-0005,f,-1.7220773696899414,1.2845792770385742,-0.385190486907959,False
arabert,T3,T3-f-0006,f,-3.410860061645508,1.1272993087768555,-2.8410377502441406,False
arabert,T3,T3-f-0007,f,2.4962987899780273,4.3378801345825195,1.9614925384521484,True
arabert,T3,T3-f-0008,f,3.888829231262207,4.625979900360107,3.812574863433838,True
arabert,T3,T3-f-0009,f,3.9108824729919434,4.639168739318848,3.6161746978759766,True
arabert,T3,T3-f-0010,f,4.226498603820801,5.0734052658081055,2.7252683639526367,True
arabert,T3,T3-f-0011,f,-0.7205915451049805,0.9869213104248047,0.48223876953125,False
arabert,T3,T3-f-0012,f,1.0608434677124023,4.2772417068481445,0.8823881149291992,True
arabert,T3,T3-f-0013,f,-1.6626510620117188,2.9296231269836426,-0.25398731231689453,False
arabert,T3,T3-f-0014,f,2.8924436569213867,3.4994726181030273,2.7021265029907227,True
arabert,T3,T3-f-0015,f,0.04774188995361328,0.976963996887207,-0.49266529083251953,True
arabert,T3,T3-f-0016,f,-0.18116474151611328,1.5527358055114746,-1.2732648849487305,False
arabert,T3,T3-f-0017,f,-1.5779237747192383,1.3633966445922852,-0.970360279083252,False
arabert,T3,T3-f-0018,f,3.665397882461548,4.564982891082764,1.8346335887908936,True
arabert,T3,T3-f-0019,f,-0.0745096206665039,4.345937728881836,0.5938682556152344,False
arabert,T3,T3-f-0020,f,-2.4261488914489746,1.4854612350463867,-2.1081252098083496,False
arabert,T3,T3-f-0021,f,3.4496021270751953,4.002868175506592,4.370513916015625,True
arabert,T3,T3-f-0022,f,1.648350715637207,4.020796775817871,2.945195198059082,True
arabert,T3,T3-f-0023,f,-1.363253116607666,3.169376850128174,-0.34411048889160156,False
arabert,T3,T3-f-0024,f,1.3100214004516602,0.3175044059753418,0.737156867980957,True
arabert,T3,T3-f-0025,f,0.25513458251953125,4.912590980529785,4.080283164978027,True
arabert,T3,T3-f-0026,f,3.0742549896240234,3.4828176498413086,2.2856807708740234,True
arabert,T3,T3-f-0027,f,1.2221908569335938,3.7725276947021484,1.6193251609802246,True
arabert,T3,T3-f-0028,f,-0.8851308822631836,1.130864143371582,-0.526026725769043,False
arabert,T3,T3-f-0029,f,-0.7598657608032227,4.25970458984375,-0.06790590286254883,False
arabert,T3,T3-f-0030,f,1.1241559982299805,2.0231199264526367,1.1874685287475586,True
arabert,T3,T3-f-0031,f,-2.3657331466674805,-0.7406368255615234,-1.9071989059448242,False
arabert,T3,T3-f-0032,f,-0.6283526420593262,3.6472864151000977,3.1646063327789307,False
arabert,T3,T3-f-0033,f,-0.8817167282104492,1.449986457824707,0.7277402877807617,False
arabert,T3,T3-f-0034,f,-3.1909360885620117,-1.3811264038085938,-2.5122547149658203,False
arabert,T3,T3-f-0035,f,-1.5729656219482422,1.0057334899902344,-0.05289268493652344,False
arabert,T3,T3-f-0036,f,-2.4656481742858887,1.502176284790039,-1.7808947563171387,False
arabert,T3,T3-f-0037,f,-0.9302763938903809,2.018421173095703,-1.1119823455810547,False
arabert,T3,T3-f-0038,f,3.183969497680664,4.405439376831055,1.4777488708496094,True
arabert,T3,T3-f-0039,f,-1.2033519744873047,1.4838104248046875,1.5041966438293457,False
arabert,T3,T3-f-0040,f,-1.1227402687072754,0.9708652496337891,-0.42465829849243164,False
arabert,T3,T3-f-0041,f,-2.376096725463867,-1.6903839111328125,-0.4066505432128906,False
arabert,T3,T3-f-0042,f,4.964970588684082,5.943460464477539,4.721596717834473,True
arabert,T3,T3-f-0043,f,2.266298294067383,3.506411552429199,2.677708625793457,True
arabert,T3,T3-f-0044,f,-2.717007637023926,0.06541919708251953,-2.4778895378112793,False
arabert,T3,T3-f-0045,f,-2.4188637733459473,0.8520660400390625,0.5583944320678711,False
arabert,T3,T3-f-0046,f,3.8048508167266846,4.126541614532471,3.7275397777557373,True
arabert,T3,T3-f-0047,f,-1.7527761459350586,-0.6063966751098633,-2.0799498558044434,False
arabert,T3,T3-f-0048,f,3.783867835998535,4.264718055725098,3.9590492248535156,True
arabert,T3,T3-f-0049,f,1.200587272644043,3.453367233276367,2.9396209716796875,True
arabert,T3,T3-f-0050,f,1.563572883605957,2.5094785690307617,0.41884613037109375,True
arabert,T3,T3-f-0051,f,-3.277425765991211,-1.6166505813598633,-3.2673816680908203,False
arabert,T3,T3-f-0052,f,-0.9613404273986816,1.0329740047454834,-1.1578972339630127,False
arabert,T3,T3-f-0053,f,1.0391674041748047,1.504746437072754,1.282668113708496,True
arabert,T3,T3-f-0054,f,-1.5177357196807861,-0.11489295959472656,-1.104915738105774,False
arabert,T3,T3-f-0055,f,3.5412425994873047,4.01080322265625,3.092898368835449,True
arabert,T3,T3-f-0056,f,-0.552760124206543,2.442418098449707,1.2933692932128906,False
arabert,T3,T3-f-0057,f,-1.8610119819641113,-0.24672555923461914,-2.2187676429748535,False
arabert,T3,T3-f-0058,f,0.6485724449157715,1.7959165573120117,0.7037029266357422,True
arabert,T3,T3-f-0059,f,-0.02795124053955078,0.6773948669433594,-0.7016334533691406,False
arabert,T3,T3-f-0060,f,1.9443378448486328,3.3056154251098633,1.899301528930664,True
arabert,T3,T3-f-0061,f,4.01118803024292,4.593400955200195,4.3941240310668945,True
arabert,T3,T3-f-0062,f,0.9031553268432617,4.901147842407227,0.3671751022338867,True
arabert,T3,T3-f-0063,f,-2.6012611389160156,1.1479759216308594,-1.4656848907470703,False
arabert,T3,T3-f-0064,f,1.83787202835083,2.010786533355713,0.6961369514465332,True
arabert,T3,T3-f-0065,f,-2.765744686126709,0.781219482421875,-2.011495590209961,False
arabert,T3,T3-f-0066,f,2.847945213317871,3.367680549621582,1.748642921447754,True
arabert,T3,T3-f-0067,f,-0.4978818893432617,1.6163625717163086,0.6757373809814453,False
arabert,T3,T3-f-0068,f,-2.3109054565429688,1.8943376541137695,-2.001194477081299,False
arabert,T3,T3-f-0069,f,4.03480339050293,3.8136587142944336,2.4348416328430176,True
arabert,T3,T3-f-0070,f,-0.8659114837646484,3.1455540657043457,2.6001319885253906,False
arabert,T3,T3-f-0071,f,-1.7708745002746582,-0.08288860321044922,-0.949312686920166,False
arabert,T3,T3-f-0072,f,1.018296241760254,3.737058639526367,0.7536869049072266,True
arabert,T3,T3-f-0073,f,-2.3841943740844727,-1.3496508598327637,-2.7621989250183105,False
arabert,T3,T3-f-0074,f,-3.9077415466308594,0.8565254211425781,-1.794288158416748,False
arabert,T3,T3-f-0075,f,0.5601902008056641,1.8558030128479004,0.8395404815673828,True
arabert,T3,T3-f-0076,f,3.0092859268188477,3.635274887084961,3.296804428100586,True
arabert,T3,T3-f-0077,f,3.042954444885254,3.1230640411376953,2.8047189712524414,True
arabert,T3,T3-f-0078,f,1.8435449600219727,3.2911434173583984,0.7820920944213867,True
arabert,T3,T3-f-0079,f,2.42270565032959,2.8492813110351562,1.1625728607177734,True
arabert,T3,T3-f-0080,f,-0.19685935974121094,2.0920815467834473,1.8155527114868164,False
arabert,T3,T3-f-0081,f,-0.9156627655029297,1.513406753540039,0.3360280990600586,False
arabert,T3,T3-f-0082,f,0.4505491256713867,0.841062068939209,0.3518686294555664,True
arabert,T3,T3-f-0083,f,2.2831153869628906,3.3397483825683594,2.2005462646484375,True
arabert,T3,T3-f-0084,f,-0.29065752029418945,2.304011344909668,0.0913538932800293,False
arabert,T3,T3-f-0085,f,2.097512722015381,3.015780448913574,3.197193145751953,True
arabert,T3,T3-f-0086,f,3.421900749206543,4.043969631195068,3.0353565216064453,True
arabert,T3,T3-f-0087,f,-0.5201129913330078,1.8303108215332031,-0.03132343292236328,False
arabert,T3,T3-f-0088,f,2.2974672317504883,3.4874887466430664,3.0470657348632812,True
arabert,T3,T3-f-0089,f,1.227452278137207,3.2924652099609375,1.4701862335205078,True
arabert,T3,T3-f-0090,f,1.3467931747436523,1.4402990341186523,0.11034965515136719,True
arabert,T3,T3-f-0091,f,0.3060953617095947,-0.23017048835754395,-1.2113407850265503,True
arabert,T3,T3-f-0092,f,3.2727413177490234,4.383378028869629,2.936081886291504,True
arabert,T3,T3-f-0093,f,-4.05946683883667,-3.220609664916992,-0.5290870666503906,False
arabert,T3,T3-f-0094,f,1.326883316040039,2.0513296127319336,1.9251766204833984,True
arabert,T3,T3-f-0095,f,0.678044319152832,1.6194849014282227,1.5606508255004883,True
arabert,T3,T3-f-0096,f,-1.328897476196289,1.245356559753418,0.2588977813720703,False
arabert,T3,T3-f-0097,f,1.2830314636230469,2.234607696533203,1.0765962600708008,True
arabert,T3,T3-f-0098,f,-0.14328765869140625,0.9698448181152344,-0.7933778762817383,False
arabert,T3,T3-f-0099,f,0.18740320205688477,3.0827736854553223,0.310727596282959,True
arabert,T3,T3-f-0100,f,0.7268815040588379,0.8905830383300781,0.545677661895752,True
arabert,T3,T3-f-0101,f,-3.246809482574463,1.3677325248718262,-2.2459535598754883,False
arabert,T3,T3-f-0102,f,-2.5776662826538086,1.0542917251586914,-2.837721347808838,False
arabert,T3,T3-f-0103,f,0.17134809494018555,1.4725608825683594,-0.35878419876098633,True
arabert,T3,T3-f-0104,f,-1.0043315887451172,2.8490095138549805,-0.3112058639526367,False
arabert,T3,T3-f-0105,f,0.7238607406616211,2.299098014831543,2.539940357208252,True
arabert,T3,T3-f-0106,f,-5.65067720413208,-5.181912899017334,-4.907279014587402,False
arabert,T3,T3-f-0107,f,-4.471812725067139,-1.477940559387207,-4.606845855712891,False
arabert,T3,T3-f-0108,f,-2.026352882385254,1.1250944137573242,-1.1541852951049805,False
arabert,T3,T3-f-0109,f,-0.5167312622070312,1.9218387603759766,-0.6373271942138672,False
arabert,T3,T3-f-0110,f,0.5133295059204102,1.685135841369629,0.7642021179199219,True
arabert,T3,T3-f-0111,f,-1.2738232612609863,1.7048373222351074,-1.1219377517700195,False
arabert,T3,T3-f-0112,f,1.159555435180664,1.309727668762207,1.1107282638549805,True
arabert,T3,T3-f-0113,f,-1.25892972946167,-1.723296880722046,-0.8200154304504395,False
arabert,T3,T3-f-0114,f,1.3346145153045654,3.414679765701294,1.3058056831359863,True
arabert,T3,T3-f-0115,f,0.7197389602661133,3.3039822578430176,2.8231420516967773,True
arabert,T3,T3-f-0116,f,-0.2256016731262207,1.6879782676696777,-0.25582361221313477,False
arabert,T3,T3-f-0117,f,3.972270965576172,5.681917190551758,3.6558890342712402,True
arabert,T3,T3-f-0118,f,-2.10329532623291,2.1783690452575684,-1.8657751083374023,False
arabert,T3,T3-f-0119,f,0.8814477920532227,3.4520928859710693,0.8021554946899414,True
arabert,T3,T3-f-0120,f,-0.8139476776123047,1.5024518966674805,0.06454277038574219,False
arabert,T3,T3-f-0121,f,0.8218393325805664,2.3954858779907227,0.14684009552001953,True
arabert,T3,T3-f-0122,f,0.7158231735229492,4.1328229904174805,0.2862892150878906,True
arabert,T3,T3-f-0123,f,2.5106725692749023,3.9187374114990234,3.571298599243164,True
arabert,T3,T3-f-0124,f,-1.3041772842407227,-0.9825925827026367,-1.7771596908569336,False
arabert,T3,T3-f-0125,f,-1.2781362533569336,1.8178696632385254,-2.4442362785339355,False
arabert,T3,T3-f-0126,f,2.008993148803711,3.4976625442504883,1.6916542053222656,True
arabert,T3,T3-f-0127,f,1.3964643478393555,4.444595813751221,0.8158426284790039,True
arabert,T3,T3-f-0128,f,0.981010913848877,2.750894546508789,0.29454755783081055,True
arabert,T3,T3-f-0129,f,-3.8078064918518066,2.081120491027832,-1.640871524810791,False
arabert,T3,T3-f-0130,f,0.22180867195129395,4.38902473449707,0.3540220260620117,True
arabert,T3,T3-f-0131,f,3.807718276977539,4.197235107421875,3.775021553039551,True
arabert,T3,T3-f-0132,f,-0.049610137939453125,2.747147560119629,1.0018196105957031,False
arabert,T3,T3-f-0133,f,0.16539287567138672,1.501204490661621,0.4913215637207031,True
arabert,T3,T3-f-0134,f,2.545665740966797,3.831448554992676,1.1589412689208984,True
arabert,T3,T3-f-0135,f,-0.981353759765625,0.9661779403686523,-0.10255622863769531,False
arabert,T3,T3-f-0136,f,-0.5394496917724609,2.6360883712768555,-0.9465932846069336,False
arabert,T3,T3-f-0137,f,-1.3574676513671875,1.2618837356567383,-1.3634729385375977,False
arabert,T3,T3-f-0138,f,-3.267453670501709,1.8697576522827148,-2.263157844543457,False
arabert,T3,T3-f-0139,f,1.0934782028198242,4.000256538391113,0.22391223907470703,True
arabert,T3,T3-f-0140,f,-2.916693687438965,-2.019038200378418,-1.815220832824707,False
arabert,T3,T3-f-0141,f,-1.5223569869995117,1.2331275939941406,-1.0085878372192383,False
arabert,T3,T3-f-0142,f,-1.242042064666748,1.3000259399414062,-2.249967575073242,False
arabert,T3,T3-f-0143,f,1.930363655090332,4.6372294425964355,0.792780876159668,True
arabert,T3,T3-f-0144,f,0.49839210510253906,3.1355485916137695,1.4479494094848633,True
arabert,T3,T3-f-0145,f,-1.5437836647033691,-0.08825540542602539,-2.4908242225646973,False
arabert,T3,T3-f-0146,f,-2.271862030029297,-0.14023685455322266,-2.078011989593506,False
arabert,T3,T3-f-0147,f,-1.0969963073730469,1.857820987701416,-0.416656494140625,False
arabert,T3,T3-f-0148,f,-4.9234724044799805,0.4483175277709961,-2.3205151557922363,False
arabert,T3,T3-f-0149,f,-1.257251262664795,-1.6851277351379395,-1.2998045682907104,False
arabert,T3,T3-f-0150,f,0.3385744094848633,1.0918502807617188,0.0764932632446289,True
arabert,T3,T3-f-0151,f,0.5824165344238281,5.300442218780518,0.6581974029541016,True
arabert,T3,T3-f-0152,f,-2.33223819732666,-1.009730339050293,-2.36801815032959,False
arabert,T3,T3-f-0153,f,-1.0689949989318848,2.2924532890319824,-1.0204792022705078,False
arabert,T3,T3-f-0154,f,1.870652198791504,4.205121040344238,2.937098979949951,True
arabert,T3,T3-f-0155,f,-3.0499086380004883,1.88740873336792,-2.40749192237854,False
arabert,T3,T3-f-0156,f,-0.7451848983764648,-0.23254013061523438,-0.03811514377593994,False
arabert,T3,T3-f-0157,f,0.6739816665649414,3.135692596435547,1.2971787452697754,True
arabert,T3,T3-f-0158,f,4.349634170532227,4.378639221191406,3.6492385864257812,True
arabert,T3,T3-f-0159,f,-0.04961204528808594,1.2337493896484375,0.0029611587524414062,False
arabert,T3,T3-f-0160,f,-0.3150787353515625,0.533111572265625,-0.5134811401367188,False
arabert,T3,T3-f-0161,f,-3.473968029022217,0.8999261856079102,-1.5526347160339355,False
arabert,T3,T3-f-0162,f,0.5903196334838867,1.1349554061889648,1.4372730255126953,True
arabert,T3,T3-f-0163,f,0.8015060424804688,4.3079657554626465,1.0143861770629883,True
arabert,T3,T3-f-0164,f,1.470080852508545,3.856663703918457,2.7974257469177246,True
arabert,T3,T3-f-0165,f,-0.6837906837463379,-1.6710407733917236,0.3827793598175049,False
arabert,T3,T3-f-0166,f,-0.9453134536743164,1.146265983581543,-1.1896610260009766,False
arabert,T3,T3-f-0167,f,1.5785174369812012,4.17231559753418,1.3401331901550293,True
arabert,T3,T3-f-0168,f,0.03493070602416992,3.6980462074279785,0.4972043037414551,True
arabert,T3,T3-f-0169,f,-0.33670711517333984,1.3798456192016602,1.078028678894043,False
arabert,T3,T3-f-0170,f,-1.422356128692627,1.0786972045898438,-1.3959283828735352,False
arabert,T3,T3-f-0171,f,-1.7524032592773438,-0.07629179954528809,-0.9412813186645508,False
arabert,T3,T3-f-0172,f,0.701021671295166,2.8893871307373047,0.7828912734985352,True
arabert,T3,T3-f-0173,f,-0.7396821975708008,1.8377752304077148,-1.2304973602294922,False
arabert,T3,T3-f-0174,f,0.042536258697509766,1.9008746147155762,0.8263802528381348,True
arabert,T3,T3-f-0175,f,-1.2251734733581543,-0.2890963554382324,-1.223513126373291,False
arabert,T3,T3-f-0176,f,3.1118597984313965,5.010547637939453,2.4052462577819824,True
arabert,T3,T3-f-0177,f,0.3794527053833008,1.2906694412231445,-0.07699966430664062,True
arabert,T3,T3-f-0178,f,3.55587100982666,3.925625801086426,3.267160415649414,True
arabert,T3,T3-f-0179,f,-2.3087072372436523,2.9271087646484375,-1.3623046875,False
arabert,T3,T3-f-0180,f,-2.2696428298950195,1.0027437210083008,-1.4634284973144531,False
arabert,T3,T3-f-0181,f,-1.4850215911865234,1.3137102127075195,-0.458984375,False
arabert,T3,T3-f-0182,f,-0.12909317016601562,1.6025104522705078,-0.9067659378051758,False
arabert,T3,T3-f-0183,f,1.760939598083496,1.7840909957885742,2.290696144104004,True
arabert,T3,T3-f-0184,f,-1.2832536697387695,1.6940784454345703,-0.782111644744873,False
arabert,T3,T3-f-0185,f,-0.6005439758300781,1.8653249740600586,-1.2588014602661133,False
arabert,T3,T3-f-0186,f,-2.6222448348999023,-0.6828842163085938,-2.142086982727051,False
arabert,T3,T3-f-0187,f,-2.1926345825195312,0.11918878555297852,-2.421937942504883,False
arabert,T3,T3-f-0188,f,-1.1967854499816895,2.657334804534912,1.79581880569458,False
arabert,T3,T3-f-0189,f,3.8194618225097656,4.264359951019287,2.6106860637664795,True
arabert,T3,T3-f-0190,f,3.0278167724609375,3.7287979125976562,3.1757612228393555,True
arabert,T3,T3-f-0191,f,0.13175392150878906,2.628840446472168,1.791417121887207,True
arabert,T3,T3-f-0192,f,0.45897579193115234,3.2031354904174805,1.4919013977050781,True
arabert,T3,T3-f-0193,f,4.584238052368164,4.758897304534912,3.923856019973755,True
arabert,T3,T3-f-0194,f,2.492786407470703,3.2822680473327637,2.490389347076416,True
arabert,T3,T3-f-0195,f,-1.1979351043701172,0.9472103118896484,-1.0042619705200195,False
arabert,T3,T3-f-0196,f,-0.4795875549316406,0.7118854522705078,1.8398637771606445,False
arabert,T3,T3-f-0197,f,2.0152697563171387,4.345810890197754,2.2548556327819824,True
arabert,T3,T3-f-0198,f,2.4149694442749023,2.467653274536133,2.154025077819824,True
arabert,T3,T3-f-0199,f,-0.5420942306518555,-0.436981201171875,-1.6705350875854492,False
arabert,T3,T3-f-0200,f,-0.9489507675170898,1.1712150573730469,0.09789657592773438,False
arabert,T3,T3-f-0201,f,3.1099557876586914,3.668311595916748,3.5262484550476074,True
arabert,T3,T3-f-0202,f,-2.384859085083008,-0.7254390716552734,-1.3472919464111328,False
arabert,T3,T3-f-0203,f,-2.273557662963867,0.05315065383911133,-1.2257509231567383,False
arabert,T3,T3-f-0204,f,-0.7202048301696777,0.4709005355834961,-1.0795249938964844,False
arabert,T3,T3-f-0205,f,-2.079531669616699,3.2857847213745117,-0.5907430648803711,False
arabert,T3,T3-f-0206,f,1.9085731506347656,3.9269356727600098,2.146092414855957,True
arabert,T3,T3-f-0207,f,2.2969491481781006,3.005392074584961,2.871317148208618,True
arabert,T3,T3-f-0208,f,1.7883615493774414,2.4231362342834473,1.5576257705688477,True
arabert,T3,T3-f-0209,f,0.6841831207275391,0.9664831161499023,1.5888643264770508,True
arabert,T3,T3-f-0210,f,3.136371612548828,3.4853553771972656,3.199166774749756,True
arabert,T3,T3-f-0211,f,-0.8485593795776367,1.571153163909912,-1.2189068794250488,False
arabert,T3,T3-f-0212,f,-3.956594467163086,0.5057053565979004,-2.426377773284912,False
arabert,T3,T3-f-0213,f,2.9068307876586914,4.593232154846191,4.178418159484863,True
arabert,T3,T3-f-0214,f,-2.608562469482422,-0.7673463821411133,-2.762080192565918,False
arabert,T3,T3-f-0215,f,3.727010726928711,4.396259307861328,3.830512046813965,True
arabert,T3,T3-f-0216,f,-0.6513004302978516,1.9582924842834473,-0.9925189018249512,False
arabert,T3,T3-f-0217,f,-1.3997211456298828,0.7836704254150391,-3.05704927444458,False
arabert,T3,T3-f-0218,f,-0.3429145812988281,3.1534690856933594,0.5133533477783203,False
arabert,T3,T3-f-0219,f,-1.488111972808838,0.969268798828125,1.3437952995300293,False
arabert,T3,T3-f-0220,f,2.5215601921081543,3.1096558570861816,2.597200870513916,True
arabert,T3,T3-f-0221,f,-0.5823774337768555,2.760676383972168,-0.2696990966796875,False
arabert,T3,T3-f-0222,f,3.553158760070801,4.0450663566589355,3.200322151184082,True
arabert,T3,T3-f-0223,f,2.82039737701416,4.316041946411133,2.9982709884643555,True
arabert,T3,T3-f-0224,f,2.1537389755249023,2.652125358581543,1.704355239868164,True
arabert,T3,T3-f-0225,f,-1.0654716491699219,1.433685302734375,-1.384176254272461,False
arabert,T3,T3-f-0226,f,-4.362545013427734,-1.9618134498596191,-3.2531113624572754,False
arabert,T3,T3-f-0227,f,3.923576831817627,5.342795372009277,4.1493425369262695,True
arabert,T3,T3-f-0228,f,0.30096912384033203,4.118868827819824,1.1822423934936523,True
arabert,T3,T3-f-0229,f,-3.2344608306884766,1.0069856643676758,-1.394993782043457,False
arabert,T3,T3-f-0230,f,2.1642656326293945,2.0442161560058594,2.114529609680176,True
arabert,T3,T3-f-0231,f,1.4683818817138672,2.303097724914551,1.9441900253295898,True
arabert,T3,T3-f-0232,f,1.3749606609344482,3.225229024887085,2.2675797939300537,True
arabert,T3,T3-f-0233,f,1.4411611557006836,1.2867870330810547,1.4349079132080078,True
arabert,T3,T3-f-0234,f,-1.9996871948242188,-0.05591249465942383,-1.869283676147461,False
arabert,T3,T3-f-0235,f,0.1774463653564453,1.195535659790039,0.025969505310058594,True
arabert,T3,T3-f-0236,f,-0.42527055740356445,-0.40823888778686523,-0.7433209419250488,False
arabert,T3,T3-f-0237,f,-3.730497360229492,-2.0784101486206055,-3.426544189453125,False
arabert,T3,T3-f-0238,f,1.5984325408935547,3.9625072479248047,0.5028896331787109,True
arabert,T3,T3-f-0239,f,-1.7372522354125977,1.1516194343566895,-0.96478271484375,False
arabert,T3,T3-f-0240,f,-2.405862808227539,0.9722623825073242,-0.9206428527832031,False
arabert,T3,T3-f-0241,f,-0.8751182556152344,1.2796201705932617,-0.25626087188720703,False
arabert,T3,T3-f-0242,f,-0.6647682189941406,0.9831075668334961,-0.2794485092163086,False
arabert,T3,T3-f-0243,f,2.0790205001831055,2.93837833404541,2.490412712097168,True
arabert,T3,T3-f-0244,f,-1.2472047805786133,0.8634328842163086,-1.370880126953125,False
arabert,T3,T3-f-0245,f,0.4651012420654297,2.3346023559570312,0.5880041122436523,True
arabert,T3,T3-f-0246,f,-3.3814992904663086,1.1118059158325195,-2.3430404663085938,False
arabert,T3,T3-f-0247,f,4.694782257080078,3.988715171813965,3.707228183746338,True
arabert,T3,T3-f-0248,f,-0.9630374908447266,0.37835025787353516,-1.3329849243164062,False
arabert,T3,T3-f-0249,f,1.7359819412231445,4.664765357971191,1.2809228897094727,True
arabert,T3,T3-f-0250,f,-4.103425979614258,-1.4543428421020508,-2.319063186645508,False
arabert,T3,T3-f-0251,f,-0.6872787475585938,2.7643704414367676,-0.6658425331115723,False
arabert,T3,T3-f-0252,f,3.388734817504883,2.4838132858276367,3.2584714889526367,True
arabert,T3,T3-f-0253,f,1.0053625106811523,2.772624969482422,1.1661710739135742,True
arabert,T3,T3-f-0254,f,-0.44602489471435547,1.4338083267211914,0.404541015625,False
arabert,T3,T3-f-0255,f,2.5360069274902344,2.7895727157592773,2.2640743255615234,True
arabert,T3,T3-f-0256,f,0.1970691680908203,3.624295234680176,0.17563438415527344,True
arabert,T3,T3-f-0257,f,-0.3484535217285156,2.2697877883911133,-1.167276382446289,False
arabert,T3,T3-f-0258,f,-0.36087608337402344,3.246066093444824,1.032665729522705,False
arabert,T3,T3-f-0259,f,-0.7590737342834473,1.6694445610046387,-0.45806407928466797,False
arabert,T3,T3-f-0260,f,-0.8092546463012695,1.0786724090576172,1.4393329620361328,False
arabert,T3,T3-f-0261,f,0.2031536102294922,1.4943618774414062,1.763514518737793,True
arabert,T3,T3-f-0262,f,-1.977522850036621,1.1199917793273926,0.6499438285827637,False
arabert,T3,T3-f-0263,f,3.4608755111694336,4.819032669067383,3.6517934799194336,True
arabert,T3,T3-f-0264,f,-1.333707332611084,3.3005876541137695,-0.9099273681640625,False
arabert,T3,T3-f-0265,f,0.7100214958190918,1.9855732917785645,0.4630851745605469,True
arabert,T3,T3-f-0266,f,3.506887197494507,3.403604507446289,3.281301498413086,True
arabert,T3,T3-f-0267,f,-2.881289482116699,1.8617420196533203,-2.2482948303222656,False
arabert,T3,T3-f-0268,f,-0.9280591011047363,1.3902931213378906,-1.6058907508850098,False
arabert,T3,T3-f-0269,f,-0.6542243957519531,-0.35923242568969727,-1.2689104080200195,False
arabert,T3,T3-f-0270,f,-2.901886463165283,0.06798839569091797,-2.261974334716797,False
arabert,T3,T3-f-0271,f,0.5781745910644531,3.5452232360839844,3.228719711303711,True
arabert,T3,T3-f-0272,f,0.8073596954345703,3.797471284866333,1.76713228225708,True
arabert,T3,T3-f-0273,f,-1.5889596939086914,0.784339427947998,0.05298566818237305,False
arabert,T3,T3-f-0274,f,-3.1210074424743652,0.4060821533203125,-2.4069509506225586,False
arabert,T3,T3-f-0275,f,2.3086252212524414,4.959292411804199,0.7471771240234375,True
arabert,T3,T3-f-0276,f,1.761183738708496,4.587705612182617,4.3753662109375,True
arabert,T3,T3-f-0277,f,-1.8040356636047363,2.9758107662200928,-0.93939208984375,False
arabert,T3,T3-f-0278,f,2.344146728515625,3.2820310592651367,0.2870044708251953,True
arabert,T3,T3-f-0279,f,1.5712223052978516,4.785366058349609,2.603764057159424,True
arabert,T3,T3-f-0280,f,-1.2696595191955566,-0.8201241493225098,-1.1923985481262207,False
arabert,T3,T3-f-0281,f,1.0536088943481445,1.1430039405822754,0.3143730163574219,True
arabert,T3,T3-f-0282,f,2.3291196823120117,4.257086753845215,0.821162223815918,True
arabert,T3,T3-f-0283,f,2.127368927001953,4.429233551025391,1.6597585678100586,True
arabert,T3,T3-f-0284,f,-1.6694231033325195,1.268636703491211,-1.3059954643249512,False
arabert,T3,T3-f-0285,f,-1.2009243965148926,3.760664939880371,-0.8096737861633301,False
arabert,T3,T3-f-0286,f,0.41870975494384766,3.005937099456787,0.7017407417297363,True
arabert,T3,T3-f-0287,f,-1.2960076332092285,-0.004977703094482422,-1.4399333000183105,False
arabert,T3,T3-f-0288,f,-0.7556962966918945,1.3224353790283203,-0.8426496982574463,False
arabert,T3,T3-f-0289,f,0.21735262870788574,0.4522542953491211,-0.8067460060119629,True
arabert,T3,T3-f-0290,f,0.7834653854370117,1.5156974792480469,-0.3089714050292969,True
arabert,T3,T3-f-0291,f,1.2199554443359375,1.39581298828125,1.0033235549926758,True
arabert,T3,T3-f-0292,f,-1.411520004272461,1.0335712432861328,-0.841822624206543,False
arabert,T3,T3-f-0293,f,4.4496917724609375,4.968575954437256,4.455263137817383,True
arabert,T3,T3-f-0294,f,-0.12119531631469727,2.6437206268310547,1.056992530822754,False
arabert,T3,T3-f-0295,f,3.766571044921875,4.643928527832031,4.500702857971191,True
arabert,T3,T3-f-0296,f,4.10621976852417,5.012364387512207,4.407766819000244,True
arabert,T3,T3-f-0297,f,-1.8649122714996338,-2.091700792312622,-1.6701390743255615,False
arabert,T3,T3-f-0298,f,-0.962336540222168,0.7580699920654297,-0.7658271789550781,False
arabert,T3,T3-f-0299,f,1.3292956352233887,3.4000344276428223,1.544421672821045,True
arabert,T3,T3-f-0300,f,1.8996753692626953,1.8736648559570312,1.604027271270752,True
arabert,T3,T3-f-0301,f,-2.6705636978149414,1.2077322006225586,-0.16309165954589844,False
arabert,T3,T3-f-0302,f,-1.0750679969787598,0.2992734909057617,-1.0412511825561523,False
arabert,T3,T3-f-0303,f,-1.4176578521728516,0.5991601943969727,1.6533966064453125,False
arabert,T3,T3-f-0304,f,1.7160415649414062,5.3319292068481445,0.6260509490966797,True
arabert,T3,T3-f-0305,f,-1.7725954055786133,-0.3178539276123047,-1.5096139907836914,False
arabert,T3,T3-f-0306,f,-0.8888759613037109,2.2268896102905273,-0.33894872665405273,False
arabert,T3,T3-f-0307,f,-4.5141191482543945,-0.7974638938903809,0.008304119110107422,False
arabert,T3,T3-f-0308,f,1.2222676277160645,3.055934429168701,2.2377777099609375,True
arabert,T3,T3-f-0309,f,3.465916633605957,3.4324684143066406,3.7893409729003906,True
arabert,T3,T3-f-0310,f,-2.4949827194213867,3.2325496673583984,-2.156722068786621,False
arabert,T3,T3-f-0311,f,-0.043453216552734375,1.6607751846313477,0.9901762008666992,False
arabert,T3,T3-f-0312,f,0.2296299934387207,4.917751312255859,1.8840465545654297,True
arabert,T3,T3-f-0313,f,-1.6144580841064453,-0.9179158210754395,-1.675732135772705,False
arabert,T3,T3-f-0314,f,2.912295341491699,3.9503378868103027,3.349842071533203,True
arabert,T3,T3-f-0315,f,2.0510473251342773,5.1145429611206055,4.832419395446777,True
arabert,T3,T3-f-0316,f,3.2116479873657227,4.230084419250488,2.4870834350585938,True
arabert,T3,T3-f-0317,f,-2.3932676315307617,1.320021629333496,-0.6515460014343262,False
arabert,T3,T3-f-0318,f,0.4656493663787842,3.4711129665374756,0.4647793769836426,True
arabert,T3,T3-f-0319,f,-1.7266883850097656,2.027132034301758,-0.35361385345458984,False
arabert,T3,T3-f-0320,f,0.9555454254150391,3.494138717651367,1.4432382583618164,True
arabert,T3,T3-f-0321,f,-1.4483880996704102,4.287027359008789,4.133736610412598,False
arabert,T3,T3-f-0322,f,-1.97621488571167,1.2041397094726562,0.20171689987182617,False
arabert,T3,T3-f-0323,f,2.5805740356445312,3.1487884521484375,2.3354177474975586,True
arabert,T3,T3-f-0324,f,-1.0057532787322998,-1.6289376020431519,-1.056711196899414,False
arabert,T3,T3-f-0325,f,-0.2584216594696045,-0.3270246982574463,-0.5659389495849609,False
arabert,T3,T3-f-0326,f,-0.4744729995727539,1.143925666809082,-0.34067535400390625,False
arabert,T3,T3-f-0327,f,-3.9862608909606934,4.714570999145508,-1.8990106582641602,False
arabert,T3,T3-f-0328,f,-0.9227123260498047,3.2936058044433594,2.028594970703125,False
arabert,T3,T3-f-0329,f,1.203256607055664,1.5482478141784668,0.7464218139648438,True
arabert,T3,T3-f-0330,f,-0.8504514694213867,4.748373031616211,-1.3361773490905762,False
arabert,T3,T3-f-0331,f,2.637708902359009,4.430277347564697,2.092604875564575,True
arabert,T3,T3-f-0332,f,2.5800905227661133,2.482187271118164,2.1698837280273438,True
arabert,T3,T3-f-0333,f,-2.5052695274353027,-2.3671693801879883,-1.8617992401123047,False
arabert,T3,T3-f-0334,f,-2.3553881645202637,1.433115005493164,-1.1786088943481445,False
arabert,T3,T3-f-0335,f,-1.5660362243652344,2.7839584350585938,-1.4075117111206055,False
arabert,T3,T3-f-0336,f,-1.5549402236938477,0.7567296028137207,-1.0596199035644531,False
arabert,T3,T3-f-0337,f,1.2382898330688477,3.087688446044922,2.0722641944885254,True
arabert,T3,T3-f-0338,f,-1.2393627166748047,0.17951011657714844,-0.043398380279541016,False
arabert,T3,T3-f-0339,f,-4.082278251647949,1.3521671295166016,0.17470693588256836,False
arabert,T3,T3-f-0340,f,-0.19795513153076172,1.0467233657836914,0.40631961822509766,False
arabert,T3,T3-f-0341,f,2.105799674987793,3.3097472190856934,2.5796494483947754,True
arabert,T3,T3-f-0342,f,1.4969911575317383,1.4984636306762695,0.5301408767700195,True
arabert,T3,T3-f-0343,f,-2.0818443298339844,2.5753421783447266,-0.34285736083984375,False
arabert,T3,T3-f-0344,f,-2.9919309616088867,3.0311527252197266,1.6556100845336914,False
arabert,T3,T3-f-0345,f,1.4738259315490723,2.5926923751831055,1.5833120346069336,True
arabert,T3,T3-f-0346,f,-1.1948127746582031,0.9233779907226562,-2.033893585205078,False
arabert,T3,T3-f-0347,f,2.6919240951538086,3.5463552474975586,3.0083179473876953,True
arabert,T3,T3-f-0348,f,0.8001680374145508,1.0904922485351562,0.7791910171508789,True
arabert,T3,T3-f-0349,f,4.5920090675354,4.912690162658691,4.136316299438477,True
arabert,T3,T3-f-0350,f,-2.869872570037842,0.04630136489868164,-1.6192889213562012,False
arabert,T3,T3-f-0351,f,0.277829647064209,2.187875747680664,-0.019374847412109375,True
arabert,T3,T3-f-0352,f,0.49599742889404297,4.278356552124023,1.6738033294677734,True
arabert,T3,T3-f-0353,f,1.0034141540527344,2.5192718505859375,0.997917652130127,True
arabert,T3,T3-f-0354,f,-0.5143442153930664,2.6548309326171875,1.6809473037719727,False
arabert,T3,T3-f-0355,f,1.5118927955627441,4.040687561035156,2.348268508911133,True
arabert,T3,T3-f-0356,f,0.08486318588256836,2.1940174102783203,0.6647472381591797,True
arabert,T3,T3-f-0357,f,-1.1371116638183594,1.1442804336547852,-1.9541664123535156,False
arabert,T3,T3-f-0358,f,0.9113378524780273,3.1522340774536133,1.1575565338134766,True
arabert,T3,T3-f-0359,f,-4.058148384094238,2.7345266342163086,-0.5720434188842773,False
arabert,T3,T3-f-0360,f,4.102594375610352,5.022762298583984,4.056340217590332,True
arabert,T3,T3-f-0361,f,-0.8775501251220703,0.7782735824584961,-0.26041126251220703,False
arabert,T3,T3-f-0362,f,1.2503166198730469,2.281844139099121,1.212000846862793,True
arabert,T3,T3-f-0363,f,1.7407007217407227,2.033236503601074,1.8545541763305664,True
arabert,T3,T3-f-0364,f,-2.2897305488586426,-0.41114187240600586,-1.703381061553955,False
arabert,T3,T3-f-0365,f,-0.09197521209716797,1.9938697814941406,0.00516510009765625,False
arabert,T3,T3-f-0366,f,2.74735164642334,3.208385467529297,3.064499855041504,True
arabert,T3,T3-f-0367,f,-5.813230037689209,-3.40850830078125,-5.8910603523254395,False
arabert,T3,T3-f-0368,f,-2.9034667015075684,0.06073760986328125,-2.053760051727295,False
arabert,T3,T3-f-0369,f,0.9093132019042969,1.0950088500976562,0.286038875579834,True
arabert,T3,T3-f-0370,f,-0.9473695755004883,1.5566158294677734,-0.21594715118408203,False
arabert,T3,T3-f-0371,f,0.8455467224121094,4.333815574645996,1.5525522232055664,True
arabert,T3,T3-f-0372,f,-0.6208353042602539,2.3874573707580566,-0.8392877578735352,False
arabert,T3,T3-f-0373,f,-3.8066534996032715,-0.8569107055664062,-2.580810546875,False
arabert,T3,T3-f-0374,f,0.3889460563659668,0.422391414642334,-0.8668255805969238,True
arabert,T3,T3-f-0375,f,3.538330078125,4.399328231811523,2.9974870681762695,True
arabert,T3,T3-f-0376,f,0.22287511825561523,3.116987705230713,1.4784636497497559,True
arabert,T3,T3-f-0377,f,0.8165512084960938,2.8523902893066406,-0.7223873138427734,True
arabert,T3,T3-f-0378,f,-0.8280830383300781,1.147836685180664,-0.6003513336181641,False
arabert,T3,T3-f-0379,f,0.963200569152832,2.154629707336426,2.0328283309936523,True
arabert,T3,T3-f-0380,f,-1.6327781677246094,1.333139419555664,-1.0838346481323242,False
arabert,T3,T3-f-0381,f,-0.3510432243347168,-0.2676243782043457,-0.01419210433959961,False
arabert,T3,T3-f-0382,f,0.21588993072509766,1.0020923614501953,0.7113409042358398,True
arabert,T3,T3-f-0383,f,0.4446144104003906,3.6621041297912598,0.31746530532836914,True
arabert,T3,T3-f-0384,f,-1.2550005912780762,1.8557939529418945,-1.4765329360961914,False
arabert,T3,T3-f-0385,f,1.0940170288085938,3.5731935501098633,0.21996593475341797,True
arabert,T3,T3-f-0386,f,0.6822547912597656,3.754448890686035,3.3896846771240234,True
arabert,T3,T3-f-0387,f,-2.5158910751342773,2.9557313919067383,-0.06963348388671875,False
arabert,T3,T3-f-0388,f,-0.4360361099243164,4.668846130371094,4.792466163635254,False
arabert,T3,T3-f-0389,f,3.5059704780578613,5.321798324584961,4.645084381103516,True
arabert,T3,T3-f-0390,f,0.14998722076416016,1.399144172668457,-0.7179055213928223,True
arabert,T3,T3-f-0391,f,0.8609514236450195,3.6558589935302734,0.6425991058349609,True
arabert,T3,T3-f-0392,f,2.403034210205078,4.459508895874023,2.4434680938720703,True
arabert,T3,T3-f-0393,f,-0.845801830291748,2.187687397003174,0.05295991897583008,False
arabert,T3,T3-f-0394,f,3.923961639404297,4.655889511108398,3.6211280822753906,True
arabert,T3,T3-f-0395,f,0.9813604354858398,3.553969383239746,0.767848014831543,True
arabert,T3,T3-f-0396,f,-0.8075680732727051,1.7664809226989746,-0.6672830581665039,False
arabert,T3,T3-f-0397,f,-1.9424896240234375,0.8780632019042969,-0.2521486282348633,False
arabert,T3,T3-f-0398,f,-2.7453556060791016,-0.5685958862304688,-2.6478395462036133,False
arabert,T3,T3-f-0399,f,-1.4950008392333984,0.9088535308837891,-0.7138490676879883,False
arabert,T3,T3-f-0400,f,1.3747262954711914,1.0563697814941406,1.274702548980713,True
arabert,T3,T3-f-0401,f,-1.291365623474121,-0.45406532287597656,-0.9884395599365234,False
arabert,T3,T3-f-0402,f,1.0161590576171875,2.593870162963867,-1.0243253707885742,True
arabert,T3,T3-f-0403,f,0.9369173049926758,1.5216341018676758,0.4142951965332031,True
arabert,T3,T3-f-0404,f,-3.590521812438965,-2.585097312927246,-3.4989233016967773,False
arabert,T3,T3-f-0405,f,0.04795360565185547,3.1319074630737305,0.6701316833496094,True
arabert,T3,T3-f-0406,f,-4.620376110076904,-2.717039108276367,-4.281861782073975,False
arabert,T3,T3-f-0407,f,-0.20090651512145996,-0.023751020431518555,-1.0518512725830078,False
arabert,T3,T3-f-0408,f,-2.193723440170288,0.8902754783630371,-0.6548824310302734,False
arabert,T3,T3-f-0409,f,4.000994682312012,4.82133674621582,4.093471527099609,True
arabert,T3,T3-f-0410,f,-1.1665668487548828,1.055419921875,-1.3230400085449219,False
arabert,T3,T3-f-0411,f,-1.1918182373046875,2.6831021308898926,2.092820167541504,False
arabert,T3,T3-f-0412,f,-1.246945858001709,1.237619400024414,0.045435428619384766,False
arabert,T3,T3-f-0413,f,-1.6928224563598633,4.641962051391602,3.202460289001465,False
arabert,T3,T3-f-0414,f,0.06748580932617188,3.6155548095703125,-0.42682695388793945,True
arabert,T3,T3-f-0415,f,3.506958484649658,3.9877333641052246,3.5083131790161133,True
arabert,T3,T3-f-0416,f,-0.7957115173339844,1.2046794891357422,1.1363067626953125,False
arabert,T3,T3-f-0417,f,1.1631832122802734,1.8671555519104004,0.9148778915405273,True
arabert,T3,T3-f-0418,f,0.10291767120361328,3.116158962249756,0.8862333297729492,True
arabert,T3,T3-f-0419,f,-1.9802021980285645,2.7660741806030273,-0.23012256622314453,False
arabert,T3,T3-f-0420,f,0.4462270736694336,1.5238075256347656,0.17093372344970703,True
arabert,T3,T3-f-0421,f,-3.093046188354492,0.31404972076416016,-3.3444581031799316,False
arabert,T3,T3-f-0422,f,2.8911142349243164,3.639741897583008,3.54563045501709,True
arabert,T3,T3-f-0423,f,-2.548945426940918,1.410186767578125,0.2733573913574219,False
arabert,T3,T3-f-0424,f,1.2347259521484375,3.603888511657715,0.7978219985961914,True
arabert,T3,T3-f-0425,f,3.852179527282715,4.395511627197266,3.811769485473633,True
arabert,T3,T3-f-0426,f,-0.09047555923461914,1.2272653579711914,0.19164705276489258,False
arabert,T3,T3-f-0427,f,1.2812395095825195,1.278111457824707,1.858119010925293,True
arabert,T3,T3-f-0428,f,4.82629919052124,5.10524845123291,4.4860382080078125,True
arabert,T3,T3-f-0429,f,-0.7352266311645508,3.749739170074463,-0.33490848541259766,False
arabert,T3,T3-f-0430,f,4.310402870178223,4.877355575561523,4.1617631912231445,True
arabert,T3,T3-f-0431,f,-3.8158116340637207,-0.14468145370483398,-4.4005656242370605,False
arabert,T3,T3-f-0432,f,3.112614870071411,4.631643295288086,2.592122793197632,True
arabert,T3,T3-f-0433,f,1.373978614807129,2.5177230834960938,2.873671531677246,True
arabert,T3,T3-f-0434,f,-2.640070915222168,-1.1648917198181152,-1.6320843696594238,False
arabert,T3,T3-f-0435,f,0.7704601287841797,1.5444951057434082,-0.2887144088745117,True
arabert,T3,T3-f-0436,f,1.7768001556396484,4.036411285400391,-0.04887199401855469,True
arabert,T3,T3-f-0437,f,-1.7010478973388672,0.18621158599853516,-0.5620250701904297,False
arabert,T3,T3-f-0438,f,-0.3525552749633789,3.947673797607422,-0.8454780578613281,False
arabert,T3,T3-f-0439,f,3.6604299545288086,3.7510457038879395,2.5533604621887207,True
arabert,T3,T3-f-0440,f,-1.9190616607666016,0.7475042343139648,-0.6858797073364258,False
arabert,T3,T3-f-0441,f,2.807954788208008,3.5742173194885254,2.8034331798553467,True
arabert,T3,T3-f-0442,f,4.111143112182617,5.550569534301758,4.623744010925293,True
arabert,T3,T3-f-0443,f,3.128812789916992,2.748352527618408,3.4551963806152344,True
arabert,T3,T3-f-0444,f,-1.8957786560058594,2.36147403717041,1.274216651916504,False
arabert,T3,T3-f-0445,f,0.060708045959472656,3.4873714447021484,1.2836689949035645,True
arabert,T3,T3-f-0446,f,-0.9777374267578125,2.3366641998291016,-0.4325132369995117,False
arabert,T3,T3-f-0447,f,-1.5572986602783203,2.2501134872436523,-1.5463972091674805,False
arabert,T3,T3-f-0448,f,4.310206413269043,2.3877854347229004,4.38547420501709,True
arabert,T3,T3-f-0449,f,2.3934435844421387,4.665156364440918,4.646768569946289,True
arabert,T3,T3-f-0450,f,-0.5876739025115967,-0.20604991912841797,-1.1139087677001953,False
arabert,T3,T3-f-0451,f,-2.4504709243774414,3.676074981689453,-1.711165428161621,False
arabert,T3,T3-f-0452,f,-1.5083446502685547,-0.07658576965332031,-1.0088825225830078,False
arabert,T3,T3-f-0453,f,2.450557231903076,3.238347053527832,2.485919952392578,True
arabert,T3,T3-f-0454,f,-3.36704158782959,0.051639556884765625,-0.09320259094238281,False
arabert,T3,T3-f-0455,f,3.796170234680176,4.2400736808776855,4.078853130340576,True
arabert,T3,T3-f-0456,f,-1.4082188606262207,3.5736336708068848,2.720937728881836,False
arabert,T3,T3-f-0457,f,-1.0066394805908203,0.6406440734863281,-1.054652214050293,False
arabert,T3,T3-f-0458,f,2.0557632446289062,2.5301055908203125,0.6137433052062988,True
arabert,T3,T3-f-0459,f,1.215022087097168,1.0634469985961914,0.8081512451171875,True
arabert,T3,T3-f-0460,f,1.9823112487792969,1.8051977157592773,1.140629768371582,True
arabert,T3,T3-f-0461,f,3.8612899780273438,4.411794662475586,3.9834203720092773,True
arabert,T3,T3-f-0462,f,4.301148414611816,4.033533096313477,4.306283473968506,True
arabert,T3,T3-f-0463,f,-2.8475799560546875,0.5756072998046875,0.5937385559082031,False
arabert,T3,T3-f-0464,f,3.585019826889038,4.5358147621154785,3.6378173828125,True
arabert,T3,T3-f-0465,f,2.5220813751220703,2.7209348678588867,1.8402185440063477,True
arabert,T3,T3-f-0466,f,-1.9473457336425781,-1.9150428771972656,-0.8284168243408203,False
arabert,T3,T3-f-0467,f,2.67830753326416,4.346796989440918,0.9453048706054688,True
arabert,T3,T3-f-0468,f,-5.043241500854492,-4.635886192321777,-5.242780685424805,False
arabert,T3,T3-f-0469,f,3.7896828651428223,5.263627052307129,4.251098155975342,True
arabert,T3,T3-f-0470,f,-1.5684590339660645,0.023026466369628906,-1.9474525451660156,False
arabert,T3,T3-f-0471,f,0.7934103012084961,3.4816370010375977,-0.8422756195068359,True
arabert,T3,T3-f-0472,f,2.255512237548828,3.394690990447998,1.3257532119750977,True
arabert,T3,T3-f-0473,f,-0.3472318649291992,1.293696403503418,0.7106513977050781,False
arabert,T3,T3-f-0474,f,1.0704832077026367,3.021623134613037,1.1164956092834473,True
arabert,T3,T3-f-0475,f,-0.2462925910949707,2.799962043762207,2.1784095764160156,False
arabert,T3,T3-f-0476,f,4.396542549133301,4.952857494354248,4.639366149902344,True
arabert,T3,T3-f-0477,f,-0.961216926574707,1.3325490951538086,-0.9523282051086426,False
arabert,T3,T3-f-0478,f,1.2732019424438477,3.8795814514160156,2.3794898986816406,True
arabert,T3,T3-f-0479,f,-0.5780282020568848,1.749711513519287,-1.0399179458618164,False
arabert,T3,T3-f-0480,f,0.24723577499389648,2.1316418647766113,0.5649271011352539,True
arabert,T3,T3-f-0481,f,-2.9040231704711914,0.40538835525512695,0.18203306198120117,False
arabert,T3,T3-f-0482,f,0.008224964141845703,1.9044427871704102,-0.5041589736938477,True
arabert,T3,T3-f-0483,f,-2.078890800476074,2.1690359115600586,-2.0455923080444336,False
arabert,T3,T3-f-0484,f,-1.1151018142700195,1.8938064575195312,-1.737532615661621,False
arabert,T3,T3-f-0485,f,0.33991527557373047,1.146566390991211,1.2333993911743164,True
arabert,T3,T3-f-0486,f,0.05604410171508789,3.9497714042663574,1.4323539733886719,True
arabert,T3,T3-f-0487,f,0.9360899925231934,3.727832317352295,2.36436128616333,True
arabert,T3,T3-f-0488,f,-1.4915285110473633,2.0545639991760254,-1.4315180778503418,False
arabert,T3,T3-f-0489,f,2.3081164360046387,3.018052101135254,2.0845870971679688,True
arabert,T3,T3-f-0490,f,-1.8573651313781738,1.5111923217773438,1.523026943206787,False
arabert,T3,T3-f-0491,f,4.599702835083008,5.021240234375,4.608362197875977,True
arabert,T3,T3-f-0492,f,-1.0400896072387695,1.227334976196289,-0.9779529571533203,False
arabert,T3,T3-f-0493,f,0.4735536575317383,2.5563411712646484,0.8138384819030762,True
arabert,T3,T3-f-0494,f,1.7538785934448242,3.081907272338867,2.2793045043945312,True
arabert,T3,T3-f-0495,f,1.4938325881958008,4.368842124938965,0.8697452545166016,True
arabert,T3,T3-f-0496,f,-2.094252586364746,-0.03395271301269531,-2.558124542236328,False
arabert,T3,T3-f-0497,f,0.8102407455444336,2.671248435974121,2.5802950859069824,True
arabert,T3,T3-f-0498,f,-1.591832160949707,0.15618181228637695,-1.5779776573181152,False
arabert,T3,T3-f-0499,f,-1.4923419952392578,3.0704565048217773,0.44300365447998047,False
arabert,T3,T3-f-0500,f,-2.1898727416992188,-2.088918685913086,-2.1777124404907227,False
arabert,T3,T3-f-0501,f,-2.779344081878662,0.5484061241149902,-1.5829496383666992,False
arabert,T3,T3-f-0502,f,-2.042806625366211,1.1176395416259766,-2.09285831451416,False
arabert,T3,T3-f-0503,f,-1.8324856758117676,-1.305525779724121,-1.8029885292053223,False
arabert,T3,T3-f-0504,f,-3.432384490966797,0.0032334327697753906,-2.1739654541015625,False
arabert,T3,T3-f-0505,f,-1.0149965286254883,4.4259185791015625,0.9237222671508789,False
arabert,T3,T3-f-0506,f,2.8473243713378906,4.893315315246582,1.564192771911621,True
arabert,T3,T3-f-0507,f,1.321211814880371,1.6842031478881836,1.0947628021240234,True
arabert,T3,T3-f-0508,f,0.39861202239990234,3.056612014770508,1.0739059448242188,True
arabert,T3,T3-f-0509,f,-1.2052021026611328,1.13751220703125,0.457061767578125,False
arabert,T3,T3-f-0510,f,-1.0120822191238403,-0.5709612369537354,-1.1441823244094849,False
arabert,T3,T3-f-0511,f,-2.3929433822631836,-1.128312110900879,-1.7096657752990723,False
arabert,T3,T3-f-0512,f,3.6298532485961914,3.7680530548095703,3.804269313812256,True
arabert,T3,T3-f-0513,f,-0.2336883544921875,1.0355844497680664,-0.4284982681274414,False
arabert,T3,T3-f-0514,f,0.8947963714599609,5.05803108215332,-0.5448236465454102,True
arabert,T3,T3-f-0515,f,-1.699366569519043,1.8023433685302734,-1.3126945495605469,False
arabert,T3,T3-f-0516,f,0.4382505416870117,1.2144708633422852,0.9850797653198242,True
arabert,T3,T3-f-0517,f,-0.6778597831726074,2.019805908203125,0.3773336410522461,False
arabert,T3,T3-f-0518,f,-0.37303829193115234,2.4144163131713867,-0.31778764724731445,False
arabert,T3,T3-f-0519,f,1.6202678680419922,1.7058868408203125,2.2184906005859375,True
arabert,T3,T3-f-0520,f,4.72088623046875,5.123247146606445,5.092486381530762,True
arabert,T3,T3-f-0521,f,1.7915410995483398,2.722378730773926,0.6094160079956055,True
arabert,T3,T3-f-0522,f,2.953585624694824,5.760564804077148,3.454361915588379,True
arabert,T3,T3-f-0523,f,0.8819465637207031,2.755636215209961,1.1568756103515625,True
arabert,T3,T3-f-0524,f,-0.3142838478088379,-0.8324556350708008,-0.19042539596557617,False
arabert,T3,T3-f-0525,f,0.4650287628173828,0.6722745895385742,1.019892692565918,True
arabert,T3,T3-f-0526,f,-3.16868257522583,2.237009048461914,-1.8491368293762207,False
arabert,T3,T3-f-0527,f,-1.1180105209350586,1.0315895080566406,-0.30332279205322266,False
arabert,T3,T3-f-0528,f,3.3169069290161133,3.829401969909668,3.369328498840332,True
arabert,T3,T3-f-0529,f,-1.8842887878417969,1.7338666915893555,-1.4348325729370117,False
arabert,T3,T3-f-0530,f,0.7021112442016602,2.1409873962402344,0.12212085723876953,True
arabert,T3,T3-f-0531,f,-0.051822662353515625,1.517608642578125,1.6421546936035156,False
arabert,T3,T3-f-0532,f,-2.1138877868652344,-1.1204280853271484,-2.342421054840088,False
arabert,T3,T3-f-0533,f,2.8011255264282227,4.085728645324707,1.8087568283081055,True
arabert,T3,T3-f-0534,f,0.5728120803833008,2.677278518676758,0.9869050979614258,True
arabert,T3,T3-f-0535,f,0.03204154968261719,2.641484260559082,0.7692642211914062,True
arabert,T3,T3-f-0536,f,-2.337578296661377,2.549797534942627,0.9854755401611328,False
arabert,T3,T3-f-0537,f,-3.7337913513183594,-0.9983854293823242,-3.352950096130371,False
arabert,T3,T3-f-0538,f,-0.9886680841445923,0.3148397207260132,-0.8218550682067871,False
arabert,T3,T3-f-0539,f,2.7410945892333984,4.241199493408203,3.283125877380371,True
arabert,T3,T3-f-0540,f,2.7509617805480957,3.007223129272461,2.9887266159057617,True
arabert,T3,T3-f-0541,f,-1.444976806640625,2.0329818725585938,-0.7249259948730469,False
arabert,T3,T3-f-0542,f,-3.103053092956543,1.0823240280151367,-0.030145645141601562,False
arabert,T3,T3-f-0543,f,0.07159042358398438,2.180450439453125,0.5599479675292969,True
arabert,T3,T3-f-0544,f,2.593939781188965,3.4390296936035156,2.65909481048584,True
arabert,T3,T3-f-0545,f,3.1689629554748535,3.314060688018799,3.3362603187561035,True
arabert,T3,T3-f-0546,f,-0.9258748292922974,0.6191461086273193,-1.43617582321167,False
arabert,T3,T3-f-0547,f,-2.6593446731567383,0.6046848297119141,-2.011688232421875,False
arabert,T3,T3-f-0548,f,0.8688716888427734,1.7968177795410156,0.21618175506591797,True
arabert,T3,T3-f-0549,f,1.0083279609680176,3.4783687591552734,1.4121980667114258,True
arabert,T3,T3-f-0550,f,-4.088463306427002,-0.8401870727539062,-3.16837739944458,False
arabert,T3,T3-f-0551,f,3.1704587936401367,4.975797653198242,4.337710380554199,True
arabert,T3,T3-f-0552,f,3.7364816665649414,4.244112968444824,3.918745994567871,True
arabert,T3,T3-f-0553,f,-0.3480229377746582,0.19375276565551758,-0.5255718231201172,False
arabert,T3,T3-f-0554,f,-1.4505212306976318,-0.6829283237457275,-1.2350841760635376,False
arabert,T3,T3-f-0555,f,-3.3560190200805664,-2.5631985664367676,-1.5970039367675781,False
arabert,T3,T3-f-0556,f,2.6856980323791504,2.7561779022216797,2.4917845726013184,True
arabert,T3,T3-f-0557,f,2.703367233276367,3.653228759765625,2.3273849487304688,True
arabert,T3,T3-f-0558,f,-2.3690872192382812,3.2200069427490234,3.0886306762695312,False
arabert,T3,T3-f-0559,f,3.1956381797790527,1.4336910247802734,3.1002492904663086,True
arabert,T3,T3-f-0560,f,-3.4049549102783203,-1.8760318756103516,-3.858088493347168,False
arabert,T3,T3-f-0561,f,-0.938542366027832,1.2953462600708008,-0.038155555725097656,False
arabert,T3,T3-f-0562,f,3.985828399658203,4.138586044311523,2.227820873260498,True
arabert,T3,T3-f-0563,f,1.8255653381347656,2.49660587310791,1.2602128982543945,True
arabert,T3,T3-f-0564,f,-2.188649892807007,-1.0306992530822754,-1.7974700927734375,False
arabert,T3,T3-f-0565,f,-3.2834959030151367,1.7669415473937988,0.9813051223754883,False
arabert,T3,T3-f-0566,f,0.15120840072631836,2.2560229301452637,0.46074438095092773,True
arabert,T3,T3-f-0567,f,0.21131420135498047,1.7641324996948242,-0.6241388320922852,True
arabert,T3,T3-f-0568,f,-2.602998971939087,-0.8685617446899414,-2.173520565032959,False
arabert,T3,T3-f-0569,f,-0.6237044334411621,2.336514472961426,-0.7238836288452148,False
arabert,T3,T3-f-0570,f,2.1092584133148193,1.4087791442871094,1.0421886444091797,True
arabert,T3,T3-f-0571,f,3.349198341369629,4.900642395019531,4.316370010375977,True
arabert,T3,T3-f-0572,f,0.7570285797119141,2.980642318725586,0.6522173881530762,True
arabert,T3,T3-f-0573,f,-1.482192039489746,1.8951644897460938,-1.2282743453979492,False
arabert,T3,T3-f-0574,f,-1.6916313171386719,0.13259410858154297,-1.5579462051391602,False
arabert,T3,T3-f-0575,f,0.7173013687133789,3.4349441528320312,-1.4731411933898926,True
arabert,T3,T3-f-0576,f,2.404897689819336,4.349068641662598,2.6021604537963867,True
arabert,T3,T3-f-0577,f,-2.2142326831817627,-0.975393533706665,-0.8360481262207031,False
arabert,T3,T3-f-0578,f,0.23932361602783203,3.537093162536621,0.25838279724121094,True
arabert,T3,T3-f-0579,f,0.4226348400115967,2.0184524059295654,0.42552733421325684,True
arabert,T3,T3-f-0580,f,0.8468770980834961,3.842423439025879,3.07363224029541,True
arabert,T3,T3-f-0581,f,0.8697967529296875,2.7466259002685547,1.8456201553344727,True
arabert,T3,T3-f-0582,f,0.6363544464111328,2.3865041732788086,1.5738983154296875,True
arabert,T3,T3-f-0583,f,0.9898252487182617,0.4797077178955078,0.6169195175170898,True
arabert,T3,T3-f-0584,f,3.620880603790283,4.334711074829102,3.4277987480163574,True
arabert,T3,T3-f-0585,f,2.1940407752990723,2.9259328842163086,1.562242031097412,True
arabert,T3,T3-f-0586,f,3.7071304321289062,3.696621894836426,3.808612823486328,True
arabert,T3,T3-f-0587,f,1.7304182052612305,3.5286312103271484,1.206674575805664,True
arabert,T3,T3-f-0588,f,-1.0176897048950195,0.8259868621826172,0.08377933502197266,False
arabert,T3,T3-f-0589,f,-0.3545665740966797,2.1137466430664062,0.9959449768066406,False
arabert,T3,T3-f-0590,f,1.4102487564086914,2.0830793380737305,0.6765890121459961,True
arabert,T3,T3-f-0591,f,1.5993366241455078,1.4878959655761719,1.7523183822631836,True
arabert,T3,T3-f-0592,f,2.516341209411621,3.440370559692383,2.944220542907715,True
arabert,T3,T3-f-0593,f,-2.635718584060669,1.3305039405822754,-1.4560661315917969,False
arabert,T3,T3-f-0594,f,0.9716281890869141,1.8696708679199219,-0.22306585311889648,True
arabert,T3,T3-f-0595,f,0.9436140060424805,1.5192365646362305,0.2333965301513672,True
arabert,T3,T3-f-0596,f,-2.238823413848877,0.7384352684020996,-1.1671600341796875,False
arabert,T3,T3-f-0597,f,0.3446969985961914,5.0356340408325195,0.4720134735107422,True
arabert,T3,T3-f-0598,f,-4.387889385223389,-2.191987991333008,-3.755647659301758,False
arabert,T3,T3-f-0599,f,-4.316877365112305,-3.0837316513061523,-2.715090751647949,False
arabert,T6,T6-m-0000,m,0.013871192932128906,0.5080351829528809,-0.4774494171142578,True
arabert,T6,T6-m-0001,m,0.25444555282592773,2.2060861587524414,0.8507072925567627,True
arabert,T6,T6-m-0002,m,3.9086270332336426,5.714478492736816,3.001797676086426,True
arabert,T6,T6-m-0003,m,2.4982829093933105,3.882575511932373,2.612771511077881,True
arabert,T6,T6-m-0004,m,-0.5146675109863281,1.8429794311523438,-1.3359003067016602,False
arabert,T6,T6-m-0005,m,3.8261799812316895,3.9436211585998535,2.229794979095459,True
arabert,T6,T6-m-0006,m,1.2880148887634277,2.8908348083496094,2.0056638717651367,True
arabert,T6,T6-m-0007,m,-3.2140121459960938,2.8468971252441406,-3.5659399032592773,False
arabert,T6,T6-m-0008,m,1.500288486480713,2.111762523651123,1.5341367721557617,True
arabert,T6,T6-m-0009,m,0.5963134765625,3.03196382522583,2.6962194442749023,True
arabert,T6,T6-m-0010,m,-0.02486705780029297,3.1815085411071777,-0.09969043731689453,False
arabert,T6,T6-m-0011,m,1.6742324829101562,2.7318572998046875,1.1123237609863281,True
arabert,T6,T6-m-0012,m,0.22174930572509766,3.011444568634033,1.6671886444091797,True
arabert,T6,T6-m-0013,m,0.11983203887939453,1.5634403228759766,0.07695960998535156,True
arabert,T6,T6-m-0014,m,-0.6236042976379395,3.4693920612335205,0.2909555435180664,False
arabert,T6,T6-m-0015,m,0.9913454055786133,2.2500452995300293,0.8313064575195312,True
arabert,T6,T6-m-0016,m,1.1574259996414185,1.8287826776504517,1.1505950689315796,True
arabert,T6,T6-m-0017,m,1.2981374263763428,2.414477586746216,1.5064594745635986,True
arabert,T6,T6-m-0018,m,1.2909214496612549,2.8722262382507324,0.6524600982666016,True
arabert,T6,T6-m-0019,m,3.031724452972412,2.918797016143799,1.8817470073699951,True
arabert,T6,T6-m-0020,m,-1.4240431785583496,1.5827412605285645,-1.4369053840637207,False
arabert,T6,T6-m-0021,m,1.3840303421020508,2.4830918312072754,1.4082765579223633,True
arabert,T6,T6-m-0022,m,-0.2855238914489746,1.553513526916504,-0.030137062072753906,False
arabert,T6,T6-m-0023,m,0.7441539764404297,2.3000106811523438,0.6457672119140625,True
arabert,T6,T6-m-0024,m,1.0072736740112305,1.4278860092163086,1.293574333190918,True
arabert,T6,T6-m-0025,m,0.7482337951660156,3.2297816276550293,-0.929509162902832,True
arabert,T6,T6-m-0026,m,2.156010627746582,2.258652687072754,1.643204689025879,True
arabert,T6,T6-m-0027,m,0.1939563751220703,2.335846424102783,0.9019956588745117,True
arabert,T6,T6-m-0028,m,0.7218999862670898,2.914809226989746,0.6938238143920898,True
arabert,T6,T6-m-0029,m,1.928971290588379,4.762325286865234,1.790257453918457,True
arabert,T6,T6-m-0030,m,-2.2293620109558105,-0.5921328067779541,-1.7377651929855347,False
arabert,T6,T6-m-0031,m,2.485081672668457,2.5394210815429688,1.917159080505371,True
arabert,T6,T6-m-0032,m,0.5498466491699219,1.6486902236938477,0.6398491859436035,True
arabert,T6,T6-m-0033,m,0.9351863861083984,1.9798011779785156,0.9591922760009766,True
arabert,T6,T6-m-0034,m,0.6786403656005859,1.7383220195770264,1.5868825912475586,True
arabert,T6,T6-m-0035,m,0.6969184875488281,2.8032665252685547,0.8534383773803711,True
arabert,T6,T6-m-0036,m,1.721221923828125,3.1603994369506836,1.5715060234069824,True
arabert,T6,T6-m-0037,m,-1.3771581649780273,2.491640090942383,0.48140621185302734,False
arabert,T6,T6-m-0038,m,-1.1957263946533203,2.596780776977539,-0.5808086395263672,False
arabert,T6,T6-m-0039,m,1.0465726852416992,1.4860248565673828,0.8255214691162109,True
arabert,T6,T6-m-0040,m,-0.08254718780517578,2.8913192749023438,-0.31353187561035156,False
arabert,T6,T6-m-0041,m,0.3107028007507324,1.7723665237426758,0.6642513275146484,True
arabert,T6,T6-m-0042,m,2.311347484588623,2.6467695236206055,2.9438281059265137,True
arabert,T6,T6-m-0043,m,1.3832149505615234,2.630678176879883,0.566490650177002,True
arabert,T6,T6-m-0044,m,2.3474674224853516,3.1393747329711914,2.275127410888672,True
arabert,T6,T6-m-0045,m,-1.0245122909545898,2.487466812133789,-0.5627603530883789,False
arabert,T6,T6-m-0046,m,2.465116500854492,3.9600000381469727,1.6481380462646484,True
arabert,T6,T6-m-0047,m,-0.31557369232177734,1.6474952697753906,-1.8617544174194336,False
arabert,T6,T6-m-0048,m,2.004024028778076,3.2538084983825684,2.2617101669311523,True
arabert,T6,T6-m-0049,m,2.7370986938476562,3.632903575897217,1.9154462814331055,True
arabert,T6,T6-m-0050,m,2.5992307662963867,4.17075252532959,1.2328033447265625,True
arabert,T6,T6-m-0051,m,-0.03202533721923828,1.6490287780761719,-0.17278671264648438,False
arabert,T6,T6-m-0052,m,-2.43810772895813,-0.7998526692390442,-1.6331547498703003,False
arabert,T6,T6-m-0053,m,1.1022915840148926,3.085999011993408,1.672964096069336,True
arabert,T6,T6-m-0054,m,2.3647727966308594,3.3410110473632812,1.4229850769042969,True
arabert,T6,T6-m-0055,m,2.1545114517211914,4.039538383483887,1.2738094329833984,True
arabert,T6,T6-m-0056,m,0.42039012908935547,1.7409381866455078,1.1893720626831055,True
arabert,T6,T6-m-0057,m,2.7670063972473145,3.4091711044311523,1.7327666282653809,True
arabert,T6,T6-m-0058,m,1.0869202613830566,2.1684107780456543,2.092041492462158,True
arabert,T6,T6-m-0059,m,1.5645837783813477,3.5301666259765625,1.2334566116333008,True
arabert,T6,T6-m-0060,m,1.690659523010254,2.3250913619995117,0.6628818511962891,True
arabert,T6,T6-m-0061,m,0.8476181030273438,1.4459171295166016,0.9732398986816406,True
arabert,T6,T6-m-0062,m,0.679692268371582,2.161561965942383,0.7071971893310547,True
arabert,T6,T6-m-0063,m,1.4002704620361328,1.8504114151000977,1.7152891159057617,True
arabert,T6,T6-m-0064,m,-0.9405879974365234,0.9683003425598145,-0.39742517471313477,False
arabert,T6,T6-m-0065,m,2.680936813354492,3.1431102752685547,2.365931510925293,True
arabert,T6,T6-m-0066,m,-1.0465726852416992,2.352095603942871,-0.48047924041748047,False
arabert,T6,T6-m-0067,m,-0.2018299102783203,1.7310876846313477,-0.1428813934326172,False
arabert,T6,T6-m-0068,m,1.7357797622680664,2.4701104164123535,1.989732265472412,True
arabert,T6,T6-m-0069,m,0.3474764823913574,1.7206978797912598,0.14628982543945312,True
arabert,T6,T6-m-0070,m,1.1471118927001953,1.6591434478759766,1.7649917602539062,True
arabert,T6,T6-m-0071,m,-0.9974203109741211,1.547457218170166,0.14348602294921875,False
arabert,T6,T6-m-0072,m,-0.006664276123046875,1.7089662551879883,-0.11416816711425781,False
arabert,T6,T6-m-0073,m,1.3296856880187988,2.25408935546875,1.3281702995300293,True
arabert,T6,T6-m-0074,m,-0.5343585014343262,0.4928584098815918,-1.0067768096923828,False
arabert,T6,T6-m-0075,m,-1.4478158950805664,1.6062836647033691,-0.8445048332214355,False
arabert,T6,T6-m-0076,m,-0.10013866424560547,2.6834030151367188,2.3584938049316406,False
arabert,T6,T6-m-0077,m,1.2892332077026367,1.7015514373779297,1.4043359756469727,True
arabert,T6,T6-m-0078,m,-0.5419249534606934,0.4989314079284668,0.029404640197753906,False
arabert,T6,T6-m-0079,m,3.5077266693115234,3.147089958190918,3.565511703491211,True
arabert,T6,T6-m-0080,m,-3.3347702026367188,2.9313182830810547,-2.512795925140381,False
arabert,T6,T6-m-0081,m,1.2041335105895996,2.0160884857177734,1.622058391571045,True
arabert,T6,T6-m-0082,m,2.4474706649780273,3.117833137512207,2.810791492462158,True
arabert,T6,T6-m-0083,m,-0.7815942764282227,3.6655831336975098,-1.4631009101867676,False
arabert,T6,T6-m-0084,m,2.407855987548828,3.682567596435547,2.410632610321045,True
arabert,T6,T6-m-0085,m,-0.6079020500183105,2.346647262573242,0.6372494697570801,False
arabert,T6,T6-m-0086,m,1.1580719947814941,2.0717787742614746,1.0421116352081299,True
arabert,T6,T6-m-0087,m,2.07316255569458,2.6200037002563477,1.9844322204589844,True
arabert,T6,T6-m-0088,m,-0.2825441360473633,1.041429042816162,1.2253222465515137,False
arabert,T6,T6-m-0089,m,1.4825081825256348,1.864114761352539,0.9629406929016113,True
arabert,T6,T6-m-0090,m,-2.3482840061187744,-1.9719234704971313,-2.2149124145507812,False
arabert,T6,T6-m-0091,m,1.997549057006836,1.6675556898117065,0.44933319091796875,True
arabert,T6,T6-m-0092,m,0.1325550079345703,1.7733898162841797,-0.8497133255004883,True
arabert,T6,T6-m-0093,m,0.9129209518432617,0.9947538375854492,1.0019559860229492,True
arabert,T6,T6-m-0094,m,-1.5122547149658203,2.7466092109680176,1.2777152061462402,False
arabert,T6,T6-m-0095,m,2.6048836708068848,3.931018829345703,2.3450284004211426,True
arabert,T6,T6-m-0096,m,2.339231014251709,4.408119201660156,2.4624078273773193,True
arabert,T6,T6-m-0097,m,-0.9215359687805176,3.2956786155700684,0.40243959426879883,False
arabert,T6,T6-m-0098,m,2.188312530517578,2.9275336265563965,2.217306137084961,True
arabert,T6,T6-m-0099,m,-1.4623417854309082,0.19106698036193848,-0.9544146060943604,False
arabert,T6,T6-m-0100,m,0.18999862670898438,0.16185474395751953,0.7290325164794922,True
arabert,T6,T6-m-0101,m,1.0137629508972168,2.525221824645996,1.3145294189453125,True
arabert,T6,T6-m-0102,m,1.3387641906738281,2.1371002197265625,1.0242767333984375,True
arabert,T6,T6-m-0103,m,1.4006319046020508,2.3080520629882812,0.6006021499633789,True
arabert,T6,T6-m-0104,m,-2.3979907035827637,0.7837553024291992,-0.9805727005004883,False
arabert,T6,T6-m-0105,m,-0.3115406036376953,1.4425392150878906,-0.083251953125,False
arabert,T6,T6-m-0106,m,-0.8930845260620117,0.06838846206665039,-0.4960780143737793,False
arabert,T6,T6-m-0107,m,0.4953899383544922,1.4926509857177734,0.9237203598022461,True
arabert,T6,T6-m-0108,m,-3.904115676879883,-0.39563560485839844,-3.509632110595703,False
arabert,T6,T6-m-0109,m,4.319775104522705,5.215762138366699,2.9888558387756348,True
arabert,T6,T6-m-0110,m,1.8766064643859863,2.4561033248901367,0.3494439125061035,True
arabert,T6,T6-m-0111,m,1.170863151550293,3.6169090270996094,1.7019238471984863,True
arabert,T6,T6-m-0112,m,3.0769171714782715,3.425820827484131,1.3153420686721802,True
arabert,T6,T6-m-0113,m,-0.23243427276611328,2.0151453018188477,-0.12264442443847656,False
arabert,T6,T6-m-0114,m,1.811452865600586,2.1084041595458984,1.1993992328643799,True
arabert,T6,T6-m-0115,m,-1.4304838180541992,1.3535890579223633,-0.0858612060546875,False
arabert,T6,T6-m-0116,m,3.134208917617798,2.8973891735076904,3.4748458862304688,True
arabert,T6,T6-m-0117,m,-3.8026299476623535,-1.357804775238037,-2.733024835586548,False
arabert,T6,T6-m-0118,m,0.362241268157959,2.509756088256836,0.9598894119262695,True
arabert,T6,T6-m-0119,m,0.7327690124511719,2.659842014312744,0.6510872840881348,True
arabert,T6,T6-m-0120,m,0.9104938507080078,1.9570465087890625,0.47326183319091797,True
arabert,T6,T6-m-0121,m,1.5264921188354492,2.58062481880188,1.8422913551330566,True
arabert,T6,T6-m-0122,m,2.329019546508789,2.8144187927246094,0.8119058609008789,True
arabert,T6,T6-m-0123,m,1.0770649909973145,2.2672014236450195,0.953373908996582,True
arabert,T6,T6-m-0124,m,1.085214614868164,3.020199775695801,1.4551219940185547,True
arabert,T6,T6-m-0125,m,2.238750457763672,2.892038345336914,2.4782321453094482,True
arabert,T6,T6-m-0126,m,1.2356581687927246,2.7353134155273438,1.0107440948486328,True
arabert,T6,T6-m-0127,m,0.76019287109375,1.3879666328430176,-0.5301108360290527,True
arabert,T6,T6-m-0128,m,-0.5875978469848633,0.8285951614379883,-0.1376209259033203,False
arabert,T6,T6-m-0129,m,2.216158390045166,4.885712623596191,1.3546533584594727,True
arabert,T6,T6-m-0130,m,2.772153854370117,2.8133249282836914,1.0586318969726562,True
arabert,T6,T6-m-0131,m,-0.44989442825317383,1.8301081657409668,0.07600116729736328,False
arabert,T6,T6-m-0132,m,0.7006912231445312,0.9372749328613281,0.6680002212524414,True
arabert,T6,T6-m-0133,m,1.9185791015625,3.447050094604492,1.1896419525146484,True
arabert,T6,T6-m-0134,m,-0.07146167755126953,1.6462068557739258,0.5172405242919922,False
arabert,T6,T6-m-0135,m,1.5703144073486328,3.203913688659668,1.7400436401367188,True
arabert,T6,T6-m-0136,m,-1.822906494140625,-1.2866220474243164,-1.3667916059494019,False
arabert,T6,T6-m-0137,m,-1.8384075164794922,1.3264260292053223,-1.2650108337402344,False
arabert,T6,T6-m-0138,m,-4.740016937255859,2.964444160461426,-5.060616493225098,False
arabert,T6,T6-m-0139,m,2.202338218688965,2.359750747680664,2.629868507385254,True
arabert,T6,T6-m-0140,m,1.032752513885498,2.50357723236084,0.686455249786377,True
arabert,T6,T6-m-0141,m,2.139059066772461,4.482666015625,1.0062932968139648,True
arabert,T6,T6-m-0142,m,0.9882755279541016,1.403059959411621,0.8321046829223633,True
arabert,T6,T6-m-0143,m,2.7105350494384766,3.09912109375,3.0250039100646973,True
arabert,T6,T6-m-0144,m,-2.5982964038848877,-0.9876060485839844,-1.850391149520874,False
arabert,T6,T6-m-0145,m,1.626546859741211,1.9220504760742188,1.6909594535827637,True
arabert,T6,T6-m-0146,m,-0.5136451721191406,2.5669002532958984,0.44997406005859375,False
arabert,T6,T6-m-0147,m,1.8574881553649902,3.2645621299743652,1.878983974456787,True
arabert,T6,T6-m-0148,m,1.42547607421875,4.16040563583374,0.9140872955322266,True
arabert,T6,T6-m-0149,m,0.12855291366577148,1.6913690567016602,0.7808761596679688,True
arabert,T6,T6-m-0150,m,2.9833602905273438,1.5953693389892578,2.267996072769165,True
arabert,T6,T6-m-0151,m,0.6786432266235352,2.134209156036377,0.3092203140258789,True
arabert,T6,T6-m-0152,m,-0.509089469909668,1.5814952850341797,-0.8740906715393066,False
arabert,T6,T6-m-0153,m,0.36812305450439453,1.5151615142822266,0.1845684051513672,True
arabert,T6,T6-m-0154,m,0.2758650779724121,1.5202345848083496,0.7152762413024902,True
arabert,T6,T6-m-0155,m,0.17537689208984375,3.0187196731567383,-0.1267251968383789,True
arabert,T6,T6-m-0156,m,1.1915078163146973,3.4834847450256348,1.7150936126708984,True
arabert,T6,T6-m-0157,m,1.4095888137817383,2.407470226287842,0.6917452812194824,True
arabert,T6,T6-m-0158,m,2.6076369285583496,4.34407377243042,2.292543888092041,True
arabert,T6,T6-m-0159,m,0.5763497352600098,1.304704189300537,0.11054420471191406,True
arabert,T6,T6-m-0160,m,1.8206443786621094,3.10891056060791,2.677379608154297,True
arabert,T6,T6-m-0161,m,-1.5376558303833008,0.21478033065795898,-1.7685937881469727,False
arabert,T6,T6-m-0162,m,1.4107141494750977,2.1932668685913086,1.4041972160339355,True
arabert,T6,T6-m-0163,m,-2.4868927001953125,-1.0909221172332764,-2.6786563396453857,False
arabert,T6,T6-m-0164,m,-0.3572721481323242,2.646937131881714,-0.3851466178894043,False
arabert,T6,T6-m-0165,m,3.0289993286132812,3.5945730209350586,3.3445520401000977,True
arabert,T6,T6-m-0166,m,-1.7404966354370117,1.3229074478149414,-1.7355833053588867,False
arabert,T6,T6-m-0167,m,-0.9015202522277832,-0.42052626609802246,-0.11005616188049316,False
arabert,T6,T6-m-0168,m,1.595261573791504,4.328649520874023,1.1428699493408203,True
arabert,T6,T6-m-0169,m,-0.04352712631225586,1.775322437286377,-0.9681220054626465,False
arabert,T6,T6-m-0170,m,-0.04846382141113281,2.5357651710510254,-1.07073974609375,False
arabert,T6,T6-m-0171,m,1.8857178688049316,2.9069066047668457,1.324052333831787,True
arabert,T6,T6-m-0172,m,-0.36441993713378906,0.7797517776489258,-0.09901618957519531,False
arabert,T6,T6-m-0173,m,2.023421287536621,3.7488455772399902,3.7819390296936035,True
arabert,T6,T6-m-0174,m,-0.38164663314819336,1.1870498657226562,-0.45845890045166016,False
arabert,T6,T6-m-0175,m,1.0062341690063477,2.653263568878174,0.8531460762023926,True
arabert,T6,T6-m-0176,m,2.155712604522705,3.566615581512451,2.336447238922119,True
arabert,T6,T6-m-0177,m,4.144767761230469,4.899415969848633,4.438992500305176,True
arabert,T6,T6-m-0178,m,0.4232158660888672,1.7512907981872559,0.35398244857788086,True
arabert,T6,T6-m-0179,m,-0.16559123992919922,-0.24775934219360352,0.09064531326293945,False
arabert,T6,T6-m-0180,m,1.6854681968688965,3.650052547454834,2.0253524780273438,True
arabert,T6,T6-m-0181,m,0.942924976348877,2.067790985107422,0.28807878494262695,True
arabert,T6,T6-m-0182,m,-0.6586875915527344,0.8191037178039551,-0.46154117584228516,False
arabert,T6,T6-m-0183,m,2.001321792602539,3.0420188903808594,1.6984949111938477,True
arabert,T6,T6-m-0184,m,2.4174680709838867,3.8942952156066895,1.8860020637512207,True
arabert,T6,T6-m-0185,m,-0.9009332656860352,0.8445110321044922,-0.8977947235107422,False
arabert,T6,T6-m-0186,m,-1.3449788093566895,0.8814845085144043,-1.4659061431884766,False
arabert,T6,T6-m-0187,m,0.9073972702026367,3.701997756958008,1.9554414749145508,True
arabert,T6,T6-m-0188,m,1.7296934127807617,2.1933813095092773,1.3558387756347656,True
arabert,T6,T6-m-0189,m,-0.40245914459228516,4.075828552246094,-2.197178840637207,False
arabert,T6,T6-m-0190,m,1.1275429725646973,2.833441734313965,2.1851258277893066,True
arabert,T6,T6-m-0191,m,0.9238357543945312,2.945809841156006,0.8584184646606445,True
arabert,T6,T6-m-0192,m,2.5884790420532227,4.750040054321289,1.802292823791504,True
arabert,T6,T6-m-0193,m,2.0274643898010254,3.245548725128174,1.847301959991455,True
arabert,T6,T6-m-0194,m,-1.889923095703125,2.625978469848633,-0.8649396896362305,False
arabert,T6,T6-m-0195,m,0.4985527992248535,2.1795811653137207,0.47887229919433594,True
arabert,T6,T6-m-0196,m,0.9209532737731934,1.9034972190856934,1.0266709327697754,True
arabert,T6,T6-m-0197,m,1.424098014831543,2.955510377883911,0.05252265930175781,True
arabert,T6,T6-m-0198,m,1.1935243606567383,2.7560386657714844,1.696432113647461,True
arabert,T6,T6-m-0199,m,0.28731441497802734,1.6360154151916504,1.3046236038208008,True
arabert,T6,T6-m-0200,m,0.8571667671203613,2.8315305709838867,-0.47873830795288086,True
arabert,T6,T6-m-0201,m,2.2056140899658203,2.822568893432617,2.65683650970459,True
arabert,T6,T6-m-0202,m,1.4065027236938477,2.304703712463379,1.4266357421875,True
arabert,T6,T6-m-0203,m,2.291247844696045,2.846496105194092,1.2592945098876953,True
arabert,T6,T6-m-0204,m,2.122103214263916,3.7629098892211914,2.2504372596740723,True
arabert,T6,T6-m-0205,m,3.434741973876953,4.0270280838012695,3.8741559982299805,True
arabert,T6,T6-m-0206,m,1.9128170013427734,2.2220335006713867,1.004124402999878,True
arabert,T6,T6-m-0207,m,0.9694423675537109,2.1913890838623047,0.8104801177978516,True
arabert,T6,T6-m-0208,m,-3.3500704765319824,-1.5357158184051514,-1.8681511878967285,False
arabert,T6,T6-m-0209,m,1.7214851379394531,3.2250404357910156,1.721048355102539,True
arabert,T6,T6-m-0210,m,-2.3550448417663574,-0.9415130615234375,-1.8809009790420532,False
arabert,T6,T6-m-0211,m,1.55364990234375,2.320925712585449,1.2992219924926758,True
arabert,T6,T6-m-0212,m,0.7771687507629395,2.1835789680480957,0.3669900894165039,True
arabert,T6,T6-m-0213,m,1.1516704559326172,1.9474716186523438,1.6301336288452148,True
arabert,T6,T6-m-0214,m,-0.4835796356201172,1.7166447639465332,-0.6690568923950195,False
arabert,T6,T6-m-0215,m,0.4154958724975586,1.440269947052002,0.1518259048461914,True
arabert,T6,T6-m-0216,m,2.796834945678711,3.926452159881592,1.8223648071289062,True
arabert,T6,T6-m-0217,m,1.0689315795898438,2.974893569946289,-0.482327938079834,True
arabert,T6,T6-m-0218,m,0.5269994735717773,1.9081230163574219,2.6427950859069824,True
arabert,T6,T6-m-0219,m,2.093533515930176,3.1136956214904785,3.0903353691101074,True
arabert,T6,T6-m-0220,m,-1.7486952543258667,-0.6033400297164917,-0.7890159487724304,False
arabert,T6,T6-m-0221,m,0.3806266784667969,2.035799026489258,0.318143367767334,True
arabert,T6,T6-m-0222,m,1.2543034553527832,2.0589590072631836,1.3288121223449707,True
arabert,T6,T6-m-0223,m,1.5433521270751953,2.8570783138275146,2.070864677429199,True
arabert,T6,T6-m-0224,m,1.330918312072754,3.0022058486938477,1.7565226554870605,True
arabert,T6,T6-m-0225,m,2.235081672668457,2.5849945545196533,1.4622493982315063,True
arabert,T6,T6-m-0226,m,-0.12084579467773438,2.0417861938476562,-0.1094207763671875,False
arabert,T6,T6-m-0227,m,2.4347634315490723,3.999394178390503,1.7226347923278809,True
arabert,T6,T6-m-0228,m,2.159836769104004,3.1320176124572754,0.6369671821594238,True
arabert,T6,T6-m-0229,m,0.018793106079101562,1.470942497253418,0.16839313507080078,True
arabert,T6,T6-m-0230,m,2.3656740188598633,1.986379861831665,1.45255708694458,True
arabert,T6,T6-m-0231,m,-1.3814671039581299,0.3216819763183594,-0.013713836669921875,False
arabert,T6,T6-m-0232,m,-0.6314735412597656,1.4231700897216797,0.12906265258789062,False
arabert,T6,T6-m-0233,m,-0.5239253044128418,0.5312871932983398,-0.8593835830688477,False
arabert,T6,T6-m-0234,m,1.0129642486572266,1.558149814605713,1.6646151542663574,True
arabert,T6,T6-m-0235,m,-1.7492265701293945,1.6311030387878418,0.7553925514221191,False
arabert,T6,T6-m-0236,m,0.4982900619506836,2.0442986488342285,0.7657756805419922,True
arabert,T6,T6-m-0237,m,-0.216064453125,3.0479063987731934,-1.1726198196411133,False
arabert,T6,T6-m-0238,m,1.7677035331726074,2.9855804443359375,1.61317777633667,True
arabert,T6,T6-m-0239,m,1.0168190002441406,2.6568245887756348,-1.6414918899536133,True
arabert,T6,T6-m-0240,m,0.6640620231628418,2.045633316040039,0.9406156539916992,True
arabert,T6,T6-m-0241,m,2.8920629024505615,3.3750650882720947,2.3195695877075195,True
arabert,T6,T6-m-0242,m,-0.6283059120178223,2.2288360595703125,-1.0039634704589844,False
arabert,T6,T6-m-0243,m,0.7643356323242188,1.7840232849121094,0.22903776168823242,True
arabert,T6,T6-m-0244,m,2.0006542205810547,3.9021153450012207,2.201498031616211,True
arabert,T6,T6-m-0245,m,-0.3640928268432617,1.584540843963623,-1.2182440757751465,False
arabert,T6,T6-m-0246,m,-0.0992884635925293,1.8583598136901855,-0.29578685760498047,False
arabert,T6,T6-m-0247,m,-0.9138164520263672,1.252084732055664,-0.622528076171875,False
arabert,T6,T6-m-0248,m,-2.4823145866394043,0.15383005142211914,-2.4933700561523438,False
arabert,T6,T6-m-0249,m,1.137385368347168,3.342924118041992,0.20873069763183594,True
arabert,T6,T6-m-0250,m,0.5884561538696289,1.3473286628723145,0.809607982635498,True
arabert,T6,T6-m-0251,m,1.8550310134887695,2.429086685180664,0.8997249603271484,True
arabert,T6,T6-m-0252,m,0.655451774597168,3.7714221477508545,0.7987532615661621,True
arabert,T6,T6-m-0253,m,1.2655267715454102,3.0961461067199707,-0.4639873504638672,True
arabert,T6,T6-m-0254,m,0.6298751831054688,2.6755800247192383,0.9628438949584961,True
arabert,T6,T6-m-0255,m,-0.10134315490722656,2.9407358169555664,-0.9526815414428711,False
arabert,T6,T6-m-0256,m,1.3865599632263184,2.734382152557373,0.965031623840332,True
arabert,T6,T6-m-0257,m,1.6877851486206055,3.951995849609375,2.4698448181152344,True
arabert,T6,T6-m-0258,m,-2.724482774734497,-2.374767780303955,-1.983125925064087,False
arabert,T6,T6-m-0259,m,-0.6807336807250977,0.9372124671936035,-0.7267780303955078,False
arabert,T6,T6-m-0260,m,-0.9240093231201172,1.8964462280273438,-0.7318878173828125,False
arabert,T6,T6-m-0261,m,2.5702028274536133,2.815676689147949,2.6054272651672363,True
arabert,T6,T6-m-0262,m,-2.658029079437256,-2.423037052154541,-2.075676441192627,False
arabert,T6,T6-m-0263,m,-0.05610084533691406,2.2386722564697266,0.46072959899902344,False
arabert,T6,T6-m-0264,m,0.38185596466064453,3.109611988067627,-1.081737995147705,True
arabert,T6,T6-m-0265,m,4.1144537925720215,5.17221212387085,3.544491767883301,True
arabert,T6,T6-m-0266,m,1.9361457824707031,3.1700668334960938,3.0496749877929688,True
arabert,T6,T6-m-0267,m,-0.2914738655090332,0.16421300172805786,-0.20569348335266113,False
arabert,T6,T6-m-0268,m,0.5613207817077637,2.2565524578094482,0.18171215057373047,True
arabert,T6,T6-m-0269,m,0.328873872756958,1.9393701553344727,0.3394293785095215,True
arabert,T6,T6-m-0270,m,2.186089515686035,4.000935077667236,2.1106386184692383,True
arabert,T6,T6-m-0271,m,0.9766960144042969,2.7102575302124023,1.3332042694091797,True
arabert,T6,T6-m-0272,m,-0.014917373657226562,1.7013731002807617,0.4696979522705078,False
arabert,T6,T6-m-0273,m,0.5315670967102051,2.2198519706726074,1.7922017574310303,True
arabert,T6,T6-m-0274,m,-0.24001169204711914,1.0086886882781982,0.17319774627685547,False
arabert,T6,T6-m-0275,m,0.23058748245239258,1.0184078216552734,0.4823446273803711,True
arabert,T6,T6-m-0276,m,2.0629611015319824,2.2706661224365234,1.4068121910095215,True
arabert,T6,T6-m-0277,m,1.279494285583496,3.3540868759155273,0.9795627593994141,True
arabert,T6,T6-m-0278,m,2.028535842895508,2.71555233001709,2.134195327758789,True
arabert,T6,T6-m-0279,m,0.27042484283447266,1.2311773300170898,-0.14809703826904297,True
arabert,T6,T6-m-0280,m,-1.471668004989624,-1.2446160316467285,-1.4300942420959473,False
arabert,T6,T6-m-0281,m,1.7730259895324707,3.5643248558044434,1.5170063972473145,True
arabert,T6,T6-m-0282,m,1.4864912033081055,3.037281036376953,2.026486396789551,True
arabert,T6,T6-m-0283,m,-0.4236602783203125,1.2690305709838867,-0.4720773696899414,False
arabert,T6,T6-m-0284,m,0.4621443748474121,3.287545680999756,-0.5406074523925781,True
arabert,T6,T6-m-0285,m,-1.6726720333099365,-0.963773250579834,-1.3149712085723877,False
arabert,T6,T6-m-0286,m,2.6676228046417236,1.6685519218444824,2.0781383514404297,True
arabert,T6,T6-m-0287,m,-0.06212806701660156,1.8476243019104004,0.0575251579284668,False
arabert,T6,T6-m-0288,m,1.9756231307983398,3.4013137817382812,2.220078468322754,True
arabert,T6,T6-m-0289,m,-1.100841760635376,0.9601216316223145,-0.8875527381896973,False
arabert,T6,T6-m-0290,m,3.0579984188079834,4.0535101890563965,2.47054386138916,True
arabert,T6,T6-m-0291,m,1.7864551544189453,2.2474422454833984,1.71954345703125,True
arabert,T6,T6-m-0292,m,-2.5943961143493652,1.2776312828063965,-2.3583669662475586,False
arabert,T6,T6-m-0293,m,2.456913948059082,2.8139681816101074,2.769179344177246,True
arabert,T6,T6-m-0294,m,0.2023148536682129,3.197816848754883,-0.5859189033508301,True
arabert,T6,T6-m-0295,m,1.521235466003418,2.5261411666870117,1.2234611511230469,True
arabert,T6,T6-m-0296,m,2.0936107635498047,3.4972219467163086,1.6355066299438477,True
arabert,T6,T6-m-0297,m,0.1851663589477539,3.8710923194885254,0.4725465774536133,True
arabert,T6,T6-m-0298,m,-0.6871953010559082,2.5864033699035645,0.3022432327270508,False
arabert,T6,T6-m-0299,m,3.072667121887207,3.1493024826049805,2.782931327819824,True
arabert,T6,T6-m-0300,m,3.4838268756866455,4.502201080322266,3.2401282787323,True
arabert,T6,T6-m-0301,m,-1.2979001998901367,-0.45667219161987305,-0.4938197135925293,False
arabert,T6,T6-m-0302,m,-1.7161574363708496,1.2910561561584473,-0.034960269927978516,False
arabert,T6,T6-m-0303,m,3.210536003112793,4.341899871826172,1.8476219177246094,True
arabert,T6,T6-m-0304,m,-0.5988435745239258,1.8465733528137207,-0.11659526824951172,False
arabert,T6,T6-m-0305,m,0.29940032958984375,1.5186653137207031,-1.1674718856811523,True
arabert,T6,T6-m-0306,m,-3.4618921279907227,-1.6649584770202637,-3.1830430030822754,False
arabert,T6,T6-m-0307,m,0.4534473419189453,2.8007678985595703,0.6071319580078125,True
arabert,T6,T6-m-0308,m,1.0824899673461914,1.3222684860229492,0.8309526443481445,True
arabert,T6,T6-m-0309,m,1.6580572128295898,3.965269088745117,1.1146831512451172,True
arabert,T6,T6-m-0310,m,-0.47078990936279297,2.851926326751709,1.7853641510009766,False
arabert,T6,T6-m-0311,m,-0.7695684432983398,-0.07297992706298828,-2.11729097366333,False
arabert,T6,T6-m-0312,m,0.9739255905151367,3.484163284301758,1.227508544921875,True
arabert,T6,T6-m-0313,m,0.933833122253418,1.7665619850158691,1.8439106941223145,True
arabert,T6,T6-m-0314,m,-1.0079240798950195,1.5108375549316406,1.3699331283569336,False
arabert,T6,T6-m-0315,m,1.5445380210876465,2.6664671897888184,1.5643301010131836,True
arabert,T6,T6-m-0316,m,1.1205596923828125,1.975337028503418,1.236227035522461,True
arabert,T6,T6-m-0317,m,0.325439453125,1.6259117126464844,0.5261354446411133,True
arabert,T6,T6-m-0318,m,0.4769096374511719,1.793778419494629,0.5105476379394531,True
arabert,T6,T6-m-0319,m,1.9313392639160156,2.2853288650512695,1.2111921310424805,True
arabert,T6,T6-m-0320,m,-2.735874891281128,-0.5097570419311523,-2.7421951293945312,False
arabert,T6,T6-m-0321,m,-1.3044061660766602,1.6223030090332031,-0.8481044769287109,False
arabert,T6,T6-m-0322,m,0.5623717308044434,1.6107416152954102,-0.5694417953491211,True
arabert,T6,T6-m-0323,m,2.0795021057128906,3.46565580368042,2.382754325866699,True
arabert,T6,T6-m-0324,m,1.1125531196594238,3.4699723720550537,1.3023982048034668,True
arabert,T6,T6-m-0325,m,2.8447647094726562,3.3101320266723633,3.4015307426452637,True
arabert,T6,T6-m-0326,m,0.3122434616088867,1.306516170501709,0.3177661895751953,True
arabert,T6,T6-m-0327,m,2.2577123641967773,2.725277900695801,1.9725761413574219,True
arabert,T6,T6-m-0328,m,1.272653579711914,3.5026907920837402,0.169769287109375,True
arabert,T6,T6-m-0329,m,0.637636661529541,2.076324939727783,0.3278374671936035,True
arabert,T6,T6-m-0330,m,-0.5386433601379395,1.1483001708984375,0.28498363494873047,False
arabert,T6,T6-m-0331,m,3.154644012451172,3.070096015930176,1.6812381744384766,True
arabert,T6,T6-m-0332,m,2.351717472076416,3.04472017288208,1.950441837310791,True
arabert,T6,T6-m-0333,m,0.04221820831298828,3.251297950744629,0.5839424133300781,True
arabert,T6,T6-m-0334,m,1.5030431747436523,3.615424633026123,1.7331867218017578,True
arabert,T6,T6-m-0335,m,0.3382997512817383,1.4472098350524902,-0.15077781677246094,True
arabert,T6,T6-m-0336,m,2.1894309520721436,3.241569995880127,1.315007209777832,True
arabert,T6,T6-m-0337,m,-2.0972137451171875,-1.1136552095413208,-1.865483283996582,False
arabert,T6,T6-m-0338,m,1.2537755966186523,1.9718751907348633,0.924168586730957,True
arabert,T6,T6-m-0339,m,-1.227980613708496,3.4814605712890625,-1.885422706604004,False
arabert,T6,T6-m-0340,m,0.36500072479248047,1.8769006729125977,-0.4691042900085449,True
arabert,T6,T6-m-0341,m,1.0713257789611816,3.7328596115112305,1.993558406829834,True
arabert,T6,T6-m-0342,m,-1.067901372909546,-0.5038642883300781,-0.7956978678703308,False
arabert,T6,T6-m-0343,m,-0.9699282646179199,0.7616500854492188,-0.7785043716430664,False
arabert,T6,T6-m-0344,m,0.5911879539489746,1.9108309745788574,0.9889354705810547,True
arabert,T6,T6-m-0345,m,0.17879581451416016,2.2926583290100098,0.5506982803344727,True
arabert,T6,T6-m-0346,m,0.3091249465942383,2.8737401962280273,0.07380485534667969,True
arabert,T6,T6-m-0347,m,-1.2836835384368896,1.3391175270080566,0.10749483108520508,False
arabert,T6,T6-m-0348,m,-1.8657679557800293,-0.8443770408630371,-2.6635642051696777,False
arabert,T6,T6-m-0349,m,2.2150049209594727,2.696870803833008,2.215078353881836,True
arabert,T6,T6-m-0350,m,-2.1666202545166016,-1.042989730834961,-2.089381217956543,False
arabert,T6,T6-m-0351,m,1.112025260925293,2.1440963745117188,0.8076076507568359,True
arabert,T6,T6-m-0352,m,0.7384729385375977,1.620678424835205,1.0588359832763672,True
arabert,T6,T6-m-0353,m,0.8659021854400635,2.182189464569092,1.4300355911254883,True
arabert,T6,T6-m-0354,m,-2.2953929901123047,-2.176499605178833,-2.5725953578948975,False
arabert,T6,T6-m-0355,m,-0.1162872314453125,2.411386489868164,-0.7717351913452148,False
arabert,T6,T6-m-0356,m,-0.248565673828125,2.466158866882324,-0.10068416595458984,False
arabert,T6,T6-m-0357,m,0.08779048919677734,2.162830352783203,-0.023200511932373047,True
arabert,T6,T6-m-0358,m,0.5912189483642578,1.4522862434387207,0.8026347160339355,True
arabert,T6,T6-m-0359,m,1.8976678848266602,2.6866226196289062,1.799544334411621,True
arabert,T6,T6-m-0360,m,2.001880645751953,3.6656579971313477,2.0212745666503906,True
arabert,T6,T6-m-0361,m,1.0303282737731934,3.360292911529541,0.8198161125183105,True
arabert,T6,T6-m-0362,m,-1.9594383239746094,1.6181702613830566,-0.587498664855957,False
arabert,T6,T6-m-0363,m,2.9568967819213867,4.038625717163086,1.685096263885498,True
arabert,T6,T6-m-0364,m,-2.3707995414733887,0.5762338638305664,-1.9168219566345215,False
arabert,T6,T6-m-0365,m,0.5674037933349609,0.9430370330810547,0.2562589645385742,True
arabert,T6,T6-m-0366,m,0.7913103103637695,2.575960159301758,0.7908992767333984,True
arabert,T6,T6-m-0367,m,-1.3062562942504883,0.5628204345703125,-0.9949502944946289,False
arabert,T6,T6-m-0368,m,0.8537988662719727,1.948408603668213,1.3105082511901855,True
arabert,T6,T6-m-0369,m,-1.5314407348632812,0.31170129776000977,-1.454667568206787,False
arabert,T6,T6-m-0370,m,1.8439674377441406,2.560087203979492,1.9186878204345703,True
arabert,T6,T6-m-0371,m,-0.3881804943084717,0.8117465972900391,-1.1562857627868652,False
arabert,T6,T6-m-0372,m,2.8372507095336914,3.6280007362365723,3.1509180068969727,True
arabert,T6,T6-m-0373,m,0.7174215316772461,2.9223313331604004,-1.0051093101501465,True
arabert,T6,T6-m-0374,m,-1.1541297435760498,0.14007329940795898,-0.20922118425369263,False
arabert,T6,T6-m-0375,m,0.940032958984375,2.9769153594970703,2.086726188659668,True
arabert,T6,T6-m-0376,m,-0.8207550048828125,2.914351463317871,-0.5970802307128906,False
arabert,T6,T6-m-0377,m,1.1363186836242676,2.162100315093994,1.2284984588623047,True
arabert,T6,T6-m-0378,m,-1.938612699508667,-1.28190016746521,-1.3303388357162476,False
arabert,T6,T6-m-0379,m,0.5075697898864746,1.827385425567627,1.038376808166504,True
arabert,T6,T6-m-0380,m,0.38086938858032227,2.7771248817443848,0.5078563690185547,True
arabert,T6,T6-m-0381,m,-0.2877988815307617,2.2830586433410645,-0.8135175704956055,False
arabert,T6,T6-m-0382,m,0.8383983373641968,1.4143078327178955,1.69822359085083,True
arabert,T6,T6-m-0383,m,1.3362760543823242,1.2982378005981445,1.4606513977050781,True
arabert,T6,T6-m-0384,m,-2.3504629135131836,-2.5327365398406982,-2.1795694828033447,False
arabert,T6,T6-m-0385,m,-1.552290439605713,2.6361536979675293,0.3739585876464844,False
arabert,T6,T6-m-0386,m,2.670307159423828,4.435044288635254,2.0047435760498047,True
arabert,T6,T6-m-0387,m,0.8235788345336914,1.320136547088623,0.8031086921691895,True
arabert,T6,T6-m-0388,m,1.2614107131958008,1.711796760559082,1.3793926239013672,True
arabert,T6,T6-m-0389,m,0.19153499603271484,1.8402175903320312,-0.03908729553222656,True
arabert,T6,T6-m-0390,m,1.1086645126342773,2.864400863647461,0.6321783065795898,True
arabert,T6,T6-m-0391,m,0.0021619796752929688,1.4014525413513184,0.19088411331176758,True
arabert,T6,T6-m-0392,m,0.7260713577270508,2.755875587463379,1.1882553100585938,True
arabert,T6,T6-m-0393,m,0.8088607788085938,1.7037978172302246,0.8685388565063477,True
arabert,T6,T6-m-0394,m,-2.7695846557617188,-0.5155210494995117,-1.8008184432983398,False
arabert,T6,T6-m-0395,m,1.171422004699707,2.6185569763183594,0.9972925186157227,True
arabert,T6,T6-m-0396,m,0.47981882095336914,2.628086566925049,-0.20161056518554688,True
arabert,T6,T6-m-0397,m,2.6554174423217773,2.1441307067871094,0.29460811614990234,True
arabert,T6,T6-m-0398,m,-0.922605037689209,0.6020679473876953,-1.484935998916626,False
arabert,T6,T6-m-0399,m,-0.1193704605102539,0.8437056541442871,-0.4790992736816406,False
arabert,T6,T6-m-0400,m,0.8035383224487305,3.4441652297973633,0.7008934020996094,True
arabert,T6,T6-m-0401,m,1.376798152923584,2.5150909423828125,1.953150749206543,True
arabert,T6,T6-m-0402,m,0.019343852996826172,1.0760793685913086,-0.7848706245422363,True
arabert,T6,T6-m-0403,m,0.47679996490478516,2.3157291412353516,0.7966790199279785,True
arabert,T6,T6-m-0404,m,0.6529028415679932,1.8155707120895386,1.4084687232971191,True
arabert,T6,T6-m-0405,m,-2.084702491760254,-1.2515405416488647,-1.611672043800354,False
arabert,T6,T6-m-0406,m,-0.4158773422241211,1.0350627899169922,-0.6068048477172852,False
arabert,T6,T6-m-0407,m,0.3892402648925781,0.9382381439208984,0.4708385467529297,True
arabert,T6,T6-m-0408,m,-1.5687031745910645,-0.10406351089477539,-0.9986979961395264,False
arabert,T6,T6-m-0409,m,0.17457103729248047,1.0801854133605957,0.8402976989746094,True
arabert,T6,T6-m-0410,m,1.2869658470153809,2.800304412841797,1.6346662044525146,True
arabert,T6,T6-m-0411,m,1.4292545318603516,2.466904640197754,2.0090904235839844,True
arabert,T6,T6-m-0412,m,0.6711673736572266,1.9760584831237793,0.6444883346557617,True
arabert,T6,T6-m-0413,m,0.6523094177246094,2.967161178588867,1.5052237510681152,True
arabert,T6,T6-m-0414,m,0.042748451232910156,2.327301502227783,0.8817720413208008,True
arabert,T6,T6-m-0415,m,1.1177425384521484,2.5179033279418945,1.9437075853347778,True
arabert,T6,T6-m-0416,m,2.329069137573242,2.1886844635009766,0.8718490600585938,True
arabert,T6,T6-m-0417,m,-0.204833984375,1.946913719177246,-0.17371845245361328,False
arabert,T6,T6-m-0418,m,1.1020207405090332,4.363354682922363,-0.6884541511535645,True
arabert,T6,T6-m-0419,m,0.009987831115722656,2.4464330673217773,0.7724428176879883,True
arabert,T6,T6-m-0420,m,2.476954460144043,3.101846694946289,2.856031894683838,True
arabert,T6,T6-m-0421,m,2.0260391235351562,2.98677921295166,0.5850210189819336,True
arabert,T6,T6-m-0422,m,1.845308780670166,1.9065613746643066,2.308283805847168,True
arabert,T6,T6-m-0423,m,1.4351983070373535,2.446230411529541,3.1830475330352783,True
arabert,T6,T6-m-0424,m,0.6761064529418945,3.818624496459961,0.7221994400024414,True
arabert,T6,T6-m-0425,m,0.0926961898803711,1.4775562286376953,0.3269023895263672,True
arabert,T6,T6-m-0426,m,1.4144086837768555,1.7970666885375977,1.0746221542358398,True
arabert,T6,T6-m-0427,m,1.0028295516967773,1.8215885162353516,0.9070358276367188,True
arabert,T6,T6-m-0428,m,-1.3995466232299805,0.7253522872924805,-0.8300857543945312,False
arabert,T6,T6-m-0429,m,0.5588836669921875,1.3884809017181396,-0.009338617324829102,True
arabert,T6,T6-m-0430,m,0.24884510040283203,1.3668813705444336,0.39638566970825195,True
arabert,T6,T6-m-0431,m,1.7355632781982422,2.398416519165039,1.5720009803771973,True
arabert,T6,T6-m-0432,m,-2.5847764015197754,-0.25839948654174805,-2.358880043029785,False
arabert,T6,T6-m-0433,m,0.9868326187133789,2.531153678894043,0.9680862426757812,True
arabert,T6,T6-m-0434,m,0.26262474060058594,3.419705390930176,1.7174224853515625,True
arabert,T6,T6-m-0435,m,1.4105663299560547,2.9149346351623535,-0.09311676025390625,True
arabert,T6,T6-m-0436,m,0.3853616714477539,2.056459426879883,1.4547042846679688,True
arabert,T6,T6-m-0437,m,-1.1822471618652344,0.8586006164550781,-1.2092647552490234,False
arabert,T6,T6-m-0438,m,-3.3668203353881836,1.663137435913086,-3.3950023651123047,False
arabert,T6,T6-m-0439,m,1.8279266357421875,2.9460349082946777,1.3753376007080078,True
arabert,T6,T6-m-0440,m,-0.1339116096496582,3.1986899375915527,0.30828428268432617,False
arabert,T6,T6-m-0441,m,-0.2698812484741211,0.883568286895752,0.28978443145751953,False
arabert,T6,T6-m-0442,m,0.5108370780944824,1.5533552169799805,0.4361300468444824,True
arabert,T6,T6-m-0443,m,-2.5628280639648438,0.1721353530883789,-2.136744499206543,False
arabert,T6,T6-m-0444,m,2.6194305419921875,2.9363927841186523,2.208634376525879,True
arabert,T6,T6-m-0445,m,0.855656623840332,2.1803488731384277,-0.06326866149902344,True
arabert,T6,T6-m-0446,m,-0.12836503982543945,1.8575983047485352,0.11850118637084961,False
arabert,T6,T6-m-0447,m,-1.2177526950836182,-0.25323057174682617,-1.0560698509216309,False
arabert,T6,T6-m-0448,m,2.7647345066070557,2.8237552642822266,1.9898507595062256,True
arabert,T6,T6-m-0449,m,1.2114949226379395,1.837890625,0.7129001617431641,True
arabert,T6,T6-m-0450,m,2.2359700202941895,3.106140613555908,2.5733346939086914,True
arabert,T6,T6-m-0451,m,-0.5205917358398438,1.6705951690673828,-1.2431821823120117,False
arabert,T6,T6-m-0452,m,2.05051326751709,3.836308002471924,1.7575087547302246,True
arabert,T6,T6-m-0453,m,-0.07932853698730469,3.467507839202881,0.4496583938598633,False
arabert,T6,T6-m-0454,m,-0.9215860366821289,2.321934700012207,-1.2182412147521973,False
arabert,T6,T6-m-0455,m,-0.5739957690238953,-0.6593161821365356,-0.888870358467102,False
arabert,T6,T6-m-0456,m,0.8751010894775391,1.8743858337402344,0.838231086730957,True
arabert,T6,T6-m-0457,m,0.3338160514831543,2.1481637954711914,1.075727939605713,True
arabert,T6,T6-m-0458,m,0.817598819732666,1.5624213218688965,0.2576761245727539,True
arabert,T6,T6-m-0459,m,-0.6729650497436523,0.6443066596984863,-0.43843698501586914,False
arabert,T6,T6-m-0460,m,2.331477165222168,2.808411121368408,2.428790807723999,True
arabert,T6,T6-m-0461,m,1.0782461166381836,3.217437744140625,0.6992702484130859,True
arabert,T6,T6-m-0462,m,1.6902294158935547,2.4267711639404297,1.6986608505249023,True
arabert,T6,T6-m-0463,m,4.450214862823486,3.803372859954834,4.074836254119873,True
arabert,T6,T6-m-0464,m,1.7038359642028809,2.888550281524658,1.7827162742614746,True
arabert,T6,T6-m-0465,m,2.1248273849487305,2.7232062816619873,0.9603428840637207,True
arabert,T6,T6-m-0466,m,3.332040309906006,4.284152507781982,2.8996682167053223,True
arabert,T6,T6-m-0467,m,3.365187883377075,4.239905834197998,3.097355842590332,True
arabert,T6,T6-m-0468,m,-1.1749267578125,2.120663642883301,-1.648885726928711,False
arabert,T6,T6-m-0469,m,1.8563871383666992,1.955470085144043,2.0195388793945312,True
arabert,T6,T6-m-0470,m,4.977129936218262,5.099773406982422,3.1080212593078613,True
arabert,T6,T6-m-0471,m,0.7334842681884766,2.439401626586914,1.3459362983703613,True
arabert,T6,T6-m-0472,m,2.027909278869629,2.46028733253479,1.114330768585205,True
arabert,T6,T6-m-0473,m,1.1264848709106445,3.3977861404418945,0.8815431594848633,True
arabert,T6,T6-m-0474,m,-0.6684961318969727,1.8368067741394043,-0.680384635925293,False
arabert,T6,T6-m-0475,m,-0.7861475944519043,0.9114947319030762,0.21254777908325195,False
arabert,T6,T6-m-0476,m,-0.06373119354248047,2.8291215896606445,0.11965179443359375,False
arabert,T6,T6-m-0477,m,1.0190849304199219,2.44533634185791,1.0663299560546875,True
arabert,T6,T6-m-0478,m,1.7019400596618652,3.5187931060791016,-0.28693389892578125,True
arabert,T6,T6-m-0479,m,1.0642366409301758,1.1677289009094238,0.92230224609375,True
arabert,T6,T6-m-0480,m,2.462512731552124,3.7861552238464355,2.1135759353637695,True
arabert,T6,T6-m-0481,m,-2.5508804321289062,-1.2919983863830566,-2.760544776916504,False
arabert,T6,T6-m-0482,m,-1.554860234260559,0.5425748825073242,-2.149794340133667,False
arabert,T6,T6-m-0483,m,1.4866950511932373,2.848806858062744,0.6997232437133789,True
arabert,T6,T6-m-0484,m,1.9700040817260742,3.949199676513672,2.174785614013672,True
arabert,T6,T6-m-0485,m,1.5862679481506348,1.4891538619995117,0.878199577331543,True
arabert,T6,T6-m-0486,m,2.2132086753845215,3.346081018447876,2.8949503898620605,True
arabert,T6,T6-m-0487,m,-1.4075233936309814,-1.7457427978515625,-1.6732604503631592,False
arabert,T6,T6-m-0488,m,1.6593866348266602,2.297618865966797,1.3293638229370117,True
arabert,T6,T6-m-0489,m,1.461787223815918,3.6442651748657227,1.3369407653808594,True
arabert,T6,T6-m-0490,m,-0.07356524467468262,2.0663957595825195,-1.300051212310791,False
arabert,T6,T6-m-0491,m,-0.8557949066162109,-0.7300796508789062,-1.0805554389953613,False
arabert,T6,T6-m-0492,m,0.6728458404541016,3.152310371398926,0.7586660385131836,True
arabert,T6,T6-m-0493,m,1.4616336822509766,3.2430992126464844,1.4010686874389648,True
arabert,T6,T6-m-0494,m,1.996912956237793,2.8968753814697266,1.6832342147827148,True
arabert,T6,T6-m-0495,m,-0.7292089462280273,1.4397945404052734,-1.0446453094482422,False
arabert,T6,T6-m-0496,m,1.453770637512207,2.7392187118530273,1.0811424255371094,True
arabert,T6,T6-m-0497,m,1.6946191787719727,3.2746152877807617,4.0446343421936035,True
arabert,T6,T6-m-0498,m,2.5888423919677734,2.816222667694092,2.8676624298095703,True
arabert,T6,T6-m-0499,m,1.122341275215149,1.5804402828216553,1.5104764699935913,True
arabert,T6,T6-m-0500,m,0.4809103012084961,1.5000247955322266,0.5464277267456055,True
arabert,T6,T6-m-0501,m,3.1528234481811523,3.695558547973633,2.9420156478881836,True
arabert,T6,T6-m-0502,m,1.3811063766479492,3.1316232681274414,-0.02307605743408203,True
arabert,T6,T6-m-0503,m,0.2801814079284668,1.9926340579986572,0.42830657958984375,True
arabert,T6,T6-m-0504,m,1.1146855354309082,0.981114387512207,0.5592250823974609,True
arabert,T6,T6-m-0505,m,2.6952621936798096,2.613004684448242,2.9920599460601807,True
arabert,T6,T6-m-0506,m,0.8026647567749023,2.411055088043213,1.3394689559936523,True
arabert,T6,T6-m-0507,m,1.5046567916870117,2.652438163757324,0.8126955032348633,True
arabert,T6,T6-m-0508,m,0.330477237701416,2.3967361450195312,0.35951757431030273,True
arabert,T6,T6-m-0509,m,-0.3960423469543457,1.9548864364624023,-0.02664470672607422,False
arabert,T6,T6-m-0510,m,0.8879170417785645,3.1426515579223633,-0.12437725067138672,True
arabert,T6,T6-m-0511,m,2.2853407859802246,2.879520893096924,2.3155622482299805,True
arabert,T6,T6-m-0512,m,2.435756206512451,4.110246658325195,1.0616250038146973,True
arabert,T6,T6-m-0513,m,-1.2326135635375977,1.9541521072387695,-2.119448661804199,False
arabert,T6,T6-m-0514,m,0.3203878402709961,2.7942943572998047,1.0138587951660156,True
arabert,T6,T6-m-0515,m,1.5707511901855469,3.4907240867614746,1.8428897857666016,True
arabert,T6,T6-m-0516,m,-2.27841854095459,1.8285346031188965,-1.9754457473754883,False
arabert,T6,T6-m-0517,m,-1.0654406547546387,3.1220736503601074,-0.10472488403320312,False
arabert,T6,T6-m-0518,m,0.8384809494018555,1.2681303024291992,0.9746513366699219,True
arabert,T6,T6-m-0519,m,1.733694076538086,3.5325441360473633,1.3034343719482422,True
arabert,T6,T6-m-0520,m,2.137270927429199,3.7103657722473145,1.4271793365478516,True
arabert,T6,T6-m-0521,m,-1.5271708965301514,-1.3941607475280762,-1.852048635482788,False
arabert,T6,T6-m-0522,m,-0.8465948104858398,1.2808923721313477,-2.6752872467041016,False
arabert,T6,T6-m-0523,m,2.0244369506835938,3.810940742492676,1.2252073287963867,True
arabert,T6,T6-m-0524,m,-0.8762617111206055,1.2825427055358887,-1.2483296394348145,False
arabert,T6,T6-m-0525,m,-0.21950435638427734,1.217362403869629,-0.5093173980712891,False
arabert,T6,T6-m-0526,m,0.9750633239746094,1.1971397399902344,1.642385721206665,True
arabert,T6,T6-m-0527,m,2.64424729347229,2.164855480194092,1.628951072692871,True
arabert,T6,T6-m-0528,m,0.20182228088378906,1.4178905487060547,-0.12876033782958984,True
arabert,T6,T6-m-0529,m,0.7276146411895752,2.455052375793457,1.5622044801712036,True
arabert,T6,T6-m-0530,m,2.0111842155456543,2.5806374549865723,2.7243289947509766,True
arabert,T6,T6-m-0531,m,0.529261589050293,0.6979837417602539,0.7179069519042969,True
arabert,T6,T6-m-0532,m,1.6969561576843262,3.065821647644043,2.0261318683624268,True
arabert,T6,T6-m-0533,m,0.4653511047363281,1.3551111221313477,-0.6786441802978516,True
arabert,T6,T6-m-0534,m,-1.1505060195922852,0.6679248809814453,-0.8378286361694336,False
arabert,T6,T6-m-0535,m,-0.2594642639160156,2.0987372398376465,1.585402488708496,False
arabert,T6,T6-m-0536,m,1.4595651626586914,0.9944744110107422,1.8171849250793457,True
arabert,T6,T6-m-0537,m,-0.9017868041992188,-0.41689109802246094,-0.8517508506774902,False
arabert,T6,T6-m-0538,m,-0.3532428741455078,2.477219581604004,0.25664329528808594,False
arabert,T6,T6-m-0539,m,1.7010064125061035,3.6207046508789062,2.195624828338623,True
arabert,T6,T6-m-0540,m,3.2005701065063477,4.1512651443481445,3.7233285903930664,True
arabert,T6,T6-m-0541,m,1.191986083984375,2.8075900077819824,2.2316603660583496,True
arabert,T6,T6-m-0542,m,0.6171102523803711,2.2484192848205566,0.6603221893310547,True
arabert,T6,T6-m-0543,m,-0.9025248885154724,-0.20355170965194702,-0.8873381018638611,False
arabert,T6,T6-m-0544,m,1.171250343322754,3.561722755432129,1.1396827697753906,True
arabert,T6,T6-m-0545,m,0.8585042953491211,3.1652660369873047,0.49567508697509766,True
arabert,T6,T6-m-0546,m,0.3641209602355957,2.552091121673584,1.0818414688110352,True
arabert,T6,T6-m-0547,m,1.728257179260254,3.6429977416992188,1.0862503051757812,True
arabert,T6,T6-m-0548,m,-1.0527000427246094,2.131409168243408,-1.39119291305542,False
arabert,T6,T6-m-0549,m,1.475001335144043,1.8588743209838867,1.2098655700683594,True
arabert,T6,T6-m-0550,m,2.9256134033203125,4.2027130126953125,3.021604061126709,True
arabert,T6,T6-m-0551,m,1.8332204818725586,3.921062469482422,1.5543327331542969,True
arabert,T6,T6-m-0552,m,1.8525304794311523,2.4443984031677246,1.938044548034668,True
arabert,T6,T6-m-0553,m,0.9066300392150879,2.3999228477478027,1.0041899681091309,True
arabert,T6,T6-m-0554,m,0.9456787109375,3.149637222290039,-0.5442509651184082,True
arabert,T6,T6-m-0555,m,-2.276867628097534,-1.3876917362213135,-1.7996957302093506,False
arabert,T6,T6-m-0556,m,-2.878831386566162,1.819066047668457,-2.347419261932373,False
arabert,T6,T6-m-0557,m,0.8122467994689941,3.8531603813171387,1.8726606369018555,True
arabert,T6,T6-m-0558,m,1.1586298942565918,2.214709758758545,1.010960578918457,True
arabert,T6,T6-m-0559,m,1.1938304901123047,2.198721408843994,0.9229493141174316,True
arabert,T6,T6-m-0560,m,0.5715079307556152,1.3612890243530273,0.1629638671875,True
arabert,T6,T6-m-0561,m,0.6109590530395508,1.9299225807189941,0.8565053939819336,True
arabert,T6,T6-m-0562,m,4.76746940612793,3.6903457641601562,1.9450311660766602,True
arabert,T6,T6-m-0563,m,-0.08005523681640625,1.9998340606689453,0.09398746490478516,False
arabert,T6,T6-m-0564,m,0.44086742401123047,3.8945980072021484,1.1195087432861328,True
arabert,T6,T6-m-0565,m,-1.8452625274658203,1.4772043228149414,-0.28710460662841797,False
arabert,T6,T6-m-0566,m,0.07822084426879883,1.7374792098999023,-1.292086124420166,True
arabert,T6,T6-m-0567,m,-2.8125040531158447,-1.014095425605774,-2.3211917877197266,False
arabert,T6,T6-m-0568,m,1.8054258823394775,1.9206490516662598,0.9746410846710205,True
arabert,T6,T6-m-0569,m,2.2052674293518066,2.7672982215881348,2.4434733390808105,True
arabert,T6,T6-m-0570,m,-1.5654869079589844,0.2683744430541992,-1.4333581924438477,False
arabert,T6,T6-m-0571,m,1.7509264945983887,2.2357630729675293,2.1777896881103516,True
arabert,T6,T6-m-0572,m,0.5511980056762695,1.6260647773742676,0.5824651718139648,True
arabert,T6,T6-m-0573,m,-2.516921043395996,-1.5391463041305542,-2.6178951263427734,False
arabert,T6,T6-m-0574,m,0.7787351608276367,1.6928625106811523,0.7909011840820312,True
arabert,T6,T6-m-0575,m,-0.2540578842163086,0.6987285614013672,-0.4716653823852539,False
arabert,T6,T6-m-0576,m,0.4670238494873047,2.690767765045166,0.4828181266784668,True
arabert,T6,T6-m-0577,m,-1.86234450340271,-1.409653902053833,-2.0667402744293213,False
arabert,T6,T6-m-0578,m,-1.105168342590332,2.5415053367614746,0.40273475646972656,False
arabert,T6,T6-m-0579,m,0.2481975555419922,2.9861202239990234,0.3145279884338379,True
arabert,T6,T6-m-0580,m,2.113448143005371,2.114945888519287,0.3194737434387207,True
arabert,T6,T6-m-0581,m,2.313387393951416,2.849804401397705,2.264939308166504,True
arabert,T6,T6-m-0582,m,-1.7891910076141357,0.5962929725646973,-0.6525356769561768,False
arabert,T6,T6-m-0583,m,4.390331745147705,4.717081069946289,3.1600122451782227,True
arabert,T6,T6-m-0584,m,-0.009062528610229492,0.40309619903564453,-0.8586666584014893,False
arabert,T6,T6-m-0585,m,0.7765636444091797,1.307302474975586,1.5305461883544922,True
arabert,T6,T6-m-0586,m,-1.755542516708374,-0.9946345090866089,-1.6275506019592285,False
arabert,T6,T6-m-0587,m,3.2557268142700195,4.36374568939209,1.463393211364746,True
arabert,T6,T6-m-0588,m,1.7990236282348633,2.880941867828369,2.1987056732177734,True
arabert,T6,T6-m-0589,m,-0.6097149848937988,1.254500389099121,-1.41038179397583,False
arabert,T6,T6-m-0590,m,-1.0425701141357422,1.4785900115966797,-0.1788177490234375,False
arabert,T6,T6-m-0591,m,-0.9347478151321411,1.318537950515747,-0.5309205055236816,False
arabert,T6,T6-m-0592,m,0.9425506591796875,3.384964942932129,1.8130879402160645,True
arabert,T6,T6-m-0593,m,0.8999652862548828,2.19671630859375,0.9535131454467773,True
arabert,T6,T6-m-0594,m,-2.9825940132141113,-2.195413589477539,-2.940150737762451,False
arabert,T6,T6-m-0595,m,0.17052459716796875,1.7392497062683105,0.01889324188232422,True
arabert,T6,T6-m-0596,m,1.3574366569519043,2.041691780090332,1.815293788909912,True
arabert,T6,T6-m-0597,m,0.024227142333984375,1.6948347091674805,0.8024172782897949,True
arabert,T6,T6-m-0598,m,-1.2213406562805176,-0.6386637687683105,-0.8570897579193115,False
arabert,T6,T6-m-0599,m,-0.3404397964477539,1.375326156616211,-0.7087221145629883,False
arabert,T6,T6-f-0000,f,-4.389420509338379,-0.5065107345581055,-1.8310836553573608,False
arabert,T6,T6-f-0001,f,1.536752700805664,2.593966484069824,-0.44606637954711914,True
arabert,T6,T6-f-0002,f,1.9260060787200928,2.7261602878570557,1.600035309791565,True
arabert,T6,T6-f-0003,f,0.9804000854492188,1.3860759735107422,-0.1751089096069336,True
arabert,T6,T6-f-0004,f,-0.8007016181945801,-0.7720603942871094,-1.9999017715454102,False
arabert,T6,T6-f-0005,f,-2.954503059387207,-1.6350436210632324,-2.686099052429199,False
arabert,T6,T6-f-0006,f,0.955836296081543,1.935856819152832,1.1316900253295898,True
arabert,T6,T6-f-0007,f,-3.781978130340576,-1.8002854585647583,-4.42390775680542,False
arabert,T6,T6-f-0008,f,-0.25776004791259766,0.9386301040649414,-1.1581840515136719,False
arabert,T6,T6-f-0009,f,-3.494875431060791,-1.2796790599822998,-3.921335458755493,False
arabert,T6,T6-f-0010,f,-1.1160922050476074,-1.7729687690734863,-1.5856328010559082,False
arabert,T6,T6-f-0011,f,-2.7806339263916016,-0.44696617126464844,-2.0481138229370117,False
arabert,T6,T6-f-0012,f,-3.1091341972351074,-1.5758652687072754,-3.0784034729003906,False
arabert,T6,T6-f-0013,f,-0.9845285415649414,-0.18276119232177734,-1.382338523864746,False
arabert,T6,T6-f-0014,f,0.8110958933830261,1.7760896682739258,1.160065770149231,True
arabert,T6,T6-f-0015,f,-0.6462039947509766,-1.1226959228515625,-1.6949677467346191,False
arabert,T6,T6-f-0016,f,-4.445259094238281,-2.398047924041748,-6.026193618774414,False
arabert,T6,T6-f-0017,f,0.6729774475097656,2.29879093170166,0.7025880813598633,True
arabert,T6,T6-f-0018,f,-0.14855480194091797,0.8014945983886719,-0.3856639862060547,False
arabert,T6,T6-f-0019,f,-1.9684772491455078,-0.18993473052978516,-0.9253120422363281,False
arabert,T6,T6-f-0020,f,0.45148181915283203,0.6641325950622559,-0.7228326797485352,True
arabert,T6,T6-f-0021,f,0.13092803955078125,1.7388291358947754,0.41020965576171875,True
arabert,T6,T6-f-0022,f,1.8329381942749023,3.489072561264038,1.6611297130584717,True
arabert,T6,T6-f-0023,f,0.24872493743896484,2.3474512100219727,0.43587207794189453,True
arabert,T6,T6-f-0024,f,-0.742985725402832,-0.9917192459106445,-1.6312265396118164,False
arabert,T6,T6-f-0025,f,-4.235567092895508,-2.40775203704834,-3.125067710876465,False
arabert,T6,T6-f-0026,f,0.39260101318359375,0.4980506896972656,-0.6157436370849609,True
arabert,T6,T6-f-0027,f,-0.9599952697753906,-0.18986129760742188,-1.7066001892089844,False
arabert,T6,T6-f-0028,f,-2.8583860397338867,-3.1881022453308105,-2.696200370788574,False
arabert,T6,T6-f-0029,f,0.052371978759765625,1.6144828796386719,0.8253593444824219,True
arabert,T6,T6-f-0030,f,-1.033381462097168,-0.46172523498535156,-1.5556554794311523,False
arabert,T6,T6-f-0031,f,-1.6759061813354492,-1.3690509796142578,-1.866626262664795,False
arabert,T6,T6-f-0032,f,-1.1289749145507812,-0.20517349243164062,-1.1599369049072266,False
arabert,T6,T6-f-0033,f,-1.2774677276611328,2.4258251190185547,-0.022414207458496094,False
arabert,T6,T6-f-0034,f,-1.056699275970459,-0.7867579460144043,-0.5881891250610352,False
arabert,T6,T6-f-0035,f,0.6343598365783691,1.3213157653808594,0.6319866180419922,True
arabert,T6,T6-f-0036,f,-2.8219656944274902,-3.135465621948242,-2.9051828384399414,False
arabert,T6,T6-f-0037,f,-1.7929940223693848,-0.8618292808532715,-3.517045259475708,False
arabert,T6,T6-f-0038,f,0.888951301574707,2.533982276916504,1.3565573692321777,True
arabert,T6,T6-f-0039,f,-3.9138412475585938,-1.4718976020812988,-3.4737138748168945,False
arabert,T6,T6-f-0040,f,0.3726673126220703,0.26123666763305664,-0.31369972229003906,True
arabert,T6,T6-f-0041,f,-2.1550283432006836,-3.3070802688598633,-3.2406649589538574,False
arabert,T6,T6-f-0042,f,0.6396236419677734,1.6900405883789062,1.8903532028198242,True
arabert,T6,T6-f-0043,f,-0.1532144546508789,0.2432842254638672,-0.055375099182128906,False
arabert,T6,T6-f-0044,f,-0.7007091641426086,0.7528156042098999,-0.9994366765022278,False
arabert,T6,T6-f-0045,f,1.5555810928344727,1.8836517333984375,1.1490325927734375,True
arabert,T6,T6-f-0046,f,0.0016040802001953125,1.291646957397461,0.9596071243286133,True
arabert,T6,T6-f-0047,f,0.5911245346069336,0.48148536682128906,-1.3410882949829102,True
arabert,T6,T6-f-0048,f,0.24678707122802734,4.935779571533203,1.0069427490234375,True
arabert,T6,T6-f-0049,f,-0.5978965759277344,0.12085533142089844,-0.4526362419128418,False
arabert,T6,T6-f-0050,f,0.009464740753173828,1.1202940940856934,-0.04748797416687012,True
arabert,T6,T6-f-0051,f,-0.2872037887573242,0.7845058441162109,-0.8104934692382812,False
arabert,T6,T6-f-0052,f,-0.3096733093261719,-0.3798255920410156,-0.035506248474121094,False
arabert,T6,T6-f-0053,f,-2.937623977661133,-3.296908378601074,-3.9066896438598633,False
arabert,T6,T6-f-0054,f,0.5276236534118652,3.500478744506836,-0.32047176361083984,True
arabert,T6,T6-f-0055,f,-0.16798019409179688,0.8078794479370117,-0.053253173828125,False
arabert,T6,T6-f-0056,f,-1.992933750152588,-0.9814238548278809,-1.5782856941223145,False
arabert,T6,T6-f-0057,f,1.0373048782348633,0.8916358947753906,2.335087299346924,True
arabert,T6,T6-f-0058,f,1.2904071807861328,2.929349899291992,1.2959184646606445,True
arabert,T6,T6-f-0059,f,-1.9634137153625488,-0.9506139755249023,-4.177958965301514,False
arabert,T6,T6-f-0060,f,-0.3964719772338867,0.5696468353271484,-1.1885738372802734,False
arabert,T6,T6-f-0061,f,-4.003587245941162,-0.9684619903564453,-2.6467413902282715,False
arabert,T6,T6-f-0062,f,-1.775688648223877,-0.4633612632751465,-2.366590976715088,False
arabert,T6,T6-f-0063,f,3.1132850646972656,3.752469539642334,1.9059505462646484,True
arabert,T6,T6-f-0064,f,-3.531869888305664,-2.0274996757507324,-3.19478702545166,False
arabert,T6,T6-f-0065,f,-3.0610759258270264,-0.5008339881896973,-3.6776247024536133,False
arabert,T6,T6-f-0066,f,-2.0021731853485107,0.14105224609375,-0.898841381072998,False
arabert,T6,T6-f-0067,f,-0.8265104293823242,-0.2877531051635742,-1.0108003616333008,False
arabert,T6,T6-f-0068,f,-3.4509763717651367,-1.4837305545806885,-2.2115225791931152,False
arabert,T6,T6-f-0069,f,-3.3326961994171143,-0.89274001121521,-3.6770060062408447,False
arabert,T6,T6-f-0070,f,-1.2197232246398926,0.11237668991088867,-1.1826801300048828,False
arabert,T6,T6-f-0071,f,1.0144803524017334,0.3775138854980469,0.8098902702331543,True
arabert,T6,T6-f-0072,f,0.9909944534301758,2.534445285797119,0.1146245002746582,True
arabert,T6,T6-f-0073,f,0.10019397735595703,0.8250207901000977,-0.3779439926147461,True
arabert,T6,T6-f-0074,f,0.2219409942626953,0.7379579544067383,-0.2925734519958496,True
arabert,T6,T6-f-0075,f,-0.7094736099243164,0.11073684692382812,-0.5326881408691406,False
arabert,T6,T6-f-0076,f,0.4495210647583008,0.6844491958618164,0.7052516937255859,True
arabert,T6,T6-f-0077,f,0.9465756416320801,1.1447906494140625,1.3301148414611816,True
arabert,T6,T6-f-0078,f,1.2225831747055054,2.210521936416626,1.5415129661560059,True
arabert,T6,T6-f-0079,f,-0.8399190902709961,-1.126265525817871,-0.48667049407958984,False
arabert,T6,T6-f-0080,f,-0.5347156524658203,-0.08754444122314453,-0.8258829116821289,False
arabert,T6,T6-f-0081,f,-0.4456596374511719,2.341522216796875,0.7548437118530273,False
arabert,T6,T6-f-0082,f,-5.983000755310059,-2.3075151443481445,-4.250892639160156,False
arabert,T6,T6-f-0083,f,-3.0674798488616943,-2.616452693939209,-2.813237190246582,False
arabert,T6,T6-f-0084,f,-2.004014015197754,-1.8817825317382812,-2.3741607666015625,False
arabert,T6,T6-f-0085,f,1.852290153503418,2.3178672790527344,1.3218936920166016,True
arabert,T6,T6-f-0086,f,-5.347039222717285,-3.1998119354248047,-4.076694488525391,False
arabert,T6,T6-f-0087,f,-0.8348627090454102,-0.33976078033447266,-0.9738321304321289,False
arabert,T6,T6-f-0088,f,-1.0845956802368164,-0.3535654544830322,-1.845881700515747,False
arabert,T6,T6-f-0089,f,-1.7984232902526855,-0.7890028953552246,-1.638293743133545,False
arabert,T6,T6-f-0090,f,0.9166603088378906,0.9892106056213379,1.0741853713989258,True
arabert,T6,T6-f-0091,f,0.33386850357055664,0.9350271224975586,0.3592500686645508,True
arabert,T6,T6-f-0092,f,1.3469581604003906,2.6481003761291504,1.7446188926696777,True
arabert,T6,T6-f-0093,f,-2.505922317504883,-0.6628293991088867,-1.1474647521972656,False
arabert,T6,T6-f-0094,f,-0.6115114092826843,0.6050397753715515,-1.3599045276641846,False
arabert,T6,T6-f-0095,f,-0.23242425918579102,1.5916101932525635,0.06734323501586914,False
arabert,T6,T6-f-0096,f,-2.5617733001708984,-2.569632053375244,-3.384561777114868,False
arabert,T6,T6-f-0097,f,-1.5429019927978516,-0.01198720932006836,-1.3111262321472168,False
arabert,T6,T6-f-0098,f,0.10685992240905762,3.977480411529541,-0.027283668518066406,True
arabert,T6,T6-f-0099,f,1.9196100234985352,3.5472545623779297,0.4307703971862793,True
arabert,T6,T6-f-0100,f,-3.1016783714294434,0.7487282752990723,-2.449639320373535,False
arabert,T6,T6-f-0101,f,0.4742927551269531,0.5066366195678711,0.4340944290161133,True
arabert,T6,T6-f-0102,f,-1.1682548522949219,-0.41408824920654297,-0.10439491271972656,False
arabert,T6,T6-f-0103,f,-0.10066509246826172,0.4882946014404297,-0.3534560203552246,False
arabert,T6,T6-f-0104,f,-1.128448486328125,0.0353236198425293,-0.6128382682800293,False
arabert,T6,T6-f-0105,f,-0.5807266235351562,-0.4955868721008301,-0.08584356307983398,False
arabert,T6,T6-f-0106,f,-2.8894100189208984,-1.3745555877685547,-3.323127269744873,False
arabert,T6,T6-f-0107,f,-2.071406364440918,-1.2532052993774414,-1.9923267364501953,False
arabert,T6,T6-f-0108,f,-0.3645334243774414,0.2683238983154297,-0.5440912246704102,False
arabert,T6,T6-f-0109,f,-0.14689922332763672,0.4641742706298828,0.20535755157470703,False
arabert,T6,T6-f-0110,f,0.1009969711303711,0.8019266128540039,0.20819854736328125,True
arabert,T6,T6-f-0111,f,0.5261287689208984,1.570570945739746,-0.4221978187561035,True
arabert,T6,T6-f-0112,f,-1.6690049171447754,-0.5720763206481934,-2.1129279136657715,False
arabert,T6,T6-f-0113,f,0.031923770904541016,0.5447335243225098,-0.526700496673584,True
arabert,T6,T6-f-0114,f,-1.8655271530151367,0.9132299423217773,-2.1048531532287598,False
arabert,T6,T6-f-0115,f,0.5269365310668945,0.7070112228393555,0.5282282829284668,True
arabert,T6,T6-f-0116,f,0.031183242797851562,2.900912046432495,-0.1735854148864746,True
arabert,T6,T6-f-0117,f,-3.5970497131347656,-0.943659782409668,-1.3268585205078125,False
arabert,T6,T6-f-0118,f,-2.7380218505859375,-1.7512321472167969,-2.4397311210632324,False
arabert,T6,T6-f-0119,f,2.109694004058838,3.083732843399048,1.4627677202224731,True
arabert,T6,T6-f-0120,f,-2.033205032348633,-2.9155642986297607,-2.7062313556671143,False
arabert,T6,T6-f-0121,f,1.8359489440917969,2.676283121109009,0.9992678761482239,True
arabert,T6,T6-f-0122,f,-0.4009132385253906,-0.28188514709472656,-0.1652069091796875,False
arabert,T6,T6-f-0123,f,-0.0818166732788086,0.9517335891723633,-0.978752613067627,False
arabert,T6,T6-f-0124,f,1.7303848266601562,1.2826738357543945,1.3198299407958984,True
arabert,T6,T6-f-0125,f,-3.404824733734131,-1.9386615753173828,-2.7058823108673096,False
arabert,T6,T6-f-0126,f,-0.0932016372680664,0.7558774948120117,-0.15871524810791016,False
arabert,T6,T6-f-0127,f,-0.4042067527770996,0.2645254135131836,-0.5726580619812012,False
arabert,T6,T6-f-0128,f,-3.138885498046875,-2.586510181427002,-3.321652889251709,False
arabert,T6,T6-f-0129,f,-7.86490535736084,-3.550189971923828,-1.4011077880859375,False
arabert,T6,T6-f-0130,f,-2.0559558868408203,-0.9636774063110352,-1.6677589416503906,False
arabert,T6,T6-f-0131,f,0.24626797437667847,1.8394849300384521,0.3020634651184082,True
arabert,T6,T6-f-0132,f,-0.9523897171020508,-0.02154541015625,-1.7040281295776367,False
arabert,T6,T6-f-0133,f,0.22348499298095703,0.2094888687133789,0.15034103393554688,True
arabert,T6,T6-f-0134,f,-3.451531410217285,-1.6379587650299072,-3.1491596698760986,False
arabert,T6,T6-f-0135,f,-3.677914619445801,-0.10852622985839844,-1.8693552017211914,False
arabert,T6,T6-f-0136,f,-0.21216773986816406,0.12659311294555664,-0.7653312683105469,False
arabert,T6,T6-f-0137,f,-1.604659080505371,-0.7799034118652344,-2.0150771141052246,False
arabert,T6,T6-f-0138,f,2.660909652709961,3.7574148178100586,1.544482707977295,True
arabert,T6,T6-f-0139,f,-8.461519241333008,-7.313472747802734,-4.593573570251465,False
arabert,T6,T6-f-0140,f,-2.6967129707336426,-2.4596118927001953,-2.525973320007324,False
arabert,T6,T6-f-0141,f,-2.7921504974365234,-2.6572160720825195,-2.5726490020751953,False
arabert,T6,T6-f-0142,f,2.1889238357543945,3.5404367446899414,1.8594322204589844,True
arabert,T6,T6-f-0143,f,1.0882024765014648,2.19683837890625,0.9028186798095703,True
arabert,T6,T6-f-0144,f,0.8398637771606445,2.130434036254883,-0.11042261123657227,True
arabert,T6,T6-f-0145,f,-1.4581918716430664,0.2815704345703125,-0.6470441818237305,False
arabert,T6,T6-f-0146,f,-6.697376251220703,-4.9861602783203125,-3.644900321960449,False
arabert,T6,T6-f-0147,f,-0.3072013854980469,2.217454671859741,-1.1381263732910156,False
arabert,T6,T6-f-0148,f,-0.3009152412414551,0.39620018005371094,-0.5538339614868164,False
arabert,T6,T6-f-0149,f,1.5613911151885986,2.6505286693573,1.588249921798706,True
arabert,T6,T6-f-0150,f,1.4751777648925781,3.074787139892578,1.365692138671875,True
arabert,T6,T6-f-0151,f,-2.4592509269714355,-1.4803433418273926,-2.2415499687194824,False
arabert,T6,T6-f-0152,f,-3.4191393852233887,-2.3423986434936523,-2.9200239181518555,False
arabert,T6,T6-f-0153,f,-2.030951499938965,-1.5523109436035156,-2.379000663757324,False
arabert,T6,T6-f-0154,f,-0.6379899978637695,-0.054944515228271484,-0.9935688972473145,False
arabert,T6,T6-f-0155,f,-0.6749839782714844,0.13320255279541016,-0.7937254905700684,False
arabert,T6,T6-f-0156,f,-0.1674940586090088,0.790961742401123,-0.976325511932373,False
arabert,T6,T6-f-0157,f,-1.8448271751403809,-1.811741828918457,-1.454453468322754,False
arabert,T6,T6-f-0158,f,1.5850591659545898,2.7819578647613525,0.6219983100891113,True
arabert,T6,T6-f-0159,f,0.6721687316894531,1.878488540649414,0.29686927795410156,True
arabert,T6,T6-f-0160,f,-0.4972858428955078,-0.7192449569702148,-0.5587987899780273,False
arabert,T6,T6-f-0161,f,-1.3685240745544434,0.7882065773010254,-0.5196480751037598,False
arabert,T6,T6-f-0162,f,-0.30562353134155273,0.1730799674987793,-0.803436279296875,False
arabert,T6,T6-f-0163,f,0.29585540294647217,2.5149593353271484,0.8718769550323486,True
arabert,T6,T6-f-0164,f,-0.6828823089599609,-0.3194570541381836,-1.0548114776611328,False
arabert,T6,T6-f-0165,f,-1.3795795440673828,-0.8942861557006836,-0.9930057525634766,False
arabert,T6,T6-f-0166,f,-3.870692253112793,-1.8573637008666992,-2.9909114837646484,False
arabert,T6,T6-f-0167,f,-2.0159902572631836,0.02538776397705078,-1.8315482139587402,False
arabert,T6,T6-f-0168,f,0.5184230804443359,2.026688575744629,2.0885934829711914,True
arabert,T6,T6-f-0169,f,-1.9624309539794922,-3.145486831665039,-1.9940247535705566,False
arabert,T6,T6-f-0170,f,2.8370521068573,1.1705045700073242,2.3637099266052246,True
arabert,T6,T6-f-0171,f,0.25220251083374023,0.7305998802185059,-0.09173059463500977,True
arabert,T6,T6-f-0172,f,0.08199882507324219,0.3469839096069336,0.056761741638183594,True
arabert,T6,T6-f-0173,f,2.1818809509277344,3.311613082885742,0.8215551376342773,True
arabert,T6,T6-f-0174,f,2.099575996398926,2.3379764556884766,2.530733108520508,True
arabert,T6,T6-f-0175,f,-1.9603300094604492,-0.8665666580200195,-1.3954954147338867,False
arabert,T6,T6-f-0176,f,-4.314306259155273,-4.156986713409424,-3.2511610984802246,False
arabert,T6,T6-f-0177,f,-2.488753318786621,-2.286388874053955,-2.987760543823242,False
arabert,T6,T6-f-0178,f,-0.7734421491622925,0.4418303370475769,-0.039967238903045654,False
arabert,T6,T6-f-0179,f,-0.08982658386230469,0.13866043090820312,-0.07698440551757812,False
arabert,T6,T6-f-0180,f,0.7463846206665039,-0.35608768463134766,-0.2960820198059082,True
arabert,T6,T6-f-0181,f,-3.23507022857666,-2.4367189407348633,-3.3024234771728516,False
arabert,T6,T6-f-0182,f,0.6506938934326172,0.28070926666259766,-0.12946033477783203,True
arabert,T6,T6-f-0183,f,-0.3529834747314453,0.3852071762084961,-0.31668853759765625,False
arabert,T6,T6-f-0184,f,2.2153401374816895,2.828075885772705,1.628941297531128,True
arabert,T6,T6-f-0185,f,2.954613447189331,3.322378158569336,1.6756386756896973,True
arabert,T6,T6-f-0186,f,-0.9372100830078125,-0.06248331069946289,0.1916046142578125,False
arabert,T6,T6-f-0187,f,-1.218522548675537,-0.21806764602661133,-0.831998348236084,False
arabert,T6,T6-f-0188,f,-0.7102832794189453,-0.5461874008178711,0.8877201080322266,False
arabert,T6,T6-f-0189,f,0.3332786560058594,0.7940826416015625,-0.5060033798217773,True
arabert,T6,T6-f-0190,f,0.6443471908569336,1.5107688903808594,1.1287951469421387,True
arabert,T6,T6-f-0191,f,-0.6148877143859863,2.0474190711975098,-0.13798999786376953,False
arabert,T6,T6-f-0192,f,-1.144608497619629,-0.0014104843139648438,-1.2569713592529297,False
arabert,T6,T6-f-0193,f,0.9084105491638184,2.2425131797790527,0.6139459609985352,True
arabert,T6,T6-f-0194,f,1.6996078491210938,3.2025833129882812,0.7523765563964844,True
arabert,T6,T6-f-0195,f,0.5249614715576172,1.356980800628662,1.0517613887786865,True
arabert,T6,T6-f-0196,f,-0.12747669219970703,-0.127471923828125,-0.636998176574707,False
arabert,T6,T6-f-0197,f,-1.3816218376159668,-0.9086405038833618,-2.3588292598724365,False
arabert,T6,T6-f-0198,f,-6.147102355957031,-4.6730804443359375,-3.184046745300293,False
arabert,T6,T6-f-0199,f,-0.24982452392578125,0.4685211181640625,-1.0592279434204102,False
arabert,T6,T6-f-0200,f,-0.9389681816101074,-0.9166669845581055,-0.9774422645568848,False
arabert,T6,T6-f-0201,f,0.040785789489746094,1.5763425827026367,-0.1372966766357422,True
arabert,T6,T6-f-0202,f,-2.5684118270874023,-1.3034048080444336,-2.5186219215393066,False
arabert,T6,T6-f-0203,f,2.657365560531616,2.2395403385162354,2.5855276584625244,True
arabert,T6,T6-f-0204,f,-0.9366860389709473,-0.28107595443725586,-1.0538697242736816,False
arabert,T6,T6-f-0205,f,0.24812030792236328,2.242924690246582,-0.8674860000610352,True
arabert,T6,T6-f-0206,f,-3.326918601989746,-3.66688871383667,-2.9702062606811523,False
arabert,T6,T6-f-0207,f,-0.3073234558105469,0.2049999237060547,0.07599353790283203,False
arabert,T6,T6-f-0208,f,-3.1877050399780273,-3.7566423416137695,-1.7370948791503906,False
arabert,T6,T6-f-0209,f,-1.5430331230163574,0.42169809341430664,-0.9816713333129883,False
arabert,T6,T6-f-0210,f,0.579676628112793,1.170903205871582,0.9914865493774414,True
arabert,T6,T6-f-0211,f,0.24970340728759766,0.4312295913696289,-0.10299825668334961,True
arabert,T6,T6-f-0212,f,-0.40041637420654297,3.6254167556762695,0.3916034698486328,False
arabert,T6,T6-f-0213,f,-4.557754993438721,-1.6620736122131348,-0.10617733001708984,False
arabert,T6,T6-f-0214,f,2.9432663917541504,3.8751912117004395,2.347831964492798,True
arabert,T6,T6-f-0215,f,-0.25819775462150574,1.541445016860962,-0.39301228523254395,False
arabert,T6,T6-f-0216,f,1.7680070400238037,2.506298303604126,1.4595870971679688,True
arabert,T6,T6-f-0217,f,1.2012968063354492,2.683669090270996,1.1323728561401367,True
arabert,T6,T6-f-0218,f,-5.026492595672607,-5.455699920654297,-5.044030666351318,False
arabert,T6,T6-f-0219,f,-1.0289936065673828,0.5535573959350586,-0.18024063110351562,False
arabert,T6,T6-f-0220,f,-2.9423584938049316,-2.710080623626709,-2.674370288848877,False
arabert,T6,T6-f-0221,f,0.46738719940185547,1.0737133026123047,-0.11984729766845703,True
arabert,T6,T6-f-0222,f,0.6299905776977539,0.6031413078308105,0.849604606628418,True
arabert,T6,T6-f-0223,f,0.7537860870361328,1.4704504013061523,-1.4808063507080078,True
arabert,T6,T6-f-0224,f,1.077540397644043,2.2014904022216797,0.922050952911377,True
arabert,T6,T6-f-0225,f,1.5901894569396973,2.0771827697753906,-0.7173714637756348,True
arabert,T6,T6-f-0226,f,-2.7499094009399414,-2.2856311798095703,-2.9508581161499023,False
arabert,T6,T6-f-0227,f,-2.234586715698242,-1.3736419677734375,-3.6183624267578125,False
arabert,T6,T6-f-0228,f,-1.6571922302246094,-0.7387351989746094,-1.236663818359375,False
arabert,T6,T6-f-0229,f,0.7689065933227539,0.6091346740722656,1.2707242965698242,True
arabert,T6,T6-f-0230,f,-3.6763267517089844,-3.1422386169433594,-3.146836519241333,False
arabert,T6,T6-f-0231,f,1.1575875282287598,2.2554311752319336,0.9619299173355103,True
arabert,T6,T6-f-0232,f,1.3432855606079102,2.1307618618011475,1.6472582817077637,True
arabert,T6,T6-f-0233,f,1.8266620635986328,2.616476058959961,1.1007577180862427,True
arabert,T6,T6-f-0234,f,-2.0900259017944336,-0.39345359802246094,-2.826496124267578,False
arabert,T6,T6-f-0235,f,0.5425014495849609,0.6654644012451172,0.5990829467773438,True
arabert,T6,T6-f-0236,f,1.2319693565368652,1.7645564079284668,1.2443673610687256,True
arabert,T6,T6-f-0237,f,-3.0500478744506836,-1.4768872261047363,-2.5228452682495117,False
arabert,T6,T6-f-0238,f,1.1660215854644775,1.7923834323883057,1.4440429210662842,True
arabert,T6,T6-f-0239,f,-2.113149642944336,-1.1986207962036133,-1.37542724609375,False
arabert,T6,T6-f-0240,f,-1.9890272617340088,-1.3524322509765625,-2.3122124671936035,False
arabert,T6,T6-f-0241,f,0.38004207611083984,0.9027261734008789,0.5466642379760742,True
arabert,T6,T6-f-0242,f,-1.1206293106079102,-0.09354209899902344,-1.1215696334838867,False
arabert,T6,T6-f-0243,f,-0.3170185089111328,0.33889198303222656,0.9028387069702148,False
arabert,T6,T6-f-0244,f,-0.4178647994995117,1.6129179000854492,0.6467323303222656,False
arabert,T6,T6-f-0245,f,-0.7417516708374023,-0.604792594909668,-0.27266788482666016,False
arabert,T6,T6-f-0246,f,-1.7106657028198242,-0.29144859313964844,-1.8110170364379883,False
arabert,T6,T6-f-0247,f,-1.110642433166504,-0.16759872436523438,-1.0693035125732422,False
arabert,T6,T6-f-0248,f,-0.27416229248046875,2.342397689819336,0.5146255493164062,False
arabert,T6,T6-f-0249,f,-0.041797637939453125,0.37201738357543945,-0.4069180488586426,False
arabert,T6,T6-f-0250,f,0.9804226160049438,2.3696346282958984,1.2360763549804688,True
arabert,T6,T6-f-0251,f,-3.5068931579589844,-4.606296062469482,-3.9840292930603027,False
arabert,T6,T6-f-0252,f,-0.4509305953979492,0.5909156799316406,-0.16859006881713867,False
arabert,T6,T6-f-0253,f,0.030317306518554688,2.2939701080322266,1.1407241821289062,True
arabert,T6,T6-f-0254,f,-1.9787774085998535,-0.3427753448486328,-1.4929494857788086,False
arabert,T6,T6-f-0255,f,1.6316981315612793,2.6013598442077637,1.772395133972168,True
arabert,T6,T6-f-0256,f,0.6064682006835938,0.4473447799682617,1.1687202453613281,True
arabert,T6,T6-f-0257,f,-3.8831000328063965,-1.0072553157806396,-3.552757740020752,False
arabert,T6,T6-f-0258,f,2.0008764266967773,1.629892349243164,2.167243003845215,True
arabert,T6,T6-f-0259,f,-2.4098093509674072,-0.5447832345962524,-1.4406225681304932,False
arabert,T6,T6-f-0260,f,-0.9808063507080078,-0.794243335723877,-0.4649314880371094,False
arabert,T6,T6-f-0261,f,-1.4228134155273438,-0.868628978729248,-1.034092903137207,False
arabert,T6,T6-f-0262,f,0.9740972518920898,1.3434109687805176,0.2677426338195801,True
arabert,T6,T6-f-0263,f,-0.07947826385498047,0.541755199432373,-0.14166688919067383,False
arabert,T6,T6-f-0264,f,-2.210785388946533,-1.3852601051330566,-1.6304082870483398,False
arabert,T6,T6-f-0265,f,0.45186567306518555,1.2841672897338867,1.4737343788146973,True
arabert,T6,T6-f-0266,f,-2.5640721321105957,-3.322953701019287,-1.4519801139831543,False
arabert,T6,T6-f-0267,f,1.2537798881530762,1.581033706665039,2.0693359375,True
arabert,T6,T6-f-0268,f,-3.4790797233581543,-2.149980068206787,-3.182237386703491,False
arabert,T6,T6-f-0269,f,-2.7465338706970215,0.1527566909790039,-2.0434389114379883,False
arabert,T6,T6-f-0270,f,0.3896150588989258,0.6298456192016602,0.9751071929931641,True
arabert,T6,T6-f-0271,f,2.6613497734069824,4.114772796630859,2.4059581756591797,True
arabert,T6,T6-f-0272,f,-0.6008920669555664,-1.3040666580200195,0.15397167205810547,False
arabert,T6,T6-f-0273,f,1.0437068939208984,2.545872688293457,0.9214668273925781,True
arabert,T6,T6-f-0274,f,-0.8125410079956055,0.07598304748535156,-1.1533946990966797,False
arabert,T6,T6-f-0275,f,-0.7749357223510742,-0.8674020767211914,-1.5955934524536133,False
arabert,T6,T6-f-0276,f,-3.017362594604492,-1.6828923225402832,-2.8891172409057617,False
arabert,T6,T6-f-0277,f,-0.6928701400756836,-0.2093057632446289,-0.9116263389587402,False
arabert,T6,T6-f-0278,f,-3.8225464820861816,-3.5165677070617676,-3.2415618896484375,False
arabert,T6,T6-f-0279,f,1.618337869644165,2.5401248931884766,2.0356249809265137,True
arabert,T6,T6-f-0280,f,-2.597818374633789,-1.3188743591308594,-2.4277267456054688,False
arabert,T6,T6-f-0281,f,-0.7678301334381104,-0.22910094261169434,-0.8904638290405273,False
arabert,T6,T6-f-0282,f,-2.7487072944641113,-0.7315454483032227,-2.945727825164795,False
arabert,T6,T6-f-0283,f,-0.3138127326965332,-0.08336925506591797,-1.8934316635131836,False
arabert,T6,T6-f-0284,f,-2.9148545265197754,-2.4040579795837402,-2.3144407272338867,False
arabert,T6,T6-f-0285,f,-2.377560615539551,-1.533026933670044,-3.1833231449127197,False
arabert,T6,T6-f-0286,f,-0.001129150390625,-0.16984939575195312,0.3161149024963379,False
arabert,T6,T6-f-0287,f,-0.37480640411376953,2.422654151916504,0.6232967376708984,False
arabert,T6,T6-f-0288,f,-2.2631750106811523,-1.603827953338623,-2.8589863777160645,False
arabert,T6,T6-f-0289,f,0.3413553237915039,0.6910848617553711,0.4208850860595703,True
arabert,T6,T6-f-0290,f,-0.9844846725463867,0.7003841400146484,0.5683660507202148,False
arabert,T6,T6-f-0291,f,0.05506706237792969,0.8725967407226562,1.1725921630859375,True
arabert,T6,T6-f-0292,f,-1.206563949584961,-0.7056999206542969,-2.0714330673217773,False
arabert,T6,T6-f-0293,f,0.40137481689453125,0.5933842658996582,0.610013484954834,True
arabert,T6,T6-f-0294,f,-1.0203557014465332,-0.774259090423584,-1.3344755172729492,False
arabert,T6,T6-f-0295,f,0.028412818908691406,0.9933156967163086,0.26754188537597656,True
arabert,T6,T6-f-0296,f,-2.3411455154418945,-2.4308524131774902,-3.1181864738464355,False
arabert,T6,T6-f-0297,f,1.1062231063842773,3.867330551147461,1.0672893524169922,True
arabert,T6,T6-f-0298,f,-1.6758317947387695,1.7357892990112305,-0.12862396240234375,False
arabert,T6,T6-f-0299,f,1.3558368682861328,2.077479362487793,0.4536590576171875,True
arabert,T6,T6-f-0300,f,-2.676867961883545,-2.549740791320801,-1.8507044315338135,False
arabert,T6,T6-f-0301,f,-1.5673727989196777,-0.5753235816955566,-1.817920207977295,False
arabert,T6,T6-f-0302,f,0.7410287857055664,-0.12590551376342773,0.3781919479370117,True
arabert,T6,T6-f-0303,f,-2.658862829208374,-1.1746642589569092,-1.2429670095443726,False
arabert,T6,T6-f-0304,f,-3.7977654933929443,-1.5133640766143799,-3.0571532249450684,False
arabert,T6,T6-f-0305,f,-1.3546276092529297,-1.2706012725830078,-1.4781503677368164,False
arabert,T6,T6-f-0306,f,-1.0728626251220703,-0.10980224609375,-0.805506706237793,False
arabert,T6,T6-f-0307,f,-0.3772449493408203,0.4025840759277344,-0.6981678009033203,False
arabert,T6,T6-f-0308,f,-3.3852181434631348,-2.454866886138916,-3.8888258934020996,False
arabert,T6,T6-f-0309,f,-3.52004337310791,-0.8549033999443054,-2.4615092277526855,False
arabert,T6,T6-f-0310,f,-1.8835793733596802,-1.3399500846862793,-0.47705984115600586,False
arabert,T6,T6-f-0311,f,-4.428335189819336,-4.469927787780762,-3.8240182399749756,False
arabert,T6,T6-f-0312,f,2.1414594650268555,3.5265207290649414,1.6630973815917969,True
arabert,T6,T6-f-0313,f,-1.0838818550109863,0.6553268432617188,-0.9764313697814941,False
arabert,T6,T6-f-0314,f,0.7042160034179688,0.9565742015838623,1.2958221435546875,True
arabert,T6,T6-f-0315,f,-1.9111242294311523,1.9638166427612305,-0.03307008743286133,False
arabert,T6,T6-f-0316,f,-1.5807788372039795,-1.3209924697875977,-1.6582529544830322,False
arabert,T6,T6-f-0317,f,0.10706591606140137,2.0908050537109375,0.5163283348083496,True
arabert,T6,T6-f-0318,f,0.9571409225463867,1.1824378967285156,0.9692873954772949,True
arabert,T6,T6-f-0319,f,-1.954483985900879,-1.157503604888916,-0.9483010768890381,False
arabert,T6,T6-f-0320,f,-1.4888334274291992,-0.8212652206420898,-0.8142185211181641,False
arabert,T6,T6-f-0321,f,-1.4834575653076172,0.2705268859863281,-1.1226015090942383,False
arabert,T6,T6-f-0322,f,-0.19968366622924805,0.8513741493225098,-0.0058917999267578125,False
arabert,T6,T6-f-0323,f,-1.1690459251403809,-1.1440811157226562,-0.8266186714172363,False
arabert,T6,T6-f-0324,f,-2.5772414207458496,-0.9202876091003418,-2.338878631591797,False
arabert,T6,T6-f-0325,f,-2.330409288406372,-3.8414690494537354,-2.811343193054199,False
arabert,T6,T6-f-0326,f,-1.42225980758667,0.4026656150817871,-1.453333854675293,False
arabert,T6,T6-f-0327,f,2.338001012802124,2.9800033569335938,2.229069709777832,True
arabert,T6,T6-f-0328,f,-3.033907413482666,-2.6797142028808594,-3.2486796379089355,False
arabert,T6,T6-f-0329,f,-1.8418097496032715,-1.7201652526855469,-1.9934515953063965,False
arabert,T6,T6-f-0330,f,1.044154167175293,1.5963735580444336,0.1709280014038086,True
arabert,T6,T6-f-0331,f,0.03407907485961914,0.0579981803894043,-0.06515169143676758,True
arabert,T6,T6-f-0332,f,-0.17351770401000977,0.5612955093383789,-0.10962867736816406,False
arabert,T6,T6-f-0333,f,0.06000041961669922,0.593989372253418,0.16462421417236328,True
arabert,T6,T6-f-0334,f,-1.7830750942230225,-0.8523597717285156,-2.258495330810547,False
arabert,T6,T6-f-0335,f,1.9411349296569824,3.98533034324646,1.224435567855835,True
arabert,T6,T6-f-0336,f,1.1300959587097168,1.7614121437072754,1.9168806076049805,True
arabert,T6,T6-f-0337,f,-3.047510862350464,-1.0059731006622314,-2.6980366706848145,False
arabert,T6,T6-f-0338,f,1.8846139907836914,0.9239420890808105,1.240725040435791,True
arabert,T6,T6-f-0339,f,-6.204204559326172,-4.466002464294434,-5.985740661621094,False
arabert,T6,T6-f-0340,f,-0.7882022857666016,-1.363966941833496,-1.137831687927246,False
arabert,T6,T6-f-0341,f,-5.002768516540527,-4.299981117248535,-1.3795785903930664,False
arabert,T6,T6-f-0342,f,-2.916934013366699,-2.4861111640930176,-3.657221794128418,False
arabert,T6,T6-f-0343,f,-4.991001129150391,-1.8022441864013672,-1.2438430786132812,False
arabert,T6,T6-f-0344,f,-1.9622483253479004,0.9277992248535156,-0.399838924407959,False
arabert,T6,T6-f-0345,f,0.9586085081100464,3.6003150939941406,0.4289973974227905,True
arabert,T6,T6-f-0346,f,1.0221261978149414,2.0404815673828125,2.1656112670898438,True
arabert,T6,T6-f-0347,f,1.3105440139770508,0.9224653244018555,1.1086111068725586,True
arabert,T6,T6-f-0348,f,2.057270050048828,3.226710319519043,2.2489185333251953,True
arabert,T6,T6-f-0349,f,-0.44280070066452026,0.45969146490097046,-0.38327258825302124,False
arabert,T6,T6-f-0350,f,-0.6411094665527344,-0.5279693603515625,0.2181229591369629,False
arabert,T6,T6-f-0351,f,-0.03693532943725586,0.2088489532470703,-0.8617711067199707,False
arabert,T6,T6-f-0352,f,-1.6830344200134277,-1.2640056610107422,-2.377303123474121,False
arabert,T6,T6-f-0353,f,-0.6654868125915527,0.4004020690917969,-0.2540411949157715,False
arabert,T6,T6-f-0354,f,-2.024844169616699,-2.2235398292541504,-1.5688409805297852,False
arabert,T6,T6-f-0355,f,-1.2508783340454102,-0.14794158935546875,-1.360051155090332,False
arabert,T6,T6-f-0356,f,-2.696751594543457,-2.721221446990967,-1.6274328231811523,False
arabert,T6,T6-f-0357,f,-2.5921859741210938,-0.8178329467773438,0.34167909622192383,False
arabert,T6,T6-f-0358,f,1.029686689376831,0.983793318271637,1.113842487335205,True
arabert,T6,T6-f-0359,f,-0.5969753265380859,0.33855724334716797,1.449498176574707,False
arabert,T6,T6-f-0360,f,1.5393860340118408,2.454284906387329,0.9711340665817261,True
arabert,T6,T6-f-0361,f,0.014992475509643555,0.565338134765625,-0.008961200714111328,True
arabert,T6,T6-f-0362,f,-0.7335782051086426,2.103970766067505,-1.3531408309936523,False
arabert,T6,T6-f-0363,f,1.1087970733642578,2.893893241882324,-0.44748353958129883,True
arabert,T6,T6-f-0364,f,-0.09155058860778809,4.145550727844238,0.34280872344970703,False
arabert,T6,T6-f-0365,f,-4.025291919708252,-0.6897084712982178,-3.235478401184082,False
arabert,T6,T6-f-0366,f,-1.4894261360168457,-0.8106529712677002,-1.3184738159179688,False
arabert,T6,T6-f-0367,f,-1.289773941040039,-0.7439861297607422,-2.611952781677246,False
arabert,T6,T6-f-0368,f,1.4451956748962402,1.4683265686035156,-0.9454632997512817,True
arabert,T6,T6-f-0369,f,-1.7972019910812378,-1.601340889930725,-1.8035833835601807,False
arabert,T6,T6-f-0370,f,1.395013451576233,2.156036138534546,1.5586531162261963,True
arabert,T6,T6-f-0371,f,-4.021853446960449,-2.4103591442108154,-3.298191785812378,False
arabert,T6,T6-f-0372,f,-0.9190607070922852,-0.2659111022949219,-0.9546475410461426,False
arabert,T6,T6-f-0373,f,-2.355971336364746,-1.9118118286132812,-2.4309210777282715,False
arabert,T6,T6-f-0374,f,-0.2282857894897461,0.3952054977416992,0.39435768127441406,False
arabert,T6,T6-f-0375,f,-1.0209083557128906,-0.07314109802246094,-0.18708515167236328,False
arabert,T6,T6-f-0376,f,-3.7352747917175293,-2.4672112464904785,-2.1940574645996094,False
arabert,T6,T6-f-0377,f,-2.2358274459838867,-1.178938865661621,-1.5736103057861328,False
arabert,T6,T6-f-0378,f,1.0113277435302734,2.1380176544189453,-0.2325572967529297,True
arabert,T6,T6-f-0379,f,-2.8780808448791504,-3.630197048187256,-3.0952067375183105,False
arabert,T6,T6-f-0380,f,2.013273239135742,1.538848876953125,2.7278213500976562,True
arabert,T6,T6-f-0381,f,2.7022008895874023,3.643740653991699,1.9457454681396484,True
arabert,T6,T6-f-0382,f,-0.5015544891357422,-0.06773519515991211,-0.5185127258300781,False
arabert,T6,T6-f-0383,f,-1.7152514457702637,-0.9303188323974609,-1.2068414688110352,False
arabert,T6,T6-f-0384,f,0.28928422927856445,1.8046417236328125,0.45453357696533203,True
arabert,T6,T6-f-0385,f,-2.355339527130127,-2.4845223426818848,-2.401698112487793,False
arabert,T6,T6-f-0386,f,-0.2868690490722656,0.0019235610961914062,-0.8429460525512695,False
arabert,T6,T6-f-0387,f,-1.9267292022705078,-0.2759976387023926,-1.6820745468139648,False
arabert,T6,T6-f-0388,f,0.7869787216186523,0.6535663604736328,0.9591751098632812,True
arabert,T6,T6-f-0389,f,-2.453518867492676,-3.2014665603637695,-2.926664352416992,False
arabert,T6,T6-f-0390,f,0.3715066909790039,0.547661304473877,0.10387420654296875,True
arabert,T6,T6-f-0391,f,2.459981918334961,3.8515915870666504,1.3222813606262207,True
arabert,T6,T6-f-0392,f,-0.5160388946533203,0.34322643280029297,-0.9683351516723633,False
arabert,T6,T6-f-0393,f,-1.9448108673095703,-1.0131640434265137,0.022600173950195312,False
arabert,T6,T6-f-0394,f,-0.3311882019042969,-0.23857474327087402,-0.8159089088439941,False
arabert,T6,T6-f-0395,f,0.4804553985595703,1.7152118682861328,-0.7876896858215332,True
arabert,T6,T6-f-0396,f,-1.3534364700317383,-1.4975156784057617,-0.6385040283203125,False
arabert,T6,T6-f-0397,f,-1.3070955276489258,-0.9163742065429688,-1.6882407665252686,False
arabert,T6,T6-f-0398,f,-1.5906744003295898,-0.2897505760192871,-2.1950182914733887,False
arabert,T6,T6-f-0399,f,0.7190885543823242,1.0717544555664062,1.1799840927124023,True
arabert,T6,T6-f-0400,f,-2.4800713062286377,-1.8072841167449951,-1.0930371284484863,False
arabert,T6,T6-f-0401,f,-1.3845462799072266,-1.5903511047363281,-1.7342772483825684,False
arabert,T6,T6-f-0402,f,0.6457118988037109,0.48676276206970215,-0.7772884368896484,True
arabert,T6,T6-f-0403,f,-2.6313114166259766,-1.7473115921020508,-3.7971229553222656,False
arabert,T6,T6-f-0404,f,2.738607406616211,4.653228282928467,2.9224815368652344,True
arabert,T6,T6-f-0405,f,-2.077603816986084,-0.7978806495666504,-2.757107734680176,False
arabert,T6,T6-f-0406,f,-2.0084068775177,-0.6934709548950195,-1.1116313934326172,False
arabert,T6,T6-f-0407,f,-0.5857782363891602,1.7156867980957031,0.2553234100341797,False
arabert,T6,T6-f-0408,f,-0.8237056732177734,-0.6456022262573242,-1.7663941383361816,False
arabert,T6,T6-f-0409,f,-0.2013092041015625,0.4587869644165039,-1.3325326442718506,False
arabert,T6,T6-f-0410,f,-0.7055258750915527,0.7219433784484863,-0.6475133895874023,False
arabert,T6,T6-f-0411,f,-0.09518146514892578,-0.26137828826904297,-0.7406330108642578,False
arabert,T6,T6-f-0412,f,0.10482931137084961,-0.730891227722168,-0.4513998031616211,True
arabert,T6,T6-f-0413,f,-2.149569511413574,-2.112264633178711,-2.1302385330200195,False
arabert,T6,T6-f-0414,f,-1.287663459777832,-0.8311858177185059,-0.8829641342163086,False
arabert,T6,T6-f-0415,f,-1.3948955535888672,-0.7297039031982422,-0.8276176452636719,False
arabert,T6,T6-f-0416,f,-0.1436905860900879,-0.09711980819702148,0.15035343170166016,False
arabert,T6,T6-f-0417,f,-0.03129434585571289,2.4495534896850586,0.2645134925842285,False
arabert,T6,T6-f-0418,f,-2.7584896087646484,-0.21007633209228516,-3.1528372764587402,False
arabert,T6,T6-f-0419,f,-1.032217025756836,-1.235422134399414,-0.470062255859375,False
arabert,T6,T6-f-0420,f,-1.7497482299804688,-1.0333499908447266,-1.5001153945922852,False
arabert,T6,T6-f-0421,f,-0.8484373092651367,-0.581852912902832,-0.6046242713928223,False
arabert,T6,T6-f-0422,f,-0.08493518829345703,0.40346527099609375,-2.0936436653137207,False
arabert,T6,T6-f-0423,f,3.307488441467285,3.5732641220092773,3.071512222290039,True
arabert,T6,T6-f-0424,f,-3.1286983489990234,-2.6498470306396484,-3.200439929962158,False
arabert,T6,T6-f-0425,f,-2.046687126159668,-1.7266955375671387,-1.8444342613220215,False
arabert,T6,T6-f-0426,f,-2.0859789848327637,0.010098457336425781,-1.3301825523376465,False
arabert,T6,T6-f-0427,f,-0.46822690963745117,1.503774881362915,-0.24092674255371094,False
arabert,T6,T6-f-0428,f,-1.6779417991638184,0.158721923828125,-2.045508861541748,False
arabert,T6,T6-f-0429,f,-1.2703857421875,-0.6984367370605469,-1.5868654251098633,False
arabert,T6,T6-f-0430,f,1.0756912231445312,1.0228047370910645,1.452535629272461,True
arabert,T6,T6-f-0431,f,-0.4729156494140625,1.807931900024414,-0.4864168167114258,False
arabert,T6,T6-f-0432,f,0.45587825775146484,0.9136090278625488,0.43662166595458984,True
arabert,T6,T6-f-0433,f,0.6984367370605469,2.024961471557617,0.427487850189209,True
arabert,T6,T6-f-0434,f,1.4795808792114258,1.9985265731811523,0.5720691680908203,True
arabert,T6,T6-f-0435,f,1.7232335805892944,1.5700099468231201,1.5997891426086426,True
arabert,T6,T6-f-0436,f,-0.7272610664367676,1.008291244506836,-0.6808571815490723,False
arabert,T6,T6-f-0437,f,-2.9868597984313965,-2.600041389465332,-2.8409204483032227,False
arabert,T6,T6-f-0438,f,-0.3630504608154297,0.7217321395874023,-2.2909979820251465,False
arabert,T6,T6-f-0439,f,0.06761550903320312,1.0177955627441406,0.3856077194213867,True
arabert,T6,T6-f-0440,f,-0.7051887512207031,0.3318328857421875,-0.3638153076171875,False
arabert,T6,T6-f-0441,f,1.8446426391601562,3.2163867950439453,0.40926504135131836,True
arabert,T6,T6-f-0442,f,-1.2872076034545898,-0.9119539260864258,-0.15130901336669922,False
arabert,T6,T6-f-0443,f,-3.2752532958984375,-1.9550957679748535,-3.056680679321289,False
arabert,T6,T6-f-0444,f,1.3046903610229492,2.1253397464752197,1.210758090019226,True
arabert,T6,T6-f-0445,f,2.5287225246429443,3.545483112335205,2.190805673599243,True
arabert,T6,T6-f-0446,f,-0.507164478302002,0.4175906181335449,-0.6758928298950195,False
arabert,T6,T6-f-0447,f,-1.2866220474243164,0.1597299575805664,-1.902669906616211,False
arabert,T6,T6-f-0448,f,-2.865633010864258,-0.4991922378540039,-2.2606515884399414,False
arabert,T6,T6-f-0449,f,-0.3215193748474121,1.939894676208496,-0.14759349822998047,False
arabert,T6,T6-f-0450,f,-1.7814478874206543,-0.7372031211853027,-1.0799760818481445,False
arabert,T6,T6-f-0451,f,1.0009183883666992,2.9275197982788086,2.0211400985717773,True
arabert,T6,T6-f-0452,f,-2.2552881240844727,-1.4908761978149414,-2.942331314086914,False
arabert,T6,T6-f-0453,f,-0.4242081642150879,-0.2195444107055664,-1.7683742046356201,False
arabert,T6,T6-f-0454,f,-2.464681625366211,-2.375211477279663,-2.437948703765869,False
arabert,T6,T6-f-0455,f,-0.603663444519043,0.011551380157470703,0.019331932067871094,False
arabert,T6,T6-f-0456,f,-2.676694869995117,-2.6356825828552246,-2.320155143737793,False
arabert,T6,T6-f-0457,f,0.2734241485595703,1.4153814315795898,0.07706499099731445,True
arabert,T6,T6-f-0458,f,-1.5964388847351074,-1.1646299362182617,-1.3156180381774902,False
arabert,T6,T6-f-0459,f,-2.3049373626708984,-0.21194589138031006,-1.2740687131881714,False
arabert,T6,T6-f-0460,f,-1.3036317825317383,2.697596549987793,0.7101049423217773,False
arabert,T6,T6-f-0461,f,-2.4717016220092773,-0.30053138732910156,-1.938173770904541,False
arabert,T6,T6-f-0462,f,-3.0261824131011963,-2.10623836517334,-2.415787935256958,False
arabert,T6,T6-f-0463,f,-1.1000738143920898,-0.4897737503051758,0.004046440124511719,False
arabert,T6,T6-f-0464,f,-1.1113672256469727,-0.4353485107421875,-1.5221405029296875,False
arabert,T6,T6-f-0465,f,-1.0403270721435547,2.7826309204101562,0.49390697479248047,False
arabert,T6,T6-f-0466,f,0.753911018371582,0.8995823860168457,0.3070659637451172,True
arabert,T6,T6-f-0467,f,1.2013883590698242,2.85003662109375,0.9801301956176758,True
arabert,T6,T6-f-0468,f,-2.707882881164551,-1.7869768142700195,-1.4238386154174805,False
arabert,T6,T6-f-0469,f,-0.3495149612426758,0.7211103439331055,0.1544950008392334,False
arabert,T6,T6-f-0470,f,-0.4021458625793457,-0.82470703125,-0.06056356430053711,False
arabert,T6,T6-f-0471,f,-0.31212663650512695,1.736893892288208,-0.30270910263061523,False
arabert,T6,T6-f-0472,f,0.35470104217529297,0.8340902328491211,0.7361030578613281,True
arabert,T6,T6-f-0473,f,-2.212137222290039,-1.1622753143310547,-1.215414047241211,False
arabert,T6,T6-f-0474,f,-1.5811371803283691,-0.5118279457092285,-1.1902885437011719,False
arabert,T6,T6-f-0475,f,-0.010921239852905273,2.1909406185150146,0.45941102504730225,False
arabert,T6,T6-f-0476,f,-1.5441899299621582,-0.7865982055664062,-2.0925893783569336,False
arabert,T6,T6-f-0477,f,-1.6221752166748047,-0.44597625732421875,-1.5756468772888184,False
arabert,T6,T6-f-0478,f,-0.3781576156616211,-0.33195018768310547,-0.3732147216796875,False
arabert,T6,T6-f-0479,f,1.971176028251648,1.7202050685882568,1.820448398590088,True
arabert,T6,T6-f-0480,f,0.09101676940917969,-0.020032405853271484,-1.0447540283203125,True
arabert,T6,T6-f-0481,f,0.09744596481323242,2.050307512283325,0.42304563522338867,True
arabert,T6,T6-f-0482,f,0.23781681060791016,0.7514429092407227,0.2736501693725586,True
arabert,T6,T6-f-0483,f,0.05513191223144531,1.724456787109375,0.03817462921142578,True
arabert,T6,T6-f-0484,f,2.113178253173828,3.046100616455078,2.768937110900879,True
arabert,T6,T6-f-0485,f,-2.0606584548950195,-1.9132695198059082,-1.865128993988037,False
arabert,T6,T6-f-0486,f,-0.7581968307495117,0.7564377784729004,-0.8275580406188965,False
arabert,T6,T6-f-0487,f,-0.6841270923614502,-0.49602794647216797,-0.846961259841919,False
arabert,T6,T6-f-0488,f,-0.9006462097167969,1.9399299621582031,-0.061977386474609375,False
arabert,T6,T6-f-0489,f,1.0285282135009766,2.9813833236694336,0.8272476196289062,True
arabert,T6,T6-f-0490,f,-1.203333854675293,-0.33684682846069336,-1.1764435768127441,False
arabert,T6,T6-f-0491,f,-3.209282875061035,-1.9475131034851074,-3.0273489952087402,False
arabert,T6,T6-f-0492,f,-2.980140209197998,-2.5291390419006348,-2.525542736053467,False
arabert,T6,T6-f-0493,f,0.37230348587036133,2.000251054763794,1.1051228046417236,True
arabert,T6,T6-f-0494,f,1.0554187297821045,2.9846460819244385,1.3729040622711182,True
arabert,T6,T6-f-0495,f,-1.4706692695617676,-0.09666061401367188,-1.3006210327148438,False
arabert,T6,T6-f-0496,f,1.2852458953857422,2.4450106620788574,1.0589027404785156,True
arabert,T6,T6-f-0497,f,-1.8308210372924805,-0.41771411895751953,-2.451549530029297,False
arabert,T6,T6-f-0498,f,-2.513753890991211,-1.9792637825012207,-2.944243907928467,False
arabert,T6,T6-f-0499,f,-1.2365875244140625,-0.6816825866699219,-1.0183420181274414,False
arabert,T6,T6-f-0500,f,-1.4001774787902832,-0.316042423248291,-1.4357800483703613,False
arabert,T6,T6-f-0501,f,2.1617727279663086,3.3774633407592773,1.3887319564819336,True
arabert,T6,T6-f-0502,f,0.43291234970092773,1.909968376159668,-0.3234729766845703,True
arabert,T6,T6-f-0503,f,0.38983821868896484,1.914306640625,1.464193344116211,True
arabert,T6,T6-f-0504,f,-0.34981822967529297,-0.9508886337280273,-1.1106600761413574,False
arabert,T6,T6-f-0505,f,-3.5466909408569336,-2.690802574157715,-2.8765058517456055,False
arabert,T6,T6-f-0506,f,-1.6504926681518555,-2.446269989013672,-1.5843353271484375,False
arabert,T6,T6-f-0507,f,1.0517950057983398,0.9184255599975586,1.0175437927246094,True
arabert,T6,T6-f-0508,f,-0.6060075759887695,0.743250846862793,-0.2606029510498047,False
arabert,T6,T6-f-0509,f,-1.513749122619629,0.4971890449523926,-2.74306321144104,False
arabert,T6,T6-f-0510,f,-0.8522129058837891,-0.09259319305419922,-0.6582870483398438,False
arabert,T6,T6-f-0511,f,-0.0021991729736328125,0.20988988876342773,-0.3030099868774414,False
arabert,T6,T6-f-0512,f,0.2532491683959961,0.02106189727783203,0.08750438690185547,True
arabert,T6,T6-f-0513,f,-1.4181585311889648,1.2513303756713867,-0.9844651222229004,False
arabert,T6,T6-f-0514,f,-2.0872702598571777,-0.520845890045166,0.4239687919616699,False
arabert,T6,T6-f-0515,f,-0.7920780181884766,-1.2552728652954102,-0.8045568466186523,False
arabert,T6,T6-f-0516,f,0.7808411121368408,2.7520649433135986,0.45144474506378174,True
arabert,T6,T6-f-0517,f,-0.762298583984375,1.6977415084838867,-0.9583220481872559,False
arabert,T6,T6-f-0518,f,-2.6505279541015625,1.0270891189575195,-2.310108184814453,False
arabert,T6,T6-f-0519,f,1.3210563659667969,2.5709428787231445,0.6838035583496094,True
arabert,T6,T6-f-0520,f,-7.169248580932617,-3.3543224334716797,-4.650978088378906,False
arabert,T6,T6-f-0521,f,-4.485575199127197,-3.631791114807129,-4.008060455322266,False
arabert,T6,T6-f-0522,f,-0.2014305591583252,0.3394629955291748,-0.02481555938720703,False
arabert,T6,T6-f-0523,f,-0.7177162170410156,0.38871192932128906,-0.6795625686645508,False
arabert,T6,T6-f-0524,f,1.1515765190124512,2.609221935272217,2.132321834564209,True
arabert,T6,T6-f-0525,f,0.5466594696044922,0.7529211044311523,0.5929965972900391,True
arabert,T6,T6-f-0526,f,0.4415251314640045,2.1623013019561768,0.12191611528396606,True
arabert,T6,T6-f-0527,f,-0.48111581802368164,-1.8856456279754639,-0.5582139492034912,False
arabert,T6,T6-f-0528,f,-1.4018688201904297,-1.1238088607788086,-1.884134292602539,False
arabert,T6,T6-f-0529,f,-2.2751054763793945,-1.7877411842346191,-3.599323272705078,False
arabert,T6,T6-f-0530,f,-0.6320095062255859,2.567934036254883,-0.26267051696777344,False
arabert,T6,T6-f-0531,f,-0.7088541984558105,1.2493557929992676,-0.6561884880065918,False
arabert,T6,T6-f-0532,f,-0.8016138076782227,1.7340259552001953,-1.7930097579956055,False
arabert,T6,T6-f-0533,f,0.664722204208374,2.01373553276062,1.3267228603363037,True
arabert,T6,T6-f-0534,f,-0.38713836669921875,2.1096105575561523,0.612147331237793,False
arabert,T6,T6-f-0535,f,-1.6819276809692383,-0.25208282470703125,-1.7703475952148438,False
arabert,T6,T6-f-0536,f,-0.7368392944335938,-0.43897438049316406,-1.6504802703857422,False
arabert,T6,T6-f-0537,f,-3.157719850540161,0.03713369369506836,-1.8064618110656738,False
arabert,T6,T6-f-0538,f,-1.9650378227233887,-0.8761110305786133,-1.3712668418884277,False
arabert,T6,T6-f-0539,f,-1.872488260269165,-1.3447251319885254,-2.0879712104797363,False
arabert,T6,T6-f-0540,f,-0.8255195617675781,-0.8192977905273438,-0.38954639434814453,False
arabert,T6,T6-f-0541,f,-0.4487133026123047,0.5239048004150391,-0.5813188552856445,False
arabert,T6,T6-f-0542,f,-1.361886978149414,-0.7050848007202148,-2.0836009979248047,False
arabert,T6,T6-f-0543,f,-0.4837684631347656,-0.30834293365478516,-0.3805961608886719,False
arabert,T6,T6-f-0544,f,-0.9620108604431152,1.6843101978302002,-0.3776359558105469,False
arabert,T6,T6-f-0545,f,-0.07414913177490234,1.3387055397033691,-0.3603487014770508,False
arabert,T6,T6-f-0546,f,-2.245030403137207,-2.2955827713012695,-2.4090428352355957,False
arabert,T6,T6-f-0547,f,-0.368499755859375,0.4985237121582031,-0.33883047103881836,False
arabert,T6,T6-f-0548,f,-2.655001163482666,-2.358248710632324,-3.0779201984405518,False
arabert,T6,T6-f-0549,f,-3.598729133605957,-2.7770981788635254,-3.238504409790039,False
arabert,T6,T6-f-0550,f,1.335286259651184,2.17676043510437,1.4916143417358398,True
arabert,T6,T6-f-0551,f,-1.9307184219360352,-0.09529304504394531,-1.6481757164001465,False
arabert,T6,T6-f-0552,f,-1.1822762489318848,0.6238913536071777,-1.731428623199463,False
arabert,T6,T6-f-0553,f,-2.7235593795776367,-1.5303537845611572,-0.28677988052368164,False
arabert,T6,T6-f-0554,f,-3.607574462890625,-0.8367693424224854,-0.6915802955627441,False
arabert,T6,T6-f-0555,f,-0.8346490859985352,-0.9864482879638672,-1.53729248046875,False
arabert,T6,T6-f-0556,f,-0.4231128692626953,-0.30338478088378906,-0.37453413009643555,False
arabert,T6,T6-f-0557,f,-1.8251590728759766,-2.420487880706787,-3.328949451446533,False
arabert,T6,T6-f-0558,f,-0.15934085845947266,0.031103134155273438,-0.32037925720214844,False
arabert,T6,T6-f-0559,f,0.1398487091064453,0.4369068145751953,0.13329219818115234,True
arabert,T6,T6-f-0560,f,-1.8950605392456055,-1.1919584274291992,-1.2099475860595703,False
arabert,T6,T6-f-0561,f,-0.19079017639160156,2.500594139099121,1.4109621047973633,False
arabert,T6,T6-f-0562,f,-1.5304055213928223,-0.8970541954040527,-0.9067859649658203,False
arabert,T6,T6-f-0563,f,-0.6406116485595703,-0.5171775817871094,-1.486222743988037,False
arabert,T6,T6-f-0564,f,-2.054781913757324,-2.0022568702697754,-2.3201560974121094,False
arabert,T6,T6-f-0565,f,-2.7387266159057617,-2.374068260192871,-3.4034934043884277,False
arabert,T6,T6-f-0566,f,-5.8153862953186035,-5.290860176086426,-6.52832555770874,False
arabert,T6,T6-f-0567,f,0.46594715118408203,1.329707145690918,0.6465153694152832,True
arabert,T6,T6-f-0568,f,-0.6485662460327148,0.1102910041809082,-0.5173659324645996,False
arabert,T6,T6-f-0569,f,-0.2782893180847168,-0.18196868896484375,0.4589080810546875,False
arabert,T6,T6-f-0570,f,0.4989900588989258,1.432535171508789,-0.16712713241577148,True
arabert,T6,T6-f-0571,f,-0.12688446044921875,-0.009724617004394531,-0.548302173614502,False
arabert,T6,T6-f-0572,f,-2.086650848388672,-1.229736328125,-1.9674272537231445,False
arabert,T6,T6-f-0573,f,-2.690372943878174,-1.070770263671875,-2.158730983734131,False
arabert,T6,T6-f-0574,f,-1.0959463119506836,-0.6850090026855469,-1.3756828308105469,False
arabert,T6,T6-f-0575,f,-1.9918761253356934,1.6416912078857422,-0.5383810997009277,False
arabert,T6,T6-f-0576,f,0.2990427017211914,2.787052631378174,1.305532455444336,True
arabert,T6,T6-f-0577,f,-3.0785837173461914,-1.7857656478881836,-2.999598503112793,False
arabert,T6,T6-f-0578,f,-2.380855083465576,-2.4632863998413086,-1.8377790451049805,False
arabert,T6,T6-f-0579,f,-2.578834056854248,-3.0774102210998535,-2.9896483421325684,False
arabert,T6,T6-f-0580,f,-0.1076669692993164,0.7902612686157227,-0.18307256698608398,False
arabert,T6,T6-f-0581,f,-0.7506594657897949,-0.16353988647460938,-1.5324039459228516,False
arabert,T6,T6-f-0582,f,-1.896049976348877,-0.4694075584411621,-1.341780662536621,False
arabert,T6,T6-f-0583,f,-0.5944428443908691,0.8453836441040039,0.5256252288818359,False
arabert,T6,T6-f-0584,f,-3.142378568649292,-0.5622525215148926,-1.2698125839233398,False
arabert,T6,T6-f-0585,f,-2.6865711212158203,-0.9453220367431641,-2.2565083503723145,False
arabert,T6,T6-f-0586,f,0.5261921882629395,2.8806939125061035,-0.14226412773132324,True
arabert,T6,T6-f-0587,f,-0.622039794921875,0.1352076530456543,-0.15795564651489258,False
arabert,T6,T6-f-0588,f,0.3923912048339844,1.3887710571289062,0.7058000564575195,True
arabert,T6,T6-f-0589,f,-0.8980045318603516,0.03162860870361328,-1.3087663650512695,False
arabert,T6,T6-f-0590,f,-2.5051093101501465,-1.829996109008789,-1.50203275680542,False
arabert,T6,T6-f-0591,f,-3.2115116119384766,-1.424032211303711,-3.8764870166778564,False
arabert,T6,T6-f-0592,f,0.3198709487915039,0.9059915542602539,-0.10924530029296875,True
arabert,T6,T6-f-0593,f,-3.792448043823242,-2.901012420654297,-4.359381198883057,False
arabert,T6,T6-f-0594,f,-0.06750345230102539,0.6273159980773926,0.3648078441619873,False
arabert,T6,T6-f-0595,f,-1.321314811706543,0.7553882598876953,-1.5618791580200195,False
arabert,T6,T6-f-0596,f,-3.9594061374664307,-1.2066385746002197,-5.509952545166016,False
arabert,T6,T6-f-0597,f,-2.8120760917663574,-2.742420196533203,-3.6495137214660645,False
arabert,T6,T6-f-0598,f,-0.6343488693237305,0.05094718933105469,-0.48885536193847656,False
arabert,T6,T6-f-0599,f,-1.421091079711914,-0.38457298278808594,-1.269810676574707,False
camelbert,T3,T3-m-0000,m,-0.8116998672485352,2.5943355560302734,-1.1917061805725098,False
camelbert,T3,T3-m-0001,m,0.3571920394897461,3.3702392578125,0.41846752166748047,True
camelbert,T3,T3-m-0002,m,3.156351327896118,4.438392162322998,3.340548515319824,True
camelbert,T3,T3-m-0003,m,1.7410693168640137,2.1562647819519043,2.2857465744018555,True
camelbert,T3,T3-m-0004,m,5.938025951385498,6.578544616699219,6.55765438079834,True
camelbert,T3,T3-m-0005,m,1.6691350936889648,4.0177178382873535,0.5898687839508057,True
camelbert,T3,T3-m-0006,m,2.4280266761779785,5.119701862335205,2.0303726196289062,True
camelbert,T3,T3-m-0007,m,0.8021523952484131,3.3441293239593506,0.439239501953125,True
camelbert,T3,T3-m-0008,m,0.5383954048156738,1.7934637069702148,1.4743103981018066,True
camelbert,T3,T3-m-0009,m,-0.7132959365844727,3.0574769973754883,-0.9681696891784668,False
camelbert,T3,T3-m-0010,m,-0.3495635986328125,2.445857048034668,2.5719573497772217,False
camelbert,T3,T3-m-0011,m,-0.36230945587158203,3.5426583290100098,-0.28264808654785156,False
camelbert,T3,T3-m-0012,m,0.14131498336791992,3.5348920822143555,-0.14737510681152344,True
camelbert,T3,T3-m-0013,m,2.3245291709899902,2.1494760513305664,1.4787273406982422,True
camelbert,T3,T3-m-0014,m,-1.738219976425171,-0.09563881158828735,-2.034409523010254,False
camelbert,T3,T3-m-0015,m,-1.9358189105987549,1.12906813621521,-1.390951156616211,False
camelbert,T3,T3-m-0016,m,3.0566558837890625,4.3901872634887695,3.0385119915008545,True
camelbert,T3,T3-m-0017,m,1.5925953388214111,2.459851026535034,1.7038264274597168,True
camelbert,T3,T3-m-0018,m,1.9390153884887695,2.0281381607055664,1.3787598609924316,True
camelbert,T3,T3-m-0019,m,3.40327525138855,2.1873161792755127,2.755204200744629,True
camelbert,T3,T3-m-0020,m,-0.4964165687561035,1.657331943511963,0.8739827871322632,False
camelbert,T3,T3-m-0021,m,-0.4812943935394287,1.9631474018096924,1.4801974296569824,False
camelbert,T3,T3-m-0022,m,0.7095280885696411,2.278052806854248,0.9711148142814636,True
camelbert,T3,T3-m-0023,m,-2.6913647651672363,2.224207878112793,0.5686593055725098,False
camelbert,T3,T3-m-0024,m,2.3884291648864746,3.5578181743621826,2.31265926361084,True
camelbert,T3,T3-m-0025,m,1.9091410636901855,3.92579984664917,0.7752556800842285,True
camelbert,T3,T3-m-0026,m,4.871920585632324,4.288010597229004,4.4674601554870605,True
camelbert,T3,T3-m-0027,m,2.4044299125671387,3.5307729244232178,3.105961799621582,True
camelbert,T3,T3-m-0028,m,2.2126686573028564,-0.20314598083496094,1.6480307579040527,True
camelbert,T3,T3-m-0029,m,2.453507423400879,3.00722074508667,2.5903754234313965,True
camelbert,T3,T3-m-0030,m,1.2370262145996094,4.044842720031738,0.3517530858516693,True
camelbert,T3,T3-m-0031,m,-1.111366868019104,1.43064284324646,-0.7628905773162842,False
camelbert,T3,T3-m-0032,m,0.055680274963378906,1.4242167472839355,0.25799131393432617,True
camelbert,T3,T3-m-0033,m,0.969499945640564,1.1356910467147827,1.0835752487182617,True
camelbert,T3,T3-m-0034,m,3.7454895973205566,5.449081897735596,4.332894802093506,True
camelbert,T3,T3-m-0035,m,1.4259448051452637,2.0025691986083984,1.7698779106140137,True
camelbert,T3,T3-m-0036,m,2.2644550800323486,2.1865718364715576,1.8116564750671387,True
camelbert,T3,T3-m-0037,m,0.3501698970794678,2.731731414794922,-0.7887883186340332,True
camelbert,T3,T3-m-0038,m,-0.003883838653564453,2.987746238708496,1.4995436668395996,False
camelbert,T3,T3-m-0039,m,3.6501717567443848,4.102747917175293,3.2685794830322266,True
camelbert,T3,T3-m-0040,m,0.8125896453857422,4.169456958770752,-0.05128622055053711,True
camelbert,T3,T3-m-0041,m,1.3501935005187988,1.8296561241149902,1.5530099868774414,True
camelbert,T3,T3-m-0042,m,4.8864569664001465,5.883839130401611,2.8310837745666504,True
camelbert,T3,T3-m-0043,m,0.6092265844345093,2.1027188301086426,-0.7152172327041626,True
camelbert,T3,T3-m-0044,m,3.599536657333374,5.001949787139893,3.778303861618042,True
camelbert,T3,T3-m-0045,m,4.69866943359375,4.972105503082275,4.887535095214844,True
camelbert,T3,T3-m-0046,m,-0.0448613166809082,1.9284188747406006,-0.537696123123169,False
camelbert,T3,T3-m-0047,m,1.7227661609649658,2.9319138526916504,1.4269733428955078,True
camelbert,T3,T3-m-0048,m,3.270653009414673,3.692384719848633,3.15624737739563,True
camelbert,T3,T3-m-0049,m,-2.0291106700897217,-1.0833375453948975,-1.941399097442627,False
camelbert,T3,T3-m-0050,m,3.0724050998687744,4.087723255157471,3.2054362297058105,True
camelbert,T3,T3-m-0051,m,3.778359889984131,4.610547065734863,3.7481679916381836,True
camelbert,T3,T3-m-0052,m,2.1751251220703125,3.7875232696533203,1.7866053581237793,True
camelbert,T3,T3-m-0053,m,3.1930999755859375,3.9859237670898438,2.843991756439209,True
camelbert,T3,T3-m-0054,m,1.2406764030456543,4.06787109375,0.2681136131286621,True
camelbert,T3,T3-m-0055,m,-1.944046974182129,-1.3894200325012207,-1.6309118270874023,False
camelbert,T3,T3-m-0056,m,-0.25275611877441406,1.664451003074646,-0.21019864082336426,False
camelbert,T3,T3-m-0057,m,2.1616594791412354,2.653937339782715,2.663283348083496,True
camelbert,T3,T3-m-0058,m,0.09855079650878906,1.4308207035064697,-0.011900901794433594,True
camelbert,T3,T3-m-0059,m,-0.2643284797668457,4.172293663024902,2.701719045639038,False
camelbert,T3,T3-m-0060,m,1.8577182292938232,1.6902018785476685,1.1972546577453613,True
camelbert,T3,T3-m-0061,m,-1.1426916122436523,0.0811193585395813,-0.9025418758392334,False
camelbert,T3,T3-m-0062,m,2.277942419052124,3.839080333709717,1.5487288236618042,True
camelbert,T3,T3-m-0063,m,1.8488816022872925,2.4284207820892334,1.57060706615448,True
camelbert,T3,T3-m-0064,m,0.15358781814575195,4.82539701461792,-0.11357355117797852,True
camelbert,T3,T3-m-0065,m,-0.18860435485839844,3.524224281311035,-0.15773868560791016,False
camelbert,T3,T3-m-0066,m,2.1730713844299316,2.8316221237182617,1.9709224700927734,True
camelbert,T3,T3-m-0067,m,0.6775728464126587,2.3986690044403076,0.6513388156890869,True
camelbert,T3,T3-m-0068,m,4.018620014190674,4.604097843170166,3.59824538230896,True
camelbert,T3,T3-m-0069,m,1.2402340173721313,3.362847089767456,0.6537152528762817,True
camelbert,T3,T3-m-0070,m,1.5036993026733398,2.6496801376342773,1.3204355239868164,True
camelbert,T3,T3-m-0071,m,-2.6272060871124268,-1.3940887451171875,-2.70597505569458,False
camelbert,T3,T3-m-0072,m,1.8193869590759277,4.161214351654053,2.462200164794922,True
camelbert,T3,T3-m-0073,m,2.9393997192382812,3.8070480823516846,2.790235996246338,True
camelbert,T3,T3-m-0074,m,2.6061391830444336,5.419985771179199,1.0032234191894531,True
camelbert,T3,T3-m-0075,m,1.2018324136734009,3.311650514602661,1.0351371765136719,True
camelbert,T3,T3-m-0076,m,2.047023296356201,4.216866970062256,2.867995262145996,True
camelbert,T3,T3-m-0077,m,2.463001251220703,3.2806344032287598,1.5637363195419312,True
camelbert,T3,T3-m-0078,m,2.92801570892334,5.169289588928223,2.3496456146240234,True
camelbert,T3,T3-m-0079,m,3.345423698425293,3.0583839416503906,3.5461630821228027,True
camelbert,T3,T3-m-0080,m,-0.32194507122039795,1.9179816246032715,-0.3194516897201538,False
camelbert,T3,T3-m-0081,m,5.136263370513916,4.760694980621338,5.383011817932129,True
camelbert,T3,T3-m-0082,m,1.2601747512817383,4.327114582061768,0.9465646743774414,True
camelbert,T3,T3-m-0083,m,0.8234543800354004,4.034358501434326,1.8644952774047852,True
camelbert,T3,T3-m-0084,m,3.278561592102051,3.8849446773529053,3.473132610321045,True
camelbert,T3,T3-m-0085,m,5.30544900894165,6.432885646820068,5.2852020263671875,True
camelbert,T3,T3-m-0086,m,0.7364888191223145,3.065215587615967,1.0913105010986328,True
camelbert,T3,T3-m-0087,m,1.359926700592041,1.204613447189331,1.6907334327697754,True
camelbert,T3,T3-m-0088,m,2.3417060375213623,2.959606170654297,3.30881404876709,True
camelbert,T3,T3-m-0089,m,3.553605318069458,5.096939563751221,3.660043478012085,True
camelbert,T3,T3-m-0090,m,2.749047040939331,2.4663641452789307,2.966219663619995,True
camelbert,T3,T3-m-0091,m,-0.5988993644714355,2.201500415802002,-0.4284111261367798,False
camelbert,T3,T3-m-0092,m,1.280379056930542,0.1004021167755127,0.5028367042541504,True
camelbert,T3,T3-m-0093,m,0.88852858543396,3.8809564113616943,0.6886415481567383,True
camelbert,T3,T3-m-0094,m,-0.993022084236145,0.16880366206169128,-0.7373512983322144,False
camelbert,T3,T3-m-0095,m,-1.9045915603637695,-1.3484289646148682,-1.8774521350860596,False
camelbert,T3,T3-m-0096,m,2.9025611877441406,3.400590419769287,2.930022716522217,True
camelbert,T3,T3-m-0097,m,-1.4414219856262207,-0.8269916772842407,-1.514000415802002,False
camelbert,T3,T3-m-0098,m,-1.2739369869232178,0.3652423918247223,-1.049507975578308,False
camelbert,T3,T3-m-0099,m,-0.13893985748291016,1.919588565826416,-0.1894969940185547,False
camelbert,T3,T3-m-0100,m,-1.0292327404022217,0.3205583095550537,-0.872636079788208,False
camelbert,T3,T3-m-0101,m,3.4112229347229004,3.786731719970703,3.190670967102051,True
camelbert,T3,T3-m-0102,m,1.6990323066711426,2.892899990081787,2.443810224533081,True
camelbert,T3,T3-m-0103,m,3.7028918266296387,4.656918048858643,3.1467363834381104,True
camelbert,T3,T3-m-0104,m,1.2506904602050781,4.263781547546387,0.8002808094024658,True
camelbert,T3,T3-m-0105,m,2.178725242614746,2.041930913925171,2.2643001079559326,True
camelbert,T3,T3-m-0106,m,-2.8489863872528076,-0.3190126419067383,-3.3034162521362305,False
camelbert,T3,T3-m-0107,m,-1.707082986831665,0.2666749954223633,-1.8354170322418213,False
camelbert,T3,T3-m-0108,m,1.8346755504608154,3.3330492973327637,1.9653151035308838,True
camelbert,T3,T3-m-0109,m,2.854952335357666,3.3178720474243164,2.7367374897003174,True
camelbert,T3,T3-m-0110,m,-2.0154335498809814,-1.0838708877563477,-1.856276035308838,False
camelbert,T3,T3-m-0111,m,-1.14531672000885,0.03476147726178169,-0.6025617718696594,False
camelbert,T3,T3-m-0112,m,0.8642840385437012,2.836061477661133,2.925262928009033,True
camelbert,T3,T3-m-0113,m,1.1986165046691895,2.470376491546631,1.8753080368041992,True
camelbert,T3,T3-m-0114,m,2.3519511222839355,2.8634285926818848,1.9277340173721313,True
camelbert,T3,T3-m-0115,m,0.5313063263893127,1.6118593215942383,0.4674379825592041,True
camelbert,T3,T3-m-0116,m,2.2782673835754395,3.4958600997924805,2.447028875350952,True
camelbert,T3,T3-m-0117,m,1.9063735008239746,4.373903751373291,2.0423271656036377,True
camelbert,T3,T3-m-0118,m,2.6928844451904297,2.581195831298828,2.4027018547058105,True
camelbert,T3,T3-m-0119,m,0.5001230239868164,2.163755416870117,1.506788730621338,True
camelbert,T3,T3-m-0120,m,0.1882014274597168,3.544124126434326,0.47789573669433594,True
camelbert,T3,T3-m-0121,m,-3.470932960510254,-1.1512012481689453,-3.9950740337371826,False
camelbert,T3,T3-m-0122,m,-1.9899108409881592,0.06407701969146729,-1.8286867141723633,False
camelbert,T3,T3-m-0123,m,-1.6465840339660645,-1.2725037336349487,-1.8097760677337646,False
camelbert,T3,T3-m-0124,m,1.422654628753662,4.028492450714111,0.7441682815551758,True
camelbert,T3,T3-m-0125,m,-1.4801185131072998,-0.602426290512085,-1.5863851308822632,False
camelbert,T3,T3-m-0126,m,3.0468950271606445,3.864745616912842,3.1869823932647705,True
camelbert,T3,T3-m-0127,m,1.4848897457122803,4.532322883605957,1.5821208953857422,True
camelbert,T3,T3-m-0128,m,0.3175663948059082,4.4586405754089355,1.0138444900512695,True
camelbert,T3,T3-m-0129,m,2.082749843597412,2.5850675106048584,2.107907772064209,True
camelbert,T3,T3-m-0130,m,2.778703212738037,4.156046390533447,1.1679694652557373,True
camelbert,T3,T3-m-0131,m,1.8894681930541992,3.6101036071777344,5.084163188934326,True
camelbert,T3,T3-m-0132,m,1.1534987688064575,1.8653788566589355,1.1972694396972656,True
camelbert,T3,T3-m-0133,m,5.4771528244018555,5.533868312835693,5.613197326660156,True
camelbert,T3,T3-m-0134,m,1.2980504035949707,2.103395938873291,1.2674484252929688,True
camelbert,T3,T3-m-0135,m,-0.43684300780296326,1.6641581058502197,-0.12393860518932343,False
camelbert,T3,T3-m-0136,m,-2.614213705062866,1.6046557426452637,-2.677966356277466,False
camelbert,T3,T3-m-0137,m,3.8762316703796387,5.200795650482178,3.216716766357422,True
camelbert,T3,T3-m-0138,m,0.8238139152526855,2.3155930042266846,0.8140702247619629,True
camelbert,T3,T3-m-0139,m,-0.43145203590393066,2.5597314834594727,-0.8350155353546143,False
camelbert,T3,T3-m-0140,m,1.1457486152648926,1.8786120414733887,0.8907504081726074,True
camelbert,T3,T3-m-0141,m,2.5323400497436523,4.396992206573486,2.327023983001709,True
camelbert,T3,T3-m-0142,m,1.9686535596847534,3.227327823638916,1.3454022407531738,True
camelbert,T3,T3-m-0143,m,-0.06731104850769043,1.8429982662200928,1.6868000030517578,False
camelbert,T3,T3-m-0144,m,0.7223682403564453,2.7512106895446777,0.8361406326293945,True
camelbert,T3,T3-m-0145,m,1.8569899797439575,1.1447436809539795,2.4713311195373535,True
camelbert,T3,T3-m-0146,m,5.0131635665893555,6.117197036743164,5.7393598556518555,True
camelbert,T3,T3-m-0147,m,1.562983512878418,1.7095398902893066,1.3805747032165527,True
camelbert,T3,T3-m-0148,m,1.1894216537475586,3.027608871459961,0.7266701459884644,True
camelbert,T3,T3-m-0149,m,1.8728752136230469,2.1241655349731445,2.242770195007324,True
camelbert,T3,T3-m-0150,m,2.129171371459961,2.409592628479004,1.3815672397613525,True
camelbert,T3,T3-m-0151,m,0.6913719177246094,2.76833176612854,1.0498037338256836,True
camelbert,T3,T3-m-0152,m,-1.9736422300338745,-0.03772902488708496,-1.6084322929382324,False
camelbert,T3,T3-m-0153,m,-0.11358022689819336,2.4987354278564453,-0.5896577835083008,False
camelbert,T3,T3-m-0154,m,0.23282086849212646,2.4129605293273926,0.018127799034118652,True
camelbert,T3,T3-m-0155,m,-2.9333579540252686,-2.289158582687378,-2.8666341304779053,False
camelbert,T3,T3-m-0156,m,3.276311159133911,2.827122926712036,2.5738792419433594,True
camelbert,T3,T3-m-0157,m,-1.5845766067504883,0.31012988090515137,-2.1074283123016357,False
camelbert,T3,T3-m-0158,m,1.6021177768707275,3.6930034160614014,1.4085184335708618,True
camelbert,T3,T3-m-0159,m,2.428341865539551,3.0168018341064453,2.367126703262329,True
camelbert,T3,T3-m-0160,m,0.8574668169021606,1.9115245342254639,0.7816948890686035,True
camelbert,T3,T3-m-0161,m,0.5858674049377441,2.4065651893615723,0.6710782051086426,True
camelbert,T3,T3-m-0162,m,2.45396089553833,3.4533965587615967,2.1494510173797607,True
camelbert,T3,T3-m-0163,m,1.8252021074295044,4.685024738311768,2.4308555126190186,True
camelbert,T3,T3-m-0164,m,2.522200584411621,3.337740898132324,2.1885194778442383,True
camelbert,T3,T3-m-0165,m,2.4790799617767334,3.7358453273773193,2.3277053833007812,True
camelbert,T3,T3-m-0166,m,2.4780941009521484,3.4221558570861816,2.2450854778289795,True
camelbert,T3,T3-m-0167,m,0.40722203254699707,1.9098310470581055,0.9114878177642822,True
camelbert,T3,T3-m-0168,m,1.5818428993225098,4.829024314880371,1.1609630584716797,True
camelbert,T3,T3-m-0169,m,1.631827473640442,3.020177125930786,2.1139659881591797,True
camelbert,T3,T3-m-0170,m,-1.2550694942474365,0.2153024673461914,-0.9755885601043701,False
camelbert,T3,T3-m-0171,m,-0.2733185291290283,2.294485569000244,-0.50087571144104,False
camelbert,T3,T3-m-0172,m,0.25685882568359375,2.9047398567199707,-0.020320415496826172,True
camelbert,T3,T3-m-0173,m,0.9606442451477051,2.100720167160034,1.51481294631958,True
camelbert,T3,T3-m-0174,m,0.05085182189941406,1.3873968124389648,0.36356067657470703,True
camelbert,T3,T3-m-0175,m,-2.225731372833252,-0.6592313051223755,-2.2516191005706787,False
camelbert,T3,T3-m-0176,m,2.1024625301361084,4.5594353675842285,3.7241759300231934,True
camelbert,T3,T3-m-0177,m,2.0271008014678955,3.6476802825927734,1.7665963172912598,True
camelbert,T3,T3-m-0178,m,3.9878463745117188,3.754911422729492,3.2383153438568115,True
camelbert,T3,T3-m-0179,m,-0.12825775146484375,1.289806842803955,-0.8814024925231934,False
camelbert,T3,T3-m-0180,m,0.6855378150939941,3.798349142074585,0.4879789352416992,True
camelbert,T3,T3-m-0181,m,0.010351896286010742,2.231804847717285,0.36042237281799316,True
camelbert,T3,T3-m-0182,m,1.5014175176620483,2.8629021644592285,0.5931729674339294,True
camelbert,T3,T3-m-0183,m,0.06654119491577148,1.5500719547271729,0.16828465461730957,True
camelbert,T3,T3-m-0184,m,-0.1846930980682373,1.6207549571990967,-0.17140889167785645,False
camelbert,T3,T3-m-0185,m,-3.6358320713043213,0.17684412002563477,-3.576012134552002,False
camelbert,T3,T3-m-0186,m,2.740795612335205,3.7384328842163086,3.1833839416503906,True
camelbert,T3,T3-m-0187,m,0.8570618629455566,1.4393444061279297,0.45772409439086914,True
camelbert,T3,T3-m-0188,m,0.1082003116607666,2.1741561889648438,0.5105485916137695,True
camelbert,T3,T3-m-0189,m,2.523151397705078,3.869194984436035,2.839963674545288,True
camelbert,T3,T3-m-0190,m,1.0529224872589111,2.9602773189544678,3.064021110534668,True
camelbert,T3,T3-m-0191,m,0.21674418449401855,2.1332883834838867,2.7066516876220703,True
camelbert,T3,T3-m-0192,m,-0.4987168312072754,3.1916732788085938,-0.5379276275634766,False
camelbert,T3,T3-m-0193,m,2.649388551712036,2.278268575668335,2.3621268272399902,True
camelbert,T3,T3-m-0194,m,2.6317644119262695,2.742759943008423,1.5144739151000977,True
camelbert,T3,T3-m-0195,m,1.4311199188232422,3.9004077911376953,4.482639789581299,True
camelbert,T3,T3-m-0196,m,0.6543173789978027,2.1982784271240234,1.223604679107666,True
camelbert,T3,T3-m-0197,m,2.3861982822418213,3.144382953643799,1.7653831243515015,True
camelbert,T3,T3-m-0198,m,1.4881248474121094,2.807206630706787,0.8492598533630371,True
camelbert,T3,T3-m-0199,m,2.400059938430786,3.318721294403076,2.431436061859131,True
camelbert,T3,T3-m-0200,m,0.5630598068237305,2.8795361518859863,0.22058629989624023,True
camelbert,T3,T3-m-0201,m,1.2126710414886475,2.575780153274536,0.7663712501525879,True
camelbert,T3,T3-m-0202,m,1.2960431575775146,3.666289806365967,1.3868489265441895,True
camelbert,T3,T3-m-0203,m,0.7029650211334229,2.7509522438049316,0.5310156345367432,True
camelbert,T3,T3-m-0204,m,-0.9713213443756104,2.569700241088867,-0.8305511474609375,False
camelbert,T3,T3-m-0205,m,1.414856195449829,3.4892427921295166,1.3134853839874268,True
camelbert,T3,T3-m-0206,m,1.4337196350097656,4.364112377166748,3.7466583251953125,True
camelbert,T3,T3-m-0207,m,0.03829348087310791,2.3657379150390625,-0.5436266660690308,True
camelbert,T3,T3-m-0208,m,0.626244068145752,5.454895973205566,0.7053723335266113,True
camelbert,T3,T3-m-0209,m,1.192824363708496,3.9915060997009277,1.9124984741210938,True
camelbert,T3,T3-m-0210,m,0.9347214698791504,2.4498071670532227,1.1070551872253418,True
camelbert,T3,T3-m-0211,m,0.2769193649291992,2.711916923522949,-0.04730224609375,True
camelbert,T3,T3-m-0212,m,-0.02722930908203125,1.4082112312316895,-0.05025815963745117,False
camelbert,T3,T3-m-0213,m,5.232273101806641,5.322257995605469,3.587838649749756,True
camelbert,T3,T3-m-0214,m,0.5397517681121826,3.4763410091400146,0.5880797505378723,True
camelbert,T3,T3-m-0215,m,-0.2642555236816406,1.9954502582550049,0.6096155047416687,False
camelbert,T3,T3-m-0216,m,0.15736174583435059,3.0358726978302,1.0389063358306885,True
camelbert,T3,T3-m-0217,m,0.7190947532653809,3.9598703384399414,0.8282356262207031,True
camelbert,T3,T3-m-0218,m,-1.9503276348114014,1.2960193157196045,1.0094058513641357,False
camelbert,T3,T3-m-0219,m,2.571859121322632,2.924750328063965,2.4928200244903564,True
camelbert,T3,T3-m-0220,m,0.3238673210144043,3.7465667724609375,1.8942790031433105,True
camelbert,T3,T3-m-0221,m,2.371990442276001,3.7593061923980713,1.7519339323043823,True
camelbert,T3,T3-m-0222,m,0.05843400955200195,3.5810322761535645,0.12391471862792969,True
camelbert,T3,T3-m-0223,m,0.7275745868682861,3.1666321754455566,0.07794523239135742,True
camelbert,T3,T3-m-0224,m,1.2650527954101562,6.195200443267822,2.38262939453125,True
camelbert,T3,T3-m-0225,m,-1.1863398551940918,2.431037425994873,1.1495108604431152,False
camelbert,T3,T3-m-0226,m,3.5170741081237793,3.7734673023223877,3.563714027404785,True
camelbert,T3,T3-m-0227,m,2.0845565795898438,4.113545894622803,1.8078093528747559,True
camelbert,T3,T3-m-0228,m,-0.6480274200439453,3.072766065597534,-0.9635844230651855,False
camelbert,T3,T3-m-0229,m,0.26596856117248535,1.8933888673782349,0.40556836128234863,True
camelbert,T3,T3-m-0230,m,1.590029239654541,2.621750593185425,1.490315556526184,True
camelbert,T3,T3-m-0231,m,-0.29329347610473633,4.399235725402832,-0.08307552337646484,False
camelbert,T3,T3-m-0232,m,4.756372451782227,5.263032913208008,4.139188766479492,True
camelbert,T3,T3-m-0233,m,1.8841142654418945,2.609981060028076,1.6787657737731934,True
camelbert,T3,T3-m-0234,m,1.806480884552002,3.4812119007110596,1.876166820526123,True
camelbert,T3,T3-m-0235,m,5.15919303894043,6.352916717529297,5.1548027992248535,True
camelbert,T3,T3-m-0236,m,1.365545392036438,1.9138522148132324,2.4309535026550293,True
camelbert,T3,T3-m-0237,m,2.9049341678619385,2.354282855987549,2.763571262359619,True
camelbert,T3,T3-m-0238,m,4.3187360763549805,5.841022968292236,4.277274131774902,True
camelbert,T3,T3-m-0239,m,2.015338182449341,2.77235746383667,2.1538710594177246,True
camelbert,T3,T3-m-0240,m,-1.6802682876586914,2.427926540374756,-1.8035435676574707,False
camelbert,T3,T3-m-0241,m,2.9987640380859375,5.6841535568237305,2.353308916091919,True
camelbert,T3,T3-m-0242,m,0.1277989149093628,2.052121639251709,0.6202741265296936,True
camelbert,T3,T3-m-0243,m,3.0139617919921875,5.820489406585693,2.1498212814331055,True
camelbert,T3,T3-m-0244,m,1.1630542278289795,2.956785202026367,1.0713520050048828,True
camelbert,T3,T3-m-0245,m,2.109785318374634,3.816344738006592,1.808447241783142,True
camelbert,T3,T3-m-0246,m,0.15125346183776855,1.591698408126831,0.07132220268249512,True
camelbert,T3,T3-m-0247,m,-1.014434814453125,1.731114149093628,-0.3389723300933838,False
camelbert,T3,T3-m-0248,m,0.02643871307373047,3.2288131713867188,-0.24741411209106445,True
camelbert,T3,T3-m-0249,m,1.3579840660095215,1.9232553243637085,0.6843829154968262,True
camelbert,T3,T3-m-0250,m,0.7895023822784424,1.4667763710021973,0.8181231021881104,True
camelbert,T3,T3-m-0251,m,-0.5711307525634766,0.7301572561264038,-0.6675553321838379,False
camelbert,T3,T3-m-0252,m,-2.0034427642822266,-0.6320070028305054,-2.2377097606658936,False
camelbert,T3,T3-m-0253,m,4.317936897277832,4.564515590667725,4.9654011726379395,True
camelbert,T3,T3-m-0254,m,-0.9487102031707764,0.8868145942687988,-0.9227663278579712,False
camelbert,T3,T3-m-0255,m,3.304490089416504,5.638733863830566,3.789412498474121,True
camelbert,T3,T3-m-0256,m,0.5305395126342773,1.716423511505127,0.19153118133544922,True
camelbert,T3,T3-m-0257,m,0.8954033851623535,2.8753838539123535,0.7046527862548828,True
camelbert,T3,T3-m-0258,m,1.663316011428833,1.5437800884246826,1.2888853549957275,True
camelbert,T3,T3-m-0259,m,-0.1463155895471573,0.8050425052642822,-0.1655394732952118,False
camelbert,T3,T3-m-0260,m,-0.48545485734939575,1.3880658149719238,0.05970323085784912,False
camelbert,T3,T3-m-0261,m,-0.3937985897064209,2.2054505348205566,-0.5561797618865967,False
camelbert,T3,T3-m-0262,m,1.024425983428955,2.825122356414795,0.7334027290344238,True
camelbert,T3,T3-m-0263,m,1.4129424095153809,3.3172531127929688,0.7590851783752441,True
camelbert,T3,T3-m-0264,m,0.43154382705688477,5.075285911560059,4.18126106262207,True
camelbert,T3,T3-m-0265,m,1.0926399230957031,4.453212738037109,0.5039072036743164,True
camelbert,T3,T3-m-0266,m,-0.17591309547424316,1.847318172454834,0.05636882781982422,False
camelbert,T3,T3-m-0267,m,0.1761302947998047,4.196323394775391,3.9207088947296143,True
camelbert,T3,T3-m-0268,m,2.2972590923309326,4.264811992645264,2.4184939861297607,True
camelbert,T3,T3-m-0269,m,0.6804156303405762,1.9346141815185547,1.7573652267456055,True
camelbert,T3,T3-m-0270,m,1.4966344833374023,1.7249488830566406,1.4137253761291504,True
camelbert,T3,T3-m-0271,m,-1.7431871891021729,0.2281954288482666,-1.5083584785461426,False
camelbert,T3,T3-m-0272,m,4.303532600402832,5.700543403625488,4.208082675933838,True
camelbert,T3,T3-m-0273,m,3.117587089538574,3.952341079711914,2.8662967681884766,True
camelbert,T3,T3-m-0274,m,-2.475436210632324,-0.28487420082092285,-2.059871196746826,False
camelbert,T3,T3-m-0275,m,2.3347301483154297,3.432210922241211,1.9336988925933838,True
camelbert,T3,T3-m-0276,m,1.1225180625915527,3.899962902069092,0.9115743637084961,True
camelbert,T3,T3-m-0277,m,2.0593438148498535,4.020325660705566,1.569523572921753,True
camelbert,T3,T3-m-0278,m,2.6155595779418945,4.372468948364258,2.2848801612854004,True
camelbert,T3,T3-m-0279,m,2.0825676918029785,4.195450305938721,1.6902680397033691,True
camelbert,T3,T3-m-0280,m,2.6056108474731445,3.5591325759887695,2.1021175384521484,True
camelbert,T3,T3-m-0281,m,4.377758979797363,6.618183612823486,4.616201400756836,True
camelbert,T3,T3-m-0282,m,1.1614574193954468,3.251377820968628,1.4694302082061768,True
camelbert,T3,T3-m-0283,m,-3.6771819591522217,0.16309833526611328,-3.691096782684326,False
camelbert,T3,T3-m-0284,m,1.0947540998458862,2.983316421508789,0.7249554991722107,True
camelbert,T3,T3-m-0285,m,-2.993417501449585,-0.6843571662902832,-3.068979263305664,False
camelbert,T3,T3-m-0286,m,5.126433849334717,6.030254364013672,5.431588649749756,True
camelbert,T3,T3-m-0287,m,-0.11780929565429688,2.837648630142212,2.571343421936035,False
camelbert,T3,T3-m-0288,m,1.3140971660614014,2.7276480197906494,0.6158199310302734,True
camelbert,T3,T3-m-0289,m,-2.2133984565734863,1.9048230648040771,-1.8142871856689453,False
camelbert,T3,T3-m-0290,m,2.3556344509124756,2.6824941635131836,2.4412412643432617,True
camelbert,T3,T3-m-0291,m,3.5365617275238037,2.6647963523864746,3.40618896484375,True
camelbert,T3,T3-m-0292,m,-2.2341601848602295,1.2330408096313477,-1.3007900714874268,False
camelbert,T3,T3-m-0293,m,-0.3595811128616333,1.2349600791931152,-0.39428746700286865,False
camelbert,T3,T3-m-0294,m,0.31345415115356445,2.596921920776367,0.38976144790649414,True
camelbert,T3,T3-m-0295,m,-0.4442410469055176,3.6531529426574707,-0.05723857879638672,False
camelbert,T3,T3-m-0296,m,0.4030435085296631,3.8991281986236572,0.6267132759094238,True
camelbert,T3,T3-m-0297,m,1.1415901184082031,2.278778553009033,0.8323688507080078,True
camelbert,T3,T3-m-0298,m,2.8467752933502197,3.3069963455200195,2.760866403579712,True
camelbert,T3,T3-m-0299,m,0.5893402099609375,2.5535402297973633,1.9858179092407227,True
camelbert,T3,T3-m-0300,m,-1.0030808448791504,3.2663302421569824,2.1536779403686523,False
camelbert,T3,T3-m-0301,m,1.3399691581726074,4.144961833953857,4.061782360076904,True
camelbert,T3,T3-m-0302,m,1.1060261726379395,4.047179698944092,2.191986560821533,True
camelbert,T3,T3-m-0303,m,2.8911519050598145,4.292201042175293,2.845646858215332,True
camelbert,T3,T3-m-0304,m,1.8173871040344238,1.4104208946228027,1.8753607273101807,True
camelbert,T3,T3-m-0305,m,-2.186943531036377,2.0109810829162598,-1.7920284271240234,False
camelbert,T3,T3-m-0306,m,-0.17307662963867188,1.878255844116211,-0.012555599212646484,False
camelbert,T3,T3-m-0307,m,0.27510643005371094,4.711900234222412,1.6690316200256348,True
camelbert,T3,T3-m-0308,m,-0.5116902589797974,1.5194921493530273,-0.4095487594604492,False
camelbert,T3,T3-m-0309,m,0.8222588300704956,1.8305704593658447,0.7456735372543335,True
camelbert,T3,T3-m-0310,m,-1.4319872856140137,0.18178272247314453,-1.5993468761444092,False
camelbert,T3,T3-m-0311,m,-1.3673244714736938,-0.858946681022644,-1.2065649032592773,False
camelbert,T3,T3-m-0312,m,-0.3064078092575073,1.396402359008789,-0.22002196311950684,False
camelbert,T3,T3-m-0313,m,1.1110095977783203,3.730339527130127,1.587183952331543,True
camelbert,T3,T3-m-0314,m,2.8196287155151367,2.913161277770996,2.6612253189086914,True
camelbert,T3,T3-m-0315,m,1.3941540718078613,3.740933418273926,1.4889671802520752,True
camelbert,T3,T3-m-0316,m,0.9979743957519531,2.2985830307006836,3.450033187866211,True
camelbert,T3,T3-m-0317,m,-0.6514439582824707,2.63885498046875,1.8311960697174072,False
camelbert,T3,T3-m-0318,m,1.9685139656066895,3.6819844245910645,2.0279629230499268,True
camelbert,T3,T3-m-0319,m,0.42402076721191406,1.3593621253967285,0.3912038803100586,True
camelbert,T3,T3-m-0320,m,2.003077983856201,3.8452296257019043,1.865979790687561,True
camelbert,T3,T3-m-0321,m,1.2437944412231445,1.6345629692077637,0.9907102584838867,True
camelbert,T3,T3-m-0322,m,0.4641094207763672,2.2826192378997803,1.7178488969802856,True
camelbert,T3,T3-m-0323,m,-2.4412662982940674,1.1997089385986328,-1.64359450340271,False
camelbert,T3,T3-m-0324,m,-0.26316070556640625,3.1476359367370605,-0.3972759246826172,False
camelbert,T3,T3-m-0325,m,4.091552734375,3.6246538162231445,4.077437877655029,True
camelbert,T3,T3-m-0326,m,0.8860354423522949,3.2602269649505615,0.08905363082885742,True
camelbert,T3,T3-m-0327,m,1.4452252388000488,1.4355770349502563,1.1560821533203125,True
camelbert,T3,T3-m-0328,m,1.1244593858718872,1.4526176452636719,0.9360349178314209,True
camelbert,T3,T3-m-0329,m,1.529127597808838,5.412796974182129,1.4524579048156738,True
camelbert,T3,T3-m-0330,m,0.9609041213989258,3.165358543395996,0.8367629051208496,True
camelbert,T3,T3-m-0331,m,-1.519991159439087,0.9530315399169922,-1.8037960529327393,False
camelbert,T3,T3-m-0332,m,2.6162843704223633,4.2998833656311035,2.960200309753418,True
camelbert,T3,T3-m-0333,m,-0.29562997817993164,2.5878970623016357,-0.9748530387878418,False
camelbert,T3,T3-m-0334,m,-0.4541630744934082,3.0698599815368652,1.527346134185791,False
camelbert,T3,T3-m-0335,m,-0.5116534233093262,2.243971824645996,-0.7795147895812988,False
camelbert,T3,T3-m-0336,m,-1.0718297958374023,0.2363581657409668,-1.3121445178985596,False
camelbert,T3,T3-m-0337,m,-1.1497464179992676,2.0196518898010254,-1.3660420179367065,False
camelbert,T3,T3-m-0338,m,0.5655488967895508,2.4901933670043945,1.5221271514892578,True
camelbert,T3,T3-m-0339,m,3.7341737747192383,4.223170757293701,4.522204399108887,True
camelbert,T3,T3-m-0340,m,2.0863611698150635,3.486056089401245,1.9975905418395996,True
camelbert,T3,T3-m-0341,m,-0.9582562446594238,1.6534204483032227,-0.7589452266693115,False
camelbert,T3,T3-m-0342,m,3.285907745361328,5.157314300537109,4.141717433929443,True
camelbert,T3,T3-m-0343,m,-1.2135319709777832,1.2532296180725098,-1.3597638607025146,False
camelbert,T3,T3-m-0344,m,0.2769808769226074,1.2579169273376465,1.5170364379882812,True
camelbert,T3,T3-m-0345,m,1.087309718132019,5.027273178100586,3.73539400100708,True
camelbert,T3,T3-m-0346,m,-0.3742408752441406,1.412792682647705,-0.2456676959991455,False
camelbert,T3,T3-m-0347,m,1.7598888874053955,2.2930898666381836,1.2675585746765137,True
camelbert,T3,T3-m-0348,m,0.9608592987060547,4.708089828491211,1.4989032745361328,True
camelbert,T3,T3-m-0349,m,0.8377833366394043,3.0294318199157715,0.7779111862182617,True
camelbert,T3,T3-m-0350,m,-1.2842323780059814,1.7780404090881348,-0.7655453681945801,False
camelbert,T3,T3-m-0351,m,2.0394949913024902,3.2334413528442383,2.1015677452087402,True
camelbert,T3,T3-m-0352,m,1.0927655696868896,2.3321030139923096,2.2371599674224854,True
camelbert,T3,T3-m-0353,m,1.6634812355041504,4.438496112823486,1.9959015846252441,True
camelbert,T3,T3-m-0354,m,2.1915969848632812,2.2023003101348877,0.5260369777679443,True
camelbert,T3,T3-m-0355,m,-1.4918243885040283,0.6206483840942383,-1.7414101362228394,False
camelbert,T3,T3-m-0356,m,-0.7703980207443237,1.8691625595092773,-0.5276036262512207,False
camelbert,T3,T3-m-0357,m,1.8052831888198853,4.0999579429626465,3.9434118270874023,True
camelbert,T3,T3-m-0358,m,1.474916696548462,2.010488510131836,1.9501278400421143,True
camelbert,T3,T3-m-0359,m,3.0402650833129883,4.547154903411865,2.2373719215393066,True
camelbert,T3,T3-m-0360,m,1.3260655403137207,4.36326789855957,1.458144187927246,True
camelbert,T3,T3-m-0361,m,2.2346174716949463,3.4454102516174316,2.8030529022216797,True
camelbert,T3,T3-m-0362,m,0.2703356146812439,1.0566803216934204,0.17204314470291138,True
camelbert,T3,T3-m-0363,m,-0.73613440990448,0.45222240686416626,-0.9283794164657593,False
camelbert,T3,T3-m-0364,m,0.7591071128845215,2.720201253890991,0.8221895694732666,True
camelbert,T3,T3-m-0365,m,3.4249229431152344,4.795229434967041,4.425918102264404,True
camelbert,T3,T3-m-0366,m,-2.177567481994629,-0.906321108341217,-1.4334293603897095,False
camelbert,T3,T3-m-0367,m,4.3523430824279785,4.9263014793396,3.5229108333587646,True
camelbert,T3,T3-m-0368,m,3.8273234367370605,3.133321762084961,1.9520988464355469,True
camelbert,T3,T3-m-0369,m,-0.06143903732299805,3.142514705657959,-0.23714494705200195,False
camelbert,T3,T3-m-0370,m,2.438105344772339,4.142271518707275,3.774045944213867,True
camelbert,T3,T3-m-0371,m,-1.2203693389892578,0.35094642639160156,-0.689967155456543,False
camelbert,T3,T3-m-0372,m,3.1452767848968506,5.350788116455078,3.07357120513916,True
camelbert,T3,T3-m-0373,m,2.5080647468566895,4.683340072631836,3.407857894897461,True
camelbert,T3,T3-m-0374,m,0.25293874740600586,5.363574981689453,2.9953207969665527,True
camelbert,T3,T3-m-0375,m,0.6450629234313965,3.7147021293640137,0.6410636901855469,True
camelbert,T3,T3-m-0376,m,2.6184380054473877,2.8596880435943604,2.7108750343322754,True
camelbert,T3,T3-m-0377,m,1.611691951751709,3.903925895690918,1.569058895111084,True
camelbert,T3,T3-m-0378,m,3.8122479915618896,4.1944684982299805,4.075193405151367,True
camelbert,T3,T3-m-0379,m,-0.19643926620483398,1.8709678649902344,1.9300471544265747,False
camelbert,T3,T3-m-0380,m,-1.0710251331329346,-0.3081376552581787,-0.8050427436828613,False
camelbert,T3,T3-m-0381,m,-0.11808991432189941,1.3508156538009644,2.083900213241577,False
camelbert,T3,T3-m-0382,m,-1.6753959655761719,1.2172751426696777,-1.2021522521972656,False
camelbert,T3,T3-m-0383,m,1.115556240081787,5.539941787719727,4.200138568878174,True
camelbert,T3,T3-m-0384,m,-1.5317299365997314,0.5833804607391357,-2.077432870864868,False
camelbert,T3,T3-m-0385,m,0.3940345048904419,2.6412951946258545,0.4631812572479248,True
camelbert,T3,T3-m-0386,m,-1.759070634841919,-0.3703766465187073,-1.7476038932800293,False
camelbert,T3,T3-m-0387,m,4.848982810974121,6.028768062591553,4.839603424072266,True
camelbert,T3,T3-m-0388,m,2.9900362491607666,3.840038299560547,2.5903003215789795,True
camelbert,T3,T3-m-0389,m,3.0184314250946045,4.203987121582031,4.040654182434082,True
camelbert,T3,T3-m-0390,m,3.121767520904541,3.038666248321533,3.768601179122925,True
camelbert,T3,T3-m-0391,m,-2.3526771068573,0.2544288635253906,-2.186704397201538,False
camelbert,T3,T3-m-0392,m,2.52536940574646,4.0438408851623535,2.70992112159729,True
camelbert,T3,T3-m-0393,m,-0.16753339767456055,2.781463146209717,-0.3869194984436035,False
camelbert,T3,T3-m-0394,m,-1.5808086395263672,2.87959623336792,2.9882588386535645,False
camelbert,T3,T3-m-0395,m,-2.181675434112549,1.2057676315307617,-2.9636764526367188,False
camelbert,T3,T3-m-0396,m,0.995028018951416,2.3229804039001465,1.144115686416626,True
camelbert,T3,T3-m-0397,m,0.5185098648071289,2.779982328414917,-0.022179365158081055,True
camelbert,T3,T3-m-0398,m,-1.0048155784606934,2.124680519104004,-1.1050270795822144,False
camelbert,T3,T3-m-0399,m,1.0944571495056152,2.2120087146759033,0.4380539655685425,True
camelbert,T3,T3-m-0400,m,-1.0535709857940674,0.3707880973815918,-1.453784704208374,False
camelbert,T3,T3-m-0401,m,2.1281661987304688,2.009572982788086,1.6095118522644043,True
camelbert,T3,T3-m-0402,m,0.8931372165679932,1.3672106266021729,0.6265578269958496,True
camelbert,T3,T3-m-0403,m,-0.2179262638092041,1.9102234840393066,-0.23543250560760498,False
camelbert,T3,T3-m-0404,m,-0.06637287139892578,1.2646342515945435,0.140533447265625,False
camelbert,T3,T3-m-0405,m,2.6277759075164795,4.8477559089660645,3.606637954711914,True
camelbert,T3,T3-m-0406,m,0.8200035095214844,2.268253803253174,1.0703344345092773,True
camelbert,T3,T3-m-0407,m,0.3182656764984131,0.5738518238067627,0.18868839740753174,True
camelbert,T3,T3-m-0408,m,-0.13812828063964844,1.3661527633666992,-0.18017351627349854,False
camelbert,T3,T3-m-0409,m,0.2950563430786133,1.9029366970062256,1.705075740814209,True
camelbert,T3,T3-m-0410,m,4.400685787200928,5.4168171882629395,4.353730201721191,True
camelbert,T3,T3-m-0411,m,-0.6668775677680969,-0.7869020104408264,-0.5639594793319702,False
camelbert,T3,T3-m-0412,m,3.0831799507141113,3.544971466064453,2.8829102516174316,True
camelbert,T3,T3-m-0413,m,2.124237060546875,2.1256918907165527,2.5490071773529053,True
camelbert,T3,T3-m-0414,m,-1.3049774169921875,1.161994457244873,-0.5036349296569824,False
camelbert,T3,T3-m-0415,m,-1.0538883209228516,0.64200758934021,-0.9945241212844849,False
camelbert,T3,T3-m-0416,m,2.870525360107422,2.8223180770874023,2.53593373298645,True
camelbert,T3,T3-m-0417,m,3.1155123710632324,4.045731067657471,3.201691150665283,True
camelbert,T3,T3-m-0418,m,1.2376267910003662,2.7161149978637695,0.7676444053649902,True
camelbert,T3,T3-m-0419,m,1.4795174598693848,3.204744815826416,1.2550086975097656,True
camelbert,T3,T3-m-0420,m,3.4326133728027344,5.146987438201904,1.7737011909484863,True
camelbert,T3,T3-m-0421,m,-2.759554624557495,-1.6805108785629272,-2.6830544471740723,False
camelbert,T3,T3-m-0422,m,0.7062356472015381,1.506652593612671,0.48813867568969727,True
camelbert,T3,T3-m-0423,m,1.9060120582580566,1.8038887977600098,1.800352692604065,True
camelbert,T3,T3-m-0424,m,-0.696901798248291,1.9951486587524414,1.225306749343872,False
camelbert,T3,T3-m-0425,m,1.8367743492126465,1.617445468902588,0.9648585319519043,True
camelbert,T3,T3-m-0426,m,0.40321213006973267,1.9810850620269775,2.1934096813201904,True
camelbert,T3,T3-m-0427,m,2.2020506858825684,3.697509765625,2.1522488594055176,True
camelbert,T3,T3-m-0428,m,0.9420528411865234,2.684532642364502,1.517627477645874,True
camelbert,T3,T3-m-0429,m,-0.5689520835876465,2.499213695526123,-0.7831459045410156,False
camelbert,T3,T3-m-0430,m,0.2638413906097412,1.6787443161010742,-0.9566974639892578,True
camelbert,T3,T3-m-0431,m,2.67620587348938,4.516513824462891,2.2230875492095947,True
camelbert,T3,T3-m-0432,m,1.1539239883422852,1.7930006980895996,0.830376148223877,True
camelbert,T3,T3-m-0433,m,2.5893630981445312,3.1632895469665527,1.3736307621002197,True
camelbert,T3,T3-m-0434,m,-0.7906697988510132,2.1018481254577637,-1.0608057975769043,False
camelbert,T3,T3-m-0435,m,0.6415896415710449,1.8833115100860596,1.2799339294433594,True
camelbert,T3,T3-m-0436,m,-0.3692903518676758,0.8112268447875977,0.4522695541381836,False
camelbert,T3,T3-m-0437,m,0.2744128704071045,2.6435272693634033,0.55609130859375,True
camelbert,T3,T3-m-0438,m,2.547316312789917,3.0890026092529297,2.7813589572906494,True
camelbert,T3,T3-m-0439,m,1.5843666791915894,2.371032238006592,1.2377153635025024,True
camelbert,T3,T3-m-0440,m,1.484588623046875,2.829650402069092,1.2054848670959473,True
camelbert,T3,T3-m-0441,m,5.536074161529541,5.77364444732666,5.0331130027771,True
camelbert,T3,T3-m-0442,m,-0.044156670570373535,1.3193256855010986,0.28013157844543457,False
camelbert,T3,T3-m-0443,m,0.25515222549438477,3.255622386932373,1.401719570159912,True
camelbert,T3,T3-m-0444,m,1.5846160650253296,3.0240824222564697,2.9175915718078613,True
camelbert,T3,T3-m-0445,m,2.253371000289917,3.042522668838501,1.7916383743286133,True
camelbert,T3,T3-m-0446,m,1.40909743309021,1.9764652252197266,1.420609474182129,True
camelbert,T3,T3-m-0447,m,1.3559622764587402,1.681884765625,1.3031792640686035,True
camelbert,T3,T3-m-0448,m,2.075566291809082,3.9838719367980957,2.303112030029297,True
camelbert,T3,T3-m-0449,m,2.0013818740844727,2.9727046489715576,1.9526047706604004,True
camelbert,T3,T3-m-0450,m,-1.4702296257019043,1.8371057510375977,-1.1562681198120117,False
camelbert,T3,T3-m-0451,m,2.244245767593384,3.6339821815490723,2.590569496154785,True
camelbert,T3,T3-m-0452,m,0.7842240333557129,3.1387641429901123,0.3129720687866211,True
camelbert,T3,T3-m-0453,m,-0.5649089813232422,0.21418315172195435,0.9743232727050781,False
camelbert,T3,T3-m-0454,m,4.286196708679199,5.857628345489502,4.729189872741699,True
camelbert,T3,T3-m-0455,m,0.8228954076766968,2.2467589378356934,0.24230313301086426,True
camelbert,T3,T3-m-0456,m,1.8978877067565918,3.337719440460205,2.082242488861084,True
camelbert,T3,T3-m-0457,m,-2.4459996223449707,0.5494201183319092,-2.8284804821014404,False
camelbert,T3,T3-m-0458,m,4.087170600891113,5.807366371154785,4.170485496520996,True
camelbert,T3,T3-m-0459,m,0.13196349143981934,1.69291353225708,0.19784212112426758,True
camelbert,T3,T3-m-0460,m,-1.716726541519165,-0.7241699695587158,-1.5113234519958496,False
camelbert,T3,T3-m-0461,m,3.5723161697387695,4.683330535888672,3.600101947784424,True
camelbert,T3,T3-m-0462,m,1.520043969154358,2.47015643119812,1.3316763639450073,True
camelbert,T3,T3-m-0463,m,-0.04021894931793213,2.454285144805908,-0.9900233745574951,False
camelbert,T3,T3-m-0464,m,-1.0119905471801758,0.7335617542266846,1.3045382499694824,False
camelbert,T3,T3-m-0465,m,0.47260046005249023,4.127267837524414,3.6279382705688477,True
camelbert,T3,T3-m-0466,m,3.685769557952881,4.214700222015381,3.330702304840088,True
camelbert,T3,T3-m-0467,m,3.157042980194092,3.408679723739624,3.226531505584717,True
camelbert,T3,T3-m-0468,m,-0.32517266273498535,-0.2843360900878906,-0.644538402557373,False
camelbert,T3,T3-m-0469,m,1.765500783920288,2.683659076690674,1.4132142066955566,True
camelbert,T3,T3-m-0470,m,-0.01808786392211914,0.9412052631378174,-0.08026981353759766,False
camelbert,T3,T3-m-0471,m,2.6757047176361084,4.230968475341797,2.5625789165496826,True
camelbert,T3,T3-m-0472,m,1.30619215965271,2.1693549156188965,1.6992827653884888,True
camelbert,T3,T3-m-0473,m,-0.21588373184204102,2.1684532165527344,-0.3516716957092285,False
camelbert,T3,T3-m-0474,m,-1.040123462677002,-1.3193750381469727,-0.9970589280128479,False
camelbert,T3,T3-m-0475,m,-0.35479968786239624,0.7323974967002869,0.8530784845352173,False
camelbert,T3,T3-m-0476,m,2.3287906646728516,3.58840274810791,2.0523643493652344,True
camelbert,T3,T3-m-0477,m,5.059741973876953,6.0639753341674805,5.453451156616211,True
camelbert,T3,T3-m-0478,m,0.5388298034667969,3.2263216972351074,0.4638404846191406,True
camelbert,T3,T3-m-0479,m,0.11046361923217773,0.7405695915222168,-0.2764267921447754,True
camelbert,T3,T3-m-0480,m,4.232415199279785,5.2630934715271,4.132403373718262,True
camelbert,T3,T3-m-0481,m,2.1057093143463135,2.960845947265625,1.5993120670318604,True
camelbert,T3,T3-m-0482,m,1.6168116331100464,2.5354249477386475,1.4949465990066528,True
camelbert,T3,T3-m-0483,m,0.4121208190917969,1.5827245712280273,0.43399977684020996,True
camelbert,T3,T3-m-0484,m,1.3995845317840576,1.2480685710906982,1.4734214544296265,True
camelbert,T3,T3-m-0485,m,1.327824354171753,1.2727880477905273,1.1786799430847168,True
camelbert,T3,T3-m-0486,m,0.019653797149658203,0.6839274168014526,0.5969659090042114,True
camelbert,T3,T3-m-0487,m,3.4249749183654785,2.7545084953308105,3.404343605041504,True
camelbert,T3,T3-m-0488,m,0.06511647999286652,2.066506862640381,0.14583992958068848,True
camelbert,T3,T3-m-0489,m,1.632399082183838,5.47743558883667,1.2820806503295898,True
camelbert,T3,T3-m-0490,m,0.9980025291442871,3.112579822540283,0.9714303016662598,True
camelbert,T3,T3-m-0491,m,0.9908556938171387,3.082404136657715,0.5944185256958008,True
camelbert,T3,T3-m-0492,m,1.5243077278137207,2.8533873558044434,1.0069446563720703,True
camelbert,T3,T3-m-0493,m,1.3758575916290283,3.9852237701416016,0.8236149549484253,True
camelbert,T3,T3-m-0494,m,3.9201128482818604,3.210505962371826,3.1405386924743652,True
camelbert,T3,T3-m-0495,m,-1.1513478755950928,2.0710859298706055,-0.8119783401489258,False
camelbert,T3,T3-m-0496,m,-1.3893656730651855,-0.5188840627670288,-1.9013174772262573,False
camelbert,T3,T3-m-0497,m,0.7804381847381592,1.6888494491577148,0.8218567371368408,True
camelbert,T3,T3-m-0498,m,-1.2772128582000732,0.9082462787628174,0.8426806330680847,False
camelbert,T3,T3-m-0499,m,0.31286144256591797,3.9736971855163574,0.2382645606994629,True
camelbert,T3,T3-m-0500,m,1.2670068740844727,3.672067403793335,1.4696424007415771,True
camelbert,T3,T3-m-0501,m,0.31342506408691406,2.3774476051330566,2.386190891265869,True
camelbert,T3,T3-m-0502,m,-1.7326688766479492,0.2875361442565918,0.8316426277160645,False
camelbert,T3,T3-m-0503,m,1.7969127893447876,3.0238990783691406,1.6009727716445923,True
camelbert,T3,T3-m-0504,m,4.2966790199279785,5.685204029083252,5.0301971435546875,True
camelbert,T3,T3-m-0505,m,0.7844482660293579,2.3405628204345703,0.3600614070892334,True
camelbert,T3,T3-m-0506,m,-1.5873967409133911,0.40352559089660645,-0.667603611946106,False
camelbert,T3,T3-m-0507,m,0.3631563186645508,0.673161506652832,-0.0040056705474853516,True
camelbert,T3,T3-m-0508,m,0.40553760528564453,4.156279563903809,0.8092398643493652,True
camelbert,T3,T3-m-0509,m,1.007481575012207,2.6578292846679688,1.0351475477218628,True
camelbert,T3,T3-m-0510,m,0.788621187210083,2.904675006866455,1.9679360389709473,True
camelbert,T3,T3-m-0511,m,5.042534828186035,6.34910774230957,5.19019079208374,True
camelbert,T3,T3-m-0512,m,1.6690559387207031,3.3605170249938965,0.9702258110046387,True
camelbert,T3,T3-m-0513,m,1.7487735748291016,2.739169120788574,2.2655222415924072,True
camelbert,T3,T3-m-0514,m,-0.041808128356933594,2.28645920753479,0.704437255859375,False
camelbert,T3,T3-m-0515,m,1.5262556076049805,2.3515408039093018,1.4086016416549683,True
camelbert,T3,T3-m-0516,m,4.237147808074951,4.8905510902404785,4.044834136962891,True
camelbert,T3,T3-m-0517,m,2.223572254180908,4.030717849731445,2.4656262397766113,True
camelbert,T3,T3-m-0518,m,0.7937831878662109,3.457904815673828,0.7804149389266968,True
camelbert,T3,T3-m-0519,m,0.053757667541503906,4.225536346435547,1.556626796722412,True
camelbert,T3,T3-m-0520,m,2.4015860557556152,1.958902359008789,1.4047534465789795,True
camelbert,T3,T3-m-0521,m,1.797313928604126,2.697943925857544,1.257934331893921,True
camelbert,T3,T3-m-0522,m,0.8264288902282715,1.9660651683807373,0.5070843696594238,True
camelbert,T3,T3-m-0523,m,0.0940864086151123,1.5530145168304443,0.6206459403038025,True
camelbert,T3,T3-m-0524,m,-0.3333277702331543,2.8685951232910156,0.023198604583740234,False
camelbert,T3,T3-m-0525,m,2.0110490322113037,3.581501007080078,1.45235013961792,True
camelbert,T3,T3-m-0526,m,2.464625358581543,4.273577690124512,2.9407224655151367,True
camelbert,T3,T3-m-0527,m,1.1966314315795898,4.322351455688477,1.2132434844970703,True
camelbert,T3,T3-m-0528,m,0.0020711421966552734,1.996166467666626,1.8830175399780273,True
camelbert,T3,T3-m-0529,m,0.7517720460891724,3.0732362270355225,1.200825572013855,True
camelbert,T3,T3-m-0530,m,2.499138593673706,2.592411518096924,2.5864243507385254,True
camelbert,T3,T3-m-0531,m,0.6604814529418945,1.254329800605774,0.5585389137268066,True
camelbert,T3,T3-m-0532,m,1.700441837310791,2.331042766571045,1.6335562467575073,True
camelbert,T3,T3-m-0533,m,0.5264492034912109,3.524522304534912,0.21827983856201172,True
camelbert,T3,T3-m-0534,m,1.0077157020568848,0.752314567565918,0.5897784233093262,True
camelbert,T3,T3-m-0535,m,-1.567771553993225,-0.44595688581466675,-0.9870119690895081,False
camelbert,T3,T3-m-0536,m,0.6177940368652344,2.7056612968444824,1.2016620635986328,True
camelbert,T3,T3-m-0537,m,4.114109992980957,4.305538177490234,4.959705352783203,True
camelbert,T3,T3-m-0538,m,0.495211124420166,3.354531764984131,0.6401205062866211,True
camelbert,T3,T3-m-0539,m,0.533179521560669,1.2645702362060547,-0.4997420310974121,True
camelbert,T3,T3-m-0540,m,-2.611128330230713,-0.17963814735412598,-2.6054723262786865,False
camelbert,T3,T3-m-0541,m,4.012722015380859,5.463064670562744,3.5510425567626953,True
camelbert,T3,T3-m-0542,m,-0.5861539840698242,2.10935640335083,-0.3255348205566406,False
camelbert,T3,T3-m-0543,m,-0.6092405319213867,-0.4034656882286072,-0.3594052791595459,False
camelbert,T3,T3-m-0544,m,0.7831981182098389,5.104790687561035,1.0057399272918701,True
camelbert,T3,T3-m-0545,m,2.2359542846679688,3.2286617755889893,1.4723620414733887,True
camelbert,T3,T3-m-0546,m,-1.5466537475585938,1.2089815139770508,-1.4458026885986328,False
camelbert,T3,T3-m-0547,m,0.7842991352081299,1.1719794273376465,1.2600725889205933,True
camelbert,T3,T3-m-0548,m,1.3797427415847778,2.20628023147583,2.0066475868225098,True
camelbert,T3,T3-m-0549,m,2.5028038024902344,5.232411861419678,1.5199851989746094,True
camelbert,T3,T3-m-0550,m,0.3529508113861084,2.2881951332092285,-1.520032525062561,True
camelbert,T3,T3-m-0551,m,2.104037284851074,1.1289823055267334,1.8325387239456177,True
camelbert,T3,T3-m-0552,m,5.679228782653809,6.38380241394043,4.923891067504883,True
camelbert,T3,T3-m-0553,m,4.19689416885376,5.25860595703125,4.044804096221924,True
camelbert,T3,T3-m-0554,m,3.8272416591644287,3.9389989376068115,2.959392547607422,True
camelbert,T3,T3-m-0555,m,0.409182071685791,3.4869096279144287,0.9556221961975098,True
camelbert,T3,T3-m-0556,m,1.6259956359863281,3.436896800994873,0.8561434745788574,True
camelbert,T3,T3-m-0557,m,0.40687012672424316,2.025291919708252,1.8024604320526123,True
camelbert,T3,T3-m-0558,m,0.8514285087585449,3.2839314937591553,2.1478209495544434,True
camelbert,T3,T3-m-0559,m,-0.39954662322998047,1.6801185607910156,-0.006643772125244141,False
camelbert,T3,T3-m-0560,m,-1.1746666431427002,1.9878079891204834,0.12357032299041748,False
camelbert,T3,T3-m-0561,m,2.9452404975891113,4.42514705657959,3.161871910095215,True
camelbert,T3,T3-m-0562,m,0.6374845504760742,2.967691421508789,0.3937358856201172,True
camelbert,T3,T3-m-0563,m,1.54465913772583,2.241508960723877,1.7498035430908203,True
camelbert,T3,T3-m-0564,m,2.473686695098877,2.3920435905456543,2.2018749713897705,True
camelbert,T3,T3-m-0565,m,4.724599361419678,6.338369369506836,4.168355941772461,True
camelbert,T3,T3-m-0566,m,-1.5268352031707764,-0.7215166091918945,-1.928410530090332,False
camelbert,T3,T3-m-0567,m,2.043368339538574,3.752302646636963,1.9321770668029785,True
camelbert,T3,T3-m-0568,m,1.4514211416244507,1.3563365936279297,1.381054162979126,True
camelbert,T3,T3-m-0569,m,3.5540430545806885,5.793451309204102,2.340226650238037,True
camelbert,T3,T3-m-0570,m,2.542522430419922,3.922806739807129,2.4337892532348633,True
camelbert,T3,T3-m-0571,m,2.2328991889953613,2.306293249130249,2.557912826538086,True
camelbert,T3,T3-m-0572,m,-1.3443703651428223,2.7041211128234863,1.8488531112670898,False
camelbert,T3,T3-m-0573,m,3.212772846221924,5.100443363189697,3.0056052207946777,True
camelbert,T3,T3-m-0574,m,0.7671089172363281,3.4539215564727783,0.8833045959472656,True
camelbert,T3,T3-m-0575,m,1.5672699213027954,2.854844808578491,1.4619982242584229,True
camelbert,T3,T3-m-0576,m,1.7445058822631836,1.9481701850891113,2.0792486667633057,True
camelbert,T3,T3-m-0577,m,4.709624290466309,4.565578937530518,4.409801959991455,True
camelbert,T3,T3-m-0578,m,1.855811595916748,3.324732542037964,2.0981550216674805,True
camelbert,T3,T3-m-0579,m,3.5564768314361572,4.940591812133789,3.5511910915374756,True
camelbert,T3,T3-m-0580,m,0.8972301483154297,1.2100744247436523,0.855964183807373,True
camelbert,T3,T3-m-0581,m,2.191211700439453,3.908148765563965,1.7322169542312622,True
camelbert,T3,T3-m-0582,m,0.2531053423881531,1.9956045150756836,0.5315513610839844,True
camelbert,T3,T3-m-0583,m,-1.504292368888855,-0.8359543681144714,-1.5545547008514404,False
camelbert,T3,T3-m-0584,m,3.5850892066955566,5.568251132965088,4.574459075927734,True
camelbert,T3,T3-m-0585,m,1.5342073440551758,1.9347505569458008,0.9263250827789307,True
camelbert,T3,T3-m-0586,m,-1.977292537689209,-1.3959846496582031,-1.8086016178131104,False
camelbert,T3,T3-m-0587,m,1.9144806861877441,5.410820007324219,2.182572841644287,True
camelbert,T3,T3-m-0588,m,-1.6594176292419434,-1.2202191352844238,-1.8199644088745117,False
camelbert,T3,T3-m-0589,m,1.4393973350524902,3.7543530464172363,1.716081142425537,True
camelbert,T3,T3-m-0590,m,1.3358774185180664,4.2698822021484375,1.2067623138427734,True
camelbert,T3,T3-m-0591,m,2.426285982131958,3.2410264015197754,1.9205188751220703,True
camelbert,T3,T3-m-0592,m,1.349974513053894,2.138939380645752,2.1053948402404785,True
camelbert,T3,T3-m-0593,m,-1.933107852935791,-0.44331327080726624,-1.5959603786468506,False
camelbert,T3,T3-m-0594,m,1.4012818336486816,3.3660049438476562,1.034926414489746,True
camelbert,T3,T3-m-0595,m,2.4887802600860596,3.7369003295898438,2.550581455230713,True
camelbert,T3,T3-m-0596,m,0.6720471382141113,5.576693534851074,0.4125504493713379,True
camelbert,T3,T3-m-0597,m,3.0948591232299805,3.7707440853118896,3.730860948562622,True
camelbert,T3,T3-m-0598,m,-0.3491511344909668,2.7206521034240723,-0.7013144493103027,False
camelbert,T3,T3-m-0599,m,2.0391039848327637,4.167125701904297,2.303633451461792,True
camelbert,T3,T3-f-0000,f,-3.2545433044433594,0.41873419284820557,-0.3585140109062195,False
camelbert,T3,T3-f-0001,f,-0.36723804473876953,1.4588594436645508,-1.0264439582824707,False
camelbert,T3,T3-f-0002,f,-3.336656332015991,-1.908064365386963,-0.9919255971908569,False
camelbert,T3,T3-f-0003,f,-2.8123679161071777,1.9397540092468262,-2.687844753265381,False
camelbert,T3,T3-f-0004,f,-0.09717655181884766,1.1369128227233887,1.5159974098205566,False
camelbert,T3,T3-f-0005,f,-1.3536500930786133,1.1126421689987183,-0.46244120597839355,False
camelbert,T3,T3-f-0006,f,-2.7512121200561523,-0.9098567962646484,-3.0316162109375,False
camelbert,T3,T3-f-0007,f,0.24561166763305664,1.4756102561950684,1.0425214767456055,True
camelbert,T3,T3-f-0008,f,3.9964511394500732,3.916964054107666,4.08616828918457,True
camelbert,T3,T3-f-0009,f,2.1535942554473877,3.723764419555664,1.9571292400360107,True
camelbert,T3,T3-f-0010,f,2.3634772300720215,2.4691178798675537,1.4232475757598877,True
camelbert,T3,T3-f-0011,f,-2.1911494731903076,-0.8260467052459717,-2.5070974826812744,False
camelbert,T3,T3-f-0012,f,0.737586498260498,2.068542957305908,2.682544708251953,True
camelbert,T3,T3-f-0013,f,2.808831214904785,4.263477802276611,3.7107760906219482,True
camelbert,T3,T3-f-0014,f,0.6260886192321777,0.5275716781616211,1.405515193939209,True
camelbert,T3,T3-f-0015,f,-1.5537099838256836,-0.5610918998718262,-1.199084758758545,False
camelbert,T3,T3-f-0016,f,-3.4680309295654297,-0.2033630609512329,-2.1384997367858887,False
camelbert,T3,T3-f-0017,f,-2.4122605323791504,-0.33748364448547363,-2.4074323177337646,False
camelbert,T3,T3-f-0018,f,2.066906690597534,2.1304826736450195,2.1906373500823975,True
camelbert,T3,T3-f-0019,f,-0.14943885803222656,2.6209230422973633,0.5842728614807129,False
camelbert,T3,T3-f-0020,f,-1.8685085773468018,-0.3397989273071289,-2.515179395675659,False
camelbert,T3,T3-f-0021,f,3.8158135414123535,4.611229419708252,3.8198158740997314,True
camelbert,T3,T3-f-0022,f,2.535167694091797,4.2710723876953125,1.0011773109436035,True
camelbert,T3,T3-f-0023,f,-1.7897288799285889,0.1383213996887207,-1.604891300201416,False
camelbert,T3,T3-f-0024,f,0.8676347732543945,1.6505520343780518,2.454287052154541,True
camelbert,T3,T3-f-0025,f,-0.5258598327636719,1.3145356178283691,1.6138577461242676,False
camelbert,T3,T3-f-0026,f,0.7295646667480469,0.7232153415679932,0.861998438835144,True
camelbert,T3,T3-f-0027,f,-1.601038932800293,2.3120944499969482,-1.0358655452728271,False
camelbert,T3,T3-f-0028,f,-1.7154450416564941,1.3547600507736206,-1.6359981298446655,False
camelbert,T3,T3-f-0029,f,3.0335536003112793,5.126760959625244,3.4397037029266357,True
camelbert,T3,T3-f-0030,f,-1.7332696914672852,-0.9745039939880371,-1.4598314762115479,False
camelbert,T3,T3-f-0031,f,-1.1957206726074219,-0.983483076095581,-0.898552656173706,False
camelbert,T3,T3-f-0032,f,-0.6306228637695312,1.5167906284332275,0.6666755676269531,False
camelbert,T3,T3-f-0033,f,0.37197446823120117,1.7986392974853516,0.7542848587036133,True
camelbert,T3,T3-f-0034,f,-3.157252311706543,-1.635364294052124,-3.210007667541504,False
camelbert,T3,T3-f-0035,f,-4.3049421310424805,-3.5057568550109863,-6.362250328063965,False
camelbert,T3,T3-f-0036,f,-1.3041307926177979,-1.093174695968628,-2.0093512535095215,False
camelbert,T3,T3-f-0037,f,-0.9569472670555115,1.5131734609603882,-1.0705206394195557,False
camelbert,T3,T3-f-0038,f,1.092170238494873,2.5748133659362793,0.7369661331176758,True
camelbert,T3,T3-f-0039,f,0.16960716247558594,1.1023941040039062,1.089836597442627,True
camelbert,T3,T3-f-0040,f,-2.2701590061187744,-1.0293337106704712,-2.266984224319458,False
camelbert,T3,T3-f-0041,f,-1.7555232048034668,-1.5693168640136719,-2.099000930786133,False
camelbert,T3,T3-f-0042,f,2.967454433441162,3.9112610816955566,3.4365592002868652,True
camelbert,T3,T3-f-0043,f,0.843348503112793,2.7470128536224365,0.8767735958099365,True
camelbert,T3,T3-f-0044,f,-3.7435216903686523,-2.264740467071533,-4.009343147277832,False
camelbert,T3,T3-f-0045,f,-3.5702154636383057,-1.5322458744049072,-1.7354669570922852,False
camelbert,T3,T3-f-0046,f,1.8961706161499023,3.0997397899627686,1.84931480884552,True
camelbert,T3,T3-f-0047,f,-3.8069140911102295,-2.4927124977111816,-3.7622320652008057,False
camelbert,T3,T3-f-0048,f,0.69873046875,2.4991064071655273,0.42974233627319336,True
camelbert,T3,T3-f-0049,f,-2.708219051361084,0.47059059143066406,0.3746628761291504,False
camelbert,T3,T3-f-0050,f,-2.938871145248413,-1.0440888404846191,-3.2676000595092773,False
camelbert,T3,T3-f-0051,f,-4.070761680603027,-3.01607608795166,-3.6907193660736084,False
camelbert,T3,T3-f-0052,f,-0.47416919469833374,-0.5038701891899109,-0.4169650673866272,False
camelbert,T3,T3-f-0053,f,-1.6520994901657104,0.1558208465576172,-1.7300262451171875,False
camelbert,T3,T3-f-0054,f,-3.436476707458496,-3.2578678131103516,-2.7631664276123047,False
camelbert,T3,T3-f-0055,f,2.584750175476074,3.3669192790985107,2.372545003890991,True
camelbert,T3,T3-f-0056,f,-2.7289271354675293,-4.544534206390381,-4.87063455581665,False
camelbert,T3,T3-f-0057,f,-4.045773983001709,-2.3324100971221924,-2.8223280906677246,False
camelbert,T3,T3-f-0058,f,1.2021760940551758,1.651519536972046,1.9211047887802124,True
camelbert,T3,T3-f-0059,f,-0.3518233299255371,-0.5069611072540283,-0.20936322212219238,False
camelbert,T3,T3-f-0060,f,0.5176200866699219,0.22057247161865234,0.38764190673828125,True
camelbert,T3,T3-f-0061,f,3.4658288955688477,4.266537666320801,3.1206583976745605,True
camelbert,T3,T3-f-0062,f,0.8749046325683594,2.7171874046325684,1.4011344909667969,True
camelbert,T3,T3-f-0063,f,-1.7804150581359863,-1.2814183235168457,-1.726362705230713,False
camelbert,T3,T3-f-0064,f,-1.3562390804290771,-0.21648836135864258,-0.1996917724609375,False
camelbert,T3,T3-f-0065,f,-1.8463257551193237,-0.25290775299072266,-0.9974733591079712,False
camelbert,T3,T3-f-0066,f,0.23924493789672852,2.5739479064941406,0.5579066276550293,True
camelbert,T3,T3-f-0067,f,1.2219698429107666,2.620049238204956,1.539149522781372,True
camelbert,T3,T3-f-0068,f,-2.2236833572387695,0.6157746315002441,-2.7472331523895264,False
camelbert,T3,T3-f-0069,f,3.7726423740386963,3.252762794494629,2.711641311645508,True
camelbert,T3,T3-f-0070,f,-2.8274199962615967,0.5203366279602051,-0.4861869812011719,False
camelbert,T3,T3-f-0071,f,-3.230196714401245,-3.118279457092285,-3.034489154815674,False
camelbert,T3,T3-f-0072,f,1.3868234157562256,2.578519344329834,2.106804370880127,True
camelbert,T3,T3-f-0073,f,-3.910489559173584,-3.807049036026001,-3.4300966262817383,False
camelbert,T3,T3-f-0074,f,-1.3468668460845947,0.7925424575805664,-1.7783393859863281,False
camelbert,T3,T3-f-0075,f,-2.527179479598999,-2.873871088027954,-2.97658634185791,False
camelbert,T3,T3-f-0076,f,2.544221878051758,3.5548977851867676,1.895963430404663,True
camelbert,T3,T3-f-0077,f,-1.1244487762451172,-0.3608846664428711,-0.9540739059448242,False
camelbert,T3,T3-f-0078,f,-1.2429718971252441,-0.16268157958984375,-1.3676055669784546,False
camelbert,T3,T3-f-0079,f,-0.46248912811279297,1.2755799293518066,-0.38773250579833984,False
camelbert,T3,T3-f-0080,f,-3.68642520904541,-2.6813907623291016,0.6012251377105713,False
camelbert,T3,T3-f-0081,f,-1.6983040571212769,-0.006505727767944336,-0.6185081005096436,False
camelbert,T3,T3-f-0082,f,-2.2585833072662354,0.8526320457458496,-1.8771599531173706,False
camelbert,T3,T3-f-0083,f,-1.6960668563842773,0.13912391662597656,-1.4446492195129395,False
camelbert,T3,T3-f-0084,f,0.5271621942520142,2.287112236022949,1.3487502336502075,True
camelbert,T3,T3-f-0085,f,2.0661497116088867,2.51841402053833,2.911210298538208,True
camelbert,T3,T3-f-0086,f,2.601396083831787,3.2560126781463623,2.655322551727295,True
camelbert,T3,T3-f-0087,f,-1.777672290802002,-1.0412182807922363,-2.340663194656372,False
camelbert,T3,T3-f-0088,f,2.6869969367980957,2.082592010498047,2.781726360321045,True
camelbert,T3,T3-f-0089,f,1.3709959983825684,2.7790002822875977,1.2557392120361328,True
camelbert,T3,T3-f-0090,f,-0.9419655799865723,-0.5034999847412109,-1.4853737354278564,False
camelbert,T3,T3-f-0091,f,-0.3829091787338257,-2.648228168487549,-1.3221821784973145,False
camelbert,T3,T3-f-0092,f,1.1354217529296875,0.872960090637207,1.3956656455993652,True
camelbert,T3,T3-f-0093,f,0.01959228515625,0.543306827545166,0.8577151298522949,True
camelbert,T3,T3-f-0094,f,-2.2864081859588623,0.7987079620361328,-2.0398964881896973,False
camelbert,T3,T3-f-0095,f,-0.9058876037597656,0.21531391143798828,-1.222517490386963,False
camelbert,T3,T3-f-0096,f,-1.7406113147735596,-1.3320727348327637,-2.349698066711426,False
camelbert,T3,T3-f-0097,f,-2.239183187484741,-1.1623245477676392,-2.1097381114959717,False
camelbert,T3,T3-f-0098,f,-3.0733723640441895,-1.0292434692382812,-2.957279682159424,False
camelbert,T3,T3-f-0099,f,-2.923396110534668,-2.356783390045166,-2.685267448425293,False
camelbert,T3,T3-f-0100,f,-1.2425222396850586,-0.42760801315307617,-1.1097973585128784,False
camelbert,T3,T3-f-0101,f,-1.9417705535888672,0.5806074142456055,-2.0557761192321777,False
camelbert,T3,T3-f-0102,f,-2.4209818840026855,-1.5223174095153809,-4.399223327636719,False
camelbert,T3,T3-f-0103,f,-0.8735387325286865,1.4790315628051758,-1.078357219696045,False
camelbert,T3,T3-f-0104,f,-1.376688003540039,1.3763041496276855,-0.992250919342041,False
camelbert,T3,T3-f-0105,f,-2.345839738845825,0.18131422996520996,-0.13715028762817383,False
camelbert,T3,T3-f-0106,f,-6.101220607757568,-6.070535182952881,-5.768429756164551,False
camelbert,T3,T3-f-0107,f,-3.383439064025879,-2.4892427921295166,-2.9744715690612793,False
camelbert,T3,T3-f-0108,f,-3.2141149044036865,-2.398226261138916,-2.363377571105957,False
camelbert,T3,T3-f-0109,f,-3.063647508621216,0.029937744140625,-1.923372507095337,False
camelbert,T3,T3-f-0110,f,-2.214461326599121,-0.0527653694152832,-1.8457331657409668,False
camelbert,T3,T3-f-0111,f,-0.8139140605926514,0.6454405784606934,-0.09329390525817871,False
camelbert,T3,T3-f-0112,f,-2.4531025886535645,-1.8149571418762207,-2.61043643951416,False
camelbert,T3,T3-f-0113,f,-3.5750904083251953,-3.2811431884765625,-3.416872262954712,False
camelbert,T3,T3-f-0114,f,2.4071474075317383,2.157566547393799,2.2993571758270264,True
camelbert,T3,T3-f-0115,f,-1.9008655548095703,-0.30046701431274414,0.2914431095123291,False
camelbert,T3,T3-f-0116,f,0.7183347940444946,2.6049108505249023,0.9605987668037415,True
camelbert,T3,T3-f-0117,f,4.068426132202148,4.583318710327148,4.364340305328369,True
camelbert,T3,T3-f-0118,f,-1.5823554992675781,1.1788172721862793,-1.1786739826202393,False
camelbert,T3,T3-f-0119,f,0.14453810453414917,1.551293134689331,0.8166961669921875,True
camelbert,T3,T3-f-0120,f,-2.7834978103637695,-0.6623020172119141,-2.898956298828125,False
camelbert,T3,T3-f-0121,f,-1.764188528060913,-1.8019022941589355,-2.1218068599700928,False
camelbert,T3,T3-f-0122,f,2.4957189559936523,2.211782455444336,2.516353130340576,True
camelbert,T3,T3-f-0123,f,1.2440941333770752,3.049639940261841,0.3959321975708008,True
camelbert,T3,T3-f-0124,f,-3.9348819255828857,-5.328468322753906,-4.032525062561035,False
camelbert,T3,T3-f-0125,f,-0.4111790657043457,0.5986919403076172,-0.21249651908874512,False
camelbert,T3,T3-f-0126,f,-0.2601163387298584,0.6236269474029541,-0.2881460189819336,False
camelbert,T3,T3-f-0127,f,-1.1630115509033203,2.718100070953369,-0.36916685104370117,False
camelbert,T3,T3-f-0128,f,-0.5043920278549194,0.7196550369262695,-0.7275251150131226,False
camelbert,T3,T3-f-0129,f,0.7640461921691895,2.9872803688049316,0.23985958099365234,True
camelbert,T3,T3-f-0130,f,1.794157862663269,2.5715277194976807,2.294342041015625,True
camelbert,T3,T3-f-0131,f,2.2671079635620117,2.3496360778808594,2.4825439453125,True
camelbert,T3,T3-f-0132,f,0.40961647033691406,0.37603187561035156,0.7963943481445312,True
camelbert,T3,T3-f-0133,f,-2.145366668701172,-0.3888082504272461,-1.9913763999938965,False
camelbert,T3,T3-f-0134,f,1.5099306106567383,1.8049485683441162,0.6039910316467285,True
camelbert,T3,T3-f-0135,f,-1.7793164253234863,0.07730293273925781,-1.4971587657928467,False
camelbert,T3,T3-f-0136,f,-0.14663171768188477,-0.7112147808074951,0.18023884296417236,False
camelbert,T3,T3-f-0137,f,-1.1604111194610596,1.8049898147583008,-1.57576322555542,False
camelbert,T3,T3-f-0138,f,-2.1773860454559326,1.294356346130371,-2.109327554702759,False
camelbert,T3,T3-f-0139,f,-0.7064929008483887,1.9485549926757812,1.0190386772155762,False
camelbert,T3,T3-f-0140,f,-4.7286481857299805,-4.421370506286621,-3.9087769985198975,False
camelbert,T3,T3-f-0141,f,0.8382885456085205,1.475419282913208,0.9204978942871094,True
camelbert,T3,T3-f-0142,f,-0.02157461643218994,1.0320948362350464,-1.9482457637786865,False
camelbert,T3,T3-f-0143,f,2.3033804893493652,3.631303310394287,2.481090545654297,True
camelbert,T3,T3-f-0144,f,-1.5114436149597168,0.8084850311279297,-1.621826171875,False
camelbert,T3,T3-f-0145,f,-3.439028263092041,-3.198549747467041,-3.5463616847991943,False
camelbert,T3,T3-f-0146,f,-1.4574470520019531,-0.27741384506225586,0.10203742980957031,False
camelbert,T3,T3-f-0147,f,-1.5983855724334717,0.7212677001953125,-1.6290769577026367,False
camelbert,T3,T3-f-0148,f,-0.7197880744934082,1.865082025527954,-0.04182398319244385,False
camelbert,T3,T3-f-0149,f,-3.3658227920532227,-4.484079837799072,-2.840236186981201,False
camelbert,T3,T3-f-0150,f,-1.9009921550750732,-0.5953645706176758,-2.2033286094665527,False
camelbert,T3,T3-f-0151,f,2.0508527755737305,4.64918851852417,2.280494451522827,True
camelbert,T3,T3-f-0152,f,-2.823899507522583,-2.770808696746826,-3.6001944541931152,False
camelbert,T3,T3-f-0153,f,-1.090472936630249,1.683441400527954,-0.7160196304321289,False
camelbert,T3,T3-f-0154,f,1.4204411506652832,2.929349899291992,1.9735714197158813,True
camelbert,T3,T3-f-0155,f,-1.926060676574707,0.0493311882019043,-1.8774895668029785,False
camelbert,T3,T3-f-0156,f,-3.672001600265503,-3.3936758041381836,-2.1591036319732666,False
camelbert,T3,T3-f-0157,f,-0.9314627647399902,0.2571735382080078,-2.1366264820098877,False
camelbert,T3,T3-f-0158,f,-0.07339942455291748,1.0224053859710693,-0.28518831729888916,False
camelbert,T3,T3-f-0159,f,-0.7996616363525391,1.048682689666748,1.647385835647583,False
camelbert,T3,T3-f-0160,f,-2.06406307220459,-1.4986591339111328,-1.9473614692687988,False
camelbert,T3,T3-f-0161,f,-0.1404876708984375,1.8006443977355957,-0.1402130126953125,False
camelbert,T3,T3-f-0162,f,-1.8823399543762207,0.3569045066833496,-0.588963508605957,False
camelbert,T3,T3-f-0163,f,-0.22530460357666016,3.52955961227417,0.1756124496459961,False
camelbert,T3,T3-f-0164,f,4.43214750289917,4.781198501586914,4.5046563148498535,True
camelbert,T3,T3-f-0165,f,-3.4004316329956055,-3.2717058658599854,-3.6004035472869873,False
camelbert,T3,T3-f-0166,f,0.20938515663146973,0.8122742176055908,1.7372510433197021,True
camelbert,T3,T3-f-0167,f,0.3730325698852539,2.3832898139953613,0.3936927318572998,True
camelbert,T3,T3-f-0168,f,-0.6098017692565918,1.012019157409668,-0.8671822547912598,False
camelbert,T3,T3-f-0169,f,-0.9215207099914551,1.836996078491211,-1.0415704250335693,False
camelbert,T3,T3-f-0170,f,-2.458343029022217,-1.6899569034576416,-1.0394747257232666,False
camelbert,T3,T3-f-0171,f,-1.82112455368042,0.27046263217926025,-1.5783551931381226,False
camelbert,T3,T3-f-0172,f,-1.4300405979156494,-0.3052964210510254,-1.3336381912231445,False
camelbert,T3,T3-f-0173,f,-1.6479923725128174,-0.5269103050231934,-1.2964961528778076,False
camelbert,T3,T3-f-0174,f,-0.4124380648136139,0.9303550720214844,0.0003440380096435547,False
camelbert,T3,T3-f-0175,f,-1.6797480583190918,-1.2546424865722656,-1.7624096870422363,False
camelbert,T3,T3-f-0176,f,0.4211699366569519,1.803238868713379,0.6184366941452026,True
camelbert,T3,T3-f-0177,f,-1.7612810134887695,-0.09556007385253906,-0.509253978729248,False
camelbert,T3,T3-f-0178,f,1.15421724319458,3.0122201442718506,1.6929922103881836,True
camelbert,T3,T3-f-0179,f,-2.421149730682373,1.8436689376831055,-0.17629289627075195,False
camelbert,T3,T3-f-0180,f,-2.6602675914764404,-0.980748176574707,-2.3760035037994385,False
camelbert,T3,T3-f-0181,f,-4.706942081451416,-1.7678585052490234,-4.068808078765869,False
camelbert,T3,T3-f-0182,f,-1.7899677753448486,-1.5827608108520508,-0.4382905960083008,False
camelbert,T3,T3-f-0183,f,-1.75502347946167,-0.9111061096191406,-1.7893481254577637,False
camelbert,T3,T3-f-0184,f,-2.3437862396240234,1.8731375932693481,-2.3876118659973145,False
camelbert,T3,T3-f-0185,f,-2.1613707542419434,-0.9079484939575195,-2.562342405319214,False
camelbert,T3,T3-f-0186,f,-3.636193037033081,-4.398252487182617,-3.997619390487671,False
camelbert,T3,T3-f-0187,f,-1.3571869134902954,-0.056982219219207764,-1.7020065784454346,False
camelbert,T3,T3-f-0188,f,-0.6658668518066406,1.9587459564208984,0.7987689971923828,False
camelbert,T3,T3-f-0189,f,3.113741397857666,3.7423641681671143,2.531867742538452,True
camelbert,T3,T3-f-0190,f,1.012861728668213,2.098343849182129,2.8532090187072754,True
camelbert,T3,T3-f-0191,f,-4.144726276397705,-3.4917263984680176,-5.050329208374023,False
camelbert,T3,T3-f-0192,f,-1.3756184577941895,-1.3311479091644287,-1.0499986410140991,False
camelbert,T3,T3-f-0193,f,3.7564918994903564,2.7814104557037354,3.228095054626465,True
camelbert,T3,T3-f-0194,f,-1.4088419675827026,1.4345316886901855,-1.5044760704040527,False
camelbert,T3,T3-f-0195,f,-3.5201902389526367,-2.8873090744018555,-3.430528163909912,False
camelbert,T3,T3-f-0196,f,-2.571511745452881,0.05952930450439453,0.2809562683105469,False
camelbert,T3,T3-f-0197,f,2.473473310470581,4.742284774780273,2.855043411254883,True
camelbert,T3,T3-f-0198,f,0.18457984924316406,0.6114797592163086,0.32443952560424805,True
camelbert,T3,T3-f-0199,f,-0.08541512489318848,-0.681828498840332,-0.16515088081359863,False
camelbert,T3,T3-f-0200,f,0.8219223022460938,0.18657398223876953,0.8475818634033203,True
camelbert,T3,T3-f-0201,f,2.825770854949951,1.0278186798095703,1.8199189901351929,True
camelbert,T3,T3-f-0202,f,-5.178095817565918,-2.3187217712402344,-3.816291570663452,False
camelbert,T3,T3-f-0203,f,-2.4209163188934326,-0.7282969951629639,-2.4394755363464355,False
camelbert,T3,T3-f-0204,f,-1.1515722274780273,1.7715933322906494,-0.8088549375534058,False
camelbert,T3,T3-f-0205,f,-1.5534098148345947,-0.36983656883239746,-1.0894646644592285,False
camelbert,T3,T3-f-0206,f,1.0161502361297607,3.2707083225250244,1.2046072483062744,True
camelbert,T3,T3-f-0207,f,0.7794383764266968,1.3826930522918701,0.9060460329055786,True
camelbert,T3,T3-f-0208,f,1.2584331035614014,1.962580680847168,0.9442317485809326,True
camelbert,T3,T3-f-0209,f,0.525416374206543,-0.29513025283813477,0.664802074432373,True
camelbert,T3,T3-f-0210,f,-1.3556255102157593,1.475825548171997,0.5447907447814941,False
camelbert,T3,T3-f-0211,f,-1.6253188848495483,0.044968605041503906,-1.3162121772766113,False
camelbert,T3,T3-f-0212,f,-1.0410979986190796,0.6808280944824219,-0.27971670031547546,False
camelbert,T3,T3-f-0213,f,2.1304197311401367,3.7951667308807373,2.350245952606201,True
camelbert,T3,T3-f-0214,f,-4.040949821472168,-3.4013423919677734,-3.8153324127197266,False
camelbert,T3,T3-f-0215,f,0.5853996276855469,3.4716477394104004,0.2792327404022217,True
camelbert,T3,T3-f-0216,f,-3.367426872253418,-0.9171571731567383,-2.4464852809906006,False
camelbert,T3,T3-f-0217,f,-0.9366741180419922,0.9627304077148438,-1.1557929515838623,False
camelbert,T3,T3-f-0218,f,0.20236945152282715,1.9767866134643555,0.14725017547607422,True
camelbert,T3,T3-f-0219,f,-1.9032299518585205,-0.2946639060974121,-0.2577219009399414,False
camelbert,T3,T3-f-0220,f,-0.5916018486022949,1.512463092803955,-1.2099632024765015,False
camelbert,T3,T3-f-0221,f,0.0733189582824707,0.7001540660858154,-0.15866923332214355,True
camelbert,T3,T3-f-0222,f,-1.739650011062622,-0.6057126522064209,-1.2853827476501465,False
camelbert,T3,T3-f-0223,f,0.5793893337249756,1.105909824371338,0.42118024826049805,True
camelbert,T3,T3-f-0224,f,1.5801162719726562,1.810159683227539,1.3513455390930176,True
camelbert,T3,T3-f-0225,f,-1.6844143867492676,-0.816136360168457,-1.5949478149414062,False
camelbert,T3,T3-f-0226,f,-0.8904595375061035,3.9630308151245117,1.1305203437805176,False
camelbert,T3,T3-f-0227,f,0.2457900047302246,2.3513364791870117,0.37328529357910156,True
camelbert,T3,T3-f-0228,f,-3.059175491333008,-1.744002342224121,-2.018399238586426,False
camelbert,T3,T3-f-0229,f,-5.805455207824707,-4.266322135925293,-4.872333526611328,False
camelbert,T3,T3-f-0230,f,-1.0661208629608154,-0.38048720359802246,-0.9173145890235901,False
camelbert,T3,T3-f-0231,f,1.1920051574707031,2.1915807723999023,1.0791573524475098,True
camelbert,T3,T3-f-0232,f,1.8750423192977905,2.3448472023010254,1.815171241760254,True
camelbert,T3,T3-f-0233,f,0.6858901977539062,0.17329394817352295,0.3061538338661194,True
camelbert,T3,T3-f-0234,f,-0.5795258283615112,0.6310606002807617,-0.780071496963501,False
camelbert,T3,T3-f-0235,f,-2.5741653442382812,-2.975553035736084,-2.9483072757720947,False
camelbert,T3,T3-f-0236,f,-0.5285391807556152,-0.6165332794189453,-0.9143130779266357,False
camelbert,T3,T3-f-0237,f,-3.069514751434326,-2.285717487335205,-3.016422986984253,False
camelbert,T3,T3-f-0238,f,0.741541862487793,2.490142345428467,0.1568317413330078,True
camelbert,T3,T3-f-0239,f,-3.51108455657959,-3.4986038208007812,-2.5412869453430176,False
camelbert,T3,T3-f-0240,f,-2.336808443069458,1.5111737251281738,-1.7769825458526611,False
camelbert,T3,T3-f-0241,f,-0.8462495803833008,0.8537840843200684,-0.6162738800048828,False
camelbert,T3,T3-f-0242,f,-2.2718639373779297,-1.1776819229125977,-1.5341238975524902,False
camelbert,T3,T3-f-0243,f,-0.5350799560546875,1.4159297943115234,-0.32556772232055664,False
camelbert,T3,T3-f-0244,f,-2.778904438018799,-3.731600761413574,-2.9990930557250977,False
camelbert,T3,T3-f-0245,f,-1.9873499870300293,-0.651360034942627,-2.2856180667877197,False
camelbert,T3,T3-f-0246,f,-1.0608137845993042,0.30550336837768555,0.49407339096069336,False
camelbert,T3,T3-f-0247,f,-0.19621706008911133,1.4249968528747559,-0.34735870361328125,False
camelbert,T3,T3-f-0248,f,-0.6829624176025391,-0.768618106842041,-0.9082648754119873,False
camelbert,T3,T3-f-0249,f,-0.11910820007324219,1.3250398635864258,-0.04756736755371094,False
camelbert,T3,T3-f-0250,f,-3.866393566131592,-3.521955966949463,-3.766023635864258,False
camelbert,T3,T3-f-0251,f,-0.2544832229614258,1.5501432418823242,-0.34763288497924805,False
camelbert,T3,T3-f-0252,f,0.6967663764953613,1.992426872253418,2.139338970184326,True
camelbert,T3,T3-f-0253,f,0.11496305465698242,1.0665874481201172,-0.09840273857116699,True
camelbert,T3,T3-f-0254,f,-0.5579166412353516,0.10941004753112793,-0.058577537536621094,False
camelbert,T3,T3-f-0255,f,-0.9625744819641113,-0.7345504760742188,-1.046762228012085,False
camelbert,T3,T3-f-0256,f,-1.3248677253723145,1.7241339683532715,-1.442580223083496,False
camelbert,T3,T3-f-0257,f,-1.0462329387664795,1.3451247215270996,-1.4933364391326904,False
camelbert,T3,T3-f-0258,f,-1.46744704246521,3.2167506217956543,-1.0180381536483765,False
camelbert,T3,T3-f-0259,f,-2.3095741271972656,-1.3829128742218018,-1.2705438137054443,False
camelbert,T3,T3-f-0260,f,-2.113600254058838,-0.1437520980834961,0.8174333572387695,False
camelbert,T3,T3-f-0261,f,-1.353771686553955,0.7863554954528809,-0.4737359881401062,False
camelbert,T3,T3-f-0262,f,0.7288546562194824,0.9563374519348145,0.7355284690856934,True
camelbert,T3,T3-f-0263,f,1.146087646484375,2.9049463272094727,1.0923388004302979,True
camelbert,T3,T3-f-0264,f,-0.11473274230957031,1.6695919036865234,-0.12000751495361328,False
camelbert,T3,T3-f-0265,f,-1.6345263719558716,-0.6577917337417603,-1.75996732711792,False
camelbert,T3,T3-f-0266,f,2.89327335357666,3.606611728668213,2.669523000717163,True
camelbert,T3,T3-f-0267,f,-1.4342671632766724,0.15922260284423828,-1.484303593635559,False
camelbert,T3,T3-f-0268,f,-0.8322405815124512,1.0562729835510254,-1.4163565635681152,False
camelbert,T3,T3-f-0269,f,-1.893568754196167,-1.1986708641052246,-1.5335650444030762,False
camelbert,T3,T3-f-0270,f,-3.3946337699890137,-0.7929730415344238,-3.027594566345215,False
camelbert,T3,T3-f-0271,f,-0.1928255558013916,0.11162471771240234,0.4264059066772461,False
camelbert,T3,T3-f-0272,f,-0.5392522811889648,1.5215387344360352,-1.6223831176757812,False
camelbert,T3,T3-f-0273,f,-3.7458319664001465,0.5470101833343506,-0.8034473657608032,False
camelbert,T3,T3-f-0274,f,-2.2671806812286377,-1.3167004585266113,-2.3111677169799805,False
camelbert,T3,T3-f-0275,f,-0.3788266181945801,2.315598487854004,0.7119350433349609,False
camelbert,T3,T3-f-0276,f,0.03201770782470703,3.500225067138672,4.05122184753418,True
camelbert,T3,T3-f-0277,f,-1.8390038013458252,0.7746505737304688,-1.6062192916870117,False
camelbert,T3,T3-f-0278,f,0.18596220016479492,0.3495597839355469,-0.042096614837646484,True
camelbert,T3,T3-f-0279,f,3.05427885055542,3.4269304275512695,2.811450481414795,True
camelbert,T3,T3-f-0280,f,-1.2647740840911865,1.0528342723846436,-1.3556467294692993,False
camelbert,T3,T3-f-0281,f,-0.9227328300476074,0.2609367370605469,-0.6835854053497314,False
camelbert,T3,T3-f-0282,f,0.5754103660583496,0.832646369934082,0.7982454299926758,True
camelbert,T3,T3-f-0283,f,0.32763051986694336,1.676952600479126,0.5352420806884766,True
camelbert,T3,T3-f-0284,f,-0.31449317932128906,0.6762835383415222,-0.6476767063140869,False
camelbert,T3,T3-f-0285,f,-1.5140912532806396,2.7385683059692383,-1.4274933338165283,False
camelbert,T3,T3-f-0286,f,-4.169455051422119,-1.0850918292999268,-3.55751895904541,False
camelbert,T3,T3-f-0287,f,-3.1302285194396973,-2.850548267364502,-2.896798849105835,False
camelbert,T3,T3-f-0288,f,0.3170442581176758,1.7140239477157593,-0.18823933601379395,True
camelbert,T3,T3-f-0289,f,-3.2104086875915527,-1.5313599109649658,-2.2936110496520996,False
camelbert,T3,T3-f-0290,f,0.09845089912414551,0.6602497100830078,0.36779189109802246,True
camelbert,T3,T3-f-0291,f,0.02381610870361328,0.43750739097595215,0.03064107894897461,True
camelbert,T3,T3-f-0292,f,-3.2568423748016357,-0.9937273263931274,-2.8215227127075195,False
camelbert,T3,T3-f-0293,f,3.2163820266723633,4.170115947723389,3.363497018814087,True
camelbert,T3,T3-f-0294,f,-2.715522289276123,0.2155689001083374,0.9217879772186279,False
camelbert,T3,T3-f-0295,f,5.192010402679443,5.363094329833984,5.035455703735352,True
camelbert,T3,T3-f-0296,f,2.732923984527588,3.1656675338745117,3.361053943634033,True
camelbert,T3,T3-f-0297,f,-3.2032933235168457,-4.102046489715576,-3.385830879211426,False
camelbert,T3,T3-f-0298,f,-1.6743385791778564,-1.2403998374938965,-2.8774948120117188,False
camelbert,T3,T3-f-0299,f,1.839329719543457,2.961310863494873,2.907144069671631,True
camelbert,T3,T3-f-0300,f,1.5417933464050293,1.9608802795410156,1.096017837524414,True
camelbert,T3,T3-f-0301,f,-3.207829475402832,-1.265131950378418,-2.2018518447875977,False
camelbert,T3,T3-f-0302,f,-3.0508439540863037,-3.132110357284546,-3.0855207443237305,False
camelbert,T3,T3-f-0303,f,-4.683767318725586,-2.5471997261047363,-2.7762832641601562,False
camelbert,T3,T3-f-0304,f,0.45088624954223633,0.5835318565368652,0.3682675361633301,True
camelbert,T3,T3-f-0305,f,-3.129267692565918,-2.9453954696655273,-3.344311237335205,False
camelbert,T3,T3-f-0306,f,2.118238925933838,2.4169392585754395,1.087843418121338,True
camelbert,T3,T3-f-0307,f,-1.071730136871338,1.7104783058166504,0.7286562919616699,False
camelbert,T3,T3-f-0308,f,-2.6983118057250977,0.1194608211517334,1.8753318786621094,False
camelbert,T3,T3-f-0309,f,-0.26833152770996094,1.2817349433898926,0.029105663299560547,False
camelbert,T3,T3-f-0310,f,-1.8567049503326416,1.2179675102233887,-1.888078212738037,False
camelbert,T3,T3-f-0311,f,-0.011858224868774414,-0.054456233978271484,-0.5822672843933105,False
camelbert,T3,T3-f-0312,f,-1.1418309211730957,1.8728456497192383,0.7170143127441406,False
camelbert,T3,T3-f-0313,f,-3.424787998199463,-3.0931432247161865,-3.633319616317749,False
camelbert,T3,T3-f-0314,f,-0.710124671459198,1.0796358585357666,-0.9428624510765076,False
camelbert,T3,T3-f-0315,f,-0.37341833114624023,0.8576059341430664,0.4524116516113281,False
camelbert,T3,T3-f-0316,f,0.979694128036499,1.7131694555282593,1.6051995754241943,True
camelbert,T3,T3-f-0317,f,-2.60201096534729,-0.6452875733375549,-2.0263569355010986,False
camelbert,T3,T3-f-0318,f,2.0132992267608643,2.2671990394592285,2.342595338821411,True
camelbert,T3,T3-f-0319,f,-1.7549636363983154,0.4184563159942627,-1.4957568645477295,False
camelbert,T3,T3-f-0320,f,-0.7707462310791016,2.0751585960388184,-0.6843066215515137,False
camelbert,T3,T3-f-0321,f,-0.7061643600463867,2.2514662742614746,2.6018624305725098,False
camelbert,T3,T3-f-0322,f,-1.5175703763961792,1.2629272937774658,-2.1507363319396973,False
camelbert,T3,T3-f-0323,f,0.3552217483520508,-0.16952943801879883,-1.2645870447158813,True
camelbert,T3,T3-f-0324,f,-3.247011661529541,-3.4084458351135254,-2.9869544506073,False
camelbert,T3,T3-f-0325,f,-3.5020134449005127,-3.628255844116211,-3.37119460105896,False
camelbert,T3,T3-f-0326,f,0.4350743889808655,0.08148431777954102,0.5780893564224243,True
camelbert,T3,T3-f-0327,f,0.5729398727416992,2.267345905303955,1.1483702659606934,True
camelbert,T3,T3-f-0328,f,-0.5653610229492188,2.3113205432891846,2.287109613418579,False
camelbert,T3,T3-f-0329,f,0.3603358268737793,1.4236273765563965,0.40327930450439453,True
camelbert,T3,T3-f-0330,f,-0.21591758728027344,2.0347466468811035,-0.5071349143981934,False
camelbert,T3,T3-f-0331,f,2.009740114212036,2.7123827934265137,2.023249387741089,True
camelbert,T3,T3-f-0332,f,-0.7093696594238281,-1.4731669425964355,-2.1496706008911133,False
camelbert,T3,T3-f-0333,f,-2.3018438816070557,-1.3416144847869873,-2.052208423614502,False
camelbert,T3,T3-f-0334,f,-1.8503694534301758,-1.0905072689056396,-2.513068199157715,False
camelbert,T3,T3-f-0335,f,-2.0221266746520996,0.8213715553283691,-2.1745028495788574,False
camelbert,T3,T3-f-0336,f,-2.6365468502044678,-2.803452730178833,-3.278360366821289,False
camelbert,T3,T3-f-0337,f,-1.3296313285827637,1.1067721843719482,-1.3963017463684082,False
camelbert,T3,T3-f-0338,f,-1.6836462020874023,-0.5978012084960938,-0.5536248683929443,False
camelbert,T3,T3-f-0339,f,-3.398247480392456,0.7006778717041016,-1.1160690784454346,False
camelbert,T3,T3-f-0340,f,-1.8983478546142578,-0.06652545928955078,-1.8297189474105835,False
camelbert,T3,T3-f-0341,f,-1.6560027599334717,2.132620096206665,2.299373149871826,False
camelbert,T3,T3-f-0342,f,-0.5821943283081055,-0.048914432525634766,-0.38000059127807617,False
camelbert,T3,T3-f-0343,f,-0.8761847019195557,0.12576770782470703,-0.08884930610656738,False
camelbert,T3,T3-f-0344,f,-0.7357957363128662,2.3924970626831055,0.9715967178344727,False
camelbert,T3,T3-f-0345,f,-2.9187698364257812,0.10193240642547607,-0.6263652443885803,False
camelbert,T3,T3-f-0346,f,-1.040492296218872,-0.9823238849639893,-1.340433120727539,False
camelbert,T3,T3-f-0347,f,-0.3798038959503174,2.1073522567749023,-0.23356783390045166,False
camelbert,T3,T3-f-0348,f,-0.507716178894043,-0.4458937644958496,-0.6352391242980957,False
camelbert,T3,T3-f-0349,f,2.2972214221954346,2.8795228004455566,2.4070076942443848,True
camelbert,T3,T3-f-0350,f,-3.5373635292053223,-3.2792811393737793,-3.329338550567627,False
camelbert,T3,T3-f-0351,f,0.10836362838745117,1.2823486328125,-0.020701169967651367,True
camelbert,T3,T3-f-0352,f,0.0948023796081543,1.1182713508605957,-0.13665533065795898,True
camelbert,T3,T3-f-0353,f,2.693258762359619,3.024104356765747,2.018719434738159,True
camelbert,T3,T3-f-0354,f,-2.209559440612793,-1.1008920669555664,-3.030694007873535,False
camelbert,T3,T3-f-0355,f,-0.5809464454650879,1.5182905197143555,-0.46668386459350586,False
camelbert,T3,T3-f-0356,f,-0.9907268285751343,-0.10641098022460938,-1.2904472351074219,False
camelbert,T3,T3-f-0357,f,-0.9956150054931641,0.907414436340332,-1.1216773986816406,False
camelbert,T3,T3-f-0358,f,1.4678457975387573,1.8417296409606934,1.1145511865615845,True
camelbert,T3,T3-f-0359,f,0.6377220153808594,3.0904831886291504,-0.4364137649536133,True
camelbert,T3,T3-f-0360,f,-0.09058761596679688,2.2821030616760254,0.12380552291870117,False
camelbert,T3,T3-f-0361,f,-2.0948925018310547,0.21932029724121094,-1.994497299194336,False
camelbert,T3,T3-f-0362,f,0.32114291191101074,1.3467142581939697,0.4304666519165039,True
camelbert,T3,T3-f-0363,f,-0.3539921045303345,0.4336540699005127,-0.16694426536560059,False
camelbert,T3,T3-f-0364,f,-1.1226487159729004,0.13036012649536133,-1.9638898372650146,False
camelbert,T3,T3-f-0365,f,-3.167562961578369,-2.3897910118103027,-3.735940933227539,False
camelbert,T3,T3-f-0366,f,1.2686512470245361,2.4107446670532227,2.022911310195923,True
camelbert,T3,T3-f-0367,f,-4.976088523864746,-3.853914499282837,-4.5601487159729,False
camelbert,T3,T3-f-0368,f,-2.0661110877990723,0.5402559041976929,-1.7798185348510742,False
camelbert,T3,T3-f-0369,f,-4.521735191345215,-2.2422115802764893,-4.647163391113281,False
camelbert,T3,T3-f-0370,f,-0.1015021800994873,-0.023118972778320312,-0.28955841064453125,False
camelbert,T3,T3-f-0371,f,-0.053595542907714844,1.9215335845947266,0.29279232025146484,False
camelbert,T3,T3-f-0372,f,-0.7493405342102051,0.09045743942260742,-0.5253798961639404,False
camelbert,T3,T3-f-0373,f,-2.1409623622894287,-1.3361341953277588,-2.35713529586792,False
camelbert,T3,T3-f-0374,f,0.06397151947021484,-0.3272830843925476,-0.6335830092430115,True
camelbert,T3,T3-f-0375,f,0.8944330215454102,0.3587460517883301,1.1515216827392578,True
camelbert,T3,T3-f-0376,f,-0.924309253692627,2.9187088012695312,-0.43672609329223633,False
camelbert,T3,T3-f-0377,f,-0.6085858345031738,1.2352004051208496,-0.3932676315307617,False
camelbert,T3,T3-f-0378,f,-2.423492193222046,-0.7756507396697998,-2.440138578414917,False
camelbert,T3,T3-f-0379,f,0.2884361743927002,0.10985612869262695,0.9258233308792114,True
camelbert,T3,T3-f-0380,f,-1.5084130764007568,-0.6210660934448242,-1.7314127683639526,False
camelbert,T3,T3-f-0381,f,-1.3083908557891846,-0.4550354480743408,-1.106260061264038,False
camelbert,T3,T3-f-0382,f,-1.6618353128433228,-0.10552072525024414,-1.7896363735198975,False
camelbert,T3,T3-f-0383,f,0.7802320718765259,2.2494142055511475,0.5656752586364746,True
camelbert,T3,T3-f-0384,f,-3.1389951705932617,0.025910377502441406,-3.0652780532836914,False
camelbert,T3,T3-f-0385,f,-0.002895355224609375,1.4968693256378174,0.24036741256713867,False
camelbert,T3,T3-f-0386,f,-1.1988470554351807,1.2771010398864746,0.29529356956481934,False
camelbert,T3,T3-f-0387,f,0.18508052825927734,2.091712236404419,1.4477362632751465,True
camelbert,T3,T3-f-0388,f,0.45009946823120117,4.6114349365234375,4.375162124633789,True
camelbert,T3,T3-f-0389,f,0.29590320587158203,1.8460407257080078,1.2459158897399902,True
camelbert,T3,T3-f-0390,f,-1.5775697231292725,-0.9542026519775391,-2.2686071395874023,False
camelbert,T3,T3-f-0391,f,1.3674378395080566,2.3559789657592773,1.387275218963623,True
camelbert,T3,T3-f-0392,f,0.46255922317504883,3.398017406463623,0.2266092300415039,True
camelbert,T3,T3-f-0393,f,-2.4122397899627686,-1.1794462203979492,-1.5281602144241333,False
camelbert,T3,T3-f-0394,f,1.8768939971923828,3.399744987487793,2.334366798400879,True
camelbert,T3,T3-f-0395,f,-2.029766798019409,1.1625185012817383,-1.7201989889144897,False
camelbert,T3,T3-f-0396,f,-2.2553608417510986,-1.9565989971160889,-2.233264684677124,False
camelbert,T3,T3-f-0397,f,-1.1713049411773682,0.33957910537719727,-0.06747150421142578,False
camelbert,T3,T3-f-0398,f,-2.0566654205322266,-0.04732465744018555,-0.8252366781234741,False
camelbert,T3,T3-f-0399,f,-1.4022068977355957,0.41561317443847656,-0.9288163185119629,False
camelbert,T3,T3-f-0400,f,1.3426094055175781,-0.057947754859924316,2.2680423259735107,True
camelbert,T3,T3-f-0401,f,-2.5378847122192383,-1.4897747039794922,-2.4784674644470215,False
camelbert,T3,T3-f-0402,f,0.6347357034683228,0.5829427242279053,0.3567582368850708,True
camelbert,T3,T3-f-0403,f,-4.524299621582031,-2.491572380065918,-4.048715591430664,False
camelbert,T3,T3-f-0404,f,-4.389486312866211,-3.4879422187805176,-4.211145401000977,False
camelbert,T3,T3-f-0405,f,-0.08170342445373535,2.0283360481262207,0.20360660552978516,False
camelbert,T3,T3-f-0406,f,-5.241661071777344,-4.422658443450928,-5.01028299331665,False
camelbert,T3,T3-f-0407,f,-1.9968125820159912,0.12158942222595215,-1.8570982217788696,False
camelbert,T3,T3-f-0408,f,-2.5039210319519043,-2.205949306488037,-2.7545387744903564,False
camelbert,T3,T3-f-0409,f,1.348259449005127,2.460115909576416,1.8811683654785156,True
camelbert,T3,T3-f-0410,f,-3.4996585845947266,0.33835363388061523,-2.9138545989990234,False
camelbert,T3,T3-f-0411,f,-2.2507550716400146,1.520118236541748,0.7673153877258301,False
camelbert,T3,T3-f-0412,f,1.5070562362670898,2.2859127521514893,2.3699841499328613,True
camelbert,T3,T3-f-0413,f,-2.4862256050109863,1.5095620155334473,1.4230432510375977,False
camelbert,T3,T3-f-0414,f,-0.43616485595703125,1.4801945686340332,1.315782070159912,False
camelbert,T3,T3-f-0415,f,-1.8406414985656738,1.1627707481384277,-1.8055603504180908,False
camelbert,T3,T3-f-0416,f,-3.368776798248291,-1.0784258842468262,-0.8995170593261719,False
camelbert,T3,T3-f-0417,f,-2.180898904800415,-0.3341939449310303,-2.637054443359375,False
camelbert,T3,T3-f-0418,f,0.06012082099914551,1.9928946495056152,0.08857393264770508,True
camelbert,T3,T3-f-0419,f,-0.04568147659301758,1.637587547302246,0.5493381023406982,False
camelbert,T3,T3-f-0420,f,-1.7718342542648315,-0.2565796375274658,-1.7215604782104492,False
camelbert,T3,T3-f-0421,f,-4.472679138183594,-4.060258388519287,-4.7258992195129395,False
camelbert,T3,T3-f-0422,f,1.9208498001098633,1.626844882965088,2.9003725051879883,True
camelbert,T3,T3-f-0423,f,-3.950942039489746,-0.8142457008361816,-3.1779873371124268,False
camelbert,T3,T3-f-0424,f,-1.7372448444366455,-1.1301181316375732,-1.2814816236495972,False
camelbert,T3,T3-f-0425,f,2.905684232711792,3.883319616317749,2.7910778522491455,True
camelbert,T3,T3-f-0426,f,-1.6677815914154053,-0.422199010848999,-1.3789558410644531,False
camelbert,T3,T3-f-0427,f,-2.432175397872925,-1.9397039413452148,-1.8990743160247803,False
camelbert,T3,T3-f-0428,f,-0.558164119720459,1.9891729354858398,0.5404801368713379,False
camelbert,T3,T3-f-0429,f,0.08762216567993164,1.6271681785583496,-0.1370244026184082,True
camelbert,T3,T3-f-0430,f,1.8385348320007324,2.9696121215820312,1.6091923713684082,True
camelbert,T3,T3-f-0431,f,-1.5097789764404297,-0.026070594787597656,-1.2124981880187988,False
camelbert,T3,T3-f-0432,f,1.3725982904434204,2.1754276752471924,1.417037844657898,True
camelbert,T3,T3-f-0433,f,1.5539222955703735,2.8346407413482666,2.45950984954834,True
camelbert,T3,T3-f-0434,f,-3.713919162750244,-2.541698694229126,-2.6683990955352783,False
camelbert,T3,T3-f-0435,f,-2.267948627471924,-2.0474727153778076,-2.492567539215088,False
camelbert,T3,T3-f-0436,f,-1.0811374187469482,-1.226538896560669,-1.5906442403793335,False
camelbert,T3,T3-f-0437,f,-4.20267391204834,-2.9612603187561035,-3.909910202026367,False
camelbert,T3,T3-f-0438,f,-0.406191349029541,2.1006698608398438,0.06018638610839844,False
camelbert,T3,T3-f-0439,f,2.457106351852417,1.9180243015289307,1.7312235832214355,True
camelbert,T3,T3-f-0440,f,-1.2303822040557861,-0.8700888156890869,-1.187792181968689,False
camelbert,T3,T3-f-0441,f,0.9150927066802979,3.2270588874816895,0.9820804595947266,True
camelbert,T3,T3-f-0442,f,2.822265148162842,4.124585151672363,2.6473498344421387,True
camelbert,T3,T3-f-0443,f,0.8794035911560059,1.3742971420288086,0.9434652328491211,True
camelbert,T3,T3-f-0444,f,-3.1531567573547363,-0.3539893627166748,-1.193457841873169,False
camelbert,T3,T3-f-0445,f,0.8652526140213013,1.9021885395050049,0.9462913274765015,True
camelbert,T3,T3-f-0446,f,-1.828373908996582,0.46874570846557617,-2.622079849243164,False
camelbert,T3,T3-f-0447,f,0.6880111694335938,2.4411444664001465,1.064986228942871,True
camelbert,T3,T3-f-0448,f,1.3477530479431152,1.4256882667541504,1.5383124351501465,True
camelbert,T3,T3-f-0449,f,1.0288622379302979,2.5895893573760986,2.551909923553467,True
camelbert,T3,T3-f-0450,f,-3.3557679653167725,-3.1367578506469727,-3.152547597885132,False
camelbert,T3,T3-f-0451,f,-1.2061200141906738,2.8303518295288086,-1.554497241973877,False
camelbert,T3,T3-f-0452,f,-2.0331435203552246,-0.7903003692626953,-2.147111415863037,False
camelbert,T3,T3-f-0453,f,-0.6014673709869385,1.6662940979003906,-0.6182262897491455,False
camelbert,T3,T3-f-0454,f,-3.3092057704925537,-1.7518482208251953,-1.111493706703186,False
camelbert,T3,T3-f-0455,f,4.654054641723633,5.182002544403076,4.291869640350342,True
camelbert,T3,T3-f-0456,f,0.9044373035430908,2.455691337585449,2.4325649738311768,True
camelbert,T3,T3-f-0457,f,-2.7673301696777344,-2.2719550132751465,-2.711439371109009,False
camelbert,T3,T3-f-0458,f,1.0517148971557617,0.8511881828308105,1.5648140907287598,True
camelbert,T3,T3-f-0459,f,-0.5499845743179321,-0.2012026309967041,0.36526060104370117,False
camelbert,T3,T3-f-0460,f,-0.4755415916442871,-0.21319580078125,0.19722270965576172,False
camelbert,T3,T3-f-0461,f,2.638362407684326,2.604503631591797,2.889895439147949,True
camelbert,T3,T3-f-0462,f,3.4198198318481445,4.086045265197754,3.155855894088745,True
camelbert,T3,T3-f-0463,f,-2.406405210494995,-0.3795802593231201,-0.08632588386535645,False
camelbert,T3,T3-f-0464,f,1.7165004014968872,2.3571717739105225,1.6118147373199463,True
camelbert,T3,T3-f-0465,f,2.588359832763672,3.245615005493164,2.11958646774292,True
camelbert,T3,T3-f-0466,f,-3.018162965774536,-2.4808366298675537,-2.7635631561279297,False
camelbert,T3,T3-f-0467,f,0.15158414840698242,1.5746760368347168,-1.2429380416870117,True
camelbert,T3,T3-f-0468,f,-5.956490993499756,-4.477823734283447,-6.096956253051758,False
camelbert,T3,T3-f-0469,f,1.6625652313232422,2.195840358734131,1.873423457145691,True
camelbert,T3,T3-f-0470,f,-1.9163734912872314,-1.2446961402893066,-1.9702324867248535,False
camelbert,T3,T3-f-0471,f,-0.4278155565261841,0.4261355400085449,0.8302950859069824,False
camelbert,T3,T3-f-0472,f,-0.9841289520263672,2.687427520751953,-0.6953766345977783,False
camelbert,T3,T3-f-0473,f,-2.9886484146118164,-0.22866106033325195,0.08580589294433594,False
camelbert,T3,T3-f-0474,f,4.159128189086914,3.813899517059326,3.8114075660705566,True
camelbert,T3,T3-f-0475,f,-1.4941165447235107,0.9071900844573975,0.28251075744628906,False
camelbert,T3,T3-f-0476,f,3.0127086639404297,3.1221442222595215,3.079228162765503,True
camelbert,T3,T3-f-0477,f,-0.8553745150566101,0.35540807247161865,-0.8779922723770142,False
camelbert,T3,T3-f-0478,f,0.7162370681762695,1.4145936965942383,0.6184389591217041,True
camelbert,T3,T3-f-0479,f,-0.2399882674217224,0.4165792465209961,-0.02136826515197754,False
camelbert,T3,T3-f-0480,f,-1.3956366777420044,-0.7499794960021973,-1.811769723892212,False
camelbert,T3,T3-f-0481,f,-4.5135955810546875,-2.9250802993774414,-3.700453996658325,False
camelbert,T3,T3-f-0482,f,-2.4029104709625244,-0.05096936225891113,-2.138115167617798,False
camelbert,T3,T3-f-0483,f,-1.792135238647461,-0.16864967346191406,-1.7213406562805176,False
camelbert,T3,T3-f-0484,f,-1.8550766706466675,-1.7276403903961182,-2.12017560005188,False
camelbert,T3,T3-f-0485,f,0.45507097244262695,0.2052149772644043,0.30257558822631836,True
camelbert,T3,T3-f-0486,f,-1.0348553657531738,-0.5843396186828613,-1.5491981506347656,False
camelbert,T3,T3-f-0487,f,-1.5915393829345703,0.1359119415283203,-1.6848208904266357,False
camelbert,T3,T3-f-0488,f,-2.6256439685821533,-0.8531625270843506,-2.5962026119232178,False
camelbert,T3,T3-f-0489,f,-1.911027193069458,0.6726515293121338,-2.039365291595459,False
camelbert,T3,T3-f-0490,f,-3.8569846153259277,-1.5711966753005981,-0.5315570831298828,False
camelbert,T3,T3-f-0491,f,3.3313791751861572,3.968813896179199,3.8552539348602295,True
camelbert,T3,T3-f-0492,f,-1.5310401916503906,-0.8951869010925293,-1.761648178100586,False
camelbert,T3,T3-f-0493,f,-0.39513468742370605,1.720048189163208,-0.8964601755142212,False
camelbert,T3,T3-f-0494,f,-0.22127103805541992,0.48740386962890625,-0.6527976989746094,False
camelbert,T3,T3-f-0495,f,0.43123674392700195,1.8032512664794922,1.4914274215698242,True
camelbert,T3,T3-f-0496,f,-4.759647369384766,-2.2429966926574707,-3.533168315887451,False
camelbert,T3,T3-f-0497,f,-2.3226561546325684,-0.47073864936828613,-1.689087152481079,False
camelbert,T3,T3-f-0498,f,-1.8111655712127686,0.46553611755371094,-1.6255877017974854,False
camelbert,T3,T3-f-0499,f,-2.57241153717041,2.5569233894348145,-1.509333610534668,False
camelbert,T3,T3-f-0500,f,-5.028678894042969,-4.482643127441406,-4.63773775100708,False
camelbert,T3,T3-f-0501,f,-1.8486701250076294,-0.8754799365997314,-1.9865212440490723,False
camelbert,T3,T3-f-0502,f,-2.3107552528381348,0.35443782806396484,-1.7083044052124023,False
camelbert,T3,T3-f-0503,f,-3.1921701431274414,-4.588579177856445,-3.737008810043335,False
camelbert,T3,T3-f-0504,f,-2.363257884979248,0.7206454277038574,-2.4650440216064453,False
camelbert,T3,T3-f-0505,f,1.200730800628662,2.8852453231811523,0.23036909103393555,True
camelbert,T3,T3-f-0506,f,0.29058122634887695,3.5144200325012207,1.1387271881103516,True
camelbert,T3,T3-f-0507,f,-0.372406005859375,0.42337799072265625,0.2275862693786621,False
camelbert,T3,T3-f-0508,f,-1.8858000040054321,-1.4567699432373047,-2.105485439300537,False
camelbert,T3,T3-f-0509,f,-4.507682800292969,-1.7405741214752197,-2.4477686882019043,False
camelbert,T3,T3-f-0510,f,-2.6321542263031006,-2.196075201034546,-2.7540388107299805,False
camelbert,T3,T3-f-0511,f,-3.296996593475342,-3.4198737144470215,-3.17100191116333,False
camelbert,T3,T3-f-0512,f,0.6554467678070068,1.818519115447998,0.5390372276306152,True
camelbert,T3,T3-f-0513,f,-0.9738237857818604,-1.632486343383789,-0.7761714458465576,False
camelbert,T3,T3-f-0514,f,0.38448429107666016,3.280392646789551,-0.42899560928344727,True
camelbert,T3,T3-f-0515,f,-1.2631282806396484,-1.5761032104492188,-0.977238655090332,False
camelbert,T3,T3-f-0516,f,0.758781909942627,0.6072802543640137,1.4973669052124023,True
camelbert,T3,T3-f-0517,f,-3.081463098526001,-1.584991455078125,-2.6715128421783447,False
camelbert,T3,T3-f-0518,f,0.10217738151550293,0.9996073246002197,0.012323856353759766,True
camelbert,T3,T3-f-0519,f,1.2043876647949219,0.07107186317443848,0.9655365943908691,True
camelbert,T3,T3-f-0520,f,1.2524523735046387,2.3257532119750977,1.5844855308532715,True
camelbert,T3,T3-f-0521,f,-0.23219895362854004,-0.9334845542907715,-0.5867843627929688,False
camelbert,T3,T3-f-0522,f,1.2424101829528809,3.2572484016418457,1.2263107299804688,True
camelbert,T3,T3-f-0523,f,0.4945187568664551,0.5916652679443359,0.3726555109024048,True
camelbert,T3,T3-f-0524,f,-2.1543309688568115,-1.1602336168289185,-1.8746633529663086,False
camelbert,T3,T3-f-0525,f,-0.07073354721069336,-0.2800273895263672,0.18812131881713867,False
camelbert,T3,T3-f-0526,f,-1.9930713176727295,1.7437191009521484,-1.8143386840820312,False
camelbert,T3,T3-f-0527,f,-1.5505375862121582,-1.6226797103881836,-1.6042776107788086,False
camelbert,T3,T3-f-0528,f,0.7871460914611816,2.445793628692627,0.5462238788604736,True
camelbert,T3,T3-f-0529,f,-0.2864375114440918,2.8683996200561523,2.079263210296631,False
camelbert,T3,T3-f-0530,f,-1.482286810874939,-0.06129586696624756,-1.5635887384414673,False
camelbert,T3,T3-f-0531,f,-0.9398403167724609,0.15622591972351074,0.29208993911743164,False
camelbert,T3,T3-f-0532,f,-3.478698492050171,-0.9348487854003906,-2.9054388999938965,False
camelbert,T3,T3-f-0533,f,2.0013766288757324,3.249936819076538,2.4974451065063477,True
camelbert,T3,T3-f-0534,f,-1.5760550498962402,-1.5881462097167969,-1.571228265762329,False
camelbert,T3,T3-f-0535,f,-0.13564515113830566,1.6508448123931885,0.27550506591796875,False
camelbert,T3,T3-f-0536,f,-3.3458456993103027,0.2753901481628418,-0.17617321014404297,False
camelbert,T3,T3-f-0537,f,-2.0895447731018066,-1.0467796325683594,-2.252481698989868,False
camelbert,T3,T3-f-0538,f,-2.740915298461914,-2.171358823776245,-2.677208662033081,False
camelbert,T3,T3-f-0539,f,-1.0492219924926758,1.55104398727417,2.512227773666382,False
camelbert,T3,T3-f-0540,f,0.8367142677307129,0.664823055267334,1.1483988761901855,True
camelbert,T3,T3-f-0541,f,-1.4671287536621094,-0.3239743709564209,-1.4610828161239624,False
camelbert,T3,T3-f-0542,f,-1.2012290954589844,0.30452775955200195,-0.5459599494934082,False
camelbert,T3,T3-f-0543,f,-2.321603298187256,-1.153116226196289,-2.140472888946533,False
camelbert,T3,T3-f-0544,f,0.8808457851409912,2.362194299697876,0.8393552303314209,True
camelbert,T3,T3-f-0545,f,0.9178102016448975,2.1118826866149902,0.6434669494628906,True
camelbert,T3,T3-f-0546,f,-2.7947940826416016,-3.211820125579834,-2.2691311836242676,False
camelbert,T3,T3-f-0547,f,-3.2682766914367676,-1.6546621322631836,-3.674067497253418,False
camelbert,T3,T3-f-0548,f,-2.5976085662841797,-2.731966972351074,-3.9226255416870117,False
camelbert,T3,T3-f-0549,f,3.6483688354492188,3.4334659576416016,3.354736328125,True
camelbert,T3,T3-f-0550,f,-4.096538066864014,-4.270829677581787,-4.551598072052002,False
camelbert,T3,T3-f-0551,f,1.6119775772094727,3.272033214569092,1.6130008697509766,True
camelbert,T3,T3-f-0552,f,2.335216999053955,3.1287879943847656,1.3741273880004883,True
camelbert,T3,T3-f-0553,f,-2.070517063140869,-1.933474063873291,-2.1174960136413574,False
camelbert,T3,T3-f-0554,f,-0.3427917957305908,0.8116745948791504,-2.3640730381011963,False
camelbert,T3,T3-f-0555,f,-1.9931089878082275,-1.6714627742767334,-2.8660430908203125,False
camelbert,T3,T3-f-0556,f,-1.5736969709396362,-0.2888981103897095,-0.8586235046386719,False
camelbert,T3,T3-f-0557,f,0.5580382347106934,1.7355213165283203,2.594785690307617,True
camelbert,T3,T3-f-0558,f,-0.18855905532836914,1.6581616401672363,1.8277568817138672,False
camelbert,T3,T3-f-0559,f,1.2867894172668457,1.455848217010498,1.518951416015625,True
camelbert,T3,T3-f-0560,f,-1.70737886428833,-0.7169466018676758,-0.2491469383239746,False
camelbert,T3,T3-f-0561,f,-3.268263339996338,-1.894266128540039,-2.9081039428710938,False
camelbert,T3,T3-f-0562,f,1.6665167808532715,1.095038890838623,1.4513797760009766,True
camelbert,T3,T3-f-0563,f,-3.2462728023529053,-0.01843118667602539,-2.671799421310425,False
camelbert,T3,T3-f-0564,f,-3.6249661445617676,-2.5384373664855957,-3.387664794921875,False
camelbert,T3,T3-f-0565,f,-3.2623801231384277,0.2299671173095703,0.16196060180664062,False
camelbert,T3,T3-f-0566,f,-2.18389630317688,-1.2879457473754883,-2.0141501426696777,False
camelbert,T3,T3-f-0567,f,-0.5433282852172852,-1.424065113067627,-0.47690093517303467,False
camelbert,T3,T3-f-0568,f,-4.606058120727539,-0.8705251216888428,-2.3075942993164062,False
camelbert,T3,T3-f-0569,f,-0.7408092021942139,0.3318912982940674,-1.0326870679855347,False
camelbert,T3,T3-f-0570,f,-0.9988465309143066,0.44666242599487305,-0.759324312210083,False
camelbert,T3,T3-f-0571,f,-0.040836334228515625,1.9994206428527832,2.1064696311950684,False
camelbert,T3,T3-f-0572,f,-0.2373800277709961,1.6702983379364014,0.2668876647949219,False
camelbert,T3,T3-f-0573,f,-0.31000399589538574,0.017109155654907227,-0.932176411151886,False
camelbert,T3,T3-f-0574,f,-1.5278129577636719,-0.8935508728027344,-1.4787988662719727,False
camelbert,T3,T3-f-0575,f,-1.3163506984710693,1.2304282188415527,-0.6684684753417969,False
camelbert,T3,T3-f-0576,f,1.5054552555084229,3.1243185997009277,1.3489768505096436,True
camelbert,T3,T3-f-0577,f,-3.7614803314208984,-0.6875498294830322,-2.95877742767334,False
camelbert,T3,T3-f-0578,f,-1.2139403820037842,0.9908671379089355,-0.9302620887756348,False
camelbert,T3,T3-f-0579,f,4.086642265319824,3.833958148956299,3.949615716934204,True
camelbert,T3,T3-f-0580,f,0.5991812944412231,1.8707330226898193,2.0681896209716797,True
camelbert,T3,T3-f-0581,f,-4.199899196624756,-3.594357967376709,-4.341736316680908,False
camelbert,T3,T3-f-0582,f,-1.2867408990859985,-0.09592819213867188,-0.9581694602966309,False
camelbert,T3,T3-f-0583,f,1.2163031101226807,1.7414405345916748,1.615750789642334,True
camelbert,T3,T3-f-0584,f,1.8700435161590576,2.838059186935425,1.729851484298706,True
camelbert,T3,T3-f-0585,f,-3.497689723968506,-0.9138616323471069,-2.8355774879455566,False
camelbert,T3,T3-f-0586,f,3.3494186401367188,4.749019622802734,2.8037495613098145,True
camelbert,T3,T3-f-0587,f,-1.1315512657165527,1.276404857635498,-2.0676310062408447,False
camelbert,T3,T3-f-0588,f,-1.131913661956787,0.9643077850341797,0.9377942085266113,False
camelbert,T3,T3-f-0589,f,-0.9395225048065186,-0.35282182693481445,0.7332346439361572,False
camelbert,T3,T3-f-0590,f,0.22264063358306885,1.0634503364562988,0.40575432777404785,True
camelbert,T3,T3-f-0591,f,0.3020792007446289,1.0931222438812256,1.6818917989730835,True
camelbert,T3,T3-f-0592,f,2.6657874584198,1.9179558753967285,1.5140161514282227,True
camelbert,T3,T3-f-0593,f,-2.0353527069091797,0.06613349914550781,-1.8951544761657715,False
camelbert,T3,T3-f-0594,f,-1.2312074899673462,0.1569225788116455,-1.542439579963684,False
camelbert,T3,T3-f-0595,f,-1.6987574100494385,1.1143321990966797,-0.07782673835754395,False
camelbert,T3,T3-f-0596,f,-2.535381317138672,-1.138242244720459,-2.558825969696045,False
camelbert,T3,T3-f-0597,f,-0.5162177085876465,1.9510440826416016,-0.6627869606018066,False
camelbert,T3,T3-f-0598,f,-4.034846305847168,-3.294454336166382,-3.5119941234588623,False
camelbert,T3,T3-f-0599,f,-3.262009620666504,-4.158481597900391,-4.126653671264648,False
camelbert,T6,T6-m-0000,m,0.8791062831878662,1.9308054447174072,0.8210148811340332,True
camelbert,T6,T6-m-0001,m,0.24338293075561523,0.3233017921447754,-0.19025850296020508,True
camelbert,T6,T6-m-0002,m,3.1231119632720947,3.292318344116211,2.0535764694213867,True
camelbert,T6,T6-m-0003,m,2.418170928955078,2.031926155090332,1.93174409866333,True
camelbert,T6,T6-m-0004,m,-0.8043384552001953,1.1487531661987305,0.02773571014404297,False
camelbert,T6,T6-m-0005,m,3.5017285346984863,4.551357269287109,3.451174020767212,True
camelbert,T6,T6-m-0006,m,2.719484567642212,3.989755392074585,2.423990249633789,True
camelbert,T6,T6-m-0007,m,0.75469970703125,1.8740339279174805,1.7321114540100098,True
camelbert,T6,T6-m-0008,m,0.4499363899230957,1.5140347480773926,0.020718097686767578,True
camelbert,T6,T6-m-0009,m,0.8374118804931641,2.207146644592285,0.5399494171142578,True
camelbert,T6,T6-m-0010,m,0.30229997634887695,1.9717707633972168,0.5465054512023926,True
camelbert,T6,T6-m-0011,m,0.9608144760131836,2.396036148071289,1.3065643310546875,True
camelbert,T6,T6-m-0012,m,0.8257288932800293,2.6447572708129883,1.0761728286743164,True
camelbert,T6,T6-m-0013,m,-0.8726693391799927,2.440725326538086,0.5570886135101318,False
camelbert,T6,T6-m-0014,m,1.5184965133666992,4.090673923492432,1.4290146827697754,True
camelbert,T6,T6-m-0015,m,1.8738384246826172,1.619135856628418,1.8343238830566406,True
camelbert,T6,T6-m-0016,m,1.2724025249481201,2.560300588607788,-0.05076324939727783,True
camelbert,T6,T6-m-0017,m,-0.5962908267974854,0.08240127563476562,-1.0259068012237549,False
camelbert,T6,T6-m-0018,m,0.6933636665344238,0.491422176361084,0.24616527557373047,True
camelbert,T6,T6-m-0019,m,5.522974014282227,5.304934501647949,4.05380916595459,True
camelbert,T6,T6-m-0020,m,-1.8187599182128906,-0.8944885730743408,-1.9415364265441895,False
camelbert,T6,T6-m-0021,m,-0.5009374618530273,0.8717036247253418,-0.5892457962036133,False
camelbert,T6,T6-m-0022,m,0.7829055786132812,2.5597987174987793,0.25667428970336914,True
camelbert,T6,T6-m-0023,m,-0.1804194450378418,1.3474960327148438,-0.3440885543823242,False
camelbert,T6,T6-m-0024,m,1.6801843643188477,2.315399646759033,0.9902439117431641,True
camelbert,T6,T6-m-0025,m,-0.971808910369873,0.6913485527038574,-0.8522648811340332,False
camelbert,T6,T6-m-0026,m,2.4615092277526855,3.377312183380127,2.507615089416504,True
camelbert,T6,T6-m-0027,m,1.6822209358215332,2.6914517879486084,0.7349071502685547,True
camelbert,T6,T6-m-0028,m,1.2624449729919434,1.276587963104248,1.5230767726898193,True
camelbert,T6,T6-m-0029,m,1.4211483001708984,2.8669862747192383,0.5039005279541016,True
camelbert,T6,T6-m-0030,m,-0.5678777694702148,-0.959841251373291,-2.2732956409454346,False
camelbert,T6,T6-m-0031,m,0.8264255523681641,2.2592692375183105,0.770637035369873,True
camelbert,T6,T6-m-0032,m,0.2926642894744873,2.7283730506896973,-0.356264591217041,True
camelbert,T6,T6-m-0033,m,-0.5129833221435547,0.6730413436889648,-0.534062385559082,False
camelbert,T6,T6-m-0034,m,1.8739781379699707,2.9556384086608887,2.8355953693389893,True
camelbert,T6,T6-m-0035,m,3.534879684448242,5.13886022567749,3.7705488204956055,True
camelbert,T6,T6-m-0036,m,2.96378231048584,2.9822139739990234,1.6309616565704346,True
camelbert,T6,T6-m-0037,m,-0.29810285568237305,2.2901930809020996,-0.39922666549682617,False
camelbert,T6,T6-m-0038,m,-0.5751261711120605,1.9414196014404297,-0.00047588348388671875,False
camelbert,T6,T6-m-0039,m,1.444878101348877,1.8702969551086426,1.7194843292236328,True
camelbert,T6,T6-m-0040,m,2.780134677886963,5.0484418869018555,2.641819953918457,True
camelbert,T6,T6-m-0041,m,-0.6976489424705505,1.1521600484848022,-1.200729489326477,False
camelbert,T6,T6-m-0042,m,4.320071220397949,4.596370697021484,5.141887664794922,True
camelbert,T6,T6-m-0043,m,0.4622764587402344,1.427581787109375,0.2096400260925293,True
camelbert,T6,T6-m-0044,m,1.656672477722168,3.0626025199890137,2.827815055847168,True
camelbert,T6,T6-m-0045,m,0.048450469970703125,1.7979545593261719,-0.6397066116333008,True
camelbert,T6,T6-m-0046,m,4.6071672439575195,4.373969078063965,3.7273640632629395,True
camelbert,T6,T6-m-0047,m,-1.4003345966339111,2.116654396057129,0.15906882286071777,False
camelbert,T6,T6-m-0048,m,0.7309463024139404,2.164102554321289,0.39836788177490234,True
camelbert,T6,T6-m-0049,m,1.7953739166259766,3.224907875061035,2.9575085639953613,True
camelbert,T6,T6-m-0050,m,1.2874822616577148,2.267855644226074,1.0533943176269531,True
camelbert,T6,T6-m-0051,m,0.2172691822052002,1.0193016529083252,0.3747701644897461,True
camelbert,T6,T6-m-0052,m,-1.6475023031234741,-0.25208550691604614,-1.2586883306503296,False
camelbert,T6,T6-m-0053,m,-0.03693366050720215,0.5924811363220215,0.3624662160873413,False
camelbert,T6,T6-m-0054,m,0.6488416194915771,0.7912249565124512,0.33809423446655273,True
camelbert,T6,T6-m-0055,m,1.311352252960205,2.5351266860961914,1.3423771858215332,True
camelbert,T6,T6-m-0056,m,4.467654228210449,2.224724769592285,2.733064651489258,True
camelbert,T6,T6-m-0057,m,1.0321121215820312,2.6913185119628906,0.7192938327789307,True
camelbert,T6,T6-m-0058,m,3.3675639629364014,3.518688917160034,6.090157985687256,True
camelbert,T6,T6-m-0059,m,1.7111849784851074,1.8973159790039062,2.0812788009643555,True
camelbert,T6,T6-m-0060,m,0.28778696060180664,0.7860965728759766,0.2396378517150879,True
camelbert,T6,T6-m-0061,m,1.6959710121154785,1.7834851741790771,2.394054412841797,True
camelbert,T6,T6-m-0062,m,0.17940998077392578,1.103593349456787,0.2822999954223633,True
camelbert,T6,T6-m-0063,m,2.2034354209899902,1.9194436073303223,2.1357955932617188,True
camelbert,T6,T6-m-0064,m,-0.10702991485595703,-0.0700063705444336,-0.7952122688293457,False
camelbert,T6,T6-m-0065,m,3.688662528991699,6.27540397644043,5.1288862228393555,True
camelbert,T6,T6-m-0066,m,-0.15535974502563477,2.327523708343506,-0.5563769340515137,False
camelbert,T6,T6-m-0067,m,1.5735878944396973,5.021223545074463,1.8945164680480957,True
camelbert,T6,T6-m-0068,m,3.628282308578491,4.667324066162109,3.58971905708313,True
camelbert,T6,T6-m-0069,m,-0.5782427787780762,0.8841555118560791,-0.4027285575866699,False
camelbert,T6,T6-m-0070,m,0.30420398712158203,1.9694032669067383,0.10340118408203125,True
camelbert,T6,T6-m-0071,m,1.1578173637390137,3.4052891731262207,1.0602340698242188,True
camelbert,T6,T6-m-0072,m,2.437379837036133,3.0828652381896973,2.2269201278686523,True
camelbert,T6,T6-m-0073,m,0.9633708000183105,0.9292745590209961,1.5592961311340332,True
camelbert,T6,T6-m-0074,m,-0.4278566837310791,0.20587706565856934,-0.5191352367401123,False
camelbert,T6,T6-m-0075,m,-0.420921266078949,1.5882419347763062,2.4592463970184326,False
camelbert,T6,T6-m-0076,m,2.248762607574463,3.2712502479553223,1.258636474609375,True
camelbert,T6,T6-m-0077,m,1.1075396537780762,2.258535861968994,1.0708074569702148,True
camelbert,T6,T6-m-0078,m,-0.6939873695373535,-1.3040649890899658,-0.663977861404419,False
camelbert,T6,T6-m-0079,m,0.45661401748657227,1.553133487701416,0.9953904151916504,True
camelbert,T6,T6-m-0080,m,0.6913108825683594,5.232021808624268,0.560521125793457,True
camelbert,T6,T6-m-0081,m,3.5849263668060303,3.3441340923309326,3.216440200805664,True
camelbert,T6,T6-m-0082,m,1.1276555061340332,1.7940256595611572,-0.4528017044067383,True
camelbert,T6,T6-m-0083,m,1.7986640930175781,3.522493839263916,1.6341571807861328,True
camelbert,T6,T6-m-0084,m,0.7808938026428223,2.803349494934082,0.9748225212097168,True
camelbert,T6,T6-m-0085,m,-0.5158495903015137,1.6404829025268555,-0.3294367790222168,False
camelbert,T6,T6-m-0086,m,1.4156029224395752,1.3661479949951172,0.18211102485656738,True
camelbert,T6,T6-m-0087,m,3.11834454536438,4.186707019805908,3.398773670196533,True
camelbert,T6,T6-m-0088,m,1.7019743919372559,1.7004632949829102,0.4910874366760254,True
camelbert,T6,T6-m-0089,m,1.877779483795166,1.377209186553955,1.426340103149414,True
camelbert,T6,T6-m-0090,m,-1.840019941329956,-0.43836724758148193,-1.7852745056152344,False
camelbert,T6,T6-m-0091,m,2.8237085342407227,0.6328792572021484,0.6184520721435547,True
camelbert,T6,T6-m-0092,m,-0.6028990745544434,0.7961859703063965,-0.6378068923950195,False
camelbert,T6,T6-m-0093,m,1.2498559951782227,0.7073702812194824,0.30922365188598633,True
camelbert,T6,T6-m-0094,m,0.18935823440551758,0.7369627952575684,0.27208995819091797,True
camelbert,T6,T6-m-0095,m,3.250769853591919,2.265927791595459,3.43666934967041,True
camelbert,T6,T6-m-0096,m,0.787737250328064,2.842613935470581,0.025181174278259277,True
camelbert,T6,T6-m-0097,m,0.768836498260498,2.3433804512023926,1.2358455657958984,True
camelbert,T6,T6-m-0098,m,3.3036489486694336,4.045546531677246,2.6756181716918945,True
camelbert,T6,T6-m-0099,m,-1.2536835670471191,-0.44051694869995117,-0.915120005607605,False
camelbert,T6,T6-m-0100,m,1.8752681016921997,1.762970209121704,2.2283341884613037,True
camelbert,T6,T6-m-0101,m,0.06348371505737305,1.6415996551513672,-0.0466465950012207,True
camelbert,T6,T6-m-0102,m,2.2630867958068848,3.039323329925537,2.3863353729248047,True
camelbert,T6,T6-m-0103,m,0.673375129699707,2.4620375633239746,0.5531878471374512,True
camelbert,T6,T6-m-0104,m,-2.646583318710327,1.606212854385376,-2.5010290145874023,False
camelbert,T6,T6-m-0105,m,0.6064877510070801,1.4511265754699707,0.2768230438232422,True
camelbert,T6,T6-m-0106,m,0.7824645042419434,0.4421653747558594,0.20701885223388672,True
camelbert,T6,T6-m-0107,m,1.0676140785217285,1.922739028930664,0.5391340255737305,True
camelbert,T6,T6-m-0108,m,-3.1734204292297363,0.4939727783203125,-2.024629592895508,False
camelbert,T6,T6-m-0109,m,2.241917133331299,3.148845672607422,2.1512842178344727,True
camelbert,T6,T6-m-0110,m,1.791736125946045,2.0417726039886475,1.8262519836425781,True
camelbert,T6,T6-m-0111,m,1.2408757209777832,0.9906964302062988,0.6664276123046875,True
camelbert,T6,T6-m-0112,m,4.153756141662598,4.601667404174805,3.73852276802063,True
camelbert,T6,T6-m-0113,m,-0.1379413604736328,2.6085638999938965,-0.5180044174194336,False
camelbert,T6,T6-m-0114,m,0.3067135810852051,0.6964890956878662,0.26074862480163574,True
camelbert,T6,T6-m-0115,m,1.384331226348877,3.105238437652588,1.177988052368164,True
camelbert,T6,T6-m-0116,m,3.7041194438934326,4.511815071105957,2.196995735168457,True
camelbert,T6,T6-m-0117,m,-1.3449058532714844,-1.1981379985809326,-1.7086567878723145,False
camelbert,T6,T6-m-0118,m,1.6112208366394043,3.475829601287842,1.7644758224487305,True
camelbert,T6,T6-m-0119,m,0.37240004539489746,2.1361899375915527,0.18622112274169922,True
camelbert,T6,T6-m-0120,m,0.9930343627929688,1.418067455291748,0.7295608520507812,True
camelbert,T6,T6-m-0121,m,0.84326171875,3.4420244693756104,0.2878342866897583,True
camelbert,T6,T6-m-0122,m,0.41992998123168945,1.7662954330444336,0.4588475227355957,True
camelbert,T6,T6-m-0123,m,2.3254237174987793,4.404218673706055,3.0271737575531006,True
camelbert,T6,T6-m-0124,m,6.870440483093262,7.553162097930908,6.170632839202881,True
camelbert,T6,T6-m-0125,m,2.8868165016174316,4.079782485961914,2.7130374908447266,True
camelbert,T6,T6-m-0126,m,1.0393422842025757,2.2853894233703613,0.6630725860595703,True
camelbert,T6,T6-m-0127,m,0.45157623291015625,1.6029704809188843,0.43053174018859863,True
camelbert,T6,T6-m-0128,m,0.4452815055847168,0.6638250350952148,1.45097017288208,True
camelbert,T6,T6-m-0129,m,-0.056195735931396484,3.503541946411133,-0.5229692459106445,False
camelbert,T6,T6-m-0130,m,0.3089466094970703,1.3762249946594238,0.2620248794555664,True
camelbert,T6,T6-m-0131,m,-0.11284780502319336,0.954348087310791,-0.1266927719116211,False
camelbert,T6,T6-m-0132,m,1.3787293434143066,1.1328392028808594,0.7500293254852295,True
camelbert,T6,T6-m-0133,m,5.081840515136719,5.854133605957031,4.563873767852783,True
camelbert,T6,T6-m-0134,m,0.07715034484863281,1.4414639472961426,0.1056833267211914,True
camelbert,T6,T6-m-0135,m,1.7387498617172241,2.338521718978882,1.88019597530365,True
camelbert,T6,T6-m-0136,m,-0.8848307132720947,-0.9042996764183044,-0.6391183137893677,False
camelbert,T6,T6-m-0137,m,0.24628114700317383,3.5710325241088867,1.6424493789672852,True
camelbert,T6,T6-m-0138,m,0.4527549743652344,1.7543277740478516,0.03196573257446289,True
camelbert,T6,T6-m-0139,m,2.372354507446289,3.221632480621338,2.7526588439941406,True
camelbert,T6,T6-m-0140,m,0.11326122283935547,2.081472635269165,1.2181016206741333,True
camelbert,T6,T6-m-0141,m,2.5496606826782227,4.011573791503906,2.3213977813720703,True
camelbert,T6,T6-m-0142,m,1.6297264099121094,1.7543649673461914,1.287665843963623,True
camelbert,T6,T6-m-0143,m,2.5408382415771484,3.9856221675872803,2.9491653442382812,True
camelbert,T6,T6-m-0144,m,-2.6925718784332275,-2.7637383937835693,-3.0486550331115723,False
camelbert,T6,T6-m-0145,m,0.417510986328125,2.1051487922668457,0.0018620491027832031,True
camelbert,T6,T6-m-0146,m,-0.07984733581542969,2.197890281677246,0.0945596694946289,False
camelbert,T6,T6-m-0147,m,1.216278076171875,1.7791290283203125,1.5621685981750488,True
camelbert,T6,T6-m-0148,m,1.9035930633544922,2.2160000801086426,1.1736149787902832,True
camelbert,T6,T6-m-0149,m,0.3322601318359375,1.1208724975585938,0.39037656784057617,True
camelbert,T6,T6-m-0150,m,4.414970874786377,3.4188735485076904,4.795639514923096,True
camelbert,T6,T6-m-0151,m,-0.17847824096679688,1.582688808441162,-0.47711753845214844,False
camelbert,T6,T6-m-0152,m,0.02441883087158203,1.0496573448181152,0.4993157386779785,True
camelbert,T6,T6-m-0153,m,1.1155638694763184,2.238895893096924,0.5772619247436523,True
camelbert,T6,T6-m-0154,m,1.010634183883667,1.9364378452301025,0.7776563167572021,True
camelbert,T6,T6-m-0155,m,1.2947139739990234,2.571380615234375,1.9343018531799316,True
camelbert,T6,T6-m-0156,m,3.458277702331543,4.340044975280762,3.9049253463745117,True
camelbert,T6,T6-m-0157,m,1.1455788612365723,3.0503323078155518,1.5602059364318848,True
camelbert,T6,T6-m-0158,m,2.617159366607666,3.352992534637451,1.4117963314056396,True
camelbert,T6,T6-m-0159,m,0.3345661163330078,1.076737880706787,-0.1974186897277832,True
camelbert,T6,T6-m-0160,m,4.128322601318359,5.066468238830566,4.03648042678833,True
camelbert,T6,T6-m-0161,m,0.179443359375,1.5293755531311035,0.25514793395996094,True
camelbert,T6,T6-m-0162,m,1.0000724792480469,0.9339056015014648,1.02154541015625,True
camelbert,T6,T6-m-0163,m,-2.6783053874969482,-0.662873387336731,-2.6278414726257324,False
camelbert,T6,T6-m-0164,m,2.4807798862457275,4.488807678222656,2.5349278450012207,True
camelbert,T6,T6-m-0165,m,3.2610340118408203,4.133907318115234,3.47519850730896,True
camelbert,T6,T6-m-0166,m,-0.38811445236206055,1.6313424110412598,-0.14559698104858398,False
camelbert,T6,T6-m-0167,m,-1.7731664180755615,-1.5904912948608398,-0.8073573112487793,False
camelbert,T6,T6-m-0168,m,1.0206818580627441,2.111072540283203,0.34666872024536133,True
camelbert,T6,T6-m-0169,m,-0.2696404457092285,1.9154777526855469,-0.13742303848266602,False
camelbert,T6,T6-m-0170,m,0.23253774642944336,1.1210122108459473,-0.08481144905090332,True
camelbert,T6,T6-m-0171,m,0.4484124183654785,2.0375518798828125,1.0412254333496094,True
camelbert,T6,T6-m-0172,m,0.5730495452880859,1.534198522567749,0.6687912940979004,True
camelbert,T6,T6-m-0173,m,2.3130500316619873,4.4192585945129395,4.096566200256348,True
camelbert,T6,T6-m-0174,m,-0.5552957057952881,0.4688405990600586,-1.2928235530853271,False
camelbert,T6,T6-m-0175,m,0.07143688201904297,1.3343350887298584,0.12347030639648438,True
camelbert,T6,T6-m-0176,m,2.1236510276794434,2.297161817550659,1.6184000968933105,True
camelbert,T6,T6-m-0177,m,2.182744026184082,2.699390172958374,2.481971025466919,True
camelbert,T6,T6-m-0178,m,1.6736879348754883,2.7143306732177734,1.4043846130371094,True
camelbert,T6,T6-m-0179,m,0.4135279655456543,0.37946605682373047,1.127171516418457,True
camelbert,T6,T6-m-0180,m,1.3912112712860107,2.2952218055725098,1.3472588062286377,True
camelbert,T6,T6-m-0181,m,0.33825135231018066,1.474287509918213,0.8042618036270142,True
camelbert,T6,T6-m-0182,m,1.2448921203613281,1.6579437255859375,1.197004795074463,True
camelbert,T6,T6-m-0183,m,0.9052925109863281,1.7125892639160156,1.8013057708740234,True
camelbert,T6,T6-m-0184,m,1.4975297451019287,1.6367905139923096,1.2602453231811523,True
camelbert,T6,T6-m-0185,m,0.34133291244506836,1.3579530715942383,0.12178659439086914,True
camelbert,T6,T6-m-0186,m,0.1276836395263672,1.734050989151001,-0.8994050025939941,True
camelbert,T6,T6-m-0187,m,2.266779899597168,4.1652398109436035,2.160153388977051,True
camelbert,T6,T6-m-0188,m,-0.2263813018798828,1.3138608932495117,-0.3549976348876953,False
camelbert,T6,T6-m-0189,m,0.2549896240234375,2.5916967391967773,0.4939756393432617,True
camelbert,T6,T6-m-0190,m,3.811863660812378,3.115292549133301,1.8708267211914062,True
camelbert,T6,T6-m-0191,m,1.6166467666625977,4.35883903503418,1.5180308818817139,True
camelbert,T6,T6-m-0192,m,0.5087282657623291,0.9436225891113281,0.2504701614379883,True
camelbert,T6,T6-m-0193,m,3.553450345993042,1.227230191230774,3.701699733734131,True
camelbert,T6,T6-m-0194,m,-0.3738865852355957,1.2057318687438965,0.22162294387817383,False
camelbert,T6,T6-m-0195,m,-0.1815187931060791,3.197728395462036,0.26707208156585693,False
camelbert,T6,T6-m-0196,m,0.4739856719970703,1.283386468887329,0.5627040863037109,True
camelbert,T6,T6-m-0197,m,-0.44667136669158936,2.6710524559020996,-0.8469054698944092,False
camelbert,T6,T6-m-0198,m,1.5517354011535645,3.507002830505371,1.9393267631530762,True
camelbert,T6,T6-m-0199,m,-0.7083172798156738,0.49189138412475586,-0.5772786140441895,False
camelbert,T6,T6-m-0200,m,0.6625270843505859,1.4992961883544922,1.202143669128418,True
camelbert,T6,T6-m-0201,m,1.1721491813659668,1.9128599166870117,0.6551036834716797,True
camelbert,T6,T6-m-0202,m,1.7502636909484863,2.2627463340759277,1.4914350509643555,True
camelbert,T6,T6-m-0203,m,2.5717616081237793,2.426387310028076,1.6359285116195679,True
camelbert,T6,T6-m-0204,m,1.5185070037841797,2.749549388885498,1.6684651374816895,True
camelbert,T6,T6-m-0205,m,3.164316177368164,4.1884684562683105,3.3253231048583984,True
camelbert,T6,T6-m-0206,m,5.064931869506836,2.8414716720581055,2.95139479637146,True
camelbert,T6,T6-m-0207,m,0.5548133850097656,1.4493889808654785,0.46482419967651367,True
camelbert,T6,T6-m-0208,m,-2.725649833679199,0.8748588562011719,-2.1934397220611572,False
camelbert,T6,T6-m-0209,m,0.0882577896118164,1.3057212829589844,0.015378952026367188,True
camelbert,T6,T6-m-0210,m,-2.0137274265289307,-2.174936294555664,-1.9150888919830322,False
camelbert,T6,T6-m-0211,m,1.9142498970031738,2.7458581924438477,0.9369611740112305,True
camelbert,T6,T6-m-0212,m,0.33228492736816406,1.9868664741516113,0.4601271152496338,True
camelbert,T6,T6-m-0213,m,1.5334219932556152,0.659700870513916,0.6688938140869141,True
camelbert,T6,T6-m-0214,m,2.7013344764709473,3.9094924926757812,2.3197202682495117,True
camelbert,T6,T6-m-0215,m,1.1207540035247803,1.3378565311431885,0.6565341949462891,True
camelbert,T6,T6-m-0216,m,1.5830061435699463,3.3445849418640137,0.9209194183349609,True
camelbert,T6,T6-m-0217,m,0.9636011123657227,2.6046509742736816,1.2634944915771484,True
camelbert,T6,T6-m-0218,m,-1.2489705085754395,0.3312506675720215,-1.1181504726409912,False
camelbert,T6,T6-m-0219,m,0.9466366767883301,2.6155614852905273,1.1376910209655762,True
camelbert,T6,T6-m-0220,m,-0.45853686332702637,0.602604866027832,-0.2587089538574219,False
camelbert,T6,T6-m-0221,m,0.5186429023742676,1.8329131603240967,1.0423390865325928,True
camelbert,T6,T6-m-0222,m,1.0433154106140137,1.2857990264892578,0.8336749076843262,True
camelbert,T6,T6-m-0223,m,0.8900246024131775,2.9233076572418213,1.4768283367156982,True
camelbert,T6,T6-m-0224,m,0.5979362726211548,2.639493227005005,1.1130561828613281,True
camelbert,T6,T6-m-0225,m,4.2184367179870605,2.65639591217041,2.7538132667541504,True
camelbert,T6,T6-m-0226,m,2.1943578720092773,3.1890382766723633,1.6200666427612305,True
camelbert,T6,T6-m-0227,m,2.903834819793701,4.409972667694092,1.8059682846069336,True
camelbert,T6,T6-m-0228,m,0.4236788749694824,1.665947437286377,0.10042381286621094,True
camelbert,T6,T6-m-0229,m,0.21658992767333984,1.5023431777954102,0.5975008010864258,True
camelbert,T6,T6-m-0230,m,-0.3280496597290039,-0.3036537170410156,-0.7272157669067383,False
camelbert,T6,T6-m-0231,m,-0.20342516899108887,0.7407810688018799,-0.11816668510437012,False
camelbert,T6,T6-m-0232,m,2.2520408630371094,2.8057656288146973,1.5084052085876465,True
camelbert,T6,T6-m-0233,m,0.15702378749847412,1.5247039794921875,0.5002174377441406,True
camelbert,T6,T6-m-0234,m,2.9221086502075195,3.333317518234253,2.860114574432373,True
camelbert,T6,T6-m-0235,m,1.0197410583496094,3.584496021270752,1.555328369140625,True
camelbert,T6,T6-m-0236,m,0.01752185821533203,0.7125358581542969,-0.07798147201538086,True
camelbert,T6,T6-m-0237,m,-0.7977738380432129,0.5161828994750977,-1.0814824104309082,False
camelbert,T6,T6-m-0238,m,0.3934776782989502,1.4541139602661133,0.5980136394500732,True
camelbert,T6,T6-m-0239,m,-0.12043380737304688,1.0241265296936035,0.9112787246704102,False
camelbert,T6,T6-m-0240,m,2.6700005531311035,3.071584463119507,1.4916276931762695,True
camelbert,T6,T6-m-0241,m,2.2637267112731934,3.335737943649292,1.900234341621399,True
camelbert,T6,T6-m-0242,m,0.027482986450195312,1.9409985542297363,0.257659912109375,True
camelbert,T6,T6-m-0243,m,0.4755258560180664,1.2637929916381836,-0.64593505859375,True
camelbert,T6,T6-m-0244,m,2.4656906127929688,3.757211685180664,2.617398738861084,True
camelbert,T6,T6-m-0245,m,-0.7712165117263794,1.4813551902770996,-0.6464531421661377,False
camelbert,T6,T6-m-0246,m,0.03140854835510254,0.5156865119934082,-0.7818865776062012,True
camelbert,T6,T6-m-0247,m,1.5116510391235352,2.9387335777282715,1.6346664428710938,True
camelbert,T6,T6-m-0248,m,-2.356191873550415,0.32744383811950684,-1.6135625839233398,False
camelbert,T6,T6-m-0249,m,3.1693453788757324,5.211621284484863,3.5914502143859863,True
camelbert,T6,T6-m-0250,m,0.888735294342041,0.4636564254760742,0.04417133331298828,True
camelbert,T6,T6-m-0251,m,-0.03220939636230469,1.8270087242126465,-0.28191375732421875,False
camelbert,T6,T6-m-0252,m,1.759162425994873,4.118988990783691,2.5605239868164062,True
camelbert,T6,T6-m-0253,m,-1.212428092956543,0.32904863357543945,-0.4602031707763672,False
camelbert,T6,T6-m-0254,m,1.5246410369873047,2.92147159576416,1.4278802871704102,True
camelbert,T6,T6-m-0255,m,0.44591188430786133,1.895723581314087,0.13253450393676758,True
camelbert,T6,T6-m-0256,m,0.7514052391052246,0.007513523101806641,0.07770919799804688,True
camelbert,T6,T6-m-0257,m,2.7524948120117188,3.6005373001098633,1.3599953651428223,True
camelbert,T6,T6-m-0258,m,-0.16153669357299805,0.09862017631530762,0.23423433303833008,False
camelbert,T6,T6-m-0259,m,-0.26430463790893555,0.6064262390136719,0.03274345397949219,False
camelbert,T6,T6-m-0260,m,-0.5451745986938477,1.083594799041748,-0.3510260581970215,False
camelbert,T6,T6-m-0261,m,3.54178524017334,3.7963831424713135,3.5538477897644043,True
camelbert,T6,T6-m-0262,m,-0.9996055364608765,-1.1280990839004517,-0.9492766261100769,False
camelbert,T6,T6-m-0263,m,0.2456645965576172,1.6584362983703613,-0.22802448272705078,True
camelbert,T6,T6-m-0264,m,-0.33034372329711914,2.781139850616455,0.03367948532104492,False
camelbert,T6,T6-m-0265,m,2.5768542289733887,3.8537418842315674,2.7087152004241943,True
camelbert,T6,T6-m-0266,m,0.8704662322998047,3.050980567932129,0.2649531364440918,True
camelbert,T6,T6-m-0267,m,-0.5531612634658813,-0.5315806865692139,-0.7594220638275146,False
camelbert,T6,T6-m-0268,m,0.5952953100204468,2.564995050430298,1.0961071252822876,True
camelbert,T6,T6-m-0269,m,-0.7510776519775391,0.3874039649963379,-0.7805285453796387,False
camelbert,T6,T6-m-0270,m,2.8996057510375977,3.278993606567383,3.23628568649292,True
camelbert,T6,T6-m-0271,m,2.826864242553711,3.779808521270752,3.7064971923828125,True
camelbert,T6,T6-m-0272,m,1.218118667602539,2.796668529510498,0.34842395782470703,True
camelbert,T6,T6-m-0273,m,1.7485766410827637,2.945194721221924,1.5906338691711426,True
camelbert,T6,T6-m-0274,m,1.5938289165496826,0.9613893032073975,0.7991251945495605,True
camelbert,T6,T6-m-0275,m,-0.36278367042541504,-0.6882815361022949,-0.3496832847595215,False
camelbert,T6,T6-m-0276,m,5.632652282714844,3.440122127532959,4.901013374328613,True
camelbert,T6,T6-m-0277,m,1.515455722808838,2.0725066661834717,1.0680718421936035,True
camelbert,T6,T6-m-0278,m,1.549400806427002,2.126176357269287,0.20507144927978516,True
camelbert,T6,T6-m-0279,m,1.0413317680358887,2.0013184547424316,0.1759014129638672,True
camelbert,T6,T6-m-0280,m,-1.7723875045776367,-0.4508960247039795,-1.7784621715545654,False
camelbert,T6,T6-m-0281,m,2.412753105163574,4.1333327293396,1.259598731994629,True
camelbert,T6,T6-m-0282,m,2.9583170413970947,4.093809127807617,2.076669931411743,True
camelbert,T6,T6-m-0283,m,0.6881966590881348,1.6508331298828125,1.4907259941101074,True
camelbert,T6,T6-m-0284,m,-0.03788280487060547,0.7202043533325195,0.22590303421020508,False
camelbert,T6,T6-m-0285,m,-0.44441211223602295,-0.3816254436969757,-0.4224233627319336,False
camelbert,T6,T6-m-0286,m,1.5435948371887207,2.9387152194976807,1.7099394798278809,True
camelbert,T6,T6-m-0287,m,0.08861732482910156,1.028625249862671,0.5634911060333252,True
camelbert,T6,T6-m-0288,m,2.375434637069702,2.1826205253601074,0.6091094017028809,True
camelbert,T6,T6-m-0289,m,-0.926520586013794,-0.33365535736083984,-0.6325035095214844,False
camelbert,T6,T6-m-0290,m,0.7747070789337158,2.514918088912964,-0.28877949714660645,True
camelbert,T6,T6-m-0291,m,3.1482114791870117,4.782542705535889,2.664278507232666,True
camelbert,T6,T6-m-0292,m,-3.463305950164795,-0.3640599250793457,-2.8326256275177,False
camelbert,T6,T6-m-0293,m,1.1993327140808105,3.111133098602295,1.1635888814926147,True
camelbert,T6,T6-m-0294,m,1.0154943466186523,1.8947253227233887,0.8223419189453125,True
camelbert,T6,T6-m-0295,m,1.8699054718017578,2.856916904449463,1.7174687385559082,True
camelbert,T6,T6-m-0296,m,4.090687274932861,4.189566612243652,4.8632612228393555,True
camelbert,T6,T6-m-0297,m,2.194458484649658,2.793221950531006,1.100341796875,True
camelbert,T6,T6-m-0298,m,-1.2378699779510498,2.0016133785247803,-0.9728367328643799,False
camelbert,T6,T6-m-0299,m,2.3376293182373047,3.4126243591308594,2.6679258346557617,True
camelbert,T6,T6-m-0300,m,2.2739474773406982,2.975139617919922,1.867038369178772,True
camelbert,T6,T6-m-0301,m,-0.7243523597717285,0.1138758659362793,0.17617034912109375,False
camelbert,T6,T6-m-0302,m,-2.051030158996582,0.09470653533935547,-1.2548699378967285,False
camelbert,T6,T6-m-0303,m,2.489711046218872,3.64522385597229,2.752706527709961,True
camelbert,T6,T6-m-0304,m,0.3809318542480469,1.7603111267089844,0.3988208770751953,True
camelbert,T6,T6-m-0305,m,1.5047883987426758,2.468804359436035,2.300544261932373,True
camelbert,T6,T6-m-0306,m,-2.392690896987915,-2.389631748199463,-2.0599818229675293,False
camelbert,T6,T6-m-0307,m,0.5734529495239258,2.8334736824035645,-0.4836859703063965,True
camelbert,T6,T6-m-0308,m,0.6004090309143066,1.689253807067871,0.9970259666442871,True
camelbert,T6,T6-m-0309,m,1.6985855102539062,2.890326976776123,1.2789177894592285,True
camelbert,T6,T6-m-0310,m,-0.34697961807250977,1.090141773223877,0.1391000747680664,False
camelbert,T6,T6-m-0311,m,1.6115856170654297,1.898188591003418,1.708916187286377,True
camelbert,T6,T6-m-0312,m,0.8901004791259766,2.449519157409668,0.49578428268432617,True
camelbert,T6,T6-m-0313,m,1.3885011672973633,1.791679859161377,1.4744133949279785,True
camelbert,T6,T6-m-0314,m,0.8845376968383789,1.975080966949463,-0.5471100807189941,True
camelbert,T6,T6-m-0315,m,0.037262916564941406,0.8076343536376953,0.07756853103637695,True
camelbert,T6,T6-m-0316,m,0.9388365745544434,1.9517560005187988,1.2617814540863037,True
camelbert,T6,T6-m-0317,m,1.0969910621643066,1.4837284088134766,1.4931292533874512,True
camelbert,T6,T6-m-0318,m,0.5034561157226562,0.8659458160400391,-0.08326292037963867,True
camelbert,T6,T6-m-0319,m,2.0889601707458496,2.1289215087890625,1.501699447631836,True
camelbert,T6,T6-m-0320,m,-0.21075105667114258,-0.17994165420532227,-1.0874199867248535,False
camelbert,T6,T6-m-0321,m,-0.5629563331604004,2.5019936561584473,-0.19360065460205078,False
camelbert,T6,T6-m-0322,m,-0.6353192329406738,1.3193368911743164,-0.18196725845336914,False
camelbert,T6,T6-m-0323,m,3.571674346923828,4.175349235534668,3.374880790710449,True
camelbert,T6,T6-m-0324,m,-1.797383427619934,0.37711167335510254,-1.3533515930175781,False
camelbert,T6,T6-m-0325,m,4.094472408294678,4.503153324127197,4.295835971832275,True
camelbert,T6,T6-m-0326,m,0.6421914100646973,1.8471674919128418,0.9110317230224609,True
camelbert,T6,T6-m-0327,m,2.5813045501708984,3.65895414352417,1.503331184387207,True
camelbert,T6,T6-m-0328,m,1.0679478645324707,2.2554967403411865,-1.1122913360595703,True
camelbert,T6,T6-m-0329,m,-0.5743889808654785,1.8846492767333984,0.7140841484069824,False
camelbert,T6,T6-m-0330,m,2.169801950454712,3.8175570964813232,3.1819238662719727,True
camelbert,T6,T6-m-0331,m,1.734236240386963,3.438598155975342,0.5847892761230469,True
camelbert,T6,T6-m-0332,m,3.6932504177093506,4.250066757202148,3.696074962615967,True
camelbert,T6,T6-m-0333,m,1.92287015914917,3.9648470878601074,0.9840245246887207,True
camelbert,T6,T6-m-0334,m,-0.08643698692321777,2.0488572120666504,1.177274465560913,False
camelbert,T6,T6-m-0335,m,1.1217694282531738,0.9990992546081543,0.7548732757568359,True
camelbert,T6,T6-m-0336,m,-1.1501336097717285,0.44011878967285156,-1.1539363861083984,False
camelbert,T6,T6-m-0337,m,-1.6726144552230835,-0.16254740953445435,-1.1938693523406982,False
camelbert,T6,T6-m-0338,m,1.1032953262329102,1.8208909034729004,1.3228611946105957,True
camelbert,T6,T6-m-0339,m,-1.7007784843444824,2.61391544342041,-1.672318458557129,False
camelbert,T6,T6-m-0340,m,-1.4338867664337158,0.4401683807373047,-1.3887269496917725,False
camelbert,T6,T6-m-0341,m,0.38045239448547363,3.1506128311157227,1.554565191268921,True
camelbert,T6,T6-m-0342,m,-0.5750911235809326,-0.009764790534973145,-0.1834259033203125,False
camelbert,T6,T6-m-0343,m,-0.9611520767211914,-0.341339111328125,-1.5895538330078125,False
camelbert,T6,T6-m-0344,m,1.0330924987792969,2.6269679069519043,2.0209169387817383,True
camelbert,T6,T6-m-0345,m,0.8064823150634766,2.7300474643707275,3.407231330871582,True
camelbert,T6,T6-m-0346,m,1.5722312927246094,2.4686975479125977,0.8932037353515625,True
camelbert,T6,T6-m-0347,m,0.35746216773986816,4.096338272094727,2.2456400394439697,True
camelbert,T6,T6-m-0348,m,-2.2085041999816895,-1.8187122344970703,-1.9078278541564941,False
camelbert,T6,T6-m-0349,m,1.7496289014816284,1.8831273317337036,1.6977667808532715,True
camelbert,T6,T6-m-0350,m,-0.6300978660583496,-1.3639461994171143,-1.6332314014434814,False
camelbert,T6,T6-m-0351,m,0.9165205955505371,1.7111482620239258,0.8502597808837891,True
camelbert,T6,T6-m-0352,m,3.0193052291870117,1.1015491485595703,2.3364529609680176,True
camelbert,T6,T6-m-0353,m,1.8015036582946777,2.1639480590820312,0.621150016784668,True
camelbert,T6,T6-m-0354,m,-0.5579800605773926,-0.5331785678863525,-0.20893383026123047,False
camelbert,T6,T6-m-0355,m,1.584512710571289,2.945204257965088,1.6473140716552734,True
camelbert,T6,T6-m-0356,m,-0.6508045196533203,1.0394244194030762,-0.6789381504058838,False
camelbert,T6,T6-m-0357,m,-0.8428330421447754,-0.4340353012084961,-0.46710968017578125,False
camelbert,T6,T6-m-0358,m,0.11830806732177734,1.627824068069458,0.19779014587402344,True
camelbert,T6,T6-m-0359,m,1.359774112701416,2.7980165481567383,1.9110217094421387,True
camelbert,T6,T6-m-0360,m,1.4490811824798584,2.541841983795166,0.901592493057251,True
camelbert,T6,T6-m-0361,m,0.11262369155883789,1.9023261070251465,0.5837435722351074,True
camelbert,T6,T6-m-0362,m,1.4724798202514648,2.7933454513549805,1.0361237525939941,True
camelbert,T6,T6-m-0363,m,0.41027021408081055,2.518585681915283,1.1620230674743652,True
camelbert,T6,T6-m-0364,m,-1.7122211456298828,0.9734632968902588,-2.0811853408813477,False
camelbert,T6,T6-m-0365,m,0.3854646682739258,1.53324556350708,0.32009363174438477,True
camelbert,T6,T6-m-0366,m,0.4802412986755371,1.0079684257507324,0.4946465492248535,True
camelbert,T6,T6-m-0367,m,-0.3106570243835449,1.2083566188812256,-0.42168712615966797,False
camelbert,T6,T6-m-0368,m,2.4775538444519043,1.8350639343261719,2.1049909591674805,True
camelbert,T6,T6-m-0369,m,-2.0655248165130615,-2.1519899368286133,-2.648958444595337,False
camelbert,T6,T6-m-0370,m,3.3045854568481445,2.985285758972168,0.7140202522277832,True
camelbert,T6,T6-m-0371,m,-1.317953109741211,0.21458005905151367,-1.9266200065612793,False
camelbert,T6,T6-m-0372,m,0.28037118911743164,2.3422279357910156,0.3410835266113281,True
camelbert,T6,T6-m-0373,m,-0.4158921241760254,0.5734801292419434,-0.834801435470581,False
camelbert,T6,T6-m-0374,m,-0.3880212903022766,0.2373180389404297,-0.35669371485710144,False
camelbert,T6,T6-m-0375,m,5.971632480621338,6.765745162963867,5.889509201049805,True
camelbert,T6,T6-m-0376,m,4.061641693115234,3.545818328857422,3.374635696411133,True
camelbert,T6,T6-m-0377,m,0.6753249168395996,1.2776460647583008,0.808748722076416,True
camelbert,T6,T6-m-0378,m,-0.44829392433166504,0.9901641607284546,-0.29606127738952637,False
camelbert,T6,T6-m-0379,m,0.8873434066772461,1.8100452423095703,0.7542133331298828,True
camelbert,T6,T6-m-0380,m,1.7707133293151855,4.62507438659668,2.20402193069458,True
camelbert,T6,T6-m-0381,m,1.354548454284668,1.2497797012329102,-0.2860841751098633,True
camelbert,T6,T6-m-0382,m,3.0411760807037354,4.083804607391357,2.2110586166381836,True
camelbert,T6,T6-m-0383,m,2.319915771484375,1.9444565773010254,1.958080768585205,True
camelbert,T6,T6-m-0384,m,-0.941232442855835,-0.9916479587554932,-0.3926457464694977,False
camelbert,T6,T6-m-0385,m,-0.30887556076049805,1.8512916564941406,-0.06316280364990234,False
camelbert,T6,T6-m-0386,m,3.8793792724609375,5.574275970458984,3.372427463531494,True
camelbert,T6,T6-m-0387,m,0.2611865997314453,0.9432888031005859,-0.04947710037231445,True
camelbert,T6,T6-m-0388,m,0.33659934997558594,1.4779415130615234,-0.4188098907470703,True
camelbert,T6,T6-m-0389,m,0.8545620441436768,1.0832667350769043,0.9786391258239746,True
camelbert,T6,T6-m-0390,m,0.29837560653686523,1.821448802947998,-0.622797966003418,True
camelbert,T6,T6-m-0391,m,-0.032929182052612305,0.7222628593444824,-0.4076967239379883,False
camelbert,T6,T6-m-0392,m,0.23747014999389648,2.7851510047912598,-0.5833315849304199,True
camelbert,T6,T6-m-0393,m,1.3817052841186523,2.9375181198120117,1.01613187789917,True
camelbert,T6,T6-m-0394,m,0.7789139747619629,1.9573454856872559,1.3984534740447998,True
camelbert,T6,T6-m-0395,m,0.9283928871154785,2.172332286834717,1.0271954536437988,True
camelbert,T6,T6-m-0396,m,0.6644635200500488,1.3649015426635742,0.9147701263427734,True
camelbert,T6,T6-m-0397,m,2.860292434692383,2.8415136337280273,1.0657224655151367,True
camelbert,T6,T6-m-0398,m,0.5803227424621582,0.4112272262573242,-1.9702479839324951,True
camelbert,T6,T6-m-0399,m,0.1959395408630371,0.9794683456420898,0.5600953102111816,True
camelbert,T6,T6-m-0400,m,0.6228971481323242,1.9659461975097656,1.533468246459961,True
camelbert,T6,T6-m-0401,m,3.8889734745025635,3.8156869411468506,4.522374153137207,True
camelbert,T6,T6-m-0402,m,-0.8142654895782471,-0.27355194091796875,-0.3726210594177246,False
camelbert,T6,T6-m-0403,m,1.0103583335876465,2.588840961456299,2.257918357849121,True
camelbert,T6,T6-m-0404,m,-1.4319093227386475,-0.2501657009124756,-1.3214390277862549,False
camelbert,T6,T6-m-0405,m,-1.373570203781128,-0.530297040939331,-1.3788220882415771,False
camelbert,T6,T6-m-0406,m,-0.4803786277770996,1.1320648193359375,-0.9284248352050781,False
camelbert,T6,T6-m-0407,m,1.4418330192565918,2.449176788330078,1.3118691444396973,True
camelbert,T6,T6-m-0408,m,-1.6790690422058105,-1.4232773780822754,-1.8249635696411133,False
camelbert,T6,T6-m-0409,m,1.9334449768066406,0.9094433784484863,1.2736225128173828,True
camelbert,T6,T6-m-0410,m,0.5568487644195557,1.3425822257995605,0.21569228172302246,True
camelbert,T6,T6-m-0411,m,0.9837222099304199,1.8688173294067383,0.3407316207885742,True
camelbert,T6,T6-m-0412,m,0.6615252494812012,1.2935664653778076,0.897444486618042,True
camelbert,T6,T6-m-0413,m,0.9296722412109375,2.070946216583252,0.5174369812011719,True
camelbert,T6,T6-m-0414,m,1.7657678127288818,2.7608582973480225,1.458803653717041,True
camelbert,T6,T6-m-0415,m,1.3589363098144531,2.77233624458313,2.080415725708008,True
camelbert,T6,T6-m-0416,m,2.392148017883301,2.886457920074463,1.5699119567871094,True
camelbert,T6,T6-m-0417,m,0.4496285915374756,1.345786452293396,0.3794727325439453,True
camelbert,T6,T6-m-0418,m,0.882084846496582,2.883122444152832,0.30802249908447266,True
camelbert,T6,T6-m-0419,m,1.2704410552978516,2.3601584434509277,0.7122707366943359,True
camelbert,T6,T6-m-0420,m,3.143648147583008,3.5755553245544434,3.233912467956543,True
camelbert,T6,T6-m-0421,m,2.9619617462158203,5.091926574707031,2.8105969429016113,True
camelbert,T6,T6-m-0422,m,3.144235849380493,2.434213161468506,3.369133234024048,True
camelbert,T6,T6-m-0423,m,3.3642396926879883,3.1098170280456543,4.2410807609558105,True
camelbert,T6,T6-m-0424,m,1.4297401905059814,2.1493568420410156,0.37401676177978516,True
camelbert,T6,T6-m-0425,m,1.097419261932373,2.0938682556152344,0.7127189636230469,True
camelbert,T6,T6-m-0426,m,2.9854483604431152,2.591930389404297,0.021307945251464844,True
camelbert,T6,T6-m-0427,m,-0.17401647567749023,1.2178740501403809,0.35833024978637695,False
camelbert,T6,T6-m-0428,m,-0.38869309425354004,1.5705573558807373,-0.0390169620513916,False
camelbert,T6,T6-m-0429,m,1.1016998291015625,0.9846046566963196,-0.15593290328979492,True
camelbert,T6,T6-m-0430,m,0.3676176071166992,0.28899431228637695,0.5144906044006348,True
camelbert,T6,T6-m-0431,m,2.714057445526123,2.5539002418518066,2.637942314147949,True
camelbert,T6,T6-m-0432,m,-1.586024284362793,-1.2399659156799316,-2.945849895477295,False
camelbert,T6,T6-m-0433,m,0.6047601699829102,1.715207576751709,-0.19926691055297852,True
camelbert,T6,T6-m-0434,m,-0.05419778823852539,2.6293439865112305,-0.25830507278442383,False
camelbert,T6,T6-m-0435,m,0.12620067596435547,1.19525146484375,-0.18616914749145508,True
camelbert,T6,T6-m-0436,m,1.0002350807189941,2.7728285789489746,0.5751309394836426,True
camelbert,T6,T6-m-0437,m,-0.33182811737060547,1.3980135917663574,-0.4822063446044922,False
camelbert,T6,T6-m-0438,m,-2.789175033569336,0.5033683776855469,-2.140981674194336,False
camelbert,T6,T6-m-0439,m,0.6183230876922607,2.8478293418884277,0.20039916038513184,True
camelbert,T6,T6-m-0440,m,2.088291883468628,2.9256772994995117,1.3459913730621338,True
camelbert,T6,T6-m-0441,m,-0.013173103332519531,0.9095220565795898,0.3558320999145508,False
camelbert,T6,T6-m-0442,m,0.5428261756896973,2.3576035499572754,0.15427350997924805,True
camelbert,T6,T6-m-0443,m,-0.9787483215332031,-0.03458404541015625,-0.6935210227966309,False
camelbert,T6,T6-m-0444,m,1.3868274688720703,3.047792434692383,1.1823983192443848,True
camelbert,T6,T6-m-0445,m,0.9772810935974121,1.6255497932434082,0.9766387939453125,True
camelbert,T6,T6-m-0446,m,0.5239574909210205,0.855961799621582,0.19994378089904785,True
camelbert,T6,T6-m-0447,m,-1.0148701667785645,-0.8811416625976562,-1.2668571472167969,False
camelbert,T6,T6-m-0448,m,1.752964735031128,1.7073971033096313,0.7261765003204346,True
camelbert,T6,T6-m-0449,m,1.110860824584961,1.8265891075134277,1.1821584701538086,True
camelbert,T6,T6-m-0450,m,2.5121660232543945,2.894000291824341,2.83316707611084,True
camelbert,T6,T6-m-0451,m,2.8353729248046875,4.491458892822266,1.9390788078308105,True
camelbert,T6,T6-m-0452,m,-0.30562829971313477,1.0549335479736328,-1.631988286972046,False
camelbert,T6,T6-m-0453,m,0.5938949584960938,2.478663444519043,1.0200495719909668,True
camelbert,T6,T6-m-0454,m,0.1965351104736328,2.445979595184326,-0.3844566345214844,True
camelbert,T6,T6-m-0455,m,-0.6267061829566956,0.19595515727996826,0.2755317687988281,False
camelbert,T6,T6-m-0456,m,1.5473251342773438,2.9025564193725586,1.3125905990600586,True
camelbert,T6,T6-m-0457,m,2.204712390899658,4.117809772491455,2.198484182357788,True
camelbert,T6,T6-m-0458,m,0.6844401359558105,1.5145015716552734,0.6992831230163574,True
camelbert,T6,T6-m-0459,m,0.3923354148864746,1.4424633979797363,0.913301408290863,True
camelbert,T6,T6-m-0460,m,3.013118028640747,4.3043131828308105,3.5367932319641113,True
camelbert,T6,T6-m-0461,m,2.8318614959716797,3.743725299835205,2.637826919555664,True
camelbert,T6,T6-m-0462,m,1.424230933189392,2.1004528999328613,2.3582115173339844,True
camelbert,T6,T6-m-0463,m,0.5830230712890625,1.9870295524597168,0.26943445205688477,True
camelbert,T6,T6-m-0464,m,-0.7223978042602539,1.1164402961730957,-1.3432693481445312,False
camelbert,T6,T6-m-0465,m,0.16029715538024902,0.1962263584136963,0.26043272018432617,True
camelbert,T6,T6-m-0466,m,1.0125013589859009,3.383967876434326,1.513514757156372,True
camelbert,T6,T6-m-0467,m,1.3912107944488525,2.5688748359680176,0.8155384063720703,True
camelbert,T6,T6-m-0468,m,3.063856601715088,3.4524989128112793,2.7894396781921387,True
camelbert,T6,T6-m-0469,m,3.5513691902160645,3.7771196365356445,3.395993232727051,True
camelbert,T6,T6-m-0470,m,0.47994303703308105,1.6515916585922241,0.20327210426330566,True
camelbert,T6,T6-m-0471,m,0.8055620193481445,2.5631797313690186,0.03327608108520508,True
camelbert,T6,T6-m-0472,m,1.0587077140808105,1.3183362483978271,0.5878543853759766,True
camelbert,T6,T6-m-0473,m,0.6862316131591797,1.548943042755127,0.27550506591796875,True
camelbert,T6,T6-m-0474,m,1.8991807699203491,3.2679436206817627,2.265706777572632,True
camelbert,T6,T6-m-0475,m,-1.453385353088379,-0.7646210193634033,-1.6575112342834473,False
camelbert,T6,T6-m-0476,m,0.7815313339233398,2.2459187507629395,0.702326774597168,True
camelbert,T6,T6-m-0477,m,2.3988261222839355,3.1431832313537598,1.958848476409912,True
camelbert,T6,T6-m-0478,m,0.5067150592803955,1.3812065124511719,0.37957000732421875,True
camelbert,T6,T6-m-0479,m,0.38831567764282227,0.9404206275939941,-0.17340803146362305,True
camelbert,T6,T6-m-0480,m,3.864898681640625,3.44234037399292,3.1728124618530273,True
camelbert,T6,T6-m-0481,m,-1.2638611793518066,-1.0760700702667236,-1.6921226978302002,False
camelbert,T6,T6-m-0482,m,-3.3797292709350586,-0.4391140937805176,-4.213953495025635,False
camelbert,T6,T6-m-0483,m,2.7761473655700684,4.885427951812744,3.551867961883545,True
camelbert,T6,T6-m-0484,m,1.8077473640441895,2.357583522796631,1.7171001434326172,True
camelbert,T6,T6-m-0485,m,3.1282949447631836,2.9124701023101807,3.702913761138916,True
camelbert,T6,T6-m-0486,m,2.354079246520996,3.525890827178955,1.9743926525115967,True
camelbert,T6,T6-m-0487,m,-1.3132381439208984,-0.8142723441123962,-1.453568696975708,False
camelbert,T6,T6-m-0488,m,1.0958423614501953,2.451284408569336,-0.09307241439819336,True
camelbert,T6,T6-m-0489,m,1.0360345840454102,1.9543581008911133,1.0558767318725586,True
camelbert,T6,T6-m-0490,m,-1.2151648998260498,-0.4704122543334961,-1.787931203842163,False
camelbert,T6,T6-m-0491,m,-3.951721668243408,-0.5383327007293701,-3.3403120040893555,False
camelbert,T6,T6-m-0492,m,4.535983085632324,4.822950839996338,4.845273971557617,True
camelbert,T6,T6-m-0493,m,1.959348201751709,2.4677481651306152,1.4668207168579102,True
camelbert,T6,T6-m-0494,m,1.0079493522644043,1.4662938117980957,0.9084820747375488,True
camelbert,T6,T6-m-0495,m,0.6963710784912109,1.3118815422058105,0.17930889129638672,True
camelbert,T6,T6-m-0496,m,4.2655792236328125,4.968284606933594,4.753730773925781,True
camelbert,T6,T6-m-0497,m,1.1924431324005127,1.784048080444336,3.989637851715088,True
camelbert,T6,T6-m-0498,m,3.5637261867523193,3.9913763999938965,3.7527425289154053,True
camelbert,T6,T6-m-0499,m,2.6582703590393066,3.8804216384887695,1.0565321445465088,True
camelbert,T6,T6-m-0500,m,-0.31251072883605957,1.5973789691925049,0.7906055450439453,False
camelbert,T6,T6-m-0501,m,3.9649672508239746,5.378849029541016,3.5912981033325195,True
camelbert,T6,T6-m-0502,m,-1.3686347007751465,0.5668625831604004,-0.3869447708129883,False
camelbert,T6,T6-m-0503,m,0.9046640992164612,1.786072850227356,0.7374615669250488,True
camelbert,T6,T6-m-0504,m,-0.3090853691101074,1.1134834289550781,-0.06664514541625977,False
camelbert,T6,T6-m-0505,m,5.404300689697266,6.113037109375,4.686316013336182,True
camelbert,T6,T6-m-0506,m,-0.13158464431762695,1.2260994911193848,-0.21768522262573242,False
camelbert,T6,T6-m-0507,m,0.5481491088867188,0.7678446769714355,0.10866880416870117,True
camelbert,T6,T6-m-0508,m,0.8910970687866211,2.4357762336730957,0.30224061012268066,True
camelbert,T6,T6-m-0509,m,0.1608426570892334,3.258697986602783,0.8278791904449463,True
camelbert,T6,T6-m-0510,m,1.1579880714416504,1.5442962646484375,0.27955102920532227,True
camelbert,T6,T6-m-0511,m,1.792087197303772,4.058358192443848,0.6263859272003174,True
camelbert,T6,T6-m-0512,m,0.9880166053771973,2.981004476547241,0.7998275756835938,True
camelbert,T6,T6-m-0513,m,-0.0018587112426757812,1.7451043128967285,0.3930478096008301,False
camelbert,T6,T6-m-0514,m,3.539886474609375,3.2964487075805664,1.383101463317871,True
camelbert,T6,T6-m-0515,m,0.42157411575317383,2.027146816253662,0.7601189613342285,True
camelbert,T6,T6-m-0516,m,-0.12890625,0.8493633270263672,-0.5896458625793457,False
camelbert,T6,T6-m-0517,m,-1.6383271217346191,2.5314443111419678,1.8739595413208008,False
camelbert,T6,T6-m-0518,m,1.717010498046875,1.5898430347442627,1.7067604064941406,True
camelbert,T6,T6-m-0519,m,1.4584789276123047,3.255434513092041,2.2962534427642822,True
camelbert,T6,T6-m-0520,m,1.1974005699157715,2.547663688659668,1.1446523666381836,True
camelbert,T6,T6-m-0521,m,-0.6015684604644775,-0.5416638851165771,-0.9423561096191406,False
camelbert,T6,T6-m-0522,m,0.4043312072753906,1.6705083847045898,0.6063270568847656,True
camelbert,T6,T6-m-0523,m,3.0917015075683594,3.9776477813720703,3.175145149230957,True
camelbert,T6,T6-m-0524,m,-1.9305040836334229,-0.6560132503509521,-1.455683946609497,False
camelbert,T6,T6-m-0525,m,0.3861207962036133,1.5747034549713135,0.16123437881469727,True
camelbert,T6,T6-m-0526,m,-0.6195192337036133,-0.7114667892456055,-0.8209953308105469,False
camelbert,T6,T6-m-0527,m,1.7640807628631592,1.5474498271942139,0.6442484855651855,True
camelbert,T6,T6-m-0528,m,2.4044690132141113,2.6695761680603027,1.9947495460510254,True
camelbert,T6,T6-m-0529,m,1.6798704862594604,3.8938815593719482,1.5647131204605103,True
camelbert,T6,T6-m-0530,m,3.9158518314361572,4.612174987792969,3.892749071121216,True
camelbert,T6,T6-m-0531,m,4.573229789733887,5.7584228515625,3.8539013862609863,True
camelbert,T6,T6-m-0532,m,1.4686188697814941,2.025285243988037,1.3591527938842773,True
camelbert,T6,T6-m-0533,m,-0.11900997161865234,1.1661887168884277,-0.49680423736572266,False
camelbert,T6,T6-m-0534,m,-0.48300743103027344,1.08536958694458,-0.13729310035705566,False
camelbert,T6,T6-m-0535,m,1.2667295932769775,3.485275983810425,1.3111472129821777,True
camelbert,T6,T6-m-0536,m,-0.16689538955688477,1.1834726333618164,-0.2798757553100586,False
camelbert,T6,T6-m-0537,m,-2.9977054595947266,-1.992841124534607,-2.537879228591919,False
camelbert,T6,T6-m-0538,m,-0.30550193786621094,1.260787010192871,-0.3041214942932129,False
camelbert,T6,T6-m-0539,m,1.0457104444503784,1.7385783195495605,1.2700474262237549,True
camelbert,T6,T6-m-0540,m,1.393629789352417,1.7277048826217651,0.2662632465362549,True
camelbert,T6,T6-m-0541,m,2.348214626312256,3.2386531829833984,2.3898792266845703,True
camelbert,T6,T6-m-0542,m,0.3382411003112793,2.4827544689178467,0.22140836715698242,True
camelbert,T6,T6-m-0543,m,-0.4327864646911621,-0.609024167060852,-1.2473511695861816,False
camelbert,T6,T6-m-0544,m,5.4719929695129395,6.905893802642822,5.69525671005249,True
camelbert,T6,T6-m-0545,m,1.8197083473205566,1.4687833786010742,0.6998815536499023,True
camelbert,T6,T6-m-0546,m,0.6871919631958008,3.7250683307647705,0.23653364181518555,True
camelbert,T6,T6-m-0547,m,3.2074761390686035,3.4587674140930176,3.5799198150634766,True
camelbert,T6,T6-m-0548,m,-0.1072700023651123,1.9322867393493652,0.573371171951294,False
camelbert,T6,T6-m-0549,m,0.9702253341674805,2.011216640472412,1.2617135047912598,True
camelbert,T6,T6-m-0550,m,1.1347155570983887,1.625251293182373,0.41655874252319336,True
camelbert,T6,T6-m-0551,m,4.6928391456604,5.308376789093018,4.779906749725342,True
camelbert,T6,T6-m-0552,m,1.96881103515625,2.0770187377929688,2.0870537757873535,True
camelbert,T6,T6-m-0553,m,3.2458767890930176,3.7820794582366943,2.099123477935791,True
camelbert,T6,T6-m-0554,m,1.9545073509216309,3.1932787895202637,1.3339896202087402,True
camelbert,T6,T6-m-0555,m,-0.419727087020874,0.0952141284942627,-0.25636839866638184,False
camelbert,T6,T6-m-0556,m,-0.008636951446533203,1.3128857612609863,-0.1591958999633789,False
camelbert,T6,T6-m-0557,m,1.3210704326629639,2.301682472229004,2.366612672805786,True
camelbert,T6,T6-m-0558,m,0.8359804153442383,1.7597720623016357,1.176374912261963,True
camelbert,T6,T6-m-0559,m,1.6080726385116577,2.302891731262207,2.2655153274536133,True
camelbert,T6,T6-m-0560,m,1.2042484283447266,2.1556520462036133,1.4827327728271484,True
camelbert,T6,T6-m-0561,m,-0.46119117736816406,0.9963955879211426,0.7305798530578613,False
camelbert,T6,T6-m-0562,m,1.9115381240844727,1.496236801147461,0.905698299407959,True
camelbert,T6,T6-m-0563,m,1.956554889678955,3.393406391143799,2.613654136657715,True
camelbert,T6,T6-m-0564,m,2.9371395111083984,3.6931991577148438,2.7320590019226074,True
camelbert,T6,T6-m-0565,m,0.603062629699707,1.703660011291504,-0.22677946090698242,True
camelbert,T6,T6-m-0566,m,-0.030296802520751953,1.626288652420044,-0.04373049736022949,False
camelbert,T6,T6-m-0567,m,-0.7804965972900391,-1.3955097198486328,-1.4150581359863281,False
camelbert,T6,T6-m-0568,m,0.93367600440979,1.0892770290374756,0.0064318180084228516,True
camelbert,T6,T6-m-0569,m,3.712770938873291,4.36760950088501,3.5568864345550537,True
camelbert,T6,T6-m-0570,m,-0.17220258712768555,1.7871685028076172,-0.2618882656097412,False
camelbert,T6,T6-m-0571,m,-0.5737078189849854,0.3024594783782959,-0.5703983306884766,False
camelbert,T6,T6-m-0572,m,-0.6682887077331543,1.5131182670593262,-0.37538719177246094,False
camelbert,T6,T6-m-0573,m,-0.5203018188476562,0.006484031677246094,-0.324568510055542,False
camelbert,T6,T6-m-0574,m,0.24094390869140625,2.311708927154541,-0.883857250213623,True
camelbert,T6,T6-m-0575,m,0.6946890354156494,1.1060497760772705,0.6323723793029785,True
camelbert,T6,T6-m-0576,m,0.5274255275726318,1.5633575916290283,-0.2786295413970947,True
camelbert,T6,T6-m-0577,m,-0.5185296535491943,-0.3112678527832031,-1.2013424634933472,False
camelbert,T6,T6-m-0578,m,0.39716053009033203,2.3998751640319824,-0.3881077766418457,True
camelbert,T6,T6-m-0579,m,0.9250969886779785,0.9958431720733643,0.8396762609481812,True
camelbert,T6,T6-m-0580,m,3.2671267986297607,2.6123318672180176,2.927361011505127,True
camelbert,T6,T6-m-0581,m,3.320518970489502,3.0509610176086426,3.579385280609131,True
camelbert,T6,T6-m-0582,m,0.5913310050964355,0.46138906478881836,-0.6341278553009033,True
camelbert,T6,T6-m-0583,m,1.4202568531036377,1.6994295120239258,0.21053147315979004,True
camelbert,T6,T6-m-0584,m,-0.09327006340026855,-0.3038458824157715,-0.8332657814025879,False
camelbert,T6,T6-m-0585,m,1.1143531799316406,2.403988838195801,1.218393325805664,True
camelbert,T6,T6-m-0586,m,0.05657947063446045,0.5930806398391724,0.12023818492889404,True
camelbert,T6,T6-m-0587,m,-1.4077224731445312,1.6231989860534668,-1.7571749687194824,False
camelbert,T6,T6-m-0588,m,1.1016042232513428,3.14220929145813,0.9029414057731628,True
camelbert,T6,T6-m-0589,m,-1.4821374416351318,0.9248151779174805,-0.4826493263244629,False
camelbert,T6,T6-m-0590,m,0.19597387313842773,1.609445571899414,0.16934537887573242,True
camelbert,T6,T6-m-0591,m,-0.6891739368438721,1.2704980373382568,-0.6927011013031006,False
camelbert,T6,T6-m-0592,m,1.2083473205566406,2.495436191558838,1.0459742546081543,True
camelbert,T6,T6-m-0593,m,-0.2654895782470703,1.2566771507263184,-0.6199722290039062,False
camelbert,T6,T6-m-0594,m,-1.196911096572876,0.0966029167175293,-1.1708533763885498,False
camelbert,T6,T6-m-0595,m,1.0246062278747559,2.5871973037719727,0.3634681701660156,True
camelbert,T6,T6-m-0596,m,1.8300676345825195,1.4754400253295898,2.5200881958007812,True
camelbert,T6,T6-m-0597,m,0.8911666870117188,2.011809825897217,0.8976931571960449,True
camelbert,T6,T6-m-0598,m,-0.0083160400390625,0.11135149002075195,0.0422821044921875,False
camelbert,T6,T6-m-0599,m,0.2864670753479004,1.4897408485412598,0.390871524810791,True
camelbert,T6,T6-f-0000,f,0.8074491024017334,2.1101431846618652,1.9753355979919434,True
camelbert,T6,T6-f-0001,f,1.7134556770324707,2.788877487182617,0.4279160499572754,True
camelbert,T6,T6-f-0002,f,3.2208824157714844,3.7015695571899414,2.920306921005249,True
camelbert,T6,T6-f-0003,f,-1.2568607330322266,0.519561767578125,-1.0110054016113281,False
camelbert,T6,T6-f-0004,f,-1.915329933166504,-1.0930323600769043,-1.3862438201904297,False
camelbert,T6,T6-f-0005,f,-4.472644805908203,-3.8556268215179443,-4.4710373878479,False
camelbert,T6,T6-f-0006,f,1.2770910263061523,1.9610652923583984,1.089707374572754,True
camelbert,T6,T6-f-0007,f,-6.489236831665039,-2.649292469024658,-5.765105247497559,False
camelbert,T6,T6-f-0008,f,-4.1833086013793945,-3.809455394744873,-4.708773612976074,False
camelbert,T6,T6-f-0009,f,-1.2246696949005127,0.3451589345932007,-1.04915452003479,False
camelbert,T6,T6-f-0010,f,-3.535830020904541,-0.9288015365600586,-1.8477964401245117,False
camelbert,T6,T6-f-0011,f,-0.1399526596069336,-0.6559834480285645,0.5581536293029785,False
camelbert,T6,T6-f-0012,f,-2.405174732208252,-1.0103702545166016,-2.5049285888671875,False
camelbert,T6,T6-f-0013,f,-0.7057530879974365,-0.09798622131347656,-0.8179924488067627,False
camelbert,T6,T6-f-0014,f,0.6997941732406616,0.5624523162841797,1.2775688171386719,True
camelbert,T6,T6-f-0015,f,-1.518237590789795,-1.7775495052337646,-1.4750587940216064,False
camelbert,T6,T6-f-0016,f,-7.195331573486328,-4.730341911315918,-7.184737205505371,False
camelbert,T6,T6-f-0017,f,1.719904899597168,2.4027304649353027,1.3309412002563477,True
camelbert,T6,T6-f-0018,f,0.014193534851074219,0.6710629463195801,-0.5972661972045898,True
camelbert,T6,T6-f-0019,f,0.22854900360107422,1.3513171672821045,0.3046603202819824,True
camelbert,T6,T6-f-0020,f,-0.6781930923461914,-0.9381797313690186,-3.0182626247406006,False
camelbert,T6,T6-f-0021,f,2.229236602783203,2.2158169746398926,1.2362184524536133,True
camelbert,T6,T6-f-0022,f,1.0399348735809326,2.6366302967071533,2.4496371746063232,True
camelbert,T6,T6-f-0023,f,-0.05192089080810547,0.6814908981323242,-0.35125160217285156,False
camelbert,T6,T6-f-0024,f,2.117225408554077,2.4023375511169434,3.561007022857666,True
camelbert,T6,T6-f-0025,f,-3.641268491744995,-2.8982791900634766,-3.4428205490112305,False
camelbert,T6,T6-f-0026,f,-0.8258295059204102,-0.7675008773803711,-1.6562840938568115,False
camelbert,T6,T6-f-0027,f,-0.5258607864379883,-0.07558059692382812,-0.24090003967285156,False
camelbert,T6,T6-f-0028,f,-1.957444667816162,-1.462967872619629,-2.144789934158325,False
camelbert,T6,T6-f-0029,f,1.87192964553833,2.9316489696502686,2.324291706085205,True
camelbert,T6,T6-f-0030,f,-0.7296781539916992,-1.6465253829956055,-1.1824588775634766,False
camelbert,T6,T6-f-0031,f,-0.3793473243713379,0.2868983745574951,0.41336822509765625,False
camelbert,T6,T6-f-0032,f,-1.3285956382751465,-0.4151935577392578,-1.4580276012420654,False
camelbert,T6,T6-f-0033,f,-0.11413717269897461,1.7820520401000977,0.23571491241455078,False
camelbert,T6,T6-f-0034,f,-0.1394028663635254,-0.6554043292999268,-0.42537879943847656,False
camelbert,T6,T6-f-0035,f,0.37249279022216797,0.4478473663330078,0.742673397064209,True
camelbert,T6,T6-f-0036,f,-5.969282150268555,-2.1937403678894043,-3.9691014289855957,False
camelbert,T6,T6-f-0037,f,-2.1536026000976562,-0.49613380432128906,-1.0273473262786865,False
camelbert,T6,T6-f-0038,f,1.1344375610351562,0.9601595401763916,1.2229318618774414,True
camelbert,T6,T6-f-0039,f,-0.9197096824645996,-0.5883779525756836,-0.44536447525024414,False
camelbert,T6,T6-f-0040,f,0.384108304977417,0.18251442909240723,0.500868558883667,True
camelbert,T6,T6-f-0041,f,0.1791057586669922,0.696012020111084,0.853754997253418,True
camelbert,T6,T6-f-0042,f,-0.16385507583618164,-0.18050384521484375,-0.14770746231079102,False
camelbert,T6,T6-f-0043,f,0.3143782615661621,0.30605268478393555,0.8961677551269531,True
camelbert,T6,T6-f-0044,f,-1.7989492416381836,1.2939599752426147,-1.0087281465530396,False
camelbert,T6,T6-f-0045,f,0.3054027557373047,-1.7198486328125,-1.2091360092163086,True
camelbert,T6,T6-f-0046,f,1.3729171752929688,3.267582416534424,1.1551575660705566,True
camelbert,T6,T6-f-0047,f,-1.100755214691162,0.904902458190918,-1.2317523956298828,False
camelbert,T6,T6-f-0048,f,0.9118213653564453,2.6397347450256348,1.0062975883483887,True
camelbert,T6,T6-f-0049,f,-2.0004897117614746,-3.098808765411377,-1.9852545261383057,False
camelbert,T6,T6-f-0050,f,0.6904556751251221,1.4494216442108154,0.4107842445373535,True
camelbert,T6,T6-f-0051,f,-0.1905231475830078,0.6144266128540039,-1.2159862518310547,False
camelbert,T6,T6-f-0052,f,1.2470347881317139,1.7808403968811035,1.609961748123169,True
camelbert,T6,T6-f-0053,f,-1.4131503105163574,-1.424105167388916,-0.8421258926391602,False
camelbert,T6,T6-f-0054,f,1.9923043251037598,3.585935115814209,1.688723087310791,True
camelbert,T6,T6-f-0055,f,-0.005733966827392578,0.36517953872680664,0.13985633850097656,False
camelbert,T6,T6-f-0056,f,-4.499688625335693,-3.197719097137451,-5.602766513824463,False
camelbert,T6,T6-f-0057,f,-2.234440565109253,-0.9165852069854736,-1.8455181121826172,False
camelbert,T6,T6-f-0058,f,1.448636531829834,2.478726387023926,1.6837120056152344,True
camelbert,T6,T6-f-0059,f,-6.130387306213379,-1.7865245342254639,-4.347239017486572,False
camelbert,T6,T6-f-0060,f,0.534764289855957,0.24599409103393555,1.1555747985839844,True
camelbert,T6,T6-f-0061,f,-1.463249921798706,0.9325675964355469,-0.701411247253418,False
camelbert,T6,T6-f-0062,f,-0.38616943359375,-0.39304304122924805,-0.471254825592041,False
camelbert,T6,T6-f-0063,f,2.743903636932373,2.6978201866149902,2.0689730644226074,True
camelbert,T6,T6-f-0064,f,-2.754608154296875,-2.3449044227600098,-3.3184518814086914,False
camelbert,T6,T6-f-0065,f,-1.7355856895446777,-0.398038387298584,-1.0910966396331787,False
camelbert,T6,T6-f-0066,f,-1.5214258432388306,0.1937878131866455,0.3570561408996582,False
camelbert,T6,T6-f-0067,f,-0.03529644012451172,1.0999507904052734,-0.606318473815918,False
camelbert,T6,T6-f-0068,f,-1.5917857885360718,-1.3349992036819458,-1.161566972732544,False
camelbert,T6,T6-f-0069,f,-0.23136425018310547,-0.07765436172485352,-0.2933838367462158,False
camelbert,T6,T6-f-0070,f,-0.5731494426727295,-0.4721498489379883,-0.19905662536621094,False
camelbert,T6,T6-f-0071,f,-0.3507542610168457,0.07876825332641602,0.03536272048950195,False
camelbert,T6,T6-f-0072,f,1.795966386795044,2.5819520950317383,1.723158359527588,True
camelbert,T6,T6-f-0073,f,0.6305065155029297,0.4745044708251953,0.2992219924926758,True
camelbert,T6,T6-f-0074,f,-0.9403257369995117,-0.3633131980895996,-0.8577976226806641,False
camelbert,T6,T6-f-0075,f,-0.7509870529174805,-0.6188263893127441,-1.3507041931152344,False
camelbert,T6,T6-f-0076,f,1.7069597244262695,1.558121681213379,1.3616671562194824,True
camelbert,T6,T6-f-0077,f,0.8438301086425781,2.313708782196045,1.235811710357666,True
camelbert,T6,T6-f-0078,f,0.980853796005249,1.1321982145309448,0.607641339302063,True
camelbert,T6,T6-f-0079,f,-1.132636308670044,-0.6678829193115234,-1.1586718559265137,False
camelbert,T6,T6-f-0080,f,-3.3615260124206543,-3.311124324798584,-3.9833765029907227,False
camelbert,T6,T6-f-0081,f,1.536355972290039,1.554337978363037,1.8061432838439941,True
camelbert,T6,T6-f-0082,f,-5.68826961517334,-2.664724826812744,-3.795341968536377,False
camelbert,T6,T6-f-0083,f,-2.215695858001709,-0.6100924015045166,-0.7546525001525879,False
camelbert,T6,T6-f-0084,f,-0.4786357879638672,-1.090123176574707,-0.43466758728027344,False
camelbert,T6,T6-f-0085,f,0.9275894165039062,1.8089418411254883,1.4321885108947754,True
camelbert,T6,T6-f-0086,f,-5.980894088745117,-4.968613147735596,-3.012237548828125,False
camelbert,T6,T6-f-0087,f,-0.32711219787597656,0.2308955192565918,-0.3015570640563965,False
camelbert,T6,T6-f-0088,f,-0.9642624855041504,-0.7824767827987671,-0.8059419393539429,False
camelbert,T6,T6-f-0089,f,-2.422065019607544,-1.4516905546188354,-2.7262144088745117,False
camelbert,T6,T6-f-0090,f,1.530911922454834,2.6424336433410645,1.7014422416687012,True
camelbert,T6,T6-f-0091,f,2.03847599029541,2.3098912239074707,1.677520513534546,True
camelbert,T6,T6-f-0092,f,0.6224615573883057,1.8688721656799316,0.9165186882019043,True
camelbert,T6,T6-f-0093,f,-0.1816086769104004,0.4676017761230469,0.007051944732666016,False
camelbert,T6,T6-f-0094,f,1.6359795331954956,1.5118979215621948,1.9346930980682373,True
camelbert,T6,T6-f-0095,f,0.19461655616760254,1.7048377990722656,0.39902234077453613,True
camelbert,T6,T6-f-0096,f,-0.6616642475128174,0.16919946670532227,0.48944664001464844,False
camelbert,T6,T6-f-0097,f,-4.434285640716553,-1.6687712669372559,-3.2926313877105713,False
camelbert,T6,T6-f-0098,f,0.456221342086792,1.147592544555664,1.2577018737792969,True
camelbert,T6,T6-f-0099,f,2.1154022216796875,3.3396377563476562,1.3838191032409668,True
camelbert,T6,T6-f-0100,f,-1.4928374290466309,1.0595574378967285,-1.843949317932129,False
camelbert,T6,T6-f-0101,f,-1.8039839267730713,-1.781531572341919,-3.543792724609375,False
camelbert,T6,T6-f-0102,f,-1.2164297103881836,-0.8744039535522461,-1.290870189666748,False
camelbert,T6,T6-f-0103,f,0.16464757919311523,0.3259773254394531,-0.17385196685791016,True
camelbert,T6,T6-f-0104,f,-1.1936159133911133,-0.30275535583496094,-1.5505797863006592,False
camelbert,T6,T6-f-0105,f,1.0468013286590576,1.039853572845459,0.8905878067016602,True
camelbert,T6,T6-f-0106,f,-1.211648941040039,-0.5732707977294922,-0.8876473903656006,False
camelbert,T6,T6-f-0107,f,-1.448857069015503,-0.8517098426818848,-0.784759521484375,False
camelbert,T6,T6-f-0108,f,0.2536768913269043,0.15899038314819336,-0.16865777969360352,True
camelbert,T6,T6-f-0109,f,-0.4458785057067871,-0.08369827270507812,0.10822105407714844,False
camelbert,T6,T6-f-0110,f,0.4407014846801758,1.4711079597473145,0.2361769676208496,True
camelbert,T6,T6-f-0111,f,2.9966347217559814,3.8344943523406982,1.8191640377044678,True
camelbert,T6,T6-f-0112,f,0.8618435859680176,0.2989621162414551,0.731541633605957,True
camelbert,T6,T6-f-0113,f,-1.804032802581787,-1.1606061458587646,-2.629173994064331,False
camelbert,T6,T6-f-0114,f,-0.694389820098877,-0.1273670196533203,-0.8045997619628906,False
camelbert,T6,T6-f-0115,f,-0.05429983139038086,-0.12678861618041992,-0.05917978286743164,False
camelbert,T6,T6-f-0116,f,1.1580231189727783,1.5899314880371094,0.8678810596466064,True
camelbert,T6,T6-f-0117,f,-3.1705737113952637,-0.6337356567382812,-0.43584442138671875,False
camelbert,T6,T6-f-0118,f,-2.169435501098633,-1.6229615211486816,-1.8443703651428223,False
camelbert,T6,T6-f-0119,f,0.8258109092712402,1.9041943550109863,0.9428293704986572,True
camelbert,T6,T6-f-0120,f,-4.889492511749268,-4.291337490081787,-3.060143232345581,False
camelbert,T6,T6-f-0121,f,1.0909395217895508,1.908133864402771,0.4427309036254883,True
camelbert,T6,T6-f-0122,f,-1.0123119354248047,-1.3028488159179688,-1.375901699066162,False
camelbert,T6,T6-f-0123,f,0.9631590843200684,1.6611995697021484,0.5518050193786621,True
camelbert,T6,T6-f-0124,f,0.18257570266723633,-0.5220837593078613,-0.22662353515625,True
camelbert,T6,T6-f-0125,f,0.1324784755706787,0.44580578804016113,-0.03264498710632324,True
camelbert,T6,T6-f-0126,f,-0.8202981948852539,0.7492465972900391,-0.6900835037231445,False
camelbert,T6,T6-f-0127,f,0.5800132751464844,1.0585031509399414,0.2793288230895996,True
camelbert,T6,T6-f-0128,f,-3.9402921199798584,-0.8292453289031982,-3.161349296569824,False
camelbert,T6,T6-f-0129,f,-4.377774715423584,-3.4026670455932617,-0.7855606079101562,False
camelbert,T6,T6-f-0130,f,0.05239582061767578,0.31116485595703125,0.10503196716308594,True
camelbert,T6,T6-f-0131,f,1.4614925384521484,2.8402583599090576,2.4122071266174316,True
camelbert,T6,T6-f-0132,f,-0.4230923652648926,-0.0907745361328125,-0.3954486846923828,False
camelbert,T6,T6-f-0133,f,-0.9697465896606445,0.07249212265014648,-0.38747119903564453,False
camelbert,T6,T6-f-0134,f,-4.906205177307129,-3.766542911529541,-3.3296334743499756,False
camelbert,T6,T6-f-0135,f,-0.7457127571105957,1.0810761451721191,1.0227270126342773,False
camelbert,T6,T6-f-0136,f,0.03157186508178711,-0.214827299118042,0.019690990447998047,True
camelbert,T6,T6-f-0137,f,-1.5722136497497559,0.10759544372558594,-1.553544044494629,False
camelbert,T6,T6-f-0138,f,3.448409080505371,3.6505613327026367,3.039177417755127,True
camelbert,T6,T6-f-0139,f,-6.984118461608887,-6.01235294342041,-3.2770299911499023,False
camelbert,T6,T6-f-0140,f,-0.7557868957519531,-0.4715404510498047,-0.8038218021392822,False
camelbert,T6,T6-f-0141,f,-2.588527202606201,-1.3800053596496582,-1.9498529434204102,False
camelbert,T6,T6-f-0142,f,2.340531826019287,2.718575954437256,1.866696834564209,True
camelbert,T6,T6-f-0143,f,0.8303074836730957,1.1803712844848633,0.781095027923584,True
camelbert,T6,T6-f-0144,f,1.5464653968811035,1.6862173080444336,0.946617603302002,True
camelbert,T6,T6-f-0145,f,0.8348536491394043,2.0418944358825684,0.64825439453125,True
camelbert,T6,T6-f-0146,f,-6.63086462020874,-5.952053070068359,-5.506096363067627,False
camelbert,T6,T6-f-0147,f,0.7305381298065186,2.0711424350738525,1.5806591510772705,True
camelbert,T6,T6-f-0148,f,-0.6843551397323608,-1.2072312831878662,-0.7968883514404297,False
camelbert,T6,T6-f-0149,f,1.5104684829711914,1.845085859298706,1.408714771270752,True
camelbert,T6,T6-f-0150,f,0.4621610641479492,1.9016680717468262,0.3439645767211914,True
camelbert,T6,T6-f-0151,f,-0.6606903076171875,1.8885433673858643,-0.5473623275756836,False
camelbert,T6,T6-f-0152,f,-5.936974048614502,-3.561375141143799,-6.040337085723877,False
camelbert,T6,T6-f-0153,f,-2.5261003971099854,-2.8470795154571533,-2.355827808380127,False
camelbert,T6,T6-f-0154,f,-1.9332818984985352,-2.560622453689575,-1.811781644821167,False
camelbert,T6,T6-f-0155,f,-0.5203957557678223,0.27662038803100586,0.19988608360290527,False
camelbert,T6,T6-f-0156,f,1.2453272342681885,1.8789923191070557,1.3359451293945312,True
camelbert,T6,T6-f-0157,f,-1.6115117073059082,-2.5534210205078125,-2.11018705368042,False
camelbert,T6,T6-f-0158,f,2.342542886734009,3.234405040740967,2.1721935272216797,True
camelbert,T6,T6-f-0159,f,1.2157788276672363,0.9458575248718262,1.212073802947998,True
camelbert,T6,T6-f-0160,f,-0.7759304046630859,-0.9828510284423828,-0.1124582290649414,False
camelbert,T6,T6-f-0161,f,1.0495076179504395,1.8248786926269531,0.7055578231811523,True
camelbert,T6,T6-f-0162,f,-0.8350048065185547,-0.47223329544067383,-1.6488533020019531,False
camelbert,T6,T6-f-0163,f,-0.48651862144470215,1.26556396484375,-0.3685661554336548,False
camelbert,T6,T6-f-0164,f,-3.488037109375,-4.2340240478515625,-3.9330086708068848,False
camelbert,T6,T6-f-0165,f,-0.6914758682250977,0.06537818908691406,-0.23834514617919922,False
camelbert,T6,T6-f-0166,f,-1.0011234283447266,-0.6342658996582031,-0.925440788269043,False
camelbert,T6,T6-f-0167,f,-2.375498056411743,-2.271254301071167,-2.0831990242004395,False
camelbert,T6,T6-f-0168,f,-0.9411911964416504,0.6770234107971191,-0.6640110015869141,False
camelbert,T6,T6-f-0169,f,-1.4975032806396484,-1.1289339065551758,-1.436227798461914,False
camelbert,T6,T6-f-0170,f,-0.6842761039733887,0.024517059326171875,-0.40445780754089355,False
camelbert,T6,T6-f-0171,f,1.4401664733886719,1.28181791305542,0.8817071914672852,True
camelbert,T6,T6-f-0172,f,0.4038982391357422,0.39183855056762695,-0.5011692047119141,True
camelbert,T6,T6-f-0173,f,1.7819743156433105,2.9525952339172363,1.9984183311462402,True
camelbert,T6,T6-f-0174,f,1.6692047119140625,2.9471235275268555,1.8674683570861816,True
camelbert,T6,T6-f-0175,f,-1.8977957963943481,-0.8783315420150757,-2.3247594833374023,False
camelbert,T6,T6-f-0176,f,-5.014640808105469,-4.474436283111572,-5.229120254516602,False
camelbert,T6,T6-f-0177,f,-2.138854742050171,-1.8493553400039673,-1.3760164976119995,False
camelbert,T6,T6-f-0178,f,0.8290996551513672,1.256035566329956,0.9440747499465942,True
camelbert,T6,T6-f-0179,f,0.04811239242553711,0.06697893142700195,-0.2697584629058838,True
camelbert,T6,T6-f-0180,f,-1.491259217262268,-3.3010683059692383,-1.229154109954834,False
camelbert,T6,T6-f-0181,f,-2.5380876064300537,-1.7145748138427734,-2.1854734420776367,False
camelbert,T6,T6-f-0182,f,-0.3213539123535156,-0.6441287994384766,0.6163201332092285,False
camelbert,T6,T6-f-0183,f,-1.5237581729888916,-1.016958236694336,-0.5551590919494629,False
camelbert,T6,T6-f-0184,f,0.8154542446136475,1.4772307872772217,0.25114965438842773,True
camelbert,T6,T6-f-0185,f,0.5059539079666138,1.930060625076294,3.201488971710205,True
camelbert,T6,T6-f-0186,f,0.266082763671875,0.25022339820861816,0.1692051887512207,True
camelbert,T6,T6-f-0187,f,-2.6372058391571045,-0.9028737545013428,-1.9008296728134155,False
camelbert,T6,T6-f-0188,f,0.49770116806030273,0.9522814750671387,0.774754524230957,True
camelbert,T6,T6-f-0189,f,0.5790820121765137,0.9738101959228516,0.3060302734375,True
camelbert,T6,T6-f-0190,f,-0.2291431427001953,0.13559293746948242,0.21623992919921875,False
camelbert,T6,T6-f-0191,f,0.7537100315093994,1.912022590637207,0.5440564155578613,True
camelbert,T6,T6-f-0192,f,-1.2140889167785645,-1.366377830505371,-0.4974982738494873,False
camelbert,T6,T6-f-0193,f,1.2216345071792603,1.8197908401489258,2.825413942337036,True
camelbert,T6,T6-f-0194,f,0.9406213760375977,1.0211448669433594,0.6029453277587891,True
camelbert,T6,T6-f-0195,f,0.6569056510925293,1.51585054397583,0.5831930637359619,True
camelbert,T6,T6-f-0196,f,-2.2487144470214844,-1.2404637336730957,0.0004100799560546875,False
camelbert,T6,T6-f-0197,f,-4.056382179260254,-3.167268753051758,-3.14931583404541,False
camelbert,T6,T6-f-0198,f,-6.37699556350708,-3.5895938873291016,-3.3808140754699707,False
camelbert,T6,T6-f-0199,f,-0.6596894264221191,-0.8700516223907471,-1.0031527280807495,False
camelbert,T6,T6-f-0200,f,-0.7512316703796387,-0.4693267345428467,-1.6118865013122559,False
camelbert,T6,T6-f-0201,f,0.8499441146850586,1.451662540435791,1.2758965492248535,True
camelbert,T6,T6-f-0202,f,-1.162240982055664,-1.388353943824768,-1.446192741394043,False
camelbert,T6,T6-f-0203,f,1.0035840272903442,1.5940194129943848,1.2029201984405518,True
camelbert,T6,T6-f-0204,f,-3.955263137817383,-1.257127046585083,-1.6476178169250488,False
camelbert,T6,T6-f-0205,f,-1.6549761295318604,-0.39757680892944336,-1.1733241081237793,False
camelbert,T6,T6-f-0206,f,-5.572415351867676,-6.136597156524658,-5.057208061218262,False
camelbert,T6,T6-f-0207,f,1.7889723777770996,2.4163594245910645,0.20206737518310547,True
camelbert,T6,T6-f-0208,f,-3.24284029006958,-3.623178005218506,-3.1495232582092285,False
camelbert,T6,T6-f-0209,f,0.9277167320251465,2.230604648590088,0.6253838539123535,True
camelbert,T6,T6-f-0210,f,-4.4202189445495605,-5.206488132476807,-4.581366062164307,False
camelbert,T6,T6-f-0211,f,0.3733205795288086,0.361004114151001,0.08236503601074219,True
camelbert,T6,T6-f-0212,f,-0.7630410194396973,2.4983248710632324,-0.15183782577514648,False
camelbert,T6,T6-f-0213,f,1.4647784233093262,2.3971810340881348,2.299117088317871,True
camelbert,T6,T6-f-0214,f,2.333582878112793,2.9291133880615234,1.893911600112915,True
camelbert,T6,T6-f-0215,f,-0.43734925985336304,0.8353209495544434,0.04838871955871582,False
camelbert,T6,T6-f-0216,f,1.6166603565216064,2.784821033477783,1.4244650602340698,True
camelbert,T6,T6-f-0217,f,2.0987486839294434,2.2192959785461426,2.8055334091186523,True
camelbert,T6,T6-f-0218,f,-3.838804244995117,-0.23353052139282227,-0.8920109272003174,False
camelbert,T6,T6-f-0219,f,-0.10927343368530273,-0.048232078552246094,-0.6681561470031738,False
camelbert,T6,T6-f-0220,f,-1.5664011240005493,-1.4342222213745117,-1.364351511001587,False
camelbert,T6,T6-f-0221,f,-2.274264335632324,-2.061131477355957,-2.7399988174438477,False
camelbert,T6,T6-f-0222,f,-0.15946483612060547,0.20702409744262695,-0.4072384834289551,False
camelbert,T6,T6-f-0223,f,-0.8784570693969727,-1.079719066619873,-0.7482314109802246,False
camelbert,T6,T6-f-0224,f,1.7382113933563232,3.8420443534851074,2.397137403488159,True
camelbert,T6,T6-f-0225,f,0.8981971740722656,2.341827869415283,0.9612414836883545,True
camelbert,T6,T6-f-0226,f,-1.7001399993896484,-0.8080730438232422,-0.5334091186523438,False
camelbert,T6,T6-f-0227,f,-0.82991623878479,1.162735939025879,-0.5905752182006836,False
camelbert,T6,T6-f-0228,f,-0.4122319221496582,0.1333026885986328,-0.5232625007629395,False
camelbert,T6,T6-f-0229,f,-1.3381719589233398,-1.481679916381836,-1.9965314865112305,False
camelbert,T6,T6-f-0230,f,-4.615772247314453,-3.011977195739746,-3.2088429927825928,False
camelbert,T6,T6-f-0231,f,-0.26086246967315674,-0.25630950927734375,-0.03602099418640137,False
camelbert,T6,T6-f-0232,f,2.6660327911376953,2.882770299911499,2.9518485069274902,True
camelbert,T6,T6-f-0233,f,1.2602155208587646,1.932439923286438,0.5477397441864014,True
camelbert,T6,T6-f-0234,f,-3.2370710372924805,-2.7480506896972656,-2.98976469039917,False
camelbert,T6,T6-f-0235,f,2.2088241577148438,2.1035876274108887,1.74212646484375,True
camelbert,T6,T6-f-0236,f,-0.010868310928344727,0.46504902839660645,1.4500055313110352,False
camelbert,T6,T6-f-0237,f,-0.8560829162597656,1.480198860168457,-0.36407899856567383,False
camelbert,T6,T6-f-0238,f,-2.0926907062530518,1.8606643676757812,-0.91239994764328,False
camelbert,T6,T6-f-0239,f,0.29324913024902344,-0.037827491760253906,0.09169626235961914,True
camelbert,T6,T6-f-0240,f,-1.4158092737197876,-0.3153996467590332,-1.2060246467590332,False
camelbert,T6,T6-f-0241,f,-0.010466575622558594,0.8458971977233887,-0.5744924545288086,False
camelbert,T6,T6-f-0242,f,-0.15057802200317383,-0.33466386795043945,-0.05378460884094238,False
camelbert,T6,T6-f-0243,f,0.21738195419311523,-0.5272045135498047,-0.3882784843444824,True
camelbert,T6,T6-f-0244,f,2.3180670738220215,2.7197155952453613,1.540757656097412,True
camelbert,T6,T6-f-0245,f,-4.370180606842041,-5.23569393157959,-2.811917781829834,False
camelbert,T6,T6-f-0246,f,-1.124547004699707,-0.9549198150634766,-0.8406572341918945,False
camelbert,T6,T6-f-0247,f,-0.8668060302734375,0.2407834529876709,-1.116476058959961,False
camelbert,T6,T6-f-0248,f,-1.1665291786193848,0.35160350799560547,-0.5084609985351562,False
camelbert,T6,T6-f-0249,f,-2.05954647064209,-0.9130648374557495,-0.5107913017272949,False
camelbert,T6,T6-f-0250,f,1.7937066555023193,3.1624915599823,0.5034499168395996,True
camelbert,T6,T6-f-0251,f,-2.2279953956604004,-2.3019778728485107,-2.1543915271759033,False
camelbert,T6,T6-f-0252,f,-0.7153759002685547,0.13017988204956055,-0.1478404998779297,False
camelbert,T6,T6-f-0253,f,1.022261619567871,2.457122802734375,1.1223092079162598,True
camelbert,T6,T6-f-0254,f,-1.4933159351348877,-1.1360113620758057,-1.5312050580978394,False
camelbert,T6,T6-f-0255,f,0.7048969268798828,1.5119709968566895,0.6835637092590332,True
camelbert,T6,T6-f-0256,f,-1.9107756614685059,-1.2014961242675781,-1.7319364547729492,False
camelbert,T6,T6-f-0257,f,0.7628171443939209,1.5952279567718506,2.0170321464538574,True
camelbert,T6,T6-f-0258,f,0.24619722366333008,0.2671070098876953,-0.43709468841552734,True
camelbert,T6,T6-f-0259,f,-2.6750998497009277,0.8588075637817383,0.2989535331726074,False
camelbert,T6,T6-f-0260,f,0.06557130813598633,0.5414218902587891,-0.5317378044128418,True
camelbert,T6,T6-f-0261,f,-3.282248020172119,-1.1374173164367676,-2.9719440937042236,False
camelbert,T6,T6-f-0262,f,0.3386249542236328,0.5751724243164062,0.42932653427124023,True
camelbert,T6,T6-f-0263,f,2.081571340560913,3.172022819519043,2.4418201446533203,True
camelbert,T6,T6-f-0264,f,-0.35469484329223633,-0.4734177589416504,-0.021821022033691406,False
camelbert,T6,T6-f-0265,f,1.4623494148254395,2.461909770965576,1.7669200897216797,True
camelbert,T6,T6-f-0266,f,-2.570528030395508,-2.1268539428710938,-2.6033570766448975,False
camelbert,T6,T6-f-0267,f,0.8250808715820312,1.9029631614685059,1.1202878952026367,True
camelbert,T6,T6-f-0268,f,-2.037123680114746,-1.1637687683105469,-0.9024758338928223,False
camelbert,T6,T6-f-0269,f,-3.7708773612976074,0.23825162649154663,-3.406982421875,False
camelbert,T6,T6-f-0270,f,0.32862091064453125,1.208329200744629,1.027719497680664,True
camelbert,T6,T6-f-0271,f,1.7809839248657227,2.0730676651000977,1.674654483795166,True
camelbert,T6,T6-f-0272,f,-0.5111007690429688,-0.9721498489379883,-0.037374019622802734,False
camelbert,T6,T6-f-0273,f,1.3074431419372559,2.6517186164855957,1.5742897987365723,True
camelbert,T6,T6-f-0274,f,-2.3749914169311523,-0.997462272644043,-2.0390520095825195,False
camelbert,T6,T6-f-0275,f,-0.852281928062439,-0.07227802276611328,-1.0699350833892822,False
camelbert,T6,T6-f-0276,f,-2.922940731048584,-2.992438793182373,-2.929779052734375,False
camelbert,T6,T6-f-0277,f,-0.56382155418396,-0.7429537773132324,-0.4763643741607666,False
camelbert,T6,T6-f-0278,f,-4.161559104919434,-4.329575538635254,-2.5107932090759277,False
camelbert,T6,T6-f-0279,f,0.13840800523757935,1.2514073848724365,-0.278868705034256,True
camelbert,T6,T6-f-0280,f,0.08097696304321289,0.4243803024291992,0.1635570526123047,True
camelbert,T6,T6-f-0281,f,-3.809441566467285,-3.137526512145996,-3.4200708866119385,False
camelbert,T6,T6-f-0282,f,-0.5687065124511719,0.15268230438232422,-0.5648036003112793,False
camelbert,T6,T6-f-0283,f,-0.977360725402832,-1.6453733444213867,-3.4529099464416504,False
camelbert,T6,T6-f-0284,f,-4.608279228210449,-2.9624273777008057,-1.7891244888305664,False
camelbert,T6,T6-f-0285,f,1.496537208557129,2.470813035964966,1.175755500793457,True
camelbert,T6,T6-f-0286,f,-0.1305408477783203,-0.6430473327636719,-0.6678214073181152,False
camelbert,T6,T6-f-0287,f,0.38732147216796875,1.8388004302978516,0.7788867950439453,True
camelbert,T6,T6-f-0288,f,-1.6219525337219238,-1.0399389266967773,-0.713198184967041,False
camelbert,T6,T6-f-0289,f,-0.12565040588378906,1.1748600006103516,0.4696054458618164,False
camelbert,T6,T6-f-0290,f,1.4906353950500488,1.058328628540039,1.3388009071350098,True
camelbert,T6,T6-f-0291,f,-0.12906455993652344,0.9530272483825684,0.0798802375793457,False
camelbert,T6,T6-f-0292,f,-1.6448945999145508,-0.3228788375854492,-1.8968520164489746,False
camelbert,T6,T6-f-0293,f,-0.0623784065246582,0.0858464241027832,-0.20771503448486328,False
camelbert,T6,T6-f-0294,f,-0.875847339630127,-0.9173710346221924,-1.6754846572875977,False
camelbert,T6,T6-f-0295,f,0.28612422943115234,1.024430274963379,0.7542695999145508,True
camelbert,T6,T6-f-0296,f,-4.017117023468018,-3.4384851455688477,-3.959005355834961,False
camelbert,T6,T6-f-0297,f,2.493757724761963,3.005235195159912,1.600393295288086,True
camelbert,T6,T6-f-0298,f,2.2296791076660156,3.722963809967041,2.7107439041137695,True
camelbert,T6,T6-f-0299,f,3.2919843196868896,3.6375436782836914,2.2646679878234863,True
camelbert,T6,T6-f-0300,f,-4.502478122711182,-3.9310450553894043,-3.5140390396118164,False
camelbert,T6,T6-f-0301,f,-0.41345834732055664,-0.1768813133239746,-0.27802562713623047,False
camelbert,T6,T6-f-0302,f,-0.90389084815979,-1.1403565406799316,0.26238441467285156,False
camelbert,T6,T6-f-0303,f,-4.579675674438477,-3.175635814666748,-2.687488317489624,False
camelbert,T6,T6-f-0304,f,-6.351212978363037,-4.2576189041137695,-6.4079766273498535,False
camelbert,T6,T6-f-0305,f,-2.0988855361938477,-2.1049211025238037,-1.7815260887145996,False
camelbert,T6,T6-f-0306,f,0.16993045806884766,-0.40514469146728516,0.06621599197387695,True
camelbert,T6,T6-f-0307,f,-0.38484591245651245,-1.7854787111282349,-2.412064552307129,False
camelbert,T6,T6-f-0308,f,-3.1904141902923584,-2.6693530082702637,-3.5262551307678223,False
camelbert,T6,T6-f-0309,f,-0.17149949073791504,0.11981344223022461,-0.12404155731201172,False
camelbert,T6,T6-f-0310,f,-1.7491934299468994,-2.439072847366333,-1.5863442420959473,False
camelbert,T6,T6-f-0311,f,-1.6397819519042969,-0.9897087812423706,0.1817626953125,False
camelbert,T6,T6-f-0312,f,2.9406018257141113,3.2002525329589844,2.2750892639160156,True
camelbert,T6,T6-f-0313,f,-1.0270929336547852,0.06909561157226562,-0.934910774230957,False
camelbert,T6,T6-f-0314,f,-2.0284347534179688,-1.1686763763427734,-2.1514365673065186,False
camelbert,T6,T6-f-0315,f,-0.22549009323120117,2.0014162063598633,-0.2929410934448242,False
camelbert,T6,T6-f-0316,f,-3.508788585662842,-3.308621883392334,-3.121497631072998,False
camelbert,T6,T6-f-0317,f,0.825026273727417,3.223393678665161,1.658811330795288,True
camelbert,T6,T6-f-0318,f,1.696667194366455,1.5288844108581543,1.652238368988037,True
camelbert,T6,T6-f-0319,f,0.39830124378204346,1.943705677986145,0.20393997430801392,True
camelbert,T6,T6-f-0320,f,-1.5103566646575928,-1.131840705871582,-2.1949150562286377,False
camelbert,T6,T6-f-0321,f,-0.404130220413208,-0.10884690284729004,0.8618674278259277,False
camelbert,T6,T6-f-0322,f,1.658172607421875,0.7688002586364746,1.7479987144470215,True
camelbert,T6,T6-f-0323,f,-0.8696625232696533,-0.37438535690307617,-1.312194585800171,False
camelbert,T6,T6-f-0324,f,-0.8369002342224121,-0.3301362991333008,-1.82216477394104,False
camelbert,T6,T6-f-0325,f,-2.3720831871032715,-1.8245174884796143,-1.2662103176116943,False
camelbert,T6,T6-f-0326,f,0.14698421955108643,1.2741668224334717,0.04467177391052246,True
camelbert,T6,T6-f-0327,f,2.3342978954315186,2.8928799629211426,1.9041929244995117,True
camelbert,T6,T6-f-0328,f,-3.8773016929626465,-2.5904626846313477,-3.5986270904541016,False
camelbert,T6,T6-f-0329,f,-1.2859842777252197,-0.7468037605285645,-0.5421462059020996,False
camelbert,T6,T6-f-0330,f,1.7320432662963867,1.8260645866394043,1.6310701370239258,True
camelbert,T6,T6-f-0331,f,1.635312557220459,1.1587010622024536,0.77585768699646,True
camelbert,T6,T6-f-0332,f,-1.397010326385498,-0.7506680488586426,-0.881352424621582,False
camelbert,T6,T6-f-0333,f,0.3369932174682617,0.23754596710205078,-0.0690913200378418,True
camelbert,T6,T6-f-0334,f,-1.0073362588882446,0.4039618968963623,1.6553233861923218,False
camelbert,T6,T6-f-0335,f,2.912235736846924,3.672086715698242,2.950542449951172,True
camelbert,T6,T6-f-0336,f,1.0585426092147827,1.350847840309143,0.6970703601837158,True
camelbert,T6,T6-f-0337,f,-5.8017258644104,-2.8241264820098877,-4.861603260040283,False
camelbert,T6,T6-f-0338,f,0.10905349254608154,-0.049021005630493164,-0.8508574962615967,True
camelbert,T6,T6-f-0339,f,-6.419386386871338,-5.89594841003418,-6.747842788696289,False
camelbert,T6,T6-f-0340,f,-3.643935203552246,-3.1928272247314453,-3.153430461883545,False
camelbert,T6,T6-f-0341,f,-4.914583683013916,-5.167536735534668,-2.8611412048339844,False
camelbert,T6,T6-f-0342,f,-1.30325186252594,0.043552398681640625,-0.9825558662414551,False
camelbert,T6,T6-f-0343,f,-1.1867141723632812,0.6645679473876953,0.47751426696777344,False
camelbert,T6,T6-f-0344,f,0.7639780044555664,2.3723316192626953,1.0274863243103027,True
camelbert,T6,T6-f-0345,f,0.9461188316345215,2.369628429412842,1.359271764755249,True
camelbert,T6,T6-f-0346,f,0.5396146774291992,1.316452980041504,0.7372884750366211,True
camelbert,T6,T6-f-0347,f,-0.2428450584411621,0.7656655311584473,-0.7015781402587891,False
camelbert,T6,T6-f-0348,f,-0.4162287712097168,1.3357057571411133,-0.2706422805786133,False
camelbert,T6,T6-f-0349,f,-0.7231978178024292,0.556684136390686,-0.050924599170684814,False
camelbert,T6,T6-f-0350,f,-0.784909725189209,-0.3014407157897949,-1.0647597312927246,False
camelbert,T6,T6-f-0351,f,-0.2040097713470459,-0.05671525001525879,0.14889001846313477,False
camelbert,T6,T6-f-0352,f,-1.2123644351959229,-0.4183621406555176,-0.33675336837768555,False
camelbert,T6,T6-f-0353,f,1.3924102783203125,2.3906946182250977,1.6698942184448242,True
camelbert,T6,T6-f-0354,f,-0.06208610534667969,1.9159955978393555,-0.9702205657958984,False
camelbert,T6,T6-f-0355,f,1.428581953048706,2.7158892154693604,1.4686989784240723,True
camelbert,T6,T6-f-0356,f,-1.0812277793884277,0.9633002281188965,-2.1895716190338135,False
camelbert,T6,T6-f-0357,f,-5.0547404289245605,-3.207035779953003,-5.017334461212158,False
camelbert,T6,T6-f-0358,f,0.40112876892089844,0.9531255960464478,0.8684274554252625,True
camelbert,T6,T6-f-0359,f,0.824854850769043,2.2526602745056152,0.7417201995849609,True
camelbert,T6,T6-f-0360,f,4.489307880401611,3.932342767715454,3.321345567703247,True
camelbert,T6,T6-f-0361,f,1.9280486106872559,2.3559982776641846,1.972729206085205,True
camelbert,T6,T6-f-0362,f,0.5226809978485107,3.0998103618621826,0.8491308689117432,True
camelbert,T6,T6-f-0363,f,1.8600115776062012,3.8543872833251953,1.1947040557861328,True
camelbert,T6,T6-f-0364,f,0.7149465084075928,2.3607420921325684,0.27928221225738525,True
camelbert,T6,T6-f-0365,f,0.4020988941192627,1.8988873958587646,1.0500507354736328,True
camelbert,T6,T6-f-0366,f,-3.686323642730713,-0.9867095947265625,-3.921058416366577,False
camelbert,T6,T6-f-0367,f,-1.0168695449829102,-0.20431041717529297,-0.6685552597045898,False
camelbert,T6,T6-f-0368,f,-1.2296679019927979,-2.006335496902466,-1.979844570159912,False
camelbert,T6,T6-f-0369,f,-2.9695024490356445,-2.8300318717956543,-2.6646571159362793,False
camelbert,T6,T6-f-0370,f,1.5776361227035522,3.013808488845825,1.083998441696167,True
camelbert,T6,T6-f-0371,f,-5.595239162445068,-4.6217851638793945,-4.097806453704834,False
camelbert,T6,T6-f-0372,f,-0.5392856597900391,-0.897979736328125,-0.3225412368774414,False
camelbert,T6,T6-f-0373,f,-1.663154125213623,-1.1990742683410645,-1.1254634857177734,False
camelbert,T6,T6-f-0374,f,1.9198031425476074,2.1851935386657715,2.1372814178466797,True
camelbert,T6,T6-f-0375,f,1.2293319702148438,1.0729670524597168,1.420046329498291,True
camelbert,T6,T6-f-0376,f,-4.655860900878906,-3.917825698852539,-5.1886138916015625,False
camelbert,T6,T6-f-0377,f,-3.788339614868164,-3.103545665740967,-3.108053684234619,False
camelbert,T6,T6-f-0378,f,-0.5353882312774658,0.3162965774536133,-0.03344011306762695,False
camelbert,T6,T6-f-0379,f,-1.7887866497039795,-2.0347020626068115,-0.9558062553405762,False
camelbert,T6,T6-f-0380,f,0.30984973907470703,1.6687946319580078,-0.07933855056762695,True
camelbert,T6,T6-f-0381,f,2.732240676879883,2.9017319679260254,2.391061305999756,True
camelbert,T6,T6-f-0382,f,0.4541783332824707,1.1565217971801758,0.13203096389770508,True
camelbert,T6,T6-f-0383,f,-0.009432792663574219,0.5751895904541016,0.13932085037231445,False
camelbert,T6,T6-f-0384,f,-0.26718640327453613,1.8274097442626953,0.20927810668945312,False
camelbert,T6,T6-f-0385,f,-1.5057127475738525,-3.1132097244262695,-1.592668056488037,False
camelbert,T6,T6-f-0386,f,-4.172804832458496,-3.175093650817871,-0.9475278854370117,False
camelbert,T6,T6-f-0387,f,-2.675132989883423,-0.9786529541015625,-2.257997751235962,False
camelbert,T6,T6-f-0388,f,1.1533422470092773,0.6528308391571045,0.6915910243988037,True
camelbert,T6,T6-f-0389,f,-3.8383350372314453,-3.431528091430664,-3.0908541679382324,False
camelbert,T6,T6-f-0390,f,0.33646583557128906,0.3873567581176758,-0.09661531448364258,True
camelbert,T6,T6-f-0391,f,0.9271426200866699,2.852686882019043,0.6869974136352539,True
camelbert,T6,T6-f-0392,f,-1.0965576171875,-0.33722686767578125,-1.215980887413025,False
camelbert,T6,T6-f-0393,f,-0.8907675743103027,-1.2652071714401245,-0.8569839000701904,False
camelbert,T6,T6-f-0394,f,-0.053540587425231934,-0.3543144464492798,-0.3753545880317688,False
camelbert,T6,T6-f-0395,f,0.050217628479003906,2.1036500930786133,0.39695310592651367,True
camelbert,T6,T6-f-0396,f,0.33968687057495117,0.46233367919921875,0.10530662536621094,True
camelbert,T6,T6-f-0397,f,-3.7106833457946777,-1.335362195968628,-1.7823338508605957,False
camelbert,T6,T6-f-0398,f,-0.8197422027587891,0.19788551330566406,-1.1330528259277344,False
camelbert,T6,T6-f-0399,f,-1.7929344177246094,-2.2312064170837402,-2.615084171295166,False
camelbert,T6,T6-f-0400,f,-2.153013229370117,-0.32565832138061523,-1.5032665729522705,False
camelbert,T6,T6-f-0401,f,-5.046853065490723,-2.6874775886535645,-3.1519546508789062,False
camelbert,T6,T6-f-0402,f,-3.068939208984375,-2.2132115364074707,-1.9114898443222046,False
camelbert,T6,T6-f-0403,f,-6.72587776184082,-4.222419738769531,-5.468329429626465,False
camelbert,T6,T6-f-0404,f,2.2023544311523438,1.7327570915222168,1.971672534942627,True
camelbert,T6,T6-f-0405,f,-2.971853256225586,0.03188729286193848,-1.8810205459594727,False
camelbert,T6,T6-f-0406,f,-1.4518928527832031,0.7909413576126099,-1.570483922958374,False
camelbert,T6,T6-f-0407,f,1.7957382202148438,2.4675064086914062,2.0338568687438965,True
camelbert,T6,T6-f-0408,f,-1.1032686233520508,1.0932230949401855,0.1413588523864746,False
camelbert,T6,T6-f-0409,f,-1.0674269199371338,-1.7609357833862305,-3.0144543647766113,False
camelbert,T6,T6-f-0410,f,1.433730125427246,2.016845703125,1.106330394744873,True
camelbert,T6,T6-f-0411,f,-0.38313937187194824,-1.2958433628082275,-1.61130952835083,False
camelbert,T6,T6-f-0412,f,-0.34984397888183594,-0.32448315620422363,-0.6342153549194336,False
camelbert,T6,T6-f-0413,f,-1.067674160003662,-0.7645173072814941,-1.0099658966064453,False
camelbert,T6,T6-f-0414,f,-1.2032461166381836,-0.39564990997314453,-1.1970374584197998,False
camelbert,T6,T6-f-0415,f,-1.0022125244140625,-1.4383206367492676,-0.6084184646606445,False
camelbert,T6,T6-f-0416,f,1.3708014488220215,0.657529354095459,1.4554193019866943,True
camelbert,T6,T6-f-0417,f,2.3856801986694336,2.823181629180908,1.6879067420959473,True
camelbert,T6,T6-f-0418,f,0.6580719947814941,0.11295509338378906,0.45894527435302734,True
camelbert,T6,T6-f-0419,f,-1.3756542205810547,-2.044243812561035,-1.522902250289917,False
camelbert,T6,T6-f-0420,f,-0.5272130966186523,-0.20155620574951172,-1.2106733322143555,False
camelbert,T6,T6-f-0421,f,-2.9361414909362793,-0.1354966163635254,-2.337428092956543,False
camelbert,T6,T6-f-0422,f,-2.5497756004333496,-0.5377163887023926,-2.498931884765625,False
camelbert,T6,T6-f-0423,f,1.748415470123291,1.9749226570129395,1.3520898818969727,True
camelbert,T6,T6-f-0424,f,-0.6300332546234131,-0.2764807939529419,-1.4986296892166138,False
camelbert,T6,T6-f-0425,f,-1.5207425355911255,-0.7883152961730957,-0.9207419157028198,False
camelbert,T6,T6-f-0426,f,-1.5517082214355469,-0.4264777898788452,-2.2206239700317383,False
camelbert,T6,T6-f-0427,f,1.2304913997650146,3.831101655960083,1.6463797092437744,True
camelbert,T6,T6-f-0428,f,-0.5335390567779541,1.1996426582336426,-0.7051725387573242,False
camelbert,T6,T6-f-0429,f,-0.1638636589050293,0.6663832664489746,0.4028916358947754,False
camelbert,T6,T6-f-0430,f,1.0401935577392578,0.38918161392211914,0.7245745658874512,True
camelbert,T6,T6-f-0431,f,1.7855637073516846,2.9170477390289307,1.5417132377624512,True
camelbert,T6,T6-f-0432,f,-1.1474759578704834,0.12311649322509766,1.8052034378051758,False
camelbert,T6,T6-f-0433,f,-2.2783050537109375,-1.4053151607513428,1.8392263650894165,False
camelbert,T6,T6-f-0434,f,1.1340513229370117,1.7363967895507812,1.0936026573181152,True
camelbert,T6,T6-f-0435,f,1.3647558689117432,1.8558342456817627,1.6504955291748047,True
camelbert,T6,T6-f-0436,f,1.0319552421569824,0.6735072135925293,0.616978645324707,True
camelbert,T6,T6-f-0437,f,-1.4940729141235352,-0.5813202857971191,-1.4139196872711182,False
camelbert,T6,T6-f-0438,f,0.954017162322998,1.3320918083190918,1.101574420928955,True
camelbert,T6,T6-f-0439,f,2.0032520294189453,3.1379594802856445,1.9065465927124023,True
camelbert,T6,T6-f-0440,f,-1.1625652313232422,-1.1830110549926758,-1.2997822761535645,False
camelbert,T6,T6-f-0441,f,1.4463024139404297,3.244986057281494,1.0177907943725586,True
camelbert,T6,T6-f-0442,f,0.20582008361816406,0.5015296936035156,0.08859491348266602,True
camelbert,T6,T6-f-0443,f,-4.416731357574463,-3.5932681560516357,-4.924880027770996,False
camelbert,T6,T6-f-0444,f,1.2360349893569946,1.545295238494873,1.3307586908340454,True
camelbert,T6,T6-f-0445,f,-0.02883058786392212,1.554543375968933,0.5539149045944214,False
camelbert,T6,T6-f-0446,f,-0.10700798034667969,0.7751195430755615,0.24688100814819336,False
camelbert,T6,T6-f-0447,f,-3.2747111320495605,-1.3813190460205078,-2.741713047027588,False
camelbert,T6,T6-f-0448,f,-0.25296878814697266,-0.5581159591674805,-1.2378969192504883,False
camelbert,T6,T6-f-0449,f,0.8170509338378906,1.9560952186584473,0.3013134002685547,True
camelbert,T6,T6-f-0450,f,-1.0828485488891602,-0.4023559093475342,-1.3482341766357422,False
camelbert,T6,T6-f-0451,f,0.7075133323669434,1.8860816955566406,0.4292895793914795,True
camelbert,T6,T6-f-0452,f,-6.044410705566406,-4.072408676147461,-0.5506505966186523,False
camelbert,T6,T6-f-0453,f,-2.1604504585266113,-1.902812123298645,-0.8304876685142517,False
camelbert,T6,T6-f-0454,f,-1.044980764389038,-1.8534512519836426,-0.45455312728881836,False
camelbert,T6,T6-f-0455,f,-0.11085629463195801,0.3679320812225342,0.2748725414276123,False
camelbert,T6,T6-f-0456,f,-3.6027162075042725,-2.827603816986084,-3.817176342010498,False
camelbert,T6,T6-f-0457,f,0.58528733253479,1.6226482391357422,0.8134298324584961,True
camelbert,T6,T6-f-0458,f,-1.6227706670761108,-0.15233182907104492,-1.599638819694519,False
camelbert,T6,T6-f-0459,f,0.5232741832733154,0.9843611717224121,2.5657408237457275,True
camelbert,T6,T6-f-0460,f,1.6236305236816406,2.1657848358154297,1.2434725761413574,True
camelbert,T6,T6-f-0461,f,1.0026450157165527,1.8877511024475098,0.48665904998779297,True
camelbert,T6,T6-f-0462,f,-4.963920593261719,-2.8205878734588623,-4.770373821258545,False
camelbert,T6,T6-f-0463,f,-1.3393521308898926,-1.473921298980713,-1.5165152549743652,False
camelbert,T6,T6-f-0464,f,-1.565004825592041,-0.3380270004272461,-2.83546781539917,False
camelbert,T6,T6-f-0465,f,0.26497411727905273,2.1071128845214844,0.6442370414733887,True
camelbert,T6,T6-f-0466,f,1.0532684326171875,1.119734287261963,0.9656972885131836,True
camelbert,T6,T6-f-0467,f,1.8271551132202148,1.743394374847412,1.4215679168701172,True
camelbert,T6,T6-f-0468,f,-0.9397616386413574,0.3570287227630615,0.411440372467041,False
camelbert,T6,T6-f-0469,f,2.9160690307617188,2.808709144592285,2.793482542037964,True
camelbert,T6,T6-f-0470,f,-1.238248586654663,-1.732659101486206,-1.3182768821716309,False
camelbert,T6,T6-f-0471,f,1.846083641052246,2.821887969970703,2.6959686279296875,True
camelbert,T6,T6-f-0472,f,1.7457475662231445,2.220226287841797,2.0476255416870117,True
camelbert,T6,T6-f-0473,f,-2.3220572471618652,-2.8137125968933105,-1.6274255514144897,False
camelbert,T6,T6-f-0474,f,-3.062800407409668,-2.7144479751586914,-3.7232747077941895,False
camelbert,T6,T6-f-0475,f,1.0894138813018799,2.5547635555267334,0.664696216583252,True
camelbert,T6,T6-f-0476,f,-1.9526222944259644,-2.171977996826172,-1.13882577419281,False
camelbert,T6,T6-f-0477,f,-2.2180514335632324,-2.2189722061157227,-3.07926344871521,False
camelbert,T6,T6-f-0478,f,0.7900466918945312,-0.5306787490844727,-0.6775002479553223,True
camelbert,T6,T6-f-0479,f,2.8350510597229004,3.4149022102355957,2.1478514671325684,True
camelbert,T6,T6-f-0480,f,-0.9661056995391846,-1.539140224456787,-0.9246716499328613,False
camelbert,T6,T6-f-0481,f,1.9958763122558594,2.030393600463867,1.8387675285339355,True
camelbert,T6,T6-f-0482,f,-1.0252342224121094,-1.0600275993347168,-0.7131586074829102,False
camelbert,T6,T6-f-0483,f,-0.28708887100219727,0.7929425239562988,0.6681795120239258,False
camelbert,T6,T6-f-0484,f,0.45001935958862305,2.6932106018066406,0.524817943572998,True
camelbert,T6,T6-f-0485,f,-1.8712917566299438,-1.5669221878051758,-2.2666563987731934,False
camelbert,T6,T6-f-0486,f,1.0794129371643066,1.5676040649414062,0.3464798927307129,True
camelbert,T6,T6-f-0487,f,1.3803064823150635,1.3954424858093262,1.5041759014129639,True
camelbert,T6,T6-f-0488,f,1.3606138229370117,2.453618049621582,1.2515978813171387,True
camelbert,T6,T6-f-0489,f,0.9717533588409424,1.4972875118255615,0.43261218070983887,True
camelbert,T6,T6-f-0490,f,-2.1351706981658936,-1.6923184394836426,-0.6325385570526123,False
camelbert,T6,T6-f-0491,f,-2.3268537521362305,-2.316032886505127,-2.3373146057128906,False
camelbert,T6,T6-f-0492,f,-4.938252925872803,-1.9901728630065918,-1.6435737609863281,False
camelbert,T6,T6-f-0493,f,1.358095407485962,0.3649008870124817,1.3912954330444336,True
camelbert,T6,T6-f-0494,f,0.7915481328964233,1.5276914834976196,0.7717280387878418,True
camelbert,T6,T6-f-0495,f,0.6128201484680176,0.2493915557861328,-0.17393922805786133,True
camelbert,T6,T6-f-0496,f,0.8888988494873047,1.761052131652832,0.5209736824035645,True
camelbert,T6,T6-f-0497,f,0.8291492462158203,1.6056184768676758,-0.11653423309326172,True
camelbert,T6,T6-f-0498,f,-3.625713586807251,-1.5817880630493164,-2.7598977088928223,False
camelbert,T6,T6-f-0499,f,0.394350528717041,0.9785232543945312,0.41842031478881836,True
camelbert,T6,T6-f-0500,f,-1.6110413074493408,0.06987380981445312,-2.1953279972076416,False
camelbert,T6,T6-f-0501,f,2.357788562774658,3.5332589149475098,2.1836934089660645,True
camelbert,T6,T6-f-0502,f,1.5988317728042603,2.1044058799743652,1.855727195739746,True
camelbert,T6,T6-f-0503,f,1.2981672286987305,1.000715732574463,1.2800936698913574,True
camelbert,T6,T6-f-0504,f,-0.9574832916259766,-0.20465373992919922,-1.4377038478851318,False
camelbert,T6,T6-f-0505,f,-3.1218929290771484,-3.330641746520996,-3.4070534706115723,False
camelbert,T6,T6-f-0506,f,-2.989119052886963,-2.6408772468566895,-3.9984002113342285,False
camelbert,T6,T6-f-0507,f,0.614555835723877,1.9469313621520996,1.0553832054138184,True
camelbert,T6,T6-f-0508,f,-1.816044807434082,0.5561208724975586,-1.9630804061889648,False
camelbert,T6,T6-f-0509,f,-2.775744676589966,-1.9143319129943848,0.08656191825866699,False
camelbert,T6,T6-f-0510,f,0.2525167465209961,0.617340087890625,0.3740348815917969,True
camelbert,T6,T6-f-0511,f,-0.6086430549621582,-0.5602364540100098,-0.20000600814819336,False
camelbert,T6,T6-f-0512,f,-2.6359806060791016,-0.8454580307006836,-1.6610302925109863,False
camelbert,T6,T6-f-0513,f,0.053258419036865234,0.9638476371765137,-0.3106060028076172,True
camelbert,T6,T6-f-0514,f,1.5708973407745361,1.7646162509918213,2.8475165367126465,True
camelbert,T6,T6-f-0515,f,-0.21027278900146484,0.6414284706115723,0.012406349182128906,False
camelbert,T6,T6-f-0516,f,1.8601441383361816,2.867684841156006,2.4468154907226562,True
camelbert,T6,T6-f-0517,f,1.7676539421081543,2.7696304321289062,1.202277421951294,True
camelbert,T6,T6-f-0518,f,-2.896718978881836,-0.1683025360107422,-3.4425973892211914,False
camelbert,T6,T6-f-0519,f,-2.4614250659942627,-1.3270864486694336,-1.2655515670776367,False
camelbert,T6,T6-f-0520,f,-8.61233901977539,-4.82297420501709,-3.215420722961426,False
camelbert,T6,T6-f-0521,f,-5.782858848571777,-4.628106117248535,-4.299639701843262,False
camelbert,T6,T6-f-0522,f,-2.2586119174957275,-0.13514983654022217,0.1949073076248169,False
camelbert,T6,T6-f-0523,f,-0.6533365249633789,-0.8109664916992188,-0.5178966522216797,False
camelbert,T6,T6-f-0524,f,0.7422933578491211,1.9420348405838013,0.7243179082870483,True
camelbert,T6,T6-f-0525,f,-0.2028036117553711,0.33231401443481445,-1.1226410865783691,False
camelbert,T6,T6-f-0526,f,1.2367854118347168,1.3793509006500244,1.0617225170135498,True
camelbert,T6,T6-f-0527,f,-4.433252334594727,-3.4659290313720703,-3.8170511722564697,False
camelbert,T6,T6-f-0528,f,-1.715034008026123,-1.894301414489746,-1.8644039630889893,False
camelbert,T6,T6-f-0529,f,-2.630167007446289,-1.11397123336792,-2.1383237838745117,False
camelbert,T6,T6-f-0530,f,1.0011920928955078,1.8543848991394043,0.7033319473266602,True
camelbert,T6,T6-f-0531,f,1.9572162628173828,1.4480390548706055,1.7866368293762207,True
camelbert,T6,T6-f-0532,f,-0.9014010429382324,1.7511720657348633,-0.4038393497467041,False
camelbert,T6,T6-f-0533,f,-1.6423289775848389,1.0658190250396729,-0.6139543056488037,False
camelbert,T6,T6-f-0534,f,0.04606342315673828,2.4925379753112793,0.5047712326049805,True
camelbert,T6,T6-f-0535,f,0.42159223556518555,0.5654206275939941,-0.777256965637207,True
camelbert,T6,T6-f-0536,f,-1.4433794021606445,-1.0909748077392578,-0.4065694808959961,False
camelbert,T6,T6-f-0537,f,-2.4479589462280273,0.31296277046203613,0.09254169464111328,False
camelbert,T6,T6-f-0538,f,-1.4413647651672363,-1.0552458763122559,-1.5837688446044922,False
camelbert,T6,T6-f-0539,f,-2.5675439834594727,-0.13484501838684082,-2.3864564895629883,False
camelbert,T6,T6-f-0540,f,-0.030231475830078125,-0.02784895896911621,-0.5813388824462891,False
camelbert,T6,T6-f-0541,f,-0.22928094863891602,1.188687801361084,-1.0700602531433105,False
camelbert,T6,T6-f-0542,f,-2.7614269256591797,-1.3558497428894043,-2.9358530044555664,False
camelbert,T6,T6-f-0543,f,-0.30860137939453125,0.5937104225158691,0.26331233978271484,False
camelbert,T6,T6-f-0544,f,2.7398557662963867,2.7377986907958984,2.3484854698181152,True
camelbert,T6,T6-f-0545,f,0.782860279083252,1.6107509136199951,1.1753020286560059,True
camelbert,T6,T6-f-0546,f,-2.284050941467285,-1.047170639038086,-0.3597893714904785,False
camelbert,T6,T6-f-0547,f,-0.01228475570678711,1.8270764350891113,-1.2813234329223633,False
camelbert,T6,T6-f-0548,f,-1.914316177368164,-2.4522812366485596,-2.375236988067627,False
camelbert,T6,T6-f-0549,f,-4.957749843597412,-6.290333271026611,-5.439781665802002,False
camelbert,T6,T6-f-0550,f,2.0965399742126465,2.098552942276001,2.1015257835388184,True
camelbert,T6,T6-f-0551,f,-0.3830995559692383,1.3682835102081299,0.055281639099121094,False
camelbert,T6,T6-f-0552,f,-1.2732086181640625,0.5184106826782227,0.22365045547485352,False
camelbert,T6,T6-f-0553,f,-3.617142677307129,-2.964743137359619,0.10584115982055664,False
camelbert,T6,T6-f-0554,f,1.4758150577545166,1.982408046722412,1.9890124797821045,True
camelbert,T6,T6-f-0555,f,-3.5287718772888184,-2.989841938018799,-3.6023616790771484,False
camelbert,T6,T6-f-0556,f,-0.4320344924926758,-0.18959951400756836,-0.10056829452514648,False
camelbert,T6,T6-f-0557,f,0.2152702808380127,0.9183335304260254,1.1989517211914062,True
camelbert,T6,T6-f-0558,f,2.2371068000793457,1.2151200771331787,0.47168493270874023,True
camelbert,T6,T6-f-0559,f,-0.6839356422424316,-0.1148991584777832,-0.48014259338378906,False
camelbert,T6,T6-f-0560,f,-1.4547615051269531,-1.2087273597717285,-1.0381312370300293,False
camelbert,T6,T6-f-0561,f,0.46381568908691406,1.5832853317260742,0.5943689346313477,True
camelbert,T6,T6-f-0562,f,-1.7935713529586792,-1.4948015213012695,-2.427920341491699,False
camelbert,T6,T6-f-0563,f,-1.6041719913482666,-0.5320334434509277,-1.623866081237793,False
camelbert,T6,T6-f-0564,f,-3.1751797199249268,-3.6580896377563477,-3.4672975540161133,False
camelbert,T6,T6-f-0565,f,-1.0019211769104004,-1.121894359588623,-1.617924690246582,False
camelbert,T6,T6-f-0566,f,-0.8211410045623779,0.3751213550567627,1.399423360824585,False
camelbert,T6,T6-f-0567,f,0.8961589336395264,1.1944043636322021,2.040008783340454,True
camelbert,T6,T6-f-0568,f,0.5622320175170898,1.0356521606445312,0.6759247779846191,True
camelbert,T6,T6-f-0569,f,-0.06841230392456055,-0.8148303031921387,-0.08672261238098145,False
camelbert,T6,T6-f-0570,f,1.476806402206421,2.067636251449585,0.7123360633850098,True
camelbert,T6,T6-f-0571,f,-2.053840398788452,-1.1317791938781738,-2.272050380706787,False
camelbert,T6,T6-f-0572,f,-2.5885438919067383,-1.4334697723388672,-2.4077277183532715,False
camelbert,T6,T6-f-0573,f,-1.403975486755371,-1.1753791570663452,-0.5725297927856445,False
camelbert,T6,T6-f-0574,f,-2.3664731979370117,-2.8499999046325684,-2.952579975128174,False
camelbert,T6,T6-f-0575,f,-1.5242743492126465,1.59031343460083,-1.1374201774597168,False
camelbert,T6,T6-f-0576,f,0.1332087516784668,0.9295735359191895,0.3473033905029297,True
camelbert,T6,T6-f-0577,f,-2.824026346206665,-2.085871934890747,-1.7385233640670776,False
camelbert,T6,T6-f-0578,f,-2.98435378074646,-2.8539083003997803,-1.7115087509155273,False
camelbert,T6,T6-f-0579,f,-2.454663038253784,-0.7134156227111816,-1.4611847400665283,False
camelbert,T6,T6-f-0580,f,-1.384620189666748,0.41615915298461914,-1.4495573043823242,False
camelbert,T6,T6-f-0581,f,0.5086531639099121,0.3935117721557617,0.5341701507568359,True
camelbert,T6,T6-f-0582,f,-1.161656379699707,-0.5991988182067871,-0.9301538467407227,False
camelbert,T6,T6-f-0583,f,1.5353870391845703,2.665609359741211,1.1422431468963623,True
camelbert,T6,T6-f-0584,f,0.4321274757385254,0.5656862258911133,1.5442562103271484,True
camelbert,T6,T6-f-0585,f,-2.152064800262451,-1.4770148992538452,-2.186039924621582,False
camelbert,T6,T6-f-0586,f,2.1065707206726074,1.8745701313018799,1.0467803478240967,True
camelbert,T6,T6-f-0587,f,0.12747621536254883,-0.09525632858276367,-0.2525804042816162,True
camelbert,T6,T6-f-0588,f,0.43581342697143555,1.1531991958618164,0.06826591491699219,True
camelbert,T6,T6-f-0589,f,0.27220821380615234,1.2898235321044922,-0.37741518020629883,True
camelbert,T6,T6-f-0590,f,-1.7916812896728516,-2.5695252418518066,-1.484723687171936,False
camelbert,T6,T6-f-0591,f,-2.3713345527648926,-0.8464953899383545,-1.375394344329834,False
camelbert,T6,T6-f-0592,f,0.9418196678161621,0.5717630386352539,0.4682321548461914,True
camelbert,T6,T6-f-0593,f,-5.663318634033203,-5.39519739151001,-5.447148323059082,False
camelbert,T6,T6-f-0594,f,0.5257630348205566,1.8648662567138672,0.34798359870910645,True
camelbert,T6,T6-f-0595,f,1.197648525238037,2.3822059631347656,2.108832836151123,True
camelbert,T6,T6-f-0596,f,-6.371607780456543,-2.839346170425415,-5.134755611419678,False
camelbert,T6,T6-f-0597,f,-4.8014020919799805,-4.651470184326172,-3.900707244873047,False
camelbert,T6,T6-f-0598,f,0.14966106414794922,0.44960784912109375,0.16338253021240234,True
camelbert,T6,T6-f-0599,f,0.2384815216064453,0.7714786529541016,0.5706939697265625,True
arbert,T3,T3-m-0000,m,-2.137118339538574,1.538710117340088,-2.650181531906128,False
arbert,T3,T3-m-0001,m,-0.6074399948120117,4.3098225593566895,-0.5086886882781982,False
arbert,T3,T3-m-0002,m,0.9508645534515381,1.6772539615631104,1.3402857780456543,True
arbert,T3,T3-m-0003,m,2.3454792499542236,4.72475004196167,1.743615746498108,True
arbert,T3,T3-m-0005,m,1.8980289697647095,4.281966209411621,1.644569993019104,True
arbert,T3,T3-m-0006,m,-0.5981531143188477,4.085363388061523,-1.1244091987609863,False
arbert,T3,T3-m-0007,m,-0.03279304504394531,3.511871337890625,-0.4983046054840088,False
arbert,T3,T3-m-0008,m,1.1711630821228027,2.525031566619873,0.5315594673156738,True
arbert,T3,T3-m-0009,m,-1.8726673126220703,4.454553127288818,-2.0107126235961914,False
arbert,T3,T3-m-0010,m,-2.46540904045105,3.283534049987793,-2.516781806945801,False
arbert,T3,T3-m-0011,m,-2.640132427215576,3.372586250305176,-2.572636127471924,False
arbert,T3,T3-m-0012,m,-1.9282066822052002,2.9782588481903076,-2.2063732147216797,False
arbert,T3,T3-m-0013,m,1.9376707077026367,3.0946695804595947,2.050367832183838,True
arbert,T3,T3-m-0014,m,-0.45634734630584717,1.7115188837051392,-0.11994516849517822,False
arbert,T3,T3-m-0015,m,-1.68818998336792,1.2799321413040161,-1.7769203186035156,False
arbert,T3,T3-m-0016,m,4.446827411651611,4.9955854415893555,5.0027174949646,True
arbert,T3,T3-m-0017,m,-0.9312396049499512,3.9330997467041016,-1.4794517755508423,False
arbert,T3,T3-m-0018,m,2.2682180404663086,3.3169198036193848,2.4285247325897217,True
arbert,T3,T3-m-0019,m,2.3730573654174805,4.038435935974121,1.8205186128616333,True
arbert,T3,T3-m-0020,m,-0.4425826072692871,2.9425792694091797,-0.37571775913238525,False
arbert,T3,T3-m-0021,m,-4.548343181610107,-0.29897356033325195,-4.279278755187988,False
arbert,T3,T3-m-0022,m,0.5998704433441162,2.874382734298706,-0.5075653791427612,True
arbert,T3,T3-m-0023,m,-3.134857654571533,3.0095033645629883,-2.143263816833496,False
arbert,T3,T3-m-0024,m,0.10520434379577637,3.1620283126831055,-0.09870481491088867,True
arbert,T3,T3-m-0025,m,-0.2373828887939453,4.412566184997559,-0.7039928436279297,False
arbert,T3,T3-m-0027,m,3.6220545768737793,4.844381332397461,3.8590309619903564,True
arbert,T3,T3-m-0028,m,1.049763560295105,3.887424945831299,1.5625020265579224,True
arbert,T3,T3-m-0029,m,1.8559291362762451,3.261626958847046,2.131511926651001,True
arbert,T3,T3-m-0030,m,0.9287455081939697,3.628150463104248,0.46138066053390503,True
arbert,T3,T3-m-0031,m,-1.1400408744812012,2.1119868755340576,-1.8026092052459717,False
arbert,T3,T3-m-0032,m,1.3326773643493652,1.8589015007019043,1.0209685564041138,True
arbert,T3,T3-m-0033,m,0.7068968415260315,2.8684263229370117,1.7435251474380493,True
arbert,T3,T3-m-0034,m,0.6280379295349121,3.1894280910491943,-0.028316020965576172,True
arbert,T3,T3-m-0035,m,1.6218879222869873,4.715156078338623,2.365689754486084,True
arbert,T3,T3-m-0036,m,1.7249119281768799,4.15117883682251,1.6611356735229492,True
arbert,T3,T3-m-0037,m,0.08867573738098145,3.5160269737243652,-0.6498429775238037,True
arbert,T3,T3-m-0039,m,1.806617021560669,2.819748878479004,1.5257081985473633,True
arbert,T3,T3-m-0040,m,-1.3084869384765625,4.956836700439453,-1.6575803756713867,False
arbert,T3,T3-m-0041,m,2.8655295372009277,4.461406707763672,3.0766992568969727,True
arbert,T3,T3-m-0042,m,5.871143341064453,5.821168422698975,4.6128387451171875,True
arbert,T3,T3-m-0043,m,2.222107410430908,3.2545089721679688,2.176693916320801,True
arbert,T3,T3-m-0044,m,4.337254524230957,5.077474594116211,4.835728168487549,True
arbert,T3,T3-m-0045,m,2.617257595062256,3.2788562774658203,1.9801445007324219,True
arbert,T3,T3-m-0046,m,-1.6908650398254395,0.33576005697250366,-2.048570394515991,False
arbert,T3,T3-m-0047,m,0.0069997310638427734,3.4531471729278564,0.8327964544296265,True
arbert,T3,T3-m-0048,m,-0.9483132362365723,1.6221230030059814,-0.37988996505737305,False
arbert,T3,T3-m-0049,m,-0.7408704161643982,1.7901531457901,-0.9789386987686157,False
arbert,T3,T3-m-0050,m,-0.36841297149658203,0.8288422226905823,-0.5215561389923096,False
arbert,T3,T3-m-0051,m,-1.3072404861450195,3.6137542724609375,-2.0645132064819336,False
arbert,T3,T3-m-0052,m,-0.572901725769043,2.6366639137268066,2.646273612976074,False
arbert,T3,T3-m-0053,m,0.40192222595214844,1.7387537956237793,0.5935837030410767,True
arbert,T3,T3-m-0054,m,-1.1093254089355469,5.18125057220459,-1.3492445945739746,False
arbert,T3,T3-m-0055,m,-2.03694748878479,-2.1227993965148926,-2.233454465866089,False
arbert,T3,T3-m-0056,m,-1.436103343963623,2.3689279556274414,-0.9394598007202148,False
arbert,T3,T3-m-0057,m,-0.31912100315093994,2.9211180210113525,0.46836400032043457,False
arbert,T3,T3-m-0058,m,-1.02079439163208,1.8636093139648438,-0.9483194351196289,False
arbert,T3,T3-m-0059,m,-1.0098323822021484,4.577174186706543,-1.0133118629455566,False
arbert,T3,T3-m-0061,m,-0.8576395511627197,2.464026689529419,-0.5058469772338867,False
arbert,T3,T3-m-0062,m,0.12331750988960266,1.3155090808868408,0.7161718010902405,True
arbert,T3,T3-m-0063,m,0.09741091728210449,2.384972095489502,-0.11642110347747803,True
arbert,T3,T3-m-0064,m,-0.9605178833007812,4.798527717590332,-1.1587257385253906,False
arbert,T3,T3-m-0065,m,-1.308481216430664,4.756793022155762,-1.2366762161254883,False
arbert,T3,T3-m-0066,m,-2.0823960304260254,3.25113582611084,-1.9157252311706543,False
arbert,T3,T3-m-0067,m,-0.3700144290924072,3.7524325847625732,0.023618698120117188,False
arbert,T3,T3-m-0068,m,1.4590601921081543,3.402946949005127,1.285902738571167,True
arbert,T3,T3-m-0069,m,0.7894041538238525,4.348897933959961,-0.2692195177078247,True
arbert,T3,T3-m-0070,m,1.0288352966308594,3.5800607204437256,1.1877259016036987,True
arbert,T3,T3-m-0071,m,-1.2942408323287964,1.4275169372558594,-0.8970721960067749,False
arbert,T3,T3-m-0073,m,1.4726736545562744,2.975034713745117,1.386100172996521,True
arbert,T3,T3-m-0074,m,-0.8328309059143066,3.3846044540405273,-0.9400749206542969,False
arbert,T3,T3-m-0075,m,0.3694801330566406,3.5521578788757324,-0.04093575477600098,True
arbert,T3,T3-m-0076,m,1.533712387084961,3.319025754928589,1.640108585357666,True
arbert,T3,T3-m-0077,m,1.9181435108184814,3.5536434650421143,1.8387031555175781,True
arbert,T3,T3-m-0078,m,3.82711124420166,4.381404876708984,3.871046781539917,True
arbert,T3,T3-m-0079,m,0.23676419258117676,2.667856454849243,-0.1611313819885254,True
arbert,T3,T3-m-0080,m,-0.33846545219421387,2.0339694023132324,-0.52632737159729,False
arbert,T3,T3-m-0081,m,3.317728042602539,2.489776611328125,3.917435646057129,True
arbert,T3,T3-m-0082,m,0.2228384017944336,3.738276958465576,0.5520181655883789,True
arbert,T3,T3-m-0083,m,-1.558967113494873,3.5856666564941406,-1.527273178100586,False
arbert,T3,T3-m-0084,m,0.1362457275390625,4.344208240509033,-0.32015419006347656,True
arbert,T3,T3-m-0085,m,2.107125759124756,2.7228074073791504,1.7720568180084229,True
arbert,T3,T3-m-0086,m,0.32366323471069336,2.7654027938842773,0.19242238998413086,True
arbert,T3,T3-m-0087,m,-0.131975919008255,1.9714395999908447,0.2483203411102295,False
arbert,T3,T3-m-0088,m,-2.1872477531433105,-2.4693126678466797,-1.3933372497558594,False
arbert,T3,T3-m-0089,m,3.3000943660736084,4.629241466522217,4.608221054077148,True
arbert,T3,T3-m-0090,m,-0.18224048614501953,2.323486804962158,-0.1654576063156128,False
arbert,T3,T3-m-0091,m,-4.115348815917969,1.0921688079833984,-3.610168933868408,False
arbert,T3,T3-m-0092,m,0.720684289932251,2.4884252548217773,1.454075574874878,True
arbert,T3,T3-m-0094,m,0.17469841241836548,2.1968894004821777,1.0196843147277832,True
arbert,T3,T3-m-0095,m,-3.7903497219085693,-0.9654510021209717,-2.4751815795898438,False
arbert,T3,T3-m-0096,m,2.675110340118408,3.463207960128784,3.964259147644043,True
arbert,T3,T3-m-0097,m,-1.8555798530578613,2.026669502258301,-1.4617054462432861,False
arbert,T3,T3-m-0098,m,-0.4471132755279541,1.8234843015670776,0.4285559058189392,False
arbert,T3,T3-m-0099,m,-0.03413796424865723,2.7200560569763184,-0.019078493118286133,False
arbert,T3,T3-m-0100,m,-0.9867041110992432,0.8577088713645935,-1.4907127618789673,False
arbert,T3,T3-m-0101,m,1.5732073783874512,4.100898265838623,1.2313165664672852,True
arbert,T3,T3-m-0102,m,2.4381492137908936,3.455765724182129,3.6417958736419678,True
arbert,T3,T3-m-0103,m,3.4419162273406982,4.352195739746094,3.7782742977142334,True
arbert,T3,T3-m-0104,m,1.2258038520812988,3.6530213356018066,1.1043752431869507,True
arbert,T3,T3-m-0106,m,-3.124359130859375,0.37563228607177734,-3.4121456146240234,False
arbert,T3,T3-m-0107,m,-0.8447203636169434,1.0063027143478394,-0.35306310653686523,False
arbert,T3,T3-m-0108,m,-0.2960822582244873,3.963312864303589,-0.42839789390563965,False
arbert,T3,T3-m-0109,m,2.9101147651672363,4.221970558166504,3.01533842086792,True
arbert,T3,T3-m-0110,m,0.5223047137260437,0.296333909034729,0.4408394992351532,True
arbert,T3,T3-m-0111,m,-1.323434829711914,1.2406368255615234,-0.14425873756408691,False
arbert,T3,T3-m-0112,m,1.6768741607666016,3.187819004058838,1.3237977027893066,True
arbert,T3,T3-m-0113,m,3.1414716243743896,3.832742214202881,3.7151708602905273,True
arbert,T3,T3-m-0114,m,3.3881726264953613,3.2523796558380127,1.7561585903167725,True
arbert,T3,T3-m-0115,m,0.1266791820526123,2.778663396835327,0.42058324813842773,True
arbert,T3,T3-m-0116,m,1.4988856315612793,3.4500622749328613,0.9378297328948975,True
arbert,T3,T3-m-0117,m,-1.5016816854476929,1.1659966707229614,-1.7054214477539062,False
arbert,T3,T3-m-0118,m,-0.08736097812652588,3.065206289291382,-0.8942565321922302,False
arbert,T3,T3-m-0119,m,-0.47199296951293945,3.8353219032287598,0.5429410934448242,False
arbert,T3,T3-m-0120,m,-0.5660967826843262,3.804128408432007,-0.5608081817626953,False
arbert,T3,T3-m-0121,m,-2.9233381748199463,-1.7878856658935547,-2.599332571029663,False
arbert,T3,T3-m-0122,m,-1.1312546730041504,2.2604799270629883,-0.31778448820114136,False
arbert,T3,T3-m-0123,m,-2.045609474182129,1.8224072456359863,-1.1517813205718994,False
arbert,T3,T3-m-0124,m,-0.5036201477050781,4.011815071105957,-1.8304271697998047,False
arbert,T3,T3-m-0125,m,-2.2809300422668457,-1.051060676574707,-0.9110738039016724,False
arbert,T3,T3-m-0127,m,-0.7485480308532715,4.177175521850586,-0.544952392578125,False
arbert,T3,T3-m-0128,m,-1.0769028663635254,3.749781370162964,-0.31584692001342773,False
arbert,T3,T3-m-0129,m,1.318681240081787,3.336398124694824,2.171262741088867,True
arbert,T3,T3-m-0130,m,2.5036940574645996,4.2517499923706055,1.6280808448791504,True
arbert,T3,T3-m-0131,m,2.1931495666503906,3.4597063064575195,1.933882236480713,True
arbert,T3,T3-m-0132,m,-0.6074609756469727,1.8726259469985962,-0.4799821376800537,False
arbert,T3,T3-m-0133,m,1.710681438446045,3.301908493041992,1.4040989875793457,True
arbert,T3,T3-m-0134,m,3.3649744987487793,4.880105018615723,3.7450199127197266,True
arbert,T3,T3-m-0135,m,-2.999492645263672,1.9534798860549927,-2.9436392784118652,False
arbert,T3,T3-m-0136,m,-2.1579880714416504,1.0498583316802979,-2.348794937133789,False
arbert,T3,T3-m-0138,m,2.2302870750427246,4.383790016174316,2.941561460494995,True
arbert,T3,T3-m-0139,m,-1.0535264015197754,3.1001076698303223,-0.41019344329833984,False
arbert,T3,T3-m-0140,m,3.783604860305786,4.371306896209717,4.157897472381592,True
arbert,T3,T3-m-0141,m,2.8208630084991455,5.107855796813965,2.0795881748199463,True
arbert,T3,T3-m-0142,m,-0.4468162953853607,0.7683162689208984,-1.6689605712890625,False
arbert,T3,T3-m-0143,m,-2.1760332584381104,1.7994096279144287,-2.462235450744629,False
arbert,T3,T3-m-0144,m,2.849273681640625,3.5085222721099854,3.0667741298675537,True
arbert,T3,T3-m-0145,m,-0.8194043636322021,3.0198214054107666,-0.5877175331115723,False
arbert,T3,T3-m-0146,m,0.16309046745300293,2.714230537414551,-0.27418947219848633,True
arbert,T3,T3-m-0147,m,1.6933351755142212,2.080329656600952,2.661705255508423,True
arbert,T3,T3-m-0148,m,-0.9481518268585205,3.0303680896759033,-1.1643986701965332,False
arbert,T3,T3-m-0149,m,3.4661383628845215,5.530694007873535,3.5341365337371826,True
arbert,T3,T3-m-0150,m,0.39029431343078613,3.137657642364502,1.872708797454834,True
arbert,T3,T3-m-0151,m,0.23766136169433594,2.5231211185455322,-1.007565975189209,True
arbert,T3,T3-m-0152,m,-1.9030206203460693,3.6101479530334473,-0.683176577091217,False
arbert,T3,T3-m-0153,m,-2.27030611038208,-2.459538459777832,-2.228592872619629,False
arbert,T3,T3-m-0154,m,-1.377018690109253,3.0794122219085693,-1.5267107486724854,False
arbert,T3,T3-m-0155,m,-2.872279167175293,-1.3638722896575928,-2.267359733581543,False
arbert,T3,T3-m-0156,m,0.46657228469848633,3.887629985809326,0.4139997959136963,True
arbert,T3,T3-m-0157,m,-1.063946008682251,1.5618281364440918,-0.2384771704673767,False
arbert,T3,T3-m-0159,m,1.6513659954071045,4.158004283905029,1.3423914909362793,True
arbert,T3,T3-m-0160,m,-0.9180378913879395,2.523956060409546,-0.394061803817749,False
arbert,T3,T3-m-0161,m,-0.9237828254699707,3.680537462234497,-0.39357471466064453,False
arbert,T3,T3-m-0162,m,3.6690738201141357,4.608565330505371,4.138598918914795,True
arbert,T3,T3-m-0163,m,1.9011104106903076,3.8058223724365234,1.3040661811828613,True
arbert,T3,T3-m-0164,m,2.2567739486694336,3.847694158554077,2.6831018924713135,True
arbert,T3,T3-m-0165,m,-1.968492031097412,0.6131417751312256,-2.119032621383667,False
arbert,T3,T3-m-0166,m,-0.8951462507247925,1.3575928211212158,-1.9515862464904785,False
arbert,T3,T3-m-0167,m,0.8585753440856934,3.2772164344787598,0.40408802032470703,True
arbert,T3,T3-m-0169,m,0.6300522089004517,2.3137435913085938,1.1397877931594849,True
arbert,T3,T3-m-0170,m,-1.6475176811218262,1.633991003036499,-1.2706191539764404,False
arbert,T3,T3-m-0171,m,-1.6660504341125488,3.1135802268981934,-1.894491195678711,False
arbert,T3,T3-m-0172,m,-1.801706314086914,3.4013352394104004,-1.765350341796875,False
arbert,T3,T3-m-0173,m,2.5051140785217285,3.5292019844055176,2.9312453269958496,True
arbert,T3,T3-m-0174,m,-2.233515977859497,2.8317081928253174,-1.4172989130020142,False
arbert,T3,T3-m-0175,m,0.6491142511367798,2.407841444015503,0.705751895904541,True
arbert,T3,T3-m-0176,m,-0.4029184579849243,3.607016086578369,-0.47554534673690796,False
arbert,T3,T3-m-0177,m,0.09758281707763672,3.181640863418579,0.21280765533447266,True
arbert,T3,T3-m-0178,m,1.0111722946166992,1.8149518966674805,-0.2303781509399414,True
arbert,T3,T3-m-0179,m,1.2214853763580322,2.510418653488159,1.3555727005004883,True
arbert,T3,T3-m-0180,m,-2.077115058898926,4.140162944793701,-2.2985177040100098,False
arbert,T3,T3-m-0181,m,1.1119048595428467,3.5286426544189453,1.0646085739135742,True
arbert,T3,T3-m-0182,m,0.5466834306716919,2.6354193687438965,0.40911710262298584,True
arbert,T3,T3-m-0183,m,-0.005520820617675781,2.874209403991699,0.7292273044586182,False
arbert,T3,T3-m-0184,m,0.12621355056762695,3.468339443206787,0.5800588130950928,True
arbert,T3,T3-m-0185,m,-4.3940558433532715,-4.839026927947998,-4.448111534118652,False
arbert,T3,T3-m-0186,m,3.581885814666748,5.320979118347168,3.960524559020996,True
arbert,T3,T3-m-0187,m,0.49241018295288086,0.8355231285095215,0.976839542388916,True
arbert,T3,T3-m-0188,m,-4.079261779785156,1.6129844188690186,-3.958317279815674,False
arbert,T3,T3-m-0189,m,2.786438465118408,3.7616629600524902,2.4797463417053223,True
arbert,T3,T3-m-0191,m,-0.597158670425415,3.9994077682495117,-0.2362964153289795,False
arbert,T3,T3-m-0192,m,-0.9135341644287109,4.753014087677002,-0.6813554763793945,False
arbert,T3,T3-m-0193,m,3.8678319454193115,3.404053211212158,3.944460391998291,True
arbert,T3,T3-m-0194,m,0.8102022409439087,4.293083190917969,0.008673548698425293,True
arbert,T3,T3-m-0195,m,3.247344970703125,3.511603832244873,3.4063868522644043,True
arbert,T3,T3-m-0196,m,-2.3436670303344727,1.9254674911499023,-1.9069762229919434,False
arbert,T3,T3-m-0197,m,4.174600601196289,4.212916851043701,2.585233211517334,True
arbert,T3,T3-m-0198,m,-0.5093140602111816,3.752383232116699,-0.6864733695983887,False
arbert,T3,T3-m-0199,m,2.2497620582580566,4.699850082397461,2.5558905601501465,True
arbert,T3,T3-m-0200,m,-2.662193775177002,3.739255428314209,-2.712045669555664,False
arbert,T3,T3-m-0201,m,2.407258987426758,3.6417980194091797,1.10996413230896,True
arbert,T3,T3-m-0203,m,3.2330822944641113,4.242131233215332,3.5635857582092285,True
arbert,T3,T3-m-0204,m,-1.2576556205749512,2.6195521354675293,-1.6125140190124512,False
arbert,T3,T3-m-0205,m,-0.5670113563537598,1.7290849685668945,-1.5959522724151611,False
arbert,T3,T3-m-0206,m,-0.24989521503448486,2.099311590194702,-0.49019837379455566,False
arbert,T3,T3-m-0207,m,2.357232093811035,4.670681476593018,2.5506484508514404,True
arbert,T3,T3-m-0208,m,-3.4388270378112793,2.568018913269043,-3.204868793487549,False
arbert,T3,T3-m-0209,m,-0.939420223236084,3.683061361312866,-1.6414885520935059,False
arbert,T3,T3-m-0210,m,-0.9635429382324219,2.0968050956726074,-0.8620128631591797,False
arbert,T3,T3-m-0211,m,-0.38067626953125,3.4927921295166016,-0.8793768882751465,False
arbert,T3,T3-m-0212,m,0.5946874618530273,2.3212509155273438,0.9577368497848511,True
arbert,T3,T3-m-0213,m,4.337347984313965,4.793562889099121,4.06866455078125,True
arbert,T3,T3-m-0214,m,0.5534999370574951,3.0682477951049805,-0.0440826416015625,True
arbert,T3,T3-m-0215,m,-1.7033262252807617,1.6291537284851074,-0.5891711711883545,False
arbert,T3,T3-m-0216,m,-1.347715139389038,2.510019540786743,-0.8473095893859863,False
arbert,T3,T3-m-0217,m,0.08694267272949219,5.318339824676514,0.2929229736328125,True
arbert,T3,T3-m-0218,m,-2.1377151012420654,-0.020652294158935547,-2.0844459533691406,False
arbert,T3,T3-m-0219,m,3.9279212951660156,4.611699104309082,2.6468915939331055,True
arbert,T3,T3-m-0220,m,0.05528974533081055,3.948582649230957,-0.17212915420532227,True
arbert,T3,T3-m-0221,m,0.8398975133895874,2.9140918254852295,1.0034836530685425,True
arbert,T3,T3-m-0222,m,-1.8415861129760742,4.4041428565979,-1.8351640701293945,False
arbert,T3,T3-m-0224,m,-0.6252226829528809,4.461623668670654,-0.5457005500793457,False
arbert,T3,T3-m-0225,m,-0.5841330885887146,2.96753191947937,-0.03572738170623779,False
arbert,T3,T3-m-0226,m,3.3332958221435547,4.123232364654541,2.2127256393432617,True
arbert,T3,T3-m-0227,m,2.065486431121826,4.0436530113220215,1.7475261688232422,True
arbert,T3,T3-m-0228,m,-1.6683921813964844,3.265998363494873,-1.4642925262451172,False
arbert,T3,T3-m-0229,m,-0.5218849182128906,2.328864336013794,-1.0695586204528809,False
arbert,T3,T3-m-0230,m,0.6820893287658691,2.978550434112549,0.540565013885498,True
arbert,T3,T3-m-0231,m,-1.538619041442871,4.520461082458496,-1.6077690124511719,False
arbert,T3,T3-m-0232,m,3.131019353866577,5.07563591003418,3.265092611312866,True
arbert,T3,T3-m-0233,m,2.5154025554656982,3.098970413208008,3.2430837154388428,True
arbert,T3,T3-m-0234,m,-1.9906976222991943,1.7250123023986816,-1.9718903303146362,False
arbert,T3,T3-m-0236,m,1.334622859954834,3.05623459815979,1.6840381622314453,True
arbert,T3,T3-m-0237,m,0.7788507342338562,3.30954909324646,1.5809611082077026,True
arbert,T3,T3-m-0238,m,1.4766292572021484,3.7338509559631348,0.29360294342041016,True
arbert,T3,T3-m-0239,m,-0.5755436420440674,2.1403250694274902,-0.946923017501831,False
arbert,T3,T3-m-0240,m,-3.1426353454589844,2.0157904624938965,-2.4492926597595215,False
arbert,T3,T3-m-0241,m,4.106627464294434,5.497543811798096,3.675093173980713,True
arbert,T3,T3-m-0242,m,-3.2228684425354004,3.1218810081481934,-2.847726821899414,False
arbert,T3,T3-m-0243,m,-1.2712459564208984,4.4873199462890625,-1.8615813255310059,False
arbert,T3,T3-m-0244,m,-0.9064037799835205,1.7478837966918945,-1.2110512256622314,False
arbert,T3,T3-m-0245,m,0.9682936668395996,3.378736972808838,1.0888268947601318,True
arbert,T3,T3-m-0246,m,1.0928912162780762,3.352753162384033,1.8372809886932373,True
arbert,T3,T3-m-0247,m,-0.23283956944942474,1.8280999660491943,-0.3689706325531006,False
arbert,T3,T3-m-0248,m,-0.745060920715332,3.5104551315307617,-1.715672492980957,False
arbert,T3,T3-m-0249,m,-1.4604356288909912,2.257295846939087,-0.4788171648979187,False
arbert,T3,T3-m-0250,m,-0.06485474109649658,2.277899980545044,0.443866491317749,False
arbert,T3,T3-m-0251,m,-1.2309114933013916,2.8660125732421875,-0.7496938705444336,False
arbert,T3,T3-m-0252,m,-3.2692155838012695,-2.973231077194214,-3.3005971908569336,False
arbert,T3,T3-m-0253,m,4.160552024841309,4.772237300872803,4.466823101043701,True
arbert,T3,T3-m-0254,m,-0.47306203842163086,2.979918956756592,0.6245062351226807,False
arbert,T3,T3-m-0255,m,0.3422422409057617,2.9736077785491943,0.25008535385131836,True
arbert,T3,T3-m-0256,m,0.7860586643218994,2.8272640705108643,1.6657981872558594,True
arbert,T3,T3-m-0258,m,1.3133026361465454,2.7949821949005127,1.3231991529464722,True
arbert,T3,T3-m-0259,m,-3.307755947113037,0.8451104164123535,-2.158425807952881,False
arbert,T3,T3-m-0260,m,-0.28818148374557495,3.9613711833953857,0.11007894575595856,False
arbert,T3,T3-m-0261,m,-2.6863622665405273,2.2221901416778564,-2.612922191619873,False
arbert,T3,T3-m-0262,m,-0.017767876386642456,2.143861770629883,0.2601131200790405,False
arbert,T3,T3-m-0263,m,-0.46973466873168945,4.946445941925049,-0.43734121322631836,False
arbert,T3,T3-m-0264,m,-1.7826824188232422,4.217633247375488,-1.6667499542236328,False
arbert,T3,T3-m-0265,m,-1.1808581352233887,4.233599662780762,-1.392791748046875,False
arbert,T3,T3-m-0266,m,-0.27921509742736816,2.2188189029693604,-0.6511257886886597,False
arbert,T3,T3-m-0267,m,-2.756864070892334,3.7260055541992188,-2.5240821838378906,False
arbert,T3,T3-m-0268,m,-0.10927629470825195,3.822986602783203,0.0699605941772461,False
arbert,T3,T3-m-0270,m,1.5248253345489502,3.509249448776245,1.1232271194458008,True
arbert,T3,T3-m-0271,m,-1.6015515327453613,2.599107027053833,-0.5973242521286011,False
arbert,T3,T3-m-0272,m,0.41297245025634766,2.980644941329956,-0.13659095764160156,True
arbert,T3,T3-m-0273,m,2.9230213165283203,4.516057968139648,3.2415919303894043,True
arbert,T3,T3-m-0274,m,0.2188991904258728,1.4846622943878174,0.4311726689338684,True
arbert,T3,T3-m-0275,m,1.223022699356079,2.887664794921875,0.13140273094177246,True
arbert,T3,T3-m-0276,m,-1.6460676193237305,4.553997993469238,-1.684218406677246,False
arbert,T3,T3-m-0277,m,1.8061909675598145,3.21525239944458,1.3646080493927002,True
arbert,T3,T3-m-0278,m,2.1867258548736572,4.682021617889404,2.503871440887451,True
arbert,T3,T3-m-0279,m,-1.1505298614501953,4.5158820152282715,-1.8440418243408203,False
arbert,T3,T3-m-0280,m,2.171765089035034,3.464912176132202,2.9251229763031006,True
arbert,T3,T3-m-0281,m,2.7273547649383545,3.714446544647217,2.2788634300231934,True
arbert,T3,T3-m-0282,m,0.6731548309326172,3.73917818069458,0.4697113037109375,True
arbert,T3,T3-m-0283,m,-4.193423271179199,-4.424872398376465,-4.516571521759033,False
arbert,T3,T3-m-0284,m,0.8615157604217529,4.511682510375977,1.1147152185440063,True
arbert,T3,T3-m-0285,m,-2.8451316356658936,0.5482676029205322,-2.2735276222229004,False
arbert,T3,T3-m-0286,m,2.3638381958007812,3.3275017738342285,0.8843133449554443,True
arbert,T3,T3-m-0287,m,-1.4792633056640625,2.80387020111084,-1.0808165073394775,False
arbert,T3,T3-m-0289,m,-1.3994312286376953,3.0704050064086914,-1.4940705299377441,False
arbert,T3,T3-m-0290,m,0.015540242195129395,0.07081842422485352,0.3457808792591095,True
arbert,T3,T3-m-0291,m,4.392378330230713,4.176191806793213,4.090953826904297,True
arbert,T3,T3-m-0292,m,-1.1697121858596802,0.9926655292510986,-1.1733061075210571,False
arbert,T3,T3-m-0293,m,0.05160987377166748,2.03920316696167,0.5998930931091309,True
arbert,T3,T3-m-0294,m,-1.8806657791137695,2.6671175956726074,-1.6030206680297852,False
arbert,T3,T3-m-0295,m,-1.1207666397094727,3.4675333499908447,-0.7881064414978027,False
arbert,T3,T3-m-0296,m,-0.5658962726593018,3.5013880729675293,-1.069175124168396,False
arbert,T3,T3-m-0297,m,2.3214378356933594,4.570619106292725,3.0668253898620605,True
arbert,T3,T3-m-0298,m,1.1160428524017334,4.024747371673584,1.2961809635162354,True
arbert,T3,T3-m-0299,m,3.3502089977264404,3.066253423690796,2.9797232151031494,True
arbert,T3,T3-m-0301,m,-0.26714515686035156,3.5252084732055664,-0.10064172744750977,False
arbert,T3,T3-m-0302,m,2.6296892166137695,5.791460037231445,1.7987060546875,True
arbert,T3,T3-m-0303,m,-0.6349921226501465,2.171764373779297,-0.8902425765991211,False
arbert,T3,T3-m-0304,m,2.168884038925171,3.334216594696045,1.9003269672393799,True
arbert,T3,T3-m-0305,m,-1.4844908714294434,0.5741972923278809,-1.0206141471862793,False
arbert,T3,T3-m-0306,m,-2.173403263092041,3.270176887512207,-1.549992322921753,False
arbert,T3,T3-m-0307,m,-0.5257387161254883,3.712019443511963,0.0034894943237304688,False
arbert,T3,T3-m-0308,m,-2.520576000213623,2.326399087905884,-2.9536242485046387,False
arbert,T3,T3-m-0309,m,0.13946114480495453,2.852247714996338,0.5916690826416016,True
arbert,T3,T3-m-0310,m,-0.2381657361984253,1.1030312776565552,-0.33907854557037354,False
arbert,T3,T3-m-0311,m,-1.1926813125610352,2.3722314834594727,-1.4556005001068115,False
arbert,T3,T3-m-0312,m,-2.244600772857666,1.719050407409668,-2.9278645515441895,False
arbert,T3,T3-m-0313,m,-0.5626366138458252,3.7591898441314697,-0.6994799375534058,False
arbert,T3,T3-m-0314,m,3.100903034210205,4.668356418609619,2.459949254989624,True
arbert,T3,T3-m-0315,m,1.6437807083129883,3.1551215648651123,0.9454984664916992,True
arbert,T3,T3-m-0316,m,-1.0349292755126953,2.9552459716796875,-1.4940900802612305,False
arbert,T3,T3-m-0317,m,-0.9191230535507202,-0.3530847430229187,-1.2117421627044678,False
arbert,T3,T3-m-0318,m,2.12874174118042,3.6824913024902344,2.3450162410736084,True
arbert,T3,T3-m-0319,m,2.13216495513916,3.9861252307891846,2.910909414291382,True
arbert,T3,T3-m-0320,m,-0.39141011238098145,3.6711692810058594,0.10056424140930176,False
arbert,T3,T3-m-0321,m,-0.11869561672210693,2.833460569381714,0.023615360260009766,False
arbert,T3,T3-m-0323,m,-2.5112993717193604,2.711622714996338,-2.7153429985046387,False
arbert,T3,T3-m-0324,m,0.007587432861328125,4.235593795776367,0.09345626831054688,True
arbert,T3,T3-m-0325,m,3.6099367141723633,4.758297443389893,2.850219964981079,True
arbert,T3,T3-m-0326,m,0.4724740982055664,3.9138007164001465,-0.36454105377197266,True
arbert,T3,T3-m-0327,m,-0.8728756904602051,3.112553119659424,0.7816934585571289,False
arbert,T3,T3-m-0328,m,-0.16631001234054565,3.5394322872161865,-0.26008734107017517,False
arbert,T3,T3-m-0329,m,-2.527034282684326,3.540863037109375,-2.245753765106201,False
arbert,T3,T3-m-0330,m,0.8126840591430664,4.221167087554932,0.9066205024719238,True
arbert,T3,T3-m-0331,m,-2.864384651184082,1.3563156127929688,-3.096527099609375,False
arbert,T3,T3-m-0332,m,-0.391618013381958,1.2926626205444336,-0.3388032913208008,False
arbert,T3,T3-m-0333,m,-0.5453197956085205,3.2750773429870605,-1.2131394147872925,False
arbert,T3,T3-m-0335,m,-0.19613361358642578,3.699502468109131,0.06220364570617676,False
arbert,T3,T3-m-0336,m,-1.3863344192504883,1.2170774936676025,-0.9903819561004639,False
arbert,T3,T3-m-0337,m,-2.74973726272583,1.4334568977355957,-2.5024211406707764,False
arbert,T3,T3-m-0338,m,-1.0215122699737549,2.0887184143066406,-1.5607681274414062,False
arbert,T3,T3-m-0339,m,4.028742790222168,5.65761661529541,4.574295997619629,True
arbert,T3,T3-m-0340,m,0.44044065475463867,3.7270021438598633,0.3837418556213379,True
arbert,T3,T3-m-0341,m,-1.9502863883972168,2.030268669128418,-3.485902786254883,False
arbert,T3,T3-m-0342,m,0.5508208274841309,3.145345687866211,1.1136760711669922,True
arbert,T3,T3-m-0343,m,-0.9492075443267822,2.0047249794006348,-2.180119752883911,False
arbert,T3,T3-m-0344,m,0.9736627340316772,2.4392614364624023,0.6769906878471375,True
arbert,T3,T3-m-0345,m,0.3585854768753052,4.393645286560059,0.42037200927734375,True
arbert,T3,T3-m-0346,m,-2.3391261100769043,1.7299063205718994,-2.075767993927002,False
arbert,T3,T3-m-0347,m,-0.6036548614501953,2.0632882118225098,-0.6425352096557617,False
arbert,T3,T3-m-0348,m,-2.0068607330322266,3.437429428100586,-1.4638495445251465,False
arbert,T3,T3-m-0349,m,2.5180275440216064,3.8554959297180176,3.142024517059326,True
arbert,T3,T3-m-0350,m,-4.364363670349121,-3.915630578994751,-4.470607280731201,False
arbert,T3,T3-m-0351,m,1.7960439920425415,4.02925968170166,3.379746437072754,True
arbert,T3,T3-m-0352,m,-2.7334837913513184,-0.5575430393218994,-1.2038556337356567,False
arbert,T3,T3-m-0353,m,-3.172062397003174,3.5631215572357178,-2.1509971618652344,False
arbert,T3,T3-m-0354,m,1.7830545902252197,2.8229904174804688,1.1322250366210938,True
arbert,T3,T3-m-0356,m,-2.6383728981018066,3.1078426837921143,-2.094939708709717,False
arbert,T3,T3-m-0357,m,1.024412751197815,3.373208522796631,1.8016538619995117,True
arbert,T3,T3-m-0358,m,0.24351024627685547,1.9354767799377441,1.0783098936080933,True
arbert,T3,T3-m-0359,m,0.9913362264633179,2.494551181793213,-0.14846959710121155,True
arbert,T3,T3-m-0360,m,-1.1372008323669434,4.970125675201416,-1.2542614936828613,False
arbert,T3,T3-m-0361,m,1.9703035354614258,1.1738436222076416,2.2315073013305664,True
arbert,T3,T3-m-0362,m,-1.0121994018554688,1.8154851198196411,-1.0652103424072266,False
arbert,T3,T3-m-0363,m,-2.6877808570861816,1.2263741493225098,-2.3157782554626465,False
arbert,T3,T3-m-0364,m,-1.5800899267196655,1.7510223388671875,-2.008209705352783,False
arbert,T3,T3-m-0365,m,-0.04936933517456055,3.2881462574005127,-0.281982421875,False
arbert,T3,T3-m-0366,m,-0.07337146997451782,2.1666784286499023,-0.17827194929122925,False
arbert,T3,T3-m-0367,m,0.7062523365020752,2.510209560394287,1.0311341285705566,True
arbert,T3,T3-m-0368,m,4.438332557678223,4.964912414550781,4.114553451538086,True
arbert,T3,T3-m-0369,m,0.15921735763549805,4.979001522064209,-0.3164072036743164,True
arbert,T3,T3-m-0370,m,4.71425724029541,4.473918437957764,5.002514362335205,True
arbert,T3,T3-m-0371,m,-1.6823097467422485,0.5323054790496826,-1.3211612701416016,False
arbert,T3,T3-m-0372,m,1.8311290740966797,3.2969093322753906,1.2810039520263672,True
arbert,T3,T3-m-0373,m,1.5225095748901367,3.633988618850708,0.9376049041748047,True
arbert,T3,T3-m-0374,m,-0.2731947898864746,4.092873573303223,-0.6890592575073242,False
arbert,T3,T3-m-0375,m,-0.2629852294921875,4.613080024719238,-0.25394535064697266,False
arbert,T3,T3-m-0376,m,1.8000034093856812,3.223912477493286,1.7701860666275024,True
arbert,T3,T3-m-0377,m,-0.6015233993530273,2.6307730674743652,-0.7545156478881836,False
arbert,T3,T3-m-0378,m,0.44095706939697266,4.453649520874023,-0.4157133102416992,True
arbert,T3,T3-m-0379,m,0.801598072052002,2.1483278274536133,0.8574610948562622,True
arbert,T3,T3-m-0380,m,-0.8071730136871338,0.5825580358505249,-0.5678192377090454,False
arbert,T3,T3-m-0381,m,0.42223191261291504,3.5849194526672363,1.7523993253707886,True
arbert,T3,T3-m-0382,m,-2.428436517715454,-2.8427064418792725,-2.8461599349975586,False
arbert,T3,T3-m-0383,m,-1.8926291465759277,4.147850036621094,-0.45538973808288574,False
arbert,T3,T3-m-0384,m,-0.5573563575744629,3.2947938442230225,0.2933610677719116,False
arbert,T3,T3-m-0385,m,-3.915593147277832,1.4068007469177246,-3.140049457550049,False
arbert,T3,T3-m-0386,m,-0.5572069883346558,2.5525074005126953,-0.3188023567199707,False
arbert,T3,T3-m-0388,m,1.489745855331421,2.9485654830932617,1.7894814014434814,True
arbert,T3,T3-m-0389,m,0.24366030097007751,3.877910852432251,0.6100888252258301,True
arbert,T3,T3-m-0390,m,3.3910083770751953,3.824385166168213,3.7583577632904053,True
arbert,T3,T3-m-0391,m,-3.1950221061706543,0.769261360168457,-3.567521572113037,False
arbert,T3,T3-m-0392,m,1.0800601243972778,2.8321759700775146,1.0544393062591553,True
arbert,T3,T3-m-0393,m,0.7705326080322266,4.1697211265563965,0.6585865020751953,True
arbert,T3,T3-m-0394,m,-1.2787492275238037,3.687715530395508,-1.656385898590088,False
arbert,T3,T3-m-0395,m,-2.980999708175659,1.619284987449646,-3.4840736389160156,False
arbert,T3,T3-m-0396,m,-1.1514670848846436,2.9057676792144775,-1.1808233261108398,False
arbert,T3,T3-m-0397,m,0.048961639404296875,2.6267082691192627,-0.6756353974342346,True
arbert,T3,T3-m-0399,m,-0.4520249366760254,2.800882339477539,-0.15494465827941895,False
arbert,T3,T3-m-0400,m,-0.913038969039917,1.8819235563278198,-0.45179152488708496,False
arbert,T3,T3-m-0401,m,3.365499973297119,4.4260454177856445,4.010397434234619,True
arbert,T3,T3-m-0402,m,1.833645224571228,2.2036962509155273,1.1909613609313965,True
arbert,T3,T3-m-0403,m,-1.9296417236328125,1.0139224529266357,-0.8118805885314941,False
arbert,T3,T3-m-0404,m,-0.45596039295196533,3.822561502456665,-0.23394617438316345,False
arbert,T3,T3-m-0405,m,0.3851025700569153,4.261638641357422,0.1189875602722168,True
arbert,T3,T3-m-0406,m,-0.8969694375991821,2.346454620361328,-0.6999908685684204,False
arbert,T3,T3-m-0407,m,-2.4212968349456787,2.6680867671966553,-2.43355131149292,False
arbert,T3,T3-m-0408,m,-2.971132278442383,1.7955644130706787,-2.5197625160217285,False
arbert,T3,T3-m-0409,m,1.9247007369995117,3.2871596813201904,3.0440492630004883,True
arbert,T3,T3-m-0410,m,1.8631234169006348,3.907872200012207,0.7406806945800781,True
arbert,T3,T3-m-0411,m,-0.5639501810073853,-0.9457284212112427,-0.08051401376724243,False
arbert,T3,T3-m-0412,m,3.829611301422119,3.41141676902771,4.275358200073242,True
arbert,T3,T3-m-0413,m,1.2291077375411987,3.3570990562438965,0.9534405469894409,True
arbert,T3,T3-m-0414,m,-2.863382339477539,-1.6221199035644531,-2.629293441772461,False
arbert,T3,T3-m-0415,m,-1.0584166049957275,2.9177613258361816,0.06514871120452881,False
arbert,T3,T3-m-0416,m,-1.5428998470306396,0.47089099884033203,-0.3307381868362427,False
arbert,T3,T3-m-0417,m,-2.5508642196655273,2.349179267883301,-2.6410903930664062,False
arbert,T3,T3-m-0418,m,-1.3995413780212402,3.4450902938842773,-1.340247631072998,False
arbert,T3,T3-m-0420,m,-1.4278488159179688,5.065412521362305,-1.1775741577148438,False
arbert,T3,T3-m-0421,m,-2.0422446727752686,1.4568263292312622,-0.9505245685577393,False
arbert,T3,T3-m-0422,m,-0.15331292152404785,2.5139904022216797,0.20254850387573242,False
arbert,T3,T3-m-0423,m,1.2251615524291992,1.8985650539398193,0.6314215660095215,True
arbert,T3,T3-m-0424,m,0.2062690258026123,2.8088042736053467,-0.003076791763305664,True
arbert,T3,T3-m-0425,m,3.2412168979644775,4.753421306610107,1.8724470138549805,True
arbert,T3,T3-m-0426,m,1.4333148002624512,2.381635904312134,1.5921666622161865,True
arbert,T3,T3-m-0427,m,2.74039363861084,4.642773628234863,1.8497949838638306,True
arbert,T3,T3-m-0428,m,-0.5260154008865356,3.510429859161377,-0.6755813360214233,False
arbert,T3,T3-m-0429,m,-2.6880650520324707,3.141572952270508,-2.727668285369873,False
arbert,T3,T3-m-0430,m,-1.0221400260925293,2.5391087532043457,-0.9844198226928711,False
arbert,T3,T3-m-0432,m,2.0535776615142822,3.9329748153686523,0.7923469543457031,True
arbert,T3,T3-m-0433,m,-0.8595678806304932,1.8065824508666992,-1.092864990234375,False
arbert,T3,T3-m-0434,m,-1.9486675262451172,1.640014410018921,-1.8709123134613037,False
arbert,T3,T3-m-0435,m,-0.7670775651931763,2.263211250305176,-1.3434720039367676,False
arbert,T3,T3-m-0436,m,1.5498802661895752,1.5801491737365723,1.6450247764587402,True
arbert,T3,T3-m-0437,m,-1.2557741403579712,2.0573816299438477,-2.0957303047180176,False
arbert,T3,T3-m-0438,m,1.2525687217712402,4.213489055633545,1.400050163269043,True
arbert,T3,T3-m-0439,m,1.6675324440002441,3.3167965412139893,1.7721405029296875,True
arbert,T3,T3-m-0440,m,0.07681441307067871,3.5196118354797363,0.3036329746246338,True
arbert,T3,T3-m-0441,m,1.4808387756347656,2.342823028564453,1.6605172157287598,True
arbert,T3,T3-m-0442,m,-0.8676655292510986,2.3466219902038574,0.2898852825164795,False
arbert,T3,T3-m-0443,m,0.409395694732666,4.064904689788818,0.03348588943481445,True
arbert,T3,T3-m-0444,m,-2.1678807735443115,1.8935120105743408,-2.1306729316711426,False
arbert,T3,T3-m-0445,m,1.1140590906143188,2.054959535598755,0.9051105976104736,True
arbert,T3,T3-m-0446,m,1.303034782409668,2.4267501831054688,1.9931600093841553,True
arbert,T3,T3-m-0447,m,0.6800613403320312,2.925879716873169,0.5547928810119629,True
arbert,T3,T3-m-0448,m,-3.5199193954467773,-3.9425570964813232,-3.0013904571533203,False
arbert,T3,T3-m-0449,m,3.091280937194824,4.421552658081055,3.7176764011383057,True
arbert,T3,T3-m-0450,m,-3.0030484199523926,3.098174571990967,-2.6892199516296387,False
arbert,T3,T3-m-0451,m,-3.6295785903930664,2.3360471725463867,-3.479062080383301,False
arbert,T3,T3-m-0452,m,1.313546895980835,2.5947985649108887,1.3062338829040527,True
arbert,T3,T3-m-0453,m,-0.7950431108474731,2.5726778507232666,-0.10961233079433441,False
arbert,T3,T3-m-0454,m,2.263345718383789,3.8250999450683594,1.884073257446289,True
arbert,T3,T3-m-0455,m,-0.7719001770019531,2.495288133621216,-0.9029940366744995,False
arbert,T3,T3-m-0456,m,0.6956403255462646,3.888679027557373,-0.10198044776916504,True
arbert,T3,T3-m-0457,m,-2.82651948928833,1.8979699611663818,-2.6775660514831543,False
arbert,T3,T3-m-0458,m,1.4928393363952637,4.1985626220703125,1.9767730236053467,True
arbert,T3,T3-m-0459,m,-1.9868063926696777,2.5093111991882324,-1.6414146423339844,False
arbert,T3,T3-m-0460,m,-3.0834157466888428,-0.019991695880889893,-2.423013687133789,False
arbert,T3,T3-m-0461,m,-1.512111783027649,1.316975712776184,-1.6043198108673096,False
arbert,T3,T3-m-0462,m,2.7484261989593506,4.521562099456787,3.43269944190979,True
arbert,T3,T3-m-0464,m,0.1949731409549713,1.9051151275634766,0.9299066066741943,True
arbert,T3,T3-m-0465,m,0.045320987701416016,5.813508033752441,3.8113012313842773,True
arbert,T3,T3-m-0466,m,-1.9336442947387695,4.410061836242676,-1.9968061447143555,False
arbert,T3,T3-m-0467,m,0.0396578311920166,1.7230334281921387,1.7512621879577637,True
arbert,T3,T3-m-0468,m,-0.8220817446708679,2.7701621055603027,-0.028424829244613647,False
arbert,T3,T3-m-0469,m,-0.37413468956947327,0.7053524255752563,-1.392808198928833,False
arbert,T3,T3-m-0470,m,-1.7156975269317627,1.2707264423370361,-1.3535284996032715,False
arbert,T3,T3-m-0471,m,2.15869402885437,3.7835216522216797,1.072519302368164,True
arbert,T3,T3-m-0472,m,0.46416640281677246,3.3334951400756836,0.04993581771850586,True
arbert,T3,T3-m-0473,m,-1.5305390357971191,3.083498954772949,-1.6299314498901367,False
arbert,T3,T3-m-0474,m,-0.5934643745422363,1.7568305730819702,-0.6894180774688721,False
arbert,T3,T3-m-0475,m,-3.3910603523254395,0.5760129690170288,-2.743889093399048,False
arbert,T3,T3-m-0476,m,0.5848684310913086,3.951679229736328,-0.7996447086334229,True
arbert,T3,T3-m-0477,m,2.1296849250793457,2.6235790252685547,3.244316577911377,True
arbert,T3,T3-m-0478,m,0.01948380470275879,2.314685344696045,0.4255404472351074,True
arbert,T3,T3-m-0479,m,-1.2727551460266113,2.7532873153686523,-1.1082415580749512,False
arbert,T3,T3-m-0480,m,0.3414597511291504,1.290092945098877,-0.6379575729370117,True
arbert,T3,T3-m-0481,m,0.5589210987091064,3.9255409240722656,0.4332684576511383,True
arbert,T3,T3-m-0482,m,1.3574445247650146,2.731024980545044,1.833230972290039,True
arbert,T3,T3-m-0483,m,-2.0111584663391113,1.8487985134124756,-1.3801872730255127,False
arbert,T3,T3-m-0484,m,0.8713241815567017,2.701836109161377,1.1203415393829346,True
arbert,T3,T3-m-0486,m,0.24586224555969238,2.3276984691619873,0.9723269939422607,True
arbert,T3,T3-m-0487,m,1.8371775150299072,2.5667128562927246,2.9239273071289062,True
arbert,T3,T3-m-0488,m,0.6449844837188721,3.708360195159912,0.7248095870018005,True
arbert,T3,T3-m-0489,m,-1.695335865020752,3.423184871673584,-1.207552433013916,False
arbert,T3,T3-m-0490,m,-1.9749400615692139,3.433777332305908,-2.7950754165649414,False
arbert,T3,T3-m-0491,m,-0.3066396713256836,4.589205741882324,-0.5603108406066895,False
arbert,T3,T3-m-0492,m,1.7065601348876953,3.337991714477539,1.217355489730835,True
arbert,T3,T3-m-0493,m,0.886568546295166,3.249725103378296,0.5677094459533691,True
arbert,T3,T3-m-0494,m,3.3985490798950195,4.957833290100098,2.9151229858398438,True
arbert,T3,T3-m-0495,m,-1.0665559768676758,3.5031275749206543,-1.7334578037261963,False
arbert,T3,T3-m-0496,m,-1.8128859996795654,0.840903639793396,-1.4783985614776611,False
arbert,T3,T3-m-0498,m,-1.2121793031692505,3.675809621810913,-1.0801109075546265,False
arbert,T3,T3-m-0499,m,-0.019254207611083984,5.911633491516113,-0.27986812591552734,False
arbert,T3,T3-m-0500,m,-0.7186882495880127,1.8796474933624268,-1.9111607074737549,False
arbert,T3,T3-m-0501,m,2.274557113647461,2.1191563606262207,1.9100563526153564,True
arbert,T3,T3-m-0502,m,-2.6155500411987305,2.9015467166900635,-2.755125045776367,False
arbert,T3,T3-m-0503,m,2.1184635162353516,4.394210338592529,1.7594048976898193,True
arbert,T3,T3-m-0504,m,3.141050338745117,3.791837453842163,1.756227970123291,True
arbert,T3,T3-m-0505,m,2.871553421020508,3.476667642593384,2.5806005001068115,True
arbert,T3,T3-m-0506,m,-2.4647865295410156,0.5683668851852417,-1.1688282489776611,False
arbert,T3,T3-m-0507,m,2.3658204078674316,3.6549885272979736,2.622457981109619,True
arbert,T3,T3-m-0508,m,-2.128866672515869,2.7907309532165527,-2.0051236152648926,False
arbert,T3,T3-m-0509,m,0.474170446395874,3.3775100708007812,0.24886655807495117,True
arbert,T3,T3-m-0510,m,2.655322551727295,1.9975621700286865,2.9052557945251465,True
arbert,T3,T3-m-0511,m,4.585874080657959,3.2401657104492188,4.870485305786133,True
arbert,T3,T3-m-0512,m,2.330249309539795,4.690337181091309,1.842414379119873,True
arbert,T3,T3-m-0513,m,0.5925095081329346,-0.48925089836120605,0.5842432975769043,True
arbert,T3,T3-m-0514,m,-1.9005892276763916,2.5611157417297363,-1.845292329788208,False
arbert,T3,T3-m-0515,m,1.3438539505004883,3.2114932537078857,1.4246881008148193,True
arbert,T3,T3-m-0516,m,-0.877647876739502,3.946925401687622,-0.9275375604629517,False
arbert,T3,T3-m-0517,m,0.3622407913208008,3.7784957885742188,0.5646800994873047,True
arbert,T3,T3-m-0519,m,0.4137125015258789,4.733148574829102,0.0833888053894043,True
arbert,T3,T3-m-0520,m,1.4816863536834717,2.2300877571105957,1.29620361328125,True
arbert,T3,T3-m-0521,m,3.899620294570923,3.988536834716797,3.1494224071502686,True
arbert,T3,T3-m-0522,m,-0.5671055316925049,3.1197123527526855,-0.6819567680358887,False
arbert,T3,T3-m-0523,m,-2.187251567840576,2.2725911140441895,-1.3327069282531738,False
arbert,T3,T3-m-0524,m,-0.7774133682250977,4.269413471221924,-0.06633901596069336,False
arbert,T3,T3-m-0525,m,2.243490219116211,4.07061767578125,1.8091319799423218,True
arbert,T3,T3-m-0526,m,4.205379486083984,3.504472017288208,3.7339930534362793,True
arbert,T3,T3-m-0527,m,-0.38512516021728516,3.9963135719299316,-0.4998960494995117,False
arbert,T3,T3-m-0528,m,1.7253299951553345,2.7248587608337402,2.429657220840454,True
arbert,T3,T3-m-0529,m,0.144005686044693,3.1416800022125244,-0.5537495017051697,True
arbert,T3,T3-m-0531,m,-0.4085259437561035,1.9582626819610596,-0.3097548484802246,False
arbert,T3,T3-m-0532,m,2.6573526859283447,2.9118494987487793,1.7270675897598267,True
arbert,T3,T3-m-0533,m,-0.23150253295898438,4.915884971618652,-0.5984325408935547,False
arbert,T3,T3-m-0534,m,1.2344887256622314,1.4942302703857422,1.8059519529342651,True
arbert,T3,T3-m-0535,m,-2.297793388366699,1.579086422920227,-1.646117925643921,False
arbert,T3,T3-m-0536,m,-0.7550101280212402,2.771364450454712,-0.9540750980377197,False
arbert,T3,T3-m-0537,m,-0.9986240863800049,4.0324788093566895,-0.51961350440979,False
arbert,T3,T3-m-0538,m,-2.201557159423828,3.9839839935302734,-2.164187431335449,False
arbert,T3,T3-m-0539,m,0.6102135181427002,3.274381399154663,0.4835331439971924,True
arbert,T3,T3-m-0540,m,0.761612057685852,2.030921697616577,0.7654887437820435,True
arbert,T3,T3-m-0541,m,0.6039865016937256,3.50248384475708,0.03332781791687012,True
arbert,T3,T3-m-0542,m,-3.4010443687438965,3.13789701461792,-3.4334158897399902,False
arbert,T3,T3-m-0543,m,-0.42328310012817383,0.18846741318702698,-1.5979194641113281,False
arbert,T3,T3-m-0544,m,-2.4547219276428223,4.175985336303711,-2.257174015045166,False
arbert,T3,T3-m-0545,m,0.6530628204345703,4.108668804168701,1.4256391525268555,True
arbert,T3,T3-m-0546,m,-2.4798851013183594,-2.7317490577697754,-2.278264045715332,False
arbert,T3,T3-m-0547,m,1.2303149700164795,1.7833302021026611,1.7520149946212769,True
arbert,T3,T3-m-0548,m,1.0352907180786133,3.2018163204193115,1.3017221689224243,True
arbert,T3,T3-m-0549,m,-2.660991668701172,4.173476219177246,-2.4957122802734375,False
arbert,T3,T3-m-0550,m,-0.5668973922729492,3.4066667556762695,-1.3841583728790283,False
arbert,T3,T3-m-0552,m,3.9627673625946045,4.538020133972168,3.7425742149353027,True
arbert,T3,T3-m-0553,m,4.902944564819336,5.6647467613220215,5.521059989929199,True
arbert,T3,T3-m-0554,m,3.1629860401153564,4.764101982116699,3.2036073207855225,True
arbert,T3,T3-m-0555,m,-0.7717008590698242,3.3643102645874023,-0.9071903228759766,False
arbert,T3,T3-m-0556,m,-0.4816145896911621,4.3059563636779785,-0.5861139297485352,False
arbert,T3,T3-m-0557,m,1.6204986572265625,3.9067721366882324,1.6334731578826904,True
arbert,T3,T3-m-0558,m,3.7656197547912598,3.225963830947876,3.1240644454956055,True
arbert,T3,T3-m-0559,m,0.051041603088378906,2.409127712249756,-0.8737131357192993,True
arbert,T3,T3-m-0560,m,0.380282998085022,1.8408641815185547,-0.4157199263572693,True
arbert,T3,T3-m-0562,m,-1.0650849342346191,1.4659833908081055,-1.100118637084961,False
arbert,T3,T3-m-0563,m,3.190612554550171,4.842957019805908,3.882856607437134,True
arbert,T3,T3-m-0564,m,1.3424506187438965,3.4821019172668457,1.2233151197433472,True
arbert,T3,T3-m-0565,m,3.386180877685547,4.369833946228027,2.787367820739746,True
arbert,T3,T3-m-0566,m,-1.373292326927185,1.1850701570510864,-0.2600240111351013,False
arbert,T3,T3-m-0567,m,-0.07376670837402344,3.3533053398132324,0.590606689453125,False
arbert,T3,T3-m-0568,m,-1.2296130657196045,3.286890745162964,-1.1108355522155762,False
arbert,T3,T3-m-0569,m,-1.678307056427002,4.353474140167236,-1.7958970069885254,False
arbert,T3,T3-m-0570,m,1.1840190887451172,3.5450072288513184,1.008814811706543,True
arbert,T3,T3-m-0571,m,3.424666166305542,5.029498100280762,4.366275787353516,True
arbert,T3,T3-m-0572,m,-0.3074045181274414,2.2922110557556152,-1.8191325664520264,False
arbert,T3,T3-m-0573,m,0.41544532775878906,3.624556303024292,0.1713237762451172,True
arbert,T3,T3-m-0574,m,-2.30428409576416,0.8744727373123169,-2.6652350425720215,False
arbert,T3,T3-m-0575,m,1.8049882650375366,3.2239534854888916,1.9831029176712036,True
arbert,T3,T3-m-0576,m,-0.5638327598571777,3.2194714546203613,0.400923490524292,False
arbert,T3,T3-m-0577,m,3.305119037628174,3.8731017112731934,3.7805066108703613,True
arbert,T3,T3-m-0578,m,-2.140146017074585,-2.467707395553589,-2.173947334289551,False
arbert,T3,T3-m-0579,m,0.6709820032119751,1.4553580284118652,0.970313310623169,True
arbert,T3,T3-m-0580,m,3.314889669418335,4.4724602699279785,2.9454257488250732,True
arbert,T3,T3-m-0581,m,0.7141183614730835,3.340460777282715,0.872768759727478,True
arbert,T3,T3-m-0582,m,0.9304462671279907,4.3297319412231445,0.6912609338760376,True
arbert,T3,T3-m-0584,m,2.6451399326324463,3.6555747985839844,3.02339243888855,True
arbert,T3,T3-m-0585,m,2.2793688774108887,2.930894374847412,1.3601531982421875,True
arbert,T3,T3-m-0586,m,-3.384296417236328,1.4622602462768555,-3.112429141998291,False
arbert,T3,T3-m-0587,m,1.765927791595459,3.8522555828094482,2.0368587970733643,True
arbert,T3,T3-m-0588,m,-2.428173065185547,1.5269334316253662,-1.9775400161743164,False
arbert,T3,T3-m-0589,m,-2.234935760498047,2.976649522781372,-2.1432571411132812,False
arbert,T3,T3-m-0590,m,-0.6716809272766113,3.7051751613616943,-0.5511879920959473,False
arbert,T3,T3-m-0591,m,2.898716688156128,2.8456363677978516,1.9267592430114746,True
arbert,T3,T3-m-0592,m,-0.4712197780609131,2.6745712757110596,-0.8159602284431458,False
arbert,T3,T3-m-0594,m,0.9255928993225098,1.9220600128173828,1.2040929794311523,True
arbert,T3,T3-m-0595,m,1.89212965965271,3.927717447280884,1.9305145740509033,True
arbert,T3,T3-m-0596,m,-2.150986671447754,4.295970916748047,-2.513503074645996,False
arbert,T3,T3-m-0597,m,4.2498321533203125,3.895613670349121,4.3960418701171875,True
arbert,T3,T3-m-0598,m,-1.9560418128967285,4.319130897521973,-2.069149971008301,False
arbert,T3,T3-m-0599,m,0.686650276184082,2.3395962715148926,0.5982775688171387,True
arbert,T3,T3-f-0000,f,-2.5496253967285156,0.869229793548584,-2.411564350128174,False
arbert,T3,T3-f-0001,f,-0.14622366428375244,0.9641773700714111,0.004226565361022949,False
arbert,T3,T3-f-0002,f,-0.7421958446502686,-0.18380653858184814,-0.7859992980957031,False
arbert,T3,T3-f-0003,f,-1.554443359375,2.9814887046813965,0.05676889419555664,False
arbert,T3,T3-f-0004,f,-0.32361793518066406,1.6955467462539673,-0.05578970909118652,False
arbert,T3,T3-f-0005,f,-0.9309865236282349,1.3237566947937012,-0.8170863389968872,False
arbert,T3,T3-f-0006,f,-1.2899317741394043,1.0364503860473633,-0.7206516265869141,False
arbert,T3,T3-f-0007,f,0.04462766647338867,3.064012050628662,0.26740264892578125,True
arbert,T3,T3-f-0008,f,3.7252678871154785,4.500545501708984,3.9598937034606934,True
arbert,T3,T3-f-0009,f,3.3445234298706055,5.333987236022949,3.1901657581329346,True
arbert,T3,T3-f-0010,f,-0.5192145705223083,1.3637303113937378,0.9108000993728638,False
arbert,T3,T3-f-0012,f,2.654924154281616,3.103794574737549,3.046603202819824,True
arbert,T3,T3-f-0013,f,-0.39113807678222656,1.8375141620635986,0.500862717628479,False
arbert,T3,T3-f-0014,f,2.802189826965332,3.6442999839782715,2.5249013900756836,True
arbert,T3,T3-f-0015,f,-3.8471360206604004,-3.3751301765441895,-3.8088724613189697,False
arbert,T3,T3-f-0016,f,0.04225069284439087,1.6737170219421387,1.6337254047393799,True
arbert,T3,T3-f-0017,f,-0.6302601099014282,2.1037912368774414,-0.6669955253601074,False
arbert,T3,T3-f-0018,f,3.4122767448425293,3.1877808570861816,3.139058828353882,True
arbert,T3,T3-f-0019,f,-0.8116307258605957,2.4882636070251465,-0.4734492301940918,False
arbert,T3,T3-f-0020,f,-0.9485524892807007,-0.0070343017578125,-1.433681845664978,False
arbert,T3,T3-f-0021,f,2.9464666843414307,2.745476722717285,2.986144542694092,True
arbert,T3,T3-f-0023,f,0.4149355888366699,2.8064279556274414,0.2081151008605957,True
arbert,T3,T3-f-0024,f,1.3591594696044922,1.9399714469909668,1.118440866470337,True
arbert,T3,T3-f-0025,f,-1.815216064453125,3.519721508026123,-2.23522686958313,False
arbert,T3,T3-f-0026,f,1.6723203659057617,4.105094909667969,2.300257921218872,True
arbert,T3,T3-f-0027,f,-0.6018701791763306,1.4731988906860352,0.1338919699192047,False
arbert,T3,T3-f-0028,f,-4.060089111328125,-2.220808506011963,-3.974433183670044,False
arbert,T3,T3-f-0029,f,2.270358085632324,3.496675968170166,2.7114970684051514,True
arbert,T3,T3-f-0030,f,1.4505524635314941,2.900442600250244,0.8768315315246582,True
arbert,T3,T3-f-0031,f,-3.941821813583374,-2.285630226135254,-3.9571995735168457,False
arbert,T3,T3-f-0032,f,-0.13184499740600586,2.660245895385742,-0.7681589126586914,False
arbert,T3,T3-f-0033,f,0.1612870693206787,0.19880294799804688,0.5062752962112427,True
arbert,T3,T3-f-0034,f,-5.1880035400390625,-4.585481643676758,-4.462770462036133,False
arbert,T3,T3-f-0035,f,-2.018695831298828,-1.0439748764038086,-3.5679283142089844,False
arbert,T3,T3-f-0036,f,-1.0519638061523438,0.8979836702346802,-1.134153962135315,False
arbert,T3,T3-f-0037,f,-1.8190510272979736,1.2231216430664062,-0.5643858313560486,False
arbert,T3,T3-f-0038,f,1.599508285522461,3.701448440551758,0.2839531898498535,True
arbert,T3,T3-f-0039,f,-0.7191696763038635,-0.58475661277771,-1.0849230289459229,False
arbert,T3,T3-f-0040,f,-2.6556811332702637,-0.6685836315155029,-1.5625680685043335,False
arbert,T3,T3-f-0041,f,-2.9120898246765137,-0.8142552375793457,-1.9271626472473145,False
arbert,T3,T3-f-0042,f,5.326082229614258,5.757772922515869,5.432527542114258,True
arbert,T3,T3-f-0043,f,0.9363874197006226,2.693680763244629,0.8322532176971436,True
arbert,T3,T3-f-0044,f,-4.923680782318115,-1.8112552165985107,-5.1398138999938965,False
arbert,T3,T3-f-0046,f,2.9523873329162598,4.914585113525391,2.839041233062744,True
arbert,T3,T3-f-0047,f,-4.235510349273682,-2.078744888305664,-4.016414165496826,False
arbert,T3,T3-f-0048,f,4.130998611450195,4.435669422149658,4.040757179260254,True
arbert,T3,T3-f-0049,f,-0.08950519561767578,3.0550484657287598,-0.8880233764648438,False
arbert,T3,T3-f-0050,f,0.35507965087890625,1.04111909866333,-0.4700956344604492,True
arbert,T3,T3-f-0051,f,-4.692933082580566,-3.4781951904296875,-4.506973743438721,False
arbert,T3,T3-f-0052,f,-0.406451940536499,1.3563534021377563,-0.22687232494354248,False
arbert,T3,T3-f-0053,f,-2.286287546157837,0.45964422821998596,-2.64558482170105,False
arbert,T3,T3-f-0054,f,-0.5062584280967712,0.7320890426635742,-0.9216300249099731,False
arbert,T3,T3-f-0055,f,2.0430002212524414,2.616546630859375,1.9392406940460205,True
arbert,T3,T3-f-0057,f,-2.844705104827881,-2.0355751514434814,-2.873319387435913,False
arbert,T3,T3-f-0058,f,2.232697010040283,3.0039994716644287,1.701636791229248,True
arbert,T3,T3-f-0059,f,-3.926276206970215,-2.731292724609375,-4.117396354675293,False
arbert,T3,T3-f-0060,f,1.0782294273376465,1.4970083236694336,1.6565642356872559,True
arbert,T3,T3-f-0061,f,4.6577229499816895,5.063567638397217,4.403008937835693,True
arbert,T3,T3-f-0062,f,2.178788185119629,4.004528522491455,1.575422763824463,True
arbert,T3,T3-f-0063,f,-0.15339088439941406,1.05926513671875,0.1362462043762207,False
arbert,T3,T3-f-0064,f,0.9091482162475586,2.2440919876098633,1.431347370147705,True
arbert,T3,T3-f-0065,f,-3.17604398727417,-0.6432051658630371,-3.184417247772217,False
arbert,T3,T3-f-0066,f,0.1988992691040039,3.485795021057129,2.0409841537475586,True
arbert,T3,T3-f-0067,f,0.44754481315612793,1.7478084564208984,0.8329849243164062,True
arbert,T3,T3-f-0068,f,-1.7032055854797363,2.730609893798828,-1.4884514808654785,False
arbert,T3,T3-f-0069,f,1.832884669303894,2.294433116912842,0.11002159118652344,True
arbert,T3,T3-f-0070,f,0.5834407806396484,3.6729586124420166,0.600928544998169,True
arbert,T3,T3-f-0071,f,-0.5083218216896057,1.6320815086364746,0.7015845775604248,False
arbert,T3,T3-f-0072,f,0.11751668900251389,1.4251198768615723,-0.03744146227836609,True
arbert,T3,T3-f-0073,f,-5.5842742919921875,-3.955698013305664,-3.86348295211792,False
arbert,T3,T3-f-0074,f,-1.7440799474716187,1.6668219566345215,-1.6851692199707031,False
arbert,T3,T3-f-0075,f,-1.2671749591827393,0.4014996290206909,-1.8956506252288818,False
arbert,T3,T3-f-0076,f,2.414788007736206,3.682011842727661,2.37715220451355,True
arbert,T3,T3-f-0077,f,-0.10016679763793945,1.6336116790771484,0.27718496322631836,False
arbert,T3,T3-f-0078,f,-1.5556750297546387,0.17223906517028809,-1.6507803201675415,False
arbert,T3,T3-f-0080,f,-3.43823504447937,-0.6809328198432922,-3.0172886848449707,False
arbert,T3,T3-f-0081,f,-1.7351055145263672,1.7613322734832764,-1.8990483283996582,False
arbert,T3,T3-f-0082,f,-1.235471487045288,3.0394484996795654,-1.3455846309661865,False
arbert,T3,T3-f-0083,f,1.0013494491577148,2.003459930419922,1.0015268325805664,True
arbert,T3,T3-f-0084,f,1.8943915367126465,2.8704726696014404,1.5649592876434326,True
arbert,T3,T3-f-0085,f,3.9110395908355713,3.9418704509735107,3.5040905475616455,True
arbert,T3,T3-f-0086,f,1.3280068635940552,1.609503984451294,0.5226984620094299,True
arbert,T3,T3-f-0087,f,-1.2208194732666016,-0.21612787246704102,-1.5382170677185059,False
arbert,T3,T3-f-0088,f,1.8796086311340332,1.7554020881652832,2.3317737579345703,True
arbert,T3,T3-f-0090,f,-1.4065666198730469,-2.618889331817627,-2.054603338241577,False
arbert,T3,T3-f-0091,f,-0.8219618201255798,2.7093429565429688,-1.5625602006912231,False
arbert,T3,T3-f-0092,f,0.22393035888671875,2.282952308654785,0.30146217346191406,True
arbert,T3,T3-f-0093,f,0.03545653820037842,-0.15857386589050293,0.012606978416442871,True
arbert,T3,T3-f-0094,f,-1.0663139820098877,1.8208580017089844,-0.5499184131622314,False
arbert,T3,T3-f-0095,f,-2.3706765174865723,-1.3597888946533203,-3.0344653129577637,False
arbert,T3,T3-f-0096,f,2.035308837890625,2.459031343460083,1.9969408512115479,True
arbert,T3,T3-f-0097,f,1.4393424987792969,1.8944025039672852,1.3021068572998047,True
arbert,T3,T3-f-0098,f,-1.8983347415924072,1.6093811988830566,-1.5713167190551758,False
arbert,T3,T3-f-0099,f,-1.5709986686706543,1.0548450946807861,-0.6655874252319336,False
arbert,T3,T3-f-0100,f,1.3026506900787354,2.1689422130584717,-0.06932973861694336,True
arbert,T3,T3-f-0101,f,-2.6430888175964355,1.386030673980713,-2.3015809059143066,False
arbert,T3,T3-f-0102,f,-3.87677001953125,-2.556906223297119,-4.575414657592773,False
arbert,T3,T3-f-0103,f,0.6576739549636841,3.258878707885742,0.7029975652694702,True
arbert,T3,T3-f-0104,f,-1.376664638519287,3.1208271980285645,-1.1121172904968262,False
arbert,T3,T3-f-0105,f,-2.4070167541503906,2.1451010704040527,-1.7119903564453125,False
arbert,T3,T3-f-0106,f,-6.675199508666992,-4.763725757598877,-5.438028812408447,False
arbert,T3,T3-f-0107,f,-4.377096652984619,-3.2308387756347656,-3.940033435821533,False
arbert,T3,T3-f-0108,f,-3.763093948364258,-1.5200002193450928,-3.9482579231262207,False
arbert,T3,T3-f-0109,f,-0.7683432102203369,1.7094687223434448,-0.628347635269165,False
arbert,T3,T3-f-0110,f,-2.089627265930176,0.8394041061401367,-1.558579444885254,False
arbert,T3,T3-f-0111,f,0.7681356072425842,2.3809072971343994,-0.15451717376708984,True
arbert,T3,T3-f-0113,f,-0.985697865486145,3.039721727371216,-0.42571234703063965,False
arbert,T3,T3-f-0114,f,-0.27421116828918457,2.926408529281616,0.5579819083213806,False
arbert,T3,T3-f-0115,f,-3.6909470558166504,0.7805451154708862,-3.345061779022217,False
arbert,T3,T3-f-0116,f,-0.49694138765335083,2.2698018550872803,-0.8344529867172241,False
arbert,T3,T3-f-0117,f,0.9861259460449219,2.41351580619812,0.3446629047393799,True
arbert,T3,T3-f-0118,f,-3.6800377368927,0.5000895261764526,-3.33638596534729,False
arbert,T3,T3-f-0119,f,1.9770159721374512,4.678009986877441,2.1619441509246826,True
arbert,T3,T3-f-0120,f,-0.7535228729248047,2.368246555328369,-0.4215517044067383,False
arbert,T3,T3-f-0121,f,-1.4544587135314941,0.7891736030578613,-1.086698055267334,False
arbert,T3,T3-f-0122,f,2.7624855041503906,2.0237631797790527,3.0767593383789062,True
arbert,T3,T3-f-0124,f,-4.8177690505981445,-5.578088760375977,-4.68435001373291,False
arbert,T3,T3-f-0125,f,-4.296899318695068,-1.9318065643310547,-4.0958051681518555,False
arbert,T3,T3-f-0126,f,-0.49978387355804443,0.36602234840393066,-0.30441153049468994,False
arbert,T3,T3-f-0127,f,2.2321462631225586,4.081719875335693,1.6662321090698242,True
arbert,T3,T3-f-0128,f,-0.07106781005859375,2.5207273960113525,1.0445398092269897,False
arbert,T3,T3-f-0129,f,0.627009391784668,3.674694061279297,-0.028333187103271484,True
arbert,T3,T3-f-0130,f,-0.15737390518188477,2.0909245014190674,-0.2604560852050781,False
arbert,T3,T3-f-0131,f,1.5693154335021973,1.5437681674957275,1.1599843502044678,True
arbert,T3,T3-f-0132,f,0.3705449104309082,1.0638442039489746,-1.6317496299743652,True
arbert,T3,T3-f-0133,f,0.26861095428466797,1.4231348037719727,-0.8738112449645996,True
arbert,T3,T3-f-0134,f,0.9933614730834961,1.8882386684417725,1.025951623916626,True
arbert,T3,T3-f-0135,f,-1.6683865785598755,1.774101734161377,-0.8417444229125977,False
arbert,T3,T3-f-0136,f,1.3030922412872314,1.9579415321350098,0.35152745246887207,True
arbert,T3,T3-f-0137,f,-0.622373640537262,2.090712785720825,-0.6879285573959351,False
arbert,T3,T3-f-0138,f,-2.383931875228882,0.8584949374198914,-1.713529109954834,False
arbert,T3,T3-f-0139,f,1.0090327262878418,3.205881118774414,0.4752950668334961,True
arbert,T3,T3-f-0140,f,-4.593801975250244,-2.5587048530578613,-4.400252819061279,False
arbert,T3,T3-f-0141,f,0.48348450660705566,1.2614425420761108,0.43321335315704346,True
arbert,T3,T3-f-0142,f,0.16924673318862915,2.5984275341033936,0.11281013488769531,True
arbert,T3,T3-f-0143,f,4.1635518074035645,4.390777111053467,4.423442840576172,True
arbert,T3,T3-f-0144,f,-2.293365478515625,0.7093033790588379,-1.4993853569030762,False
arbert,T3,T3-f-0145,f,-2.3577661514282227,-1.1990840435028076,-1.6566044092178345,False
arbert,T3,T3-f-0147,f,0.6576470136642456,2.27939510345459,0.6024966239929199,True
arbert,T3,T3-f-0148,f,-4.1304426193237305,0.39978981018066406,-2.8657639026641846,False
arbert,T3,T3-f-0149,f,-0.40398383140563965,2.291879177093506,-0.7560834288597107,False
arbert,T3,T3-f-0150,f,-0.8107819557189941,0.3748970031738281,-0.7558283805847168,False
arbert,T3,T3-f-0151,f,2.2208406925201416,2.717423677444458,2.2925965785980225,True
arbert,T3,T3-f-0152,f,-4.128470420837402,-3.4755446910858154,-4.37947416305542,False
arbert,T3,T3-f-0153,f,0.27431273460388184,2.892932415008545,0.2351083755493164,True
arbert,T3,T3-f-0154,f,1.1150343418121338,4.343353748321533,1.4292659759521484,True
arbert,T3,T3-f-0155,f,-0.620976448059082,3.1134228706359863,-0.12444210052490234,False
arbert,T3,T3-f-0156,f,-0.9717060923576355,1.5779651403427124,-0.497702956199646,False
arbert,T3,T3-f-0158,f,2.1779704093933105,3.6050667762756348,1.1104927062988281,True
arbert,T3,T3-f-0159,f,0.5904678702354431,0.9241049289703369,0.4061906933784485,True
arbert,T3,T3-f-0160,f,-1.5741887092590332,0.361846923828125,-1.8827648162841797,False
arbert,T3,T3-f-0161,f,-0.2752974033355713,2.5334739685058594,-0.6787030696868896,False
arbert,T3,T3-f-0162,f,-1.2374801635742188,0.8418304920196533,-1.1398365497589111,False
arbert,T3,T3-f-0163,f,-0.43958771228790283,1.6584806442260742,1.5105724334716797,False
arbert,T3,T3-f-0164,f,2.4599058628082275,3.6672959327697754,2.3653645515441895,True
arbert,T3,T3-f-0165,f,-0.08590197563171387,1.698744773864746,-0.0669623613357544,False
arbert,T3,T3-f-0166,f,1.8103995323181152,3.19315242767334,-0.06165504455566406,True
arbert,T3,T3-f-0167,f,0.7178394794464111,3.788759231567383,1.3567533493041992,True
arbert,T3,T3-f-0168,f,-0.953092098236084,2.3115196228027344,-0.9683895111083984,False
arbert,T3,T3-f-0169,f,-1.4481920003890991,1.2787644863128662,-0.953609824180603,False
arbert,T3,T3-f-0170,f,-0.19856369495391846,0.4937835931777954,-2.1503937244415283,False
arbert,T3,T3-f-0171,f,-1.7519769668579102,1.2731133699417114,-1.582545518875122,False
arbert,T3,T3-f-0172,f,-1.7757517099380493,2.30177640914917,-0.641750693321228,False
arbert,T3,T3-f-0173,f,-3.462167978286743,-1.542642593383789,-3.924180030822754,False
arbert,T3,T3-f-0174,f,-0.36596059799194336,3.3166658878326416,-0.014321446418762207,False
arbert,T3,T3-f-0175,f,-3.7336535453796387,-2.5503811836242676,-3.386289358139038,False
arbert,T3,T3-f-0176,f,0.8987767696380615,1.3288414478302002,0.7805953025817871,True
arbert,T3,T3-f-0177,f,-0.1284928321838379,2.2750978469848633,0.6664824485778809,False
arbert,T3,T3-f-0178,f,2.086649179458618,2.77341890335083,1.5784708261489868,True
arbert,T3,T3-f-0179,f,-2.307389259338379,3.37506103515625,-1.468855381011963,False
arbert,T3,T3-f-0181,f,-2.064359188079834,0.39640235900878906,-1.2310166358947754,False
arbert,T3,T3-f-0182,f,0.8488286733627319,1.7042105197906494,1.2365052700042725,True
arbert,T3,T3-f-0183,f,-0.09267282485961914,0.6644859313964844,-0.6575040817260742,False
arbert,T3,T3-f-0184,f,-0.6334984302520752,1.9777047634124756,-1.3088780641555786,False
arbert,T3,T3-f-0185,f,-1.9571447372436523,0.3715343475341797,-1.2464065551757812,False
arbert,T3,T3-f-0186,f,-4.462868690490723,-2.3130221366882324,-3.672776699066162,False
arbert,T3,T3-f-0187,f,-0.28694120049476624,1.1403175592422485,0.31678709387779236,False
arbert,T3,T3-f-0188,f,-0.6866106986999512,3.442290782928467,-1.1367802619934082,False
arbert,T3,T3-f-0189,f,0.8894798159599304,2.0905613899230957,0.49413058161735535,True
arbert,T3,T3-f-0190,f,2.658125638961792,3.142824172973633,2.9312233924865723,True
arbert,T3,T3-f-0192,f,0.8337287902832031,1.3784081935882568,-0.3984541893005371,True
arbert,T3,T3-f-0193,f,1.1167690753936768,2.170624017715454,-0.019304871559143066,True
arbert,T3,T3-f-0194,f,0.12030839920043945,2.1587448120117188,0.2208576202392578,True
arbert,T3,T3-f-0195,f,-0.8270392417907715,0.6361112594604492,-1.4041872024536133,False
arbert,T3,T3-f-0196,f,-2.7785375118255615,0.3092765808105469,-1.845442295074463,False
arbert,T3,T3-f-0197,f,1.8909151554107666,3.98559832572937,2.169110059738159,True
arbert,T3,T3-f-0198,f,0.5082340240478516,1.6455230712890625,0.6979694366455078,True
arbert,T3,T3-f-0199,f,-4.007298469543457,-3.1722655296325684,-3.840574264526367,False
arbert,T3,T3-f-0200,f,-0.7817792892456055,0.8314752578735352,2.1903390884399414,False
arbert,T3,T3-f-0201,f,4.547636985778809,5.356273174285889,3.564146041870117,True
arbert,T3,T3-f-0202,f,-5.284482955932617,-5.225421905517578,-5.219479084014893,False
arbert,T3,T3-f-0203,f,-1.6358486413955688,-0.70622718334198,-1.6042466163635254,False
arbert,T3,T3-f-0204,f,-1.3381363153457642,0.9110138416290283,-1.226372480392456,False
arbert,T3,T3-f-0205,f,-1.8014322519302368,1.5965205430984497,-0.4409780502319336,False
arbert,T3,T3-f-0206,f,1.1948519945144653,4.219083786010742,1.1953598260879517,True
arbert,T3,T3-f-0207,f,0.16373395919799805,-0.07199597358703613,0.6694846153259277,True
arbert,T3,T3-f-0208,f,1.465883493423462,2.004581928253174,1.2067151069641113,True
arbert,T3,T3-f-0209,f,0.1603989601135254,0.7198410034179688,-0.22786593437194824,True
arbert,T3,T3-f-0210,f,-0.47266215085983276,2.6469197273254395,0.17412102222442627,False
arbert,T3,T3-f-0211,f,-2.9055397510528564,-0.5075994729995728,-2.3878798484802246,False
arbert,T3,T3-f-0213,f,2.4474520683288574,4.973150730133057,2.9013426303863525,True
arbert,T3,T3-f-0214,f,-1.8511667251586914,-0.01129150390625,-1.4410512447357178,False
arbert,T3,T3-f-0215,f,3.882688522338867,4.8048248291015625,3.3566112518310547,True
arbert,T3,T3-f-0216,f,-2.8267788887023926,1.3899197578430176,-2.10854434967041,False
arbert,T3,T3-f-0217,f,0.9569613933563232,1.8462638854980469,0.6428446769714355,True
arbert,T3,T3-f-0218,f,0.7806761264801025,4.0368781089782715,0.9188690185546875,True
arbert,T3,T3-f-0219,f,-1.9132285118103027,0.6648809909820557,-1.6467945575714111,False
arbert,T3,T3-f-0220,f,-0.21705996990203857,2.3479039669036865,0.04265034198760986,False
arbert,T3,T3-f-0221,f,0.2286224365234375,0.4880542755126953,-0.12375688552856445,True
arbert,T3,T3-f-0223,f,0.391507625579834,2.0928664207458496,0.3665810823440552,True
arbert,T3,T3-f-0224,f,0.6487237215042114,2.1708736419677734,0.5715295076370239,True
arbert,T3,T3-f-0225,f,-0.7765135765075684,0.6674575805664062,-0.7542781829833984,False
arbert,T3,T3-f-0226,f,-0.9938367605209351,3.1883275508880615,2.0856425762176514,False
arbert,T3,T3-f-0227,f,0.3924546241760254,3.150815486907959,-0.29207468032836914,True
arbert,T3,T3-f-0228,f,-2.04099702835083,0.7168431282043457,-1.8502016067504883,False
arbert,T3,T3-f-0229,f,-1.1519973278045654,0.720515251159668,-0.20537281036376953,False
arbert,T3,T3-f-0230,f,0.9706525802612305,2.5072216987609863,1.111252784729004,True
arbert,T3,T3-f-0231,f,1.324981689453125,1.021559238433838,-0.22657012939453125,True
arbert,T3,T3-f-0232,f,2.4278995990753174,4.6175947189331055,2.458118200302124,True
arbert,T3,T3-f-0233,f,1.5188689231872559,2.4673821926116943,0.5418674945831299,True
arbert,T3,T3-f-0234,f,-2.2778983116149902,0.5986600518226624,-2.080451250076294,False
arbert,T3,T3-f-0235,f,-4.106391906738281,-2.6220288276672363,-4.4629597663879395,False
arbert,T3,T3-f-0236,f,-0.16999101638793945,0.09808337688446045,-0.44014179706573486,False
arbert,T3,T3-f-0237,f,-4.016794204711914,-2.3918747901916504,-4.365015983581543,False
arbert,T3,T3-f-0238,f,0.33988523483276367,3.442378520965576,-0.3869647979736328,True
arbert,T3,T3-f-0239,f,-1.5000815391540527,1.2185486555099487,-0.7361810207366943,False
arbert,T3,T3-f-0240,f,-2.878171682357788,1.2010335922241211e-05,-3.250615119934082,False
arbert,T3,T3-f-0241,f,-0.09420746564865112,0.9964221119880676,-0.21244776248931885,False
arbert,T3,T3-f-0242,f,-2.0768039226531982,-2.2978084087371826,-2.3401131629943848,False
arbert,T3,T3-f-0243,f,0.4102640151977539,3.8781275749206543,0.3999786376953125,True
arbert,T3,T3-f-0244,f,-2.9019932746887207,-1.6934828758239746,-2.5201942920684814,False
arbert,T3,T3-f-0245,f,-3.48214054107666,-0.5421991348266602,-4.050268173217773,False
arbert,T3,T3-f-0246,f,-0.4962497651576996,2.8242292404174805,1.0086660385131836,False
arbert,T3,T3-f-0247,f,3.3839263916015625,4.850786209106445,2.9009976387023926,True
arbert,T3,T3-f-0248,f,-3.734842300415039,-2.4766921997070312,-3.0162224769592285,False
arbert,T3,T3-f-0249,f,0.7429649829864502,2.2168073654174805,1.5582664012908936,True
arbert,T3,T3-f-0250,f,-6.823812484741211,-3.0918922424316406,-2.1592583656311035,False
arbert,T3,T3-f-0251,f,-0.2392573356628418,3.206064224243164,-0.5285420417785645,False
arbert,T3,T3-f-0252,f,-0.8275518417358398,3.4943795204162598,-0.7213482856750488,False
arbert,T3,T3-f-0253,f,0.032269299030303955,-0.3311081528663635,-0.7613215446472168,True
arbert,T3,T3-f-0254,f,-1.9800734519958496,-0.29852914810180664,-1.6671593189239502,False
arbert,T3,T3-f-0256,f,0.28719425201416016,2.630887985229492,0.22568368911743164,True
arbert,T3,T3-f-0257,f,-2.2004482746124268,1.4842581748962402,-1.4217157363891602,False
arbert,T3,T3-f-0258,f,0.4626121520996094,3.4551827907562256,0.9756866693496704,True
arbert,T3,T3-f-0259,f,0.1351338028907776,1.2923789024353027,0.6348812580108643,True
arbert,T3,T3-f-0260,f,-1.3386759757995605,1.2033705711364746,-0.9554238319396973,False
arbert,T3,T3-f-0261,f,-2.751028299331665,-1.0126703977584839,-3.678990364074707,False
arbert,T3,T3-f-0262,f,1.9510517120361328,4.52144193649292,2.1023263931274414,True
arbert,T3,T3-f-0263,f,2.8063111305236816,4.38616943359375,2.5997977256774902,True
arbert,T3,T3-f-0264,f,-0.9035024642944336,3.3290791511535645,-0.7438383102416992,False
arbert,T3,T3-f-0265,f,-1.2142386436462402,0.5709981322288513,-2.097407102584839,False
arbert,T3,T3-f-0266,f,4.109677314758301,4.07777738571167,2.664395809173584,True
arbert,T3,T3-f-0267,f,-1.8594404458999634,1.4382152557373047,-1.5445349216461182,False
arbert,T3,T3-f-0268,f,0.7328159213066101,1.2332158088684082,-0.7566014528274536,True
arbert,T3,T3-f-0269,f,-1.744882583618164,0.3598802089691162,-1.798896074295044,False
arbert,T3,T3-f-0270,f,-2.364839792251587,1.328586459159851,-1.1533946990966797,False
arbert,T3,T3-f-0271,f,0.6523880958557129,3.8987858295440674,0.1447896957397461,True
arbert,T3,T3-f-0272,f,0.0769500732421875,2.2270236015319824,-0.2926541566848755,True
arbert,T3,T3-f-0273,f,-3.822408676147461,0.691280722618103,-2.9581546783447266,False
arbert,T3,T3-f-0274,f,-1.6931463479995728,-0.3500177264213562,-2.26955509185791,False
arbert,T3,T3-f-0275,f,0.16899967193603516,3.771038055419922,0.05182170867919922,True
arbert,T3,T3-f-0276,f,-0.2872178554534912,3.959308624267578,0.18619012832641602,False
arbert,T3,T3-f-0277,f,-0.6210041046142578,4.006993770599365,-0.7043232917785645,False
arbert,T3,T3-f-0279,f,3.042239189147949,3.941148281097412,1.3698166608810425,True
arbert,T3,T3-f-0280,f,-0.6426248550415039,0.22800421714782715,0.36228322982788086,False
arbert,T3,T3-f-0281,f,1.32466721534729,2.0834217071533203,1.2488285303115845,True
arbert,T3,T3-f-0282,f,1.6979503631591797,2.1482667922973633,1.7653605937957764,True
arbert,T3,T3-f-0283,f,0.8189589977264404,2.4293768405914307,1.2990262508392334,True
arbert,T3,T3-f-0284,f,-1.0171868801116943,-0.4502882957458496,-1.3891183137893677,False
arbert,T3,T3-f-0285,f,0.8544368743896484,2.8158507347106934,0.5687425136566162,True
arbert,T3,T3-f-0286,f,-3.651456356048584,0.0848703384399414,-2.7673044204711914,False
arbert,T3,T3-f-0287,f,-1.1719954013824463,-0.5088961720466614,-0.8744959831237793,False
arbert,T3,T3-f-0289,f,-0.5927771329879761,-0.7225950956344604,-0.46692442893981934,False
arbert,T3,T3-f-0290,f,-0.2046460509300232,0.6144599914550781,-0.2744649648666382,False
arbert,T3,T3-f-0291,f,-3.6414852142333984,-2.1769723892211914,-4.526129722595215,False
arbert,T3,T3-f-0292,f,-1.9579991102218628,-0.814307689666748,-2.9122931957244873,False
arbert,T3,T3-f-0293,f,1.9752190113067627,4.330005645751953,2.1803438663482666,True
arbert,T3,T3-f-0294,f,-2.6135189533233643,1.2495472431182861,-2.2024688720703125,False
arbert,T3,T3-f-0295,f,1.9170030355453491,3.6395909786224365,2.459099769592285,True
arbert,T3,T3-f-0296,f,3.8952836990356445,4.45543098449707,3.8280577659606934,True
arbert,T3,T3-f-0297,f,-0.6121752858161926,1.6758298873901367,-1.0281587839126587,False
arbert,T3,T3-f-0298,f,-4.001408576965332,-3.257904052734375,-4.49734354019165,False
arbert,T3,T3-f-0299,f,2.3154401779174805,4.08867883682251,1.4181427955627441,True
arbert,T3,T3-f-0300,f,1.1191670894622803,2.0844812393188477,1.2885839939117432,True
arbert,T3,T3-f-0301,f,-1.5170984268188477,0.5834817886352539,-2.32857608795166,False
arbert,T3,T3-f-0302,f,-1.6950429677963257,0.9587096571922302,-1.6319507360458374,False
arbert,T3,T3-f-0303,f,-1.782299518585205,1.745460033416748,-0.8437099456787109,False
arbert,T3,T3-f-0304,f,-3.181450843811035,1.5267062187194824,-2.5970864295959473,False
arbert,T3,T3-f-0305,f,-2.7523374557495117,-2.612060546875,-3.0182740688323975,False
arbert,T3,T3-f-0306,f,0.4577339291572571,1.9985281229019165,0.3087964355945587,True
arbert,T3,T3-f-0307,f,-1.661186933517456,2.428734302520752,-1.4261527061462402,False
arbert,T3,T3-f-0308,f,-3.8742966651916504,1.1163274049758911,-4.528305530548096,False
arbert,T3,T3-f-0309,f,3.190028667449951,4.605270862579346,3.1263303756713867,True
arbert,T3,T3-f-0310,f,-0.45198965072631836,3.267965316772461,-0.01696920394897461,False
arbert,T3,T3-f-0312,f,-0.532473087310791,4.216057777404785,-1.4047117233276367,False
arbert,T3,T3-f-0313,f,-1.2989444732666016,0.19143226742744446,-0.8418388366699219,False
arbert,T3,T3-f-0314,f,-0.65282142162323,2.1443538665771484,-0.8212120532989502,False
arbert,T3,T3-f-0315,f,-0.6926097869873047,3.646787166595459,-1.2974095344543457,False
arbert,T3,T3-f-0316,f,-0.016585588455200195,1.8757989406585693,1.8915154933929443,False
arbert,T3,T3-f-0317,f,-1.8412270545959473,-1.5733940601348877,-1.9914885759353638,False
arbert,T3,T3-f-0318,f,1.0832809209823608,2.5241506099700928,1.2331359386444092,True
arbert,T3,T3-f-0319,f,-2.032302141189575,0.5682138204574585,-1.876630425453186,False
arbert,T3,T3-f-0320,f,-0.10894203186035156,2.930352210998535,-0.5419788360595703,False
arbert,T3,T3-f-0321,f,2.5856571197509766,4.039586067199707,2.383784770965576,True
arbert,T3,T3-f-0323,f,2.1192102432250977,1.2508344650268555,0.716834545135498,True
arbert,T3,T3-f-0324,f,-0.5359957218170166,1.130666971206665,-0.358715295791626,False
arbert,T3,T3-f-0325,f,-0.5640745162963867,2.0022339820861816,0.32665494084358215,False
arbert,T3,T3-f-0326,f,-0.8938721418380737,2.166670083999634,-1.0034741163253784,False
arbert,T3,T3-f-0327,f,-1.141157627105713,3.224925994873047,0.5703349113464355,False
arbert,T3,T3-f-0328,f,0.28953468799591064,2.4466867446899414,1.5345382690429688,True
arbert,T3,T3-f-0329,f,2.060976028442383,4.478047847747803,1.232882022857666,True
arbert,T3,T3-f-0330,f,-2.2684249877929688,1.43351411819458,-1.8059535026550293,False
arbert,T3,T3-f-0331,f,1.9607105255126953,3.384103298187256,1.729032039642334,True
arbert,T3,T3-f-0332,f,1.3180427551269531,2.145598888397217,0.4174022674560547,True
arbert,T3,T3-f-0333,f,-2.0511634349823,-2.1936707496643066,-2.110973596572876,False
arbert,T3,T3-f-0334,f,-1.2602181434631348,-0.617041826248169,-1.9465523958206177,False
arbert,T3,T3-f-0335,f,-0.09198904037475586,3.8793673515319824,0.2254190444946289,False
arbert,T3,T3-f-0336,f,-0.43387436866760254,3.844005584716797,-0.08447405695915222,False
arbert,T3,T3-f-0337,f,0.8681446313858032,2.686664342880249,0.4858848750591278,True
arbert,T3,T3-f-0338,f,-2.2027266025543213,-0.6579746007919312,-1.8078876733779907,False
arbert,T3,T3-f-0339,f,-3.302664041519165,1.4276317358016968,-2.953150749206543,False
arbert,T3,T3-f-0340,f,-2.677823305130005,-0.18010902404785156,-2.078136920928955,False
arbert,T3,T3-f-0341,f,-3.274629592895508,2.5981733798980713,-3.9301233291625977,False
arbert,T3,T3-f-0342,f,-0.5358754992485046,-0.4267704486846924,-1.5735671520233154,False
arbert,T3,T3-f-0343,f,-1.0498340129852295,2.1234850883483887,-0.1906648874282837,False
arbert,T3,T3-f-0345,f,0.8757907748222351,1.7143995761871338,-0.024989306926727295,True
arbert,T3,T3-f-0346,f,-1.1081318855285645,1.2506470680236816,-0.8802988529205322,False
arbert,T3,T3-f-0347,f,-0.7185999155044556,2.2943785190582275,-0.830374002456665,False
arbert,T3,T3-f-0348,f,-3.2860774993896484,-2.796679735183716,-3.4769632816314697,False
arbert,T3,T3-f-0349,f,2.3423879146575928,3.600346803665161,2.36712384223938,True
arbert,T3,T3-f-0350,f,-3.9547719955444336,-1.1446011066436768,-3.841111183166504,False
arbert,T3,T3-f-0351,f,1.2930291891098022,2.8283300399780273,1.6505684852600098,True
arbert,T3,T3-f-0352,f,-0.6103715896606445,3.3171005249023438,-0.26603031158447266,False
arbert,T3,T3-f-0353,f,1.3761855363845825,2.317986011505127,0.6181514263153076,True
arbert,T3,T3-f-0354,f,-1.9188613891601562,-0.11682558059692383,-1.7783927917480469,False
arbert,T3,T3-f-0356,f,-0.7896430492401123,-0.6676867008209229,-0.725135326385498,False
arbert,T3,T3-f-0357,f,-0.39880847930908203,1.5014276504516602,-0.8803606033325195,False
arbert,T3,T3-f-0358,f,2.096506118774414,3.2065165042877197,1.7996009588241577,True
arbert,T3,T3-f-0359,f,-0.4520540237426758,2.578646183013916,0.5480761528015137,False
arbert,T3,T3-f-0360,f,0.40775251388549805,3.1152448654174805,0.5879530906677246,True
arbert,T3,T3-f-0361,f,-2.4328861236572266,-1.0768048763275146,-1.2831268310546875,False
arbert,T3,T3-f-0362,f,0.3174333870410919,0.792263925075531,0.2803095877170563,True
arbert,T3,T3-f-0363,f,-1.5572185516357422,-0.5988073348999023,-1.7200160026550293,False
arbert,T3,T3-f-0364,f,-0.9941484928131104,0.26758885383605957,-2.4210927486419678,False
arbert,T3,T3-f-0365,f,-2.2476978302001953,-1.2272456884384155,-2.463362693786621,False
arbert,T3,T3-f-0366,f,4.409091949462891,3.467617988586426,4.459223747253418,True
arbert,T3,T3-f-0367,f,-5.490970134735107,-4.464856147766113,-4.535633087158203,False
arbert,T3,T3-f-0368,f,0.042964935302734375,1.6622720956802368,-0.46329033374786377,True
arbert,T3,T3-f-0369,f,-2.310537815093994,-3.4524497985839844,-1.5948220491409302,False
arbert,T3,T3-f-0370,f,-0.20663690567016602,2.8067281246185303,-0.010360240936279297,False
arbert,T3,T3-f-0371,f,0.8639082908630371,3.898422956466675,-0.12364792823791504,True
arbert,T3,T3-f-0372,f,1.4656500816345215,3.7421345710754395,1.8287460803985596,True
arbert,T3,T3-f-0373,f,-2.689767360687256,-0.22339367866516113,-2.266643762588501,False
arbert,T3,T3-f-0374,f,-0.09815764427185059,-0.2440711259841919,-0.8847289085388184,False
arbert,T3,T3-f-0375,f,4.04990291595459,4.345147132873535,3.960808753967285,True
arbert,T3,T3-f-0376,f,-0.35031795501708984,2.46547269821167,0.2540273070335388,False
arbert,T3,T3-f-0377,f,-0.03709673881530762,2.6890978813171387,0.9500646591186523,False
arbert,T3,T3-f-0379,f,0.26669931411743164,3.253911256790161,-0.06028556823730469,True
arbert,T3,T3-f-0380,f,-1.2848645448684692,0.38609373569488525,-1.0398411750793457,False
arbert,T3,T3-f-0381,f,2.3912830352783203,2.211312770843506,2.2976560592651367,True
arbert,T3,T3-f-0382,f,-2.202094078063965,0.1765913963317871,-1.9316024780273438,False
arbert,T3,T3-f-0383,f,1.228055477142334,4.080925464630127,1.6607067584991455,True
arbert,T3,T3-f-0384,f,-3.7616782188415527,-1.2238762378692627,-2.5228631496429443,False
arbert,T3,T3-f-0385,f,1.773557186126709,4.046138763427734,0.20564603805541992,True
arbert,T3,T3-f-0386,f,-0.5401939153671265,2.323394536972046,-0.2418806552886963,False
arbert,T3,T3-f-0387,f,-0.11509215831756592,2.1482739448547363,0.5405004024505615,False
arbert,T3,T3-f-0388,f,0.6236515045166016,3.8855831623077393,0.8393275737762451,True
arbert,T3,T3-f-0390,f,-0.9413043856620789,-1.925371527671814,-1.7051397562026978,False
arbert,T3,T3-f-0391,f,2.16509747505188,3.399815082550049,1.7132890224456787,True
arbert,T3,T3-f-0392,f,1.4233460426330566,4.3588643074035645,0.31242895126342773,True
arbert,T3,T3-f-0393,f,-0.8439236283302307,2.6732311248779297,0.1593036651611328,False
arbert,T3,T3-f-0394,f,2.1450443267822266,3.5123462677001953,2.3725929260253906,True
arbert,T3,T3-f-0395,f,-0.27484166622161865,1.100055456161499,-0.07649350166320801,False
arbert,T3,T3-f-0396,f,0.9852482080459595,2.270402193069458,1.0521612167358398,True
arbert,T3,T3-f-0397,f,-1.6964454650878906,1.1548175811767578,-0.9203410148620605,False
arbert,T3,T3-f-0398,f,-3.947453260421753,-2.4428019523620605,-3.968369245529175,False
arbert,T3,T3-f-0399,f,-2.254814386367798,1.9018802642822266,-0.3847465515136719,False
arbert,T3,T3-f-0400,f,0.5538284778594971,1.7752280235290527,0.6112728118896484,True
arbert,T3,T3-f-0401,f,-1.6252355575561523,-0.09957075119018555,-1.3007926940917969,False
arbert,T3,T3-f-0402,f,2.1235880851745605,3.6673834323883057,-0.36560726165771484,True
arbert,T3,T3-f-0403,f,-3.572854995727539,-2.118696689605713,-2.550358772277832,False
arbert,T3,T3-f-0404,f,-5.263843059539795,-3.8038790225982666,-4.769104957580566,False
arbert,T3,T3-f-0405,f,-0.3504927158355713,2.3018569946289062,-0.6037743091583252,False
arbert,T3,T3-f-0406,f,-6.494353294372559,-6.3387556076049805,-5.412548065185547,False
arbert,T3,T3-f-0407,f,-1.4253830909729004,-0.06124305725097656,-1.7794930934906006,False
arbert,T3,T3-f-0408,f,-2.4835281372070312,-0.8814594745635986,-1.8782899379730225,False
arbert,T3,T3-f-0409,f,3.935512065887451,4.581777572631836,3.6228017807006836,True
arbert,T3,T3-f-0410,f,-1.6638927459716797,0.9787898063659668,-0.43613195419311523,False
arbert,T3,T3-f-0411,f,-3.224421501159668,2.069262742996216,-2.2979047298431396,False
arbert,T3,T3-f-0413,f,-0.6202831268310547,3.709221363067627,-2.045602798461914,False
arbert,T3,T3-f-0414,f,-1.8640451431274414,2.704887866973877,-0.7413196563720703,False
arbert,T3,T3-f-0415,f,3.649326801300049,3.173673391342163,3.025989532470703,True
arbert,T3,T3-f-0416,f,-3.334655523300171,0.12329244613647461,-2.9451510906219482,False
arbert,T3,T3-f-0417,f,2.0004279613494873,2.4267337322235107,1.741111397743225,True
arbert,T3,T3-f-0418,f,2.021186351776123,3.8997201919555664,2.023620128631592,True
arbert,T3,T3-f-0419,f,-0.17841798067092896,2.141964912414551,0.29237157106399536,False
arbert,T3,T3-f-0420,f,-1.4251585006713867,0.9096705913543701,-1.5050334930419922,False
arbert,T3,T3-f-0421,f,-4.217293739318848,-2.8338801860809326,-4.745248317718506,False
arbert,T3,T3-f-0422,f,2.6784369945526123,2.671663284301758,2.209024429321289,True
arbert,T3,T3-f-0424,f,0.2653627395629883,0.593947172164917,-0.2009129524230957,True
arbert,T3,T3-f-0425,f,2.8688392639160156,5.182097911834717,3.0937962532043457,True
arbert,T3,T3-f-0426,f,-1.7605743408203125,0.9737334251403809,-1.676675796508789,False
arbert,T3,T3-f-0427,f,-1.5752813816070557,-1.051448106765747,-3.6283860206604004,False
arbert,T3,T3-f-0428,f,0.47622156143188477,3.0202317237854004,0.47755002975463867,True
arbert,T3,T3-f-0429,f,0.8805832862854004,3.240830421447754,1.6343398094177246,True
arbert,T3,T3-f-0430,f,3.4092636108398438,4.251424789428711,3.301206111907959,True
arbert,T3,T3-f-0431,f,-2.1874470710754395,0.058069705963134766,-3.0575079917907715,False
arbert,T3,T3-f-0432,f,1.8841978311538696,3.608588457107544,2.03169584274292,True
arbert,T3,T3-f-0433,f,2.1692686080932617,2.649890184402466,1.664534568786621,True
arbert,T3,T3-f-0434,f,-4.129292964935303,-3.576805353164673,-3.824392318725586,False
arbert,T3,T3-f-0435,f,0.20505070686340332,1.5656812191009521,0.3014940023422241,True
arbert,T3,T3-f-0436,f,-0.7311791181564331,-0.6202085018157959,-0.7268127202987671,False
arbert,T3,T3-f-0437,f,-1.1896986961364746,1.1872243881225586,-0.805849552154541,False
arbert,T3,T3-f-0438,f,1.126443862915039,4.077356338500977,0.5970945358276367,True
arbert,T3,T3-f-0439,f,0.045967817306518555,-0.5137579441070557,-0.7189359664916992,True
arbert,T3,T3-f-0440,f,-0.8288068771362305,2.6271510124206543,-1.440598487854004,False
arbert,T3,T3-f-0441,f,2.802216053009033,4.493724822998047,3.023501396179199,True
arbert,T3,T3-f-0442,f,5.12672758102417,5.906914710998535,4.698018550872803,True
arbert,T3,T3-f-0443,f,2.059814929962158,4.274994373321533,1.2854585647583008,True
arbert,T3,T3-f-0444,f,-3.4621965885162354,-1.155011534690857,-3.178107500076294,False
arbert,T3,T3-f-0446,f,-1.612466812133789,1.4785950183868408,-0.8355064392089844,False
arbert,T3,T3-f-0447,f,-1.6965980529785156,2.8716588020324707,-1.0128107070922852,False
arbert,T3,T3-f-0448,f,3.569807529449463,5.023041248321533,3.5524606704711914,True
arbert,T3,T3-f-0449,f,0.40233874320983887,3.610774517059326,1.5495529174804688,True
arbert,T3,T3-f-0450,f,0.26008403301239014,-0.23179244995117188,0.40332674980163574,True
arbert,T3,T3-f-0451,f,-1.7596073150634766,3.340000629425049,-1.5888004302978516,False
arbert,T3,T3-f-0452,f,-0.7989883422851562,1.387916088104248,-0.8053436279296875,False
arbert,T3,T3-f-0453,f,0.08807003498077393,1.7885360717773438,0.10112297534942627,True
arbert,T3,T3-f-0454,f,-4.20046329498291,-3.3986408710479736,-4.756575584411621,False
arbert,T3,T3-f-0455,f,2.337311267852783,3.308833122253418,2.3517653942108154,True
arbert,T3,T3-f-0457,f,-2.731753349304199,-1.2253851890563965,-3.180784225463867,False
arbert,T3,T3-f-0458,f,-0.4166538715362549,1.605940580368042,-1.4247606992721558,False
arbert,T3,T3-f-0459,f,-1.8975077867507935,2.6952614784240723,-1.469293236732483,False
arbert,T3,T3-f-0460,f,-2.9009203910827637,0.744603157043457,-3.2655818462371826,False
arbert,T3,T3-f-0461,f,1.8458828926086426,2.2035932540893555,1.8864502906799316,True
arbert,T3,T3-f-0462,f,3.3081247806549072,3.8796441555023193,3.7690083980560303,True
arbert,T3,T3-f-0463,f,-1.8884012699127197,0.17859530448913574,-2.115651845932007,False
arbert,T3,T3-f-0464,f,2.674933671951294,4.147456645965576,2.947997808456421,True
arbert,T3,T3-f-0465,f,2.4102611541748047,3.1174204349517822,0.5229889154434204,True
arbert,T3,T3-f-0466,f,-5.08013916015625,-4.254765033721924,-4.866621971130371,False
arbert,T3,T3-f-0467,f,1.3197169303894043,3.275063991546631,1.7214040756225586,True
arbert,T3,T3-f-0468,f,-5.465221405029297,-3.7076587677001953,-5.172930717468262,False
arbert,T3,T3-f-0469,f,1.9691288471221924,3.6954236030578613,1.626859188079834,True
arbert,T3,T3-f-0470,f,-2.316092014312744,-1.1932239532470703,-2.8591742515563965,False
arbert,T3,T3-f-0471,f,1.4722704887390137,2.649247169494629,0.7827701568603516,True
arbert,T3,T3-f-0472,f,0.22984683513641357,2.0153679847717285,0.9829251766204834,True
arbert,T3,T3-f-0473,f,-5.144217491149902,-1.9959168434143066,-5.334314346313477,False
arbert,T3,T3-f-0474,f,-0.2903308868408203,-0.8341256380081177,-0.17139673233032227,False
arbert,T3,T3-f-0476,f,1.1908447742462158,2.93228816986084,1.2454841136932373,True
arbert,T3,T3-f-0477,f,-2.7778220176696777,1.9803686141967773,-2.6094048023223877,False
arbert,T3,T3-f-0478,f,1.7175569534301758,4.208650588989258,1.6195638179779053,True
arbert,T3,T3-f-0479,f,-1.277851939201355,2.4167420864105225,-0.902596116065979,False
arbert,T3,T3-f-0480,f,-1.3861500024795532,1.9422974586486816,-1.3391470909118652,False
arbert,T3,T3-f-0481,f,-4.821375846862793,-2.114389657974243,-3.5946006774902344,False
arbert,T3,T3-f-0482,f,-0.32602834701538086,0.8764939308166504,0.42337214946746826,False
arbert,T3,T3-f-0483,f,-1.5105376243591309,1.686117172241211,-0.7646431922912598,False
arbert,T3,T3-f-0484,f,-0.2104872465133667,0.0028076171875,-0.4130655527114868,False
arbert,T3,T3-f-0485,f,-3.0626349449157715,-2.117521286010742,-3.075040817260742,False
arbert,T3,T3-f-0487,f,0.7676682472229004,2.9160547256469727,0.7999386787414551,True
arbert,T3,T3-f-0488,f,-0.028397738933563232,3.4980356693267822,0.22530686855316162,False
arbert,T3,T3-f-0489,f,-0.10045617818832397,2.6402153968811035,-0.6405912041664124,False
arbert,T3,T3-f-0490,f,-4.13577938079834,-2.655548095703125,-4.0810112953186035,False
arbert,T3,T3-f-0491,f,4.159570693969727,4.966789245605469,4.593392372131348,True
arbert,T3,T3-f-0492,f,-3.3855481147766113,-3.717050552368164,-3.752227306365967,False
arbert,T3,T3-f-0493,f,-0.0867239236831665,2.028566360473633,-0.14106684923171997,False
arbert,T3,T3-f-0494,f,-0.7685275077819824,1.3686976432800293,-0.5331821441650391,False
arbert,T3,T3-f-0495,f,-0.8544316291809082,4.154180526733398,-0.15727710723876953,False
arbert,T3,T3-f-0496,f,-4.452497959136963,-1.604074478149414,-1.6917345523834229,False
arbert,T3,T3-f-0497,f,-3.084962844848633,0.4664352536201477,-2.861351728439331,False
arbert,T3,T3-f-0498,f,-1.7176884412765503,0.4632449150085449,-1.0337646007537842,False
arbert,T3,T3-f-0499,f,1.5664548873901367,4.1826276779174805,0.06312370300292969,True
arbert,T3,T3-f-0500,f,-4.416487216949463,-2.9845051765441895,-4.720249176025391,False
arbert,T3,T3-f-0501,f,-2.054443359375,-1.0503756999969482,-2.008263349533081,False
arbert,T3,T3-f-0502,f,-0.9326252937316895,1.038200855255127,-0.9012260437011719,False
arbert,T3,T3-f-0503,f,-3.249945640563965,-2.6878654956817627,-3.8897061347961426,False
arbert,T3,T3-f-0504,f,-2.0854978561401367,2.0643529891967773,-0.9372119903564453,False
arbert,T3,T3-f-0505,f,0.5155167579650879,2.6861863136291504,0.44794368743896484,True
arbert,T3,T3-f-0506,f,3.5883755683898926,5.070123672485352,4.039083003997803,True
arbert,T3,T3-f-0507,f,-2.978178024291992,-2.021836757659912,-2.386486530303955,False
arbert,T3,T3-f-0508,f,-0.6406393051147461,0.004139900207519531,0.4879004955291748,False
arbert,T3,T3-f-0510,f,0.05391204357147217,3.075531005859375,-0.4423127770423889,True
arbert,T3,T3-f-0511,f,-1.0631089210510254,0.7397096157073975,-1.2183842658996582,False
arbert,T3,T3-f-0512,f,1.262792706489563,2.231323719024658,1.3393771648406982,True
arbert,T3,T3-f-0513,f,-3.892263412475586,-1.8709239959716797,-3.9117586612701416,False
arbert,T3,T3-f-0514,f,2.139188766479492,4.858819007873535,2.5021731853485107,True
arbert,T3,T3-f-0515,f,-0.6651444435119629,0.20476293563842773,-0.28946375846862793,False
arbert,T3,T3-f-0516,f,1.5125688314437866,1.5126748085021973,1.797775149345398,True
arbert,T3,T3-f-0517,f,-0.33046507835388184,2.5295891761779785,0.09134507179260254,False
arbert,T3,T3-f-0518,f,-0.3859056234359741,-0.2663159966468811,-0.8195781111717224,False
arbert,T3,T3-f-0519,f,-4.310124397277832,-2.2080392837524414,-3.98687481880188,False
arbert,T3,T3-f-0521,f,-0.1891953945159912,0.23630428314208984,-0.4028463363647461,False
arbert,T3,T3-f-0522,f,3.144679307937622,5.0234832763671875,4.080474376678467,True
arbert,T3,T3-f-0523,f,0.464491605758667,0.9467511177062988,0.028053879737854004,True
arbert,T3,T3-f-0524,f,-0.005603790283203125,1.7506473064422607,0.5029947757720947,False
arbert,T3,T3-f-0525,f,-2.9682559967041016,-2.119636058807373,-3.113273859024048,False
arbert,T3,T3-f-0526,f,-0.5808268189430237,2.646695375442505,0.014628440141677856,False
arbert,T3,T3-f-0527,f,-1.3951106071472168,0.11260223388671875,-1.3706164360046387,False
arbert,T3,T3-f-0528,f,3.864804983139038,4.335540294647217,4.2849812507629395,True
arbert,T3,T3-f-0529,f,-1.0924019813537598,3.242542266845703,-1.327470302581787,False
arbert,T3,T3-f-0530,f,0.007636070251464844,0.25101757049560547,-0.26485252380371094,True
arbert,T3,T3-f-0531,f,-2.4422595500946045,0.5353727340698242,-2.0851261615753174,False
arbert,T3,T3-f-0532,f,-4.633117198944092,-2.274254560470581,-3.98419189453125,False
arbert,T3,T3-f-0533,f,2.025439739227295,3.0405025482177734,0.628277063369751,True
arbert,T3,T3-f-0534,f,-0.34047961235046387,0.7820430397987366,-0.5676286220550537,False
arbert,T3,T3-f-0535,f,-0.683566153049469,2.3087472915649414,-1.2150168418884277,False
arbert,T3,T3-f-0536,f,-1.574418067932129,0.43041056394577026,-1.8303232192993164,False
arbert,T3,T3-f-0537,f,-4.238302230834961,-2.6807098388671875,-4.4195146560668945,False
arbert,T3,T3-f-0538,f,-0.8503745794296265,1.6224780082702637,-0.7770963907241821,False
arbert,T3,T3-f-0539,f,-0.1438889503479004,2.9337544441223145,-0.13412606716156006,False
arbert,T3,T3-f-0540,f,3.833512783050537,4.076959133148193,3.846726894378662,True
arbert,T3,T3-f-0541,f,-1.736253261566162,-0.603708028793335,-2.063145160675049,False
arbert,T3,T3-f-0543,f,-1.2329697608947754,2.0547585487365723,-1.1474218368530273,False
arbert,T3,T3-f-0544,f,-1.16694176197052,1.3540675640106201,-1.2379190921783447,False
arbert,T3,T3-f-0545,f,0.980352520942688,1.6834735870361328,0.5979183912277222,True
arbert,T3,T3-f-0546,f,-1.0654077529907227,2.260547637939453,-0.5824355483055115,False
arbert,T3,T3-f-0547,f,-2.667121410369873,1.312981128692627,-1.934739589691162,False
arbert,T3,T3-f-0548,f,-0.19492530822753906,0.6217398643493652,0.6339330673217773,False
arbert,T3,T3-f-0549,f,-0.5090287923812866,0.6550883054733276,-0.395052045583725,False
arbert,T3,T3-f-0550,f,-5.6639862060546875,-4.281039237976074,-5.765238285064697,False
arbert,T3,T3-f-0551,f,2.010003089904785,4.086627006530762,2.913908004760742,True
arbert,T3,T3-f-0553,f,-0.5855329036712646,-0.8340400457382202,-0.6255598068237305,False
arbert,T3,T3-f-0554,f,0.12788565456867218,2.600297689437866,-0.13879936933517456,True
arbert,T3,T3-f-0555,f,-1.4925870895385742,1.8458778858184814,-1.3109080791473389,False
arbert,T3,T3-f-0556,f,2.10390567779541,2.111842393875122,2.0582752227783203,True
arbert,T3,T3-f-0557,f,0.33441638946533203,2.481152296066284,1.5045360326766968,True
arbert,T3,T3-f-0558,f,-0.3888111114501953,3.2986788749694824,-1.305650234222412,False
arbert,T3,T3-f-0559,f,3.348250389099121,4.310958385467529,3.249497890472412,True
arbert,T3,T3-f-0560,f,-3.330613613128662,-2.225269317626953,-4.297780513763428,False
arbert,T3,T3-f-0561,f,-3.1767382621765137,-1.1698906421661377,-2.6177563667297363,False
arbert,T3,T3-f-0562,f,2.53987979888916,3.5343217849731445,-0.1590428352355957,True
arbert,T3,T3-f-0563,f,-0.04362308979034424,2.4904587268829346,-0.154937744140625,False
arbert,T3,T3-f-0564,f,-5.224326133728027,-3.9797565937042236,-4.718045234680176,False
arbert,T3,T3-f-0565,f,-2.772397041320801,1.870819091796875,-1.629814624786377,False
arbert,T3,T3-f-0566,f,0.8856419324874878,2.3213465213775635,-0.08812776207923889,True
arbert,T3,T3-f-0567,f,-0.6467063426971436,0.13935422897338867,-0.9132735729217529,False
arbert,T3,T3-f-0568,f,-5.221621036529541,-3.4580094814300537,-5.150866985321045,False
arbert,T3,T3-f-0569,f,0.4498187303543091,1.9239227771759033,0.1819676160812378,True
arbert,T3,T3-f-0570,f,2.743736505508423,2.3972651958465576,2.5216641426086426,True
arbert,T3,T3-f-0571,f,-1.265589714050293,3.4161691665649414,-1.6662850379943848,False
arbert,T3,T3-f-0572,f,-0.7292578220367432,3.804644823074341,0.02286076545715332,False
arbert,T3,T3-f-0573,f,-0.9595596194267273,2.4926505088806152,-0.14002707600593567,False
arbert,T3,T3-f-0574,f,-3.701241970062256,-3.793761968612671,-3.834878444671631,False
arbert,T3,T3-f-0575,f,-0.04349327087402344,1.8287277221679688,1.3220391273498535,False
arbert,T3,T3-f-0576,f,3.1583974361419678,4.898319721221924,4.396054267883301,True
arbert,T3,T3-f-0577,f,0.11421728134155273,0.5430819988250732,1.1235506534576416,True
arbert,T3,T3-f-0578,f,0.721246600151062,2.171435594558716,0.7305964231491089,True
arbert,T3,T3-f-0579,f,0.9770432710647583,1.0504329204559326,1.0542781352996826,True
arbert,T3,T3-f-0580,f,0.46357476711273193,2.3033676147460938,0.8965497016906738,True
arbert,T3,T3-f-0582,f,-0.6811598539352417,0.23053473234176636,-0.8343743085861206,False
arbert,T3,T3-f-0583,f,1.8002842664718628,1.779188632965088,1.6146719455718994,True
arbert,T3,T3-f-0584,f,2.6646223068237305,4.358424186706543,2.8378894329071045,True
arbert,T3,T3-f-0585,f,0.5996708869934082,2.0983328819274902,-0.17089951038360596,True
arbert,T3,T3-f-0586,f,4.1421217918396,4.659175395965576,4.133590221405029,True
arbert,T3,T3-f-0587,f,-0.3871351480484009,1.3232524394989014,0.21805167198181152,False
arbert,T3,T3-f-0588,f,-0.6842162013053894,0.2307281494140625,-1.0381731986999512,False
arbert,T3,T3-f-0589,f,-0.9115743637084961,1.7559924125671387,-0.2359781265258789,False
arbert,T3,T3-f-0590,f,-1.1609315872192383,3.4274544715881348,-1.0683608055114746,False
arbert,T3,T3-f-0591,f,-0.7629647254943848,-0.3504328727722168,-1.100406289100647,False
arbert,T3,T3-f-0592,f,2.11171817779541,2.421542167663574,2.1017940044403076,True
arbert,T3,T3-f-0593,f,-3.233619213104248,-0.22410356998443604,-2.4270832538604736,False
arbert,T3,T3-f-0594,f,-0.008669376373291016,0.13820362091064453,-0.8703107833862305,False
arbert,T3,T3-f-0595,f,-2.9363198280334473,0.061294570565223694,-1.6978660821914673,False
arbert,T3,T3-f-0596,f,-2.46150803565979,-1.2582571506500244,-1.7860153913497925,False
arbert,T3,T3-f-0597,f,-0.2057328224182129,3.3814444541931152,-0.23337483406066895,False
arbert,T3,T3-f-0598,f,-4.699759483337402,-2.9715843200683594,-4.9467597007751465,False
arbert,T3,T3-f-0599,f,-4.727837562561035,-2.660537004470825,-4.605461597442627,False
arbert,T6,T6-m-0000,m,-1.1483726501464844,0.7816557884216309,-0.5493364334106445,False
arbert,T6,T6-m-0001,m,1.767540454864502,2.4656906127929688,1.4514679908752441,True
arbert,T6,T6-m-0002,m,3.7278289794921875,4.647317886352539,4.5842695236206055,True
arbert,T6,T6-m-0003,m,1.0744256973266602,3.5429959297180176,1.2862982749938965,True
arbert,T6,T6-m-0004,m,-0.016182899475097656,2.5587353706359863,0.17062902450561523,False
arbert,T6,T6-m-0005,m,3.0431149005889893,3.804389476776123,3.298499584197998,True
arbert,T6,T6-m-0006,m,0.39731061458587646,1.0267757177352905,1.601374626159668,True
arbert,T6,T6-m-0007,m,-4.201101779937744,0.9925022125244141,-2.0477564334869385,False
arbert,T6,T6-m-0008,m,1.18719482421875,2.1169238090515137,1.022275447845459,True
arbert,T6,T6-m-0009,m,2.512256622314453,2.4182472229003906,3.42999005317688,True
arbert,T6,T6-m-0010,m,1.7910504341125488,2.270616054534912,1.5859060287475586,True
arbert,T6,T6-m-0011,m,0.4065237045288086,1.6885526180267334,0.69366455078125,True
arbert,T6,T6-m-0012,m,-0.9986972808837891,4.553340435028076,2.4585318565368652,False
arbert,T6,T6-m-0013,m,2.0449185371398926,2.778348207473755,1.807320237159729,True
arbert,T6,T6-m-0014,m,-0.0836629867553711,4.593513011932373,-0.7018218040466309,False
arbert,T6,T6-m-0015,m,4.291209697723389,4.417916297912598,3.8329951763153076,True
arbert,T6,T6-m-0016,m,1.9245355129241943,3.2200183868408203,2.3662328720092773,True
arbert,T6,T6-m-0017,m,0.01375281810760498,1.0479705333709717,0.3917715549468994,True
arbert,T6,T6-m-0018,m,-2.182213306427002,-0.9871647357940674,-2.5078604221343994,False
arbert,T6,T6-m-0019,m,0.34284111857414246,1.8635252714157104,2.0419578552246094,True
arbert,T6,T6-m-0020,m,-2.332758903503418,1.70859956741333,-0.306488037109375,False
arbert,T6,T6-m-0021,m,2.181377649307251,3.2304434776306152,1.8142685890197754,True
arbert,T6,T6-m-0022,m,-0.9086151123046875,0.5644955635070801,-0.40730977058410645,False
arbert,T6,T6-m-0023,m,1.3799433708190918,2.7027249336242676,1.439382553100586,True
arbert,T6,T6-m-0024,m,-0.9480142593383789,0.6791901588439941,-0.7230186462402344,False
arbert,T6,T6-m-0025,m,-0.706810712814331,1.079674482345581,-1.4713728427886963,False
arbert,T6,T6-m-0026,m,0.5090670585632324,0.8132805824279785,0.4886436462402344,True
arbert,T6,T6-m-0027,m,-0.4514493942260742,0.5956559181213379,1.1023972034454346,False
arbert,T6,T6-m-0029,m,3.3189284801483154,3.2753844261169434,3.3322129249572754,True
arbert,T6,T6-m-0030,m,-0.17118024826049805,1.9794682264328003,-0.32476258277893066,False
arbert,T6,T6-m-0031,m,1.3190059661865234,2.3196938037872314,1.342851161956787,True
arbert,T6,T6-m-0032,m,0.03907766938209534,2.758624315261841,-0.6029292941093445,True
arbert,T6,T6-m-0034,m,0.8320739269256592,1.6345958709716797,0.8337104916572571,True
arbert,T6,T6-m-0035,m,1.6263203620910645,2.3174142837524414,1.4647307395935059,True
arbert,T6,T6-m-0036,m,3.0190627574920654,3.8709919452667236,2.2860302925109863,True
arbert,T6,T6-m-0037,m,1.4643149375915527,3.0824174880981445,1.47947359085083,True
arbert,T6,T6-m-0038,m,-0.7275924682617188,2.300419807434082,-0.42104244232177734,False
arbert,T6,T6-m-0039,m,-0.394686222076416,1.3515355587005615,-0.27839040756225586,False
arbert,T6,T6-m-0040,m,0.8006329536437988,2.369551181793213,0.35601043701171875,True
arbert,T6,T6-m-0041,m,1.2194280624389648,1.4489684104919434,1.3534424304962158,True
arbert,T6,T6-m-0042,m,2.2478127479553223,2.3829517364501953,2.4059371948242188,True
arbert,T6,T6-m-0043,m,1.1414480209350586,2.0342652797698975,1.4095959663391113,True
arbert,T6,T6-m-0044,m,2.2966344356536865,3.174968719482422,1.8031439781188965,True
arbert,T6,T6-m-0045,m,-0.4657163619995117,2.272787094116211,-0.5618314743041992,False
arbert,T6,T6-m-0046,m,1.7805290222167969,2.472123622894287,1.9232592582702637,True
arbert,T6,T6-m-0047,m,-0.7036910057067871,1.4150147438049316,-0.715998649597168,False
arbert,T6,T6-m-0048,m,3.4332237243652344,4.454826354980469,3.528783082962036,True
arbert,T6,T6-m-0049,m,0.2175765037536621,1.939013957977295,0.3998081684112549,True
arbert,T6,T6-m-0050,m,-0.45839643478393555,1.2842135429382324,-0.5930562019348145,False
arbert,T6,T6-m-0051,m,0.21378684043884277,1.809636116027832,1.0194456577301025,True
arbert,T6,T6-m-0052,m,0.44736194610595703,2.050710678100586,-0.4600867033004761,True
arbert,T6,T6-m-0053,m,-0.6124844551086426,2.627171277999878,1.0340731143951416,False
arbert,T6,T6-m-0054,m,0.9261689186096191,2.635125160217285,1.4244468212127686,True
arbert,T6,T6-m-0055,m,1.279904842376709,2.1185178756713867,1.0587542057037354,True
arbert,T6,T6-m-0056,m,1.5903053283691406,1.9457281827926636,2.1490774154663086,True
arbert,T6,T6-m-0057,m,2.362295389175415,4.129502773284912,3.0288424491882324,True
arbert,T6,T6-m-0058,m,1.472741961479187,1.9216949939727783,2.0472686290740967,True
arbert,T6,T6-m-0059,m,2.711857557296753,2.70878005027771,2.965816020965576,True
arbert,T6,T6-m-0060,m,1.6947827339172363,2.7737107276916504,2.3365511894226074,True
arbert,T6,T6-m-0061,m,-0.5578885078430176,1.2551913261413574,0.08268880844116211,False
arbert,T6,T6-m-0062,m,0.3092031478881836,1.6559979915618896,0.4825878143310547,True
arbert,T6,T6-m-0063,m,0.26380348205566406,1.6517066955566406,-0.12418603897094727,True
arbert,T6,T6-m-0064,m,0.5142645835876465,2.360002040863037,0.8070300817489624,True
arbert,T6,T6-m-0065,m,1.5036745071411133,2.001882553100586,1.0065789222717285,True
arbert,T6,T6-m-0066,m,0.6805763244628906,2.040040969848633,0.4013071060180664,True
arbert,T6,T6-m-0067,m,1.5927462577819824,2.583401679992676,2.3072609901428223,True
arbert,T6,T6-m-0068,m,1.5485960245132446,2.8884835243225098,1.6929638385772705,True
arbert,T6,T6-m-0069,m,-0.22294557094573975,1.2887489795684814,-0.6534497737884521,False
arbert,T6,T6-m-0070,m,3.323485851287842,4.516510963439941,3.262713670730591,True
arbert,T6,T6-m-0071,m,-1.030512809753418,0.6534113883972168,-0.9525589942932129,False
arbert,T6,T6-m-0073,m,1.2627277374267578,3.5139975547790527,1.0141534805297852,True
arbert,T6,T6-m-0074,m,0.4265729784965515,1.5972442626953125,0.9816672801971436,True
arbert,T6,T6-m-0075,m,0.511599063873291,2.6848721504211426,0.7301348447799683,True
arbert,T6,T6-m-0077,m,0.2923297882080078,1.2488787174224854,0.5095086097717285,True
arbert,T6,T6-m-0078,m,0.8196066617965698,2.662389039993286,0.18843227624893188,True
arbert,T6,T6-m-0079,m,1.950451374053955,2.583066463470459,2.3557329177856445,True
arbert,T6,T6-m-0080,m,-3.500622272491455,3.4044294357299805,-3.2451796531677246,False
arbert,T6,T6-m-0081,m,0.6579687595367432,1.200176477432251,0.8816277980804443,True
arbert,T6,T6-m-0082,m,-0.08625936508178711,2.901721954345703,2.4595327377319336,False
arbert,T6,T6-m-0083,m,1.0313167572021484,1.872884750366211,3.0355749130249023,True
arbert,T6,T6-m-0084,m,1.5287137031555176,2.503005266189575,1.738108515739441,True
arbert,T6,T6-m-0085,m,0.8729457855224609,1.9885547161102295,0.9759745597839355,True
arbert,T6,T6-m-0086,m,0.37977123260498047,1.705733299255371,0.4188578128814697,True
arbert,T6,T6-m-0087,m,2.376671314239502,4.211669445037842,2.4486660957336426,True
arbert,T6,T6-m-0088,m,0.6021384000778198,0.958078145980835,0.07726755738258362,True
arbert,T6,T6-m-0089,m,4.5920610427856445,4.605311393737793,4.048496246337891,True
arbert,T6,T6-m-0090,m,-2.9583754539489746,0.1883392333984375,-2.5701377391815186,False
arbert,T6,T6-m-0091,m,1.4328573942184448,2.6066131591796875,1.7021257877349854,True
arbert,T6,T6-m-0092,m,-0.6150588989257812,2.3641912937164307,-0.4662353992462158,False
arbert,T6,T6-m-0093,m,0.9259920120239258,2.127326011657715,1.2434440851211548,True
arbert,T6,T6-m-0094,m,0.7917299270629883,0.826331615447998,0.4434833526611328,True
arbert,T6,T6-m-0095,m,1.311957836151123,2.499408483505249,1.3369312286376953,True
arbert,T6,T6-m-0096,m,3.999955892562866,5.30803918838501,4.223346710205078,True
arbert,T6,T6-m-0097,m,0.24228954315185547,2.5482120513916016,1.0770745277404785,True
arbert,T6,T6-m-0098,m,2.2785534858703613,2.8508152961730957,2.5116307735443115,True
arbert,T6,T6-m-0099,m,-1.809816598892212,-0.048921823501586914,-0.62931227684021,False
arbert,T6,T6-m-0100,m,-0.3093843460083008,1.9237101078033447,0.20199871063232422,False
arbert,T6,T6-m-0101,m,0.0915079116821289,2.143000364303589,0.5905508995056152,True
arbert,T6,T6-m-0102,m,0.23978805541992188,1.0277748107910156,0.6551246643066406,True
arbert,T6,T6-m-0103,m,1.8424134254455566,3.027909278869629,0.8408775329589844,True
arbert,T6,T6-m-0104,m,-1.8617587089538574,1.9818942546844482,-2.4903273582458496,False
arbert,T6,T6-m-0105,m,-1.0981907844543457,-0.21335411071777344,-1.8054122924804688,False
arbert,T6,T6-m-0106,m,-0.9456883668899536,-0.10591864585876465,-0.5782792568206787,False
arbert,T6,T6-m-0107,m,-0.00786447525024414,1.3466954231262207,0.20530176162719727,False
arbert,T6,T6-m-0108,m,-4.7952423095703125,-0.5737996101379395,-3.448092460632324,False
arbert,T6,T6-m-0109,m,1.1265919208526611,2.4827537536621094,1.2342724800109863,True
arbert,T6,T6-m-0110,m,0.9338011741638184,3.3108444213867188,1.7884712219238281,True
arbert,T6,T6-m-0111,m,1.3498724699020386,3.1040399074554443,1.6819767951965332,True
arbert,T6,T6-m-0112,m,0.8973256349563599,1.1928234100341797,0.4830473065376282,True
arbert,T6,T6-m-0113,m,0.4537811279296875,2.0641098022460938,0.31495094299316406,True
arbert,T6,T6-m-0114,m,-0.16000008583068848,1.0436267852783203,0.3362278938293457,False
arbert,T6,T6-m-0116,m,1.7599217891693115,2.619654417037964,1.9165971279144287,True
arbert,T6,T6-m-0117,m,1.3074666261672974,1.7004965543746948,0.874785840511322,True
arbert,T6,T6-m-0118,m,-0.43700361251831055,1.6728887557983398,-0.3049635887145996,False
arbert,T6,T6-m-0119,m,0.9692959785461426,2.4228429794311523,0.7107785940170288,True
arbert,T6,T6-m-0121,m,0.8360860347747803,2.4317467212677,0.9924007058143616,True
arbert,T6,T6-m-0122,m,1.124040126800537,3.1871275901794434,1.0234298706054688,True
arbert,T6,T6-m-0123,m,-0.3183619976043701,1.0093560218811035,1.0689349174499512,False
arbert,T6,T6-m-0124,m,1.6338425874710083,3.588947057723999,1.6889674663543701,True
arbert,T6,T6-m-0125,m,1.5709394216537476,3.1379687786102295,2.1029915809631348,True
arbert,T6,T6-m-0126,m,1.0976651906967163,2.4162912368774414,0.6838377714157104,True
arbert,T6,T6-m-0127,m,1.8145394325256348,1.9173318147659302,2.3903493881225586,True
arbert,T6,T6-m-0128,m,0.22656214237213135,2.317894697189331,0.2592895030975342,True
arbert,T6,T6-m-0129,m,2.6559929847717285,3.4322633743286133,3.143932342529297,True
arbert,T6,T6-m-0130,m,1.077117919921875,1.2154102325439453,1.2357072830200195,True
arbert,T6,T6-m-0131,m,1.9504880905151367,2.6827282905578613,1.7213668823242188,True
arbert,T6,T6-m-0132,m,-0.3941936492919922,1.093045949935913,-0.34419775009155273,False
arbert,T6,T6-m-0133,m,2.0155255794525146,2.4708287715911865,2.9955296516418457,True
arbert,T6,T6-m-0134,m,-0.17533588409423828,1.1407124996185303,0.5879130363464355,False
arbert,T6,T6-m-0135,m,-0.12699496746063232,1.6365958452224731,0.40089166164398193,False
arbert,T6,T6-m-0136,m,-0.5890102386474609,1.6553300619125366,-0.020035386085510254,False
arbert,T6,T6-m-0137,m,-0.9086370468139648,1.8506922721862793,-0.5787534713745117,False
arbert,T6,T6-m-0138,m,-2.488346576690674,0.7297792434692383,-2.612351894378662,False
arbert,T6,T6-m-0139,m,-0.025117874145507812,1.0779948234558105,0.041129112243652344,False
arbert,T6,T6-m-0140,m,3.908992290496826,4.675450325012207,3.330955743789673,True
arbert,T6,T6-m-0141,m,0.9327535629272461,2.524384021759033,1.128342628479004,True
arbert,T6,T6-m-0142,m,-0.37133264541625977,1.068558931350708,-0.22743558883666992,False
arbert,T6,T6-m-0143,m,2.88279390335083,3.585171699523926,2.877406120300293,True
arbert,T6,T6-m-0144,m,-0.7772054076194763,0.9889830946922302,0.009704768657684326,False
arbert,T6,T6-m-0145,m,2.8364081382751465,3.515810966491699,2.710599660873413,True
arbert,T6,T6-m-0146,m,-0.7752237319946289,2.027491569519043,-0.7077369689941406,False
arbert,T6,T6-m-0147,m,2.2175188064575195,3.1655378341674805,2.184171676635742,True
arbert,T6,T6-m-0148,m,1.795637845993042,3.256073474884033,2.135072708129883,True
arbert,T6,T6-m-0149,m,-2.0539164543151855,-0.29601550102233887,-3.017477035522461,False
arbert,T6,T6-m-0150,m,3.140803575515747,4.123235702514648,2.2320971488952637,True
arbert,T6,T6-m-0151,m,1.303574562072754,2.555802345275879,0.4593524932861328,True
arbert,T6,T6-m-0152,m,-0.1120908260345459,2.118427276611328,-0.597724199295044,False
arbert,T6,T6-m-0153,m,-0.830902099609375,1.9481043815612793,-0.9195437431335449,False
arbert,T6,T6-m-0154,m,0.6798372268676758,2.440702438354492,0.7722688913345337,True
arbert,T6,T6-m-0155,m,-0.6612176895141602,2.3190598487854004,0.9860661029815674,False
arbert,T6,T6-m-0156,m,2.64815616607666,3.8206231594085693,3.3678226470947266,True
arbert,T6,T6-m-0157,m,-0.9973964691162109,1.035315990447998,-0.48452281951904297,False
arbert,T6,T6-m-0159,m,0.9442993402481079,2.2294092178344727,0.9199683666229248,True
arbert,T6,T6-m-0160,m,0.9896373748779297,2.8117737770080566,0.5440378189086914,True
arbert,T6,T6-m-0161,m,-2.1564621925354004,0.9912290573120117,-1.6210203170776367,False
arbert,T6,T6-m-0163,m,0.7421104311943054,2.46142315864563,-2.083711624145508,True
arbert,T6,T6-m-0164,m,-0.5196382999420166,1.3726377487182617,-0.21755510568618774,False
arbert,T6,T6-m-0165,m,1.4920560121536255,3.2865614891052246,1.7566511631011963,True
arbert,T6,T6-m-0166,m,-1.141556739807129,1.6297886371612549,-1.4583678245544434,False
arbert,T6,T6-m-0167,m,0.5029054284095764,1.7437145709991455,0.9257131218910217,True
arbert,T6,T6-m-0168,m,1.9069759845733643,3.139435052871704,2.46384334564209,True
arbert,T6,T6-m-0169,m,-1.7298502922058105,0.9980778694152832,-0.9801111221313477,False
arbert,T6,T6-m-0170,m,-0.39558935165405273,1.01283597946167,0.27765703201293945,False
arbert,T6,T6-m-0171,m,0.7215657234191895,1.7995834350585938,0.6195917129516602,True
arbert,T6,T6-m-0172,m,0.6710200309753418,1.9301583766937256,0.7091197967529297,True
arbert,T6,T6-m-0173,m,3.4122567176818848,4.01544713973999,4.096551895141602,True
arbert,T6,T6-m-0174,m,1.1978120803833008,2.353605270385742,1.2918075323104858,True
arbert,T6,T6-m-0175,m,0.6997113227844238,2.8309459686279297,1.6300501823425293,True
arbert,T6,T6-m-0176,m,0.4656633734703064,1.3166072368621826,0.23626422882080078,True
arbert,T6,T6-m-0177,m,2.72487735748291,4.146772861480713,2.9413132667541504,True
arbert,T6,T6-m-0178,m,-0.36760300397872925,0.6022107601165771,0.2456270456314087,False
arbert,T6,T6-m-0179,m,-0.3452720642089844,1.9374504089355469,0.19795703887939453,False
arbert,T6,T6-m-0180,m,1.8020257949829102,2.788019895553589,1.914254903793335,True
arbert,T6,T6-m-0181,m,0.6762808561325073,2.361065626144409,1.1063268184661865,True
arbert,T6,T6-m-0182,m,-1.4146802425384521,1.2439749240875244,-1.3476054668426514,False
arbert,T6,T6-m-0183,m,2.4410240650177,2.8009133338928223,2.667173385620117,True
arbert,T6,T6-m-0184,m,1.440281629562378,3.2551283836364746,1.804188847541809,True
arbert,T6,T6-m-0185,m,-0.3305644989013672,1.0517683029174805,-0.10313200950622559,False
arbert,T6,T6-m-0186,m,0.5432162284851074,3.1816964149475098,-0.6543326377868652,True
arbert,T6,T6-m-0187,m,1.1634111404418945,1.9339828491210938,1.977710247039795,True
arbert,T6,T6-m-0188,m,0.9214849472045898,1.5611023902893066,1.1899356842041016,True
arbert,T6,T6-m-0189,m,-0.34976983070373535,2.1680691242218018,-2.922835350036621,False
arbert,T6,T6-m-0190,m,-0.441583514213562,0.34396255016326904,-0.37406110763549805,False
arbert,T6,T6-m-0191,m,3.354936122894287,3.8201863765716553,3.8212673664093018,True
arbert,T6,T6-m-0192,m,2.130493640899658,3.4449820518493652,1.9751906394958496,True
arbert,T6,T6-m-0193,m,0.8975454568862915,2.314500093460083,0.21110904216766357,True
arbert,T6,T6-m-0194,m,0.5943760871887207,2.0996248722076416,1.0085234642028809,True
arbert,T6,T6-m-0195,m,0.9267927408218384,2.354222536087036,1.005319356918335,True
arbert,T6,T6-m-0196,m,0.535749077796936,1.3135701417922974,0.8086549043655396,True
arbert,T6,T6-m-0197,m,-0.09823739528656006,2.400061845779419,0.11019092798233032,False
arbert,T6,T6-m-0198,m,-0.0957174301147461,1.9961509704589844,0.551356315612793,False
arbert,T6,T6-m-0199,m,0.5924320220947266,2.540909767150879,0.7643771171569824,True
arbert,T6,T6-m-0201,m,0.8879525661468506,1.7068638801574707,0.48911356925964355,True
arbert,T6,T6-m-0202,m,3.0271754264831543,3.718308925628662,2.6839261054992676,True
arbert,T6,T6-m-0203,m,1.6132068634033203,2.5116217136383057,1.3160817623138428,True
arbert,T6,T6-m-0205,m,1.116715908050537,2.882150411605835,1.6761646270751953,True
arbert,T6,T6-m-0206,m,0.44448864459991455,1.8249046802520752,0.9585646390914917,True
arbert,T6,T6-m-0207,m,2.2545278072357178,3.7479968070983887,1.9849371910095215,True
arbert,T6,T6-m-0208,m,-3.3785126209259033,-0.5458872318267822,-2.595790386199951,False
arbert,T6,T6-m-0209,m,2.745929718017578,3.1479055881500244,2.821282386779785,True
arbert,T6,T6-m-0210,m,0.2853308916091919,0.7634503841400146,-0.2951037883758545,True
arbert,T6,T6-m-0211,m,-0.42293739318847656,0.9661531448364258,-0.5059061050415039,False
arbert,T6,T6-m-0212,m,0.39040231704711914,2.4384028911590576,0.7777972221374512,True
arbert,T6,T6-m-0213,m,3.249119520187378,2.4425506591796875,3.1858561038970947,True
arbert,T6,T6-m-0214,m,0.8328100442886353,2.546330451965332,0.8437083959579468,True
arbert,T6,T6-m-0215,m,0.29355573654174805,1.4974822998046875,0.5060315132141113,True
arbert,T6,T6-m-0216,m,2.8692402839660645,3.421877861022949,3.1484756469726562,True
arbert,T6,T6-m-0217,m,0.560966968536377,3.8384671211242676,-0.3200263977050781,True
arbert,T6,T6-m-0218,m,0.574889063835144,0.5530850887298584,0.6820372343063354,True
arbert,T6,T6-m-0219,m,0.3484768867492676,3.4871914386749268,0.9265286922454834,True
arbert,T6,T6-m-0220,m,1.5942423343658447,2.692941188812256,1.892974615097046,True
arbert,T6,T6-m-0221,m,0.20031380653381348,2.46201229095459,0.536603569984436,True
arbert,T6,T6-m-0222,m,0.3297462463378906,2.234527111053467,0.5553755760192871,True
arbert,T6,T6-m-0223,m,1.9289608001708984,3.3601527214050293,1.8652831315994263,True
arbert,T6,T6-m-0224,m,1.0021119117736816,2.539362907409668,0.8591681718826294,True
arbert,T6,T6-m-0225,m,0.3550069332122803,1.6937289237976074,1.5831377506256104,True
arbert,T6,T6-m-0226,m,0.6626720428466797,1.6139206886291504,0.881162166595459,True
arbert,T6,T6-m-0227,m,2.022433280944824,3.1669206619262695,2.612680673599243,True
arbert,T6,T6-m-0228,m,2.161797046661377,3.4000725746154785,1.4437391757965088,True
arbert,T6,T6-m-0229,m,-0.5857446193695068,1.0179247856140137,-0.6707973480224609,False
arbert,T6,T6-m-0230,m,0.44193047285079956,0.2077876329421997,-0.23243069648742676,True
arbert,T6,T6-m-0231,m,1.472326636314392,2.0317583084106445,0.812684178352356,True
arbert,T6,T6-m-0232,m,-1.4243087768554688,-0.06097984313964844,-1.0215301513671875,False
arbert,T6,T6-m-0233,m,0.04518699645996094,2.012988567352295,0.36377716064453125,True
arbert,T6,T6-m-0234,m,2.705059051513672,3.4677016735076904,2.0380587577819824,True
arbert,T6,T6-m-0235,m,-0.9937372207641602,2.374596357345581,0.19641780853271484,False
arbert,T6,T6-m-0236,m,1.8826780319213867,2.443518877029419,1.7666370868682861,True
arbert,T6,T6-m-0237,m,-1.191344976425171,1.0087623596191406,-1.4147775173187256,False
arbert,T6,T6-m-0238,m,1.65535306930542,3.0400028228759766,1.7366211414337158,True
arbert,T6,T6-m-0240,m,1.2254894971847534,2.072629451751709,0.855485200881958,True
arbert,T6,T6-m-0241,m,2.461616277694702,3.029934883117676,3.117490291595459,True
arbert,T6,T6-m-0242,m,1.0408802032470703,2.919421434402466,1.4387009143829346,True
arbert,T6,T6-m-0243,m,0.17760276794433594,2.8630318641662598,0.7606077194213867,True
arbert,T6,T6-m-0245,m,0.15059566497802734,2.445990562438965,0.5289502143859863,True
arbert,T6,T6-m-0246,m,0.11167645454406738,1.0655276775360107,-0.8721534013748169,True
arbert,T6,T6-m-0247,m,-1.7307958602905273,1.156238079071045,-1.3108878135681152,False
arbert,T6,T6-m-0248,m,-0.4368457794189453,1.9865286350250244,-0.07606792449951172,False
arbert,T6,T6-m-0249,m,0.9584896564483643,1.9119853973388672,1.008169412612915,True
arbert,T6,T6-m-0250,m,0.3714597225189209,2.5983684062957764,0.34456515312194824,True
arbert,T6,T6-m-0251,m,0.5092196464538574,2.646660327911377,0.9088492393493652,True
arbert,T6,T6-m-0252,m,-0.8850841522216797,2.869180679321289,-0.5801897048950195,False
arbert,T6,T6-m-0253,m,-0.288724422454834,0.9676086902618408,-0.10082626342773438,False
arbert,T6,T6-m-0254,m,1.247875690460205,2.625467300415039,1.0772285461425781,True
arbert,T6,T6-m-0255,m,-1.1931617259979248,1.0627591609954834,-1.0485901832580566,False
arbert,T6,T6-m-0256,m,1.9142135381698608,3.4656460285186768,2.150101900100708,True
arbert,T6,T6-m-0257,m,1.5857486724853516,2.5129828453063965,2.610158920288086,True
arbert,T6,T6-m-0258,m,-1.8173564672470093,0.7736384868621826,-1.9509339332580566,False
arbert,T6,T6-m-0259,m,0.879260778427124,1.8499794006347656,0.8146814107894897,True
arbert,T6,T6-m-0260,m,-0.4796171188354492,1.897667407989502,-0.638031005859375,False
arbert,T6,T6-m-0261,m,0.7706860303878784,3.041013717651367,1.1737642288208008,True
arbert,T6,T6-m-0262,m,-2.521223306655884,-0.3236508369445801,-1.6189320087432861,False
arbert,T6,T6-m-0263,m,0.45181941986083984,1.9793543815612793,-0.11650943756103516,True
arbert,T6,T6-m-0264,m,-0.3063180446624756,2.3484580516815186,-0.3871421813964844,False
arbert,T6,T6-m-0265,m,2.2504196166992188,3.62393856048584,2.0107486248016357,True
arbert,T6,T6-m-0266,m,2.6944990158081055,2.952116012573242,2.786384105682373,True
arbert,T6,T6-m-0267,m,-1.1342966556549072,-0.7197446823120117,-0.8942587375640869,False
arbert,T6,T6-m-0268,m,0.44147491455078125,2.73752760887146,0.6125743389129639,True
arbert,T6,T6-m-0269,m,-0.11592721939086914,2.4483680725097656,-0.35097599029541016,False
arbert,T6,T6-m-0270,m,1.4222443103790283,3.038341760635376,1.6338067054748535,True
arbert,T6,T6-m-0271,m,1.8000617027282715,3.302046537399292,1.7001070976257324,True
arbert,T6,T6-m-0272,m,-0.8395721912384033,1.370383620262146,-1.567965030670166,False
arbert,T6,T6-m-0273,m,-0.8822183609008789,0.08569908142089844,-0.4262213706970215,False
arbert,T6,T6-m-0274,m,-0.16673016548156738,2.467705726623535,0.2818434238433838,False
arbert,T6,T6-m-0275,m,-0.8505091667175293,1.6094629764556885,-0.5465240478515625,False
arbert,T6,T6-m-0276,m,-1.2871840000152588,1.0177146196365356,-0.9878875017166138,False
arbert,T6,T6-m-0277,m,2.779414653778076,2.920236825942993,2.631702423095703,True
arbert,T6,T6-m-0278,m,0.7756366729736328,1.5956096649169922,0.8385887145996094,True
arbert,T6,T6-m-0279,m,-1.0075445175170898,0.7682409286499023,-0.8991260528564453,False
arbert,T6,T6-m-0280,m,-2.0380682945251465,0.5282315015792847,-1.7569587230682373,False
arbert,T6,T6-m-0281,m,2.812006950378418,3.5795910358428955,3.471620559692383,True
arbert,T6,T6-m-0282,m,0.7446318864822388,1.432007908821106,0.6713066101074219,True
arbert,T6,T6-m-0284,m,-0.45885753631591797,1.6628901958465576,-0.49007153511047363,False
arbert,T6,T6-m-0285,m,-2.115372657775879,-0.3001898527145386,-1.6345053911209106,False
arbert,T6,T6-m-0286,m,1.668149471282959,1.7644538879394531,0.8820385932922363,True
arbert,T6,T6-m-0287,m,2.113137722015381,3.567945957183838,2.4244301319122314,True
arbert,T6,T6-m-0289,m,0.5740101337432861,2.631227731704712,1.0855542421340942,True
arbert,T6,T6-m-0290,m,1.04537832736969,3.5076470375061035,2.6130361557006836,True
arbert,T6,T6-m-0291,m,2.0365893840789795,3.558903217315674,2.5175113677978516,True
arbert,T6,T6-m-0292,m,-2.915217399597168,-0.9113172292709351,-3.4677422046661377,False
arbert,T6,T6-m-0293,m,2.1030867099761963,2.471529960632324,1.9532074928283691,True
arbert,T6,T6-m-0294,m,0.7470519542694092,2.242438316345215,0.8601288795471191,True
arbert,T6,T6-m-0295,m,2.127908229827881,3.168778896331787,2.6650876998901367,True
arbert,T6,T6-m-0296,m,1.444164514541626,2.431648015975952,1.2779183387756348,True
arbert,T6,T6-m-0297,m,3.4492783546447754,3.198676347732544,3.05246639251709,True
arbert,T6,T6-m-0298,m,-0.05238819122314453,2.6896824836730957,0.09693002700805664,False
arbert,T6,T6-m-0299,m,1.3549375534057617,1.911804437637329,1.4709649085998535,True
arbert,T6,T6-m-0300,m,2.2972943782806396,3.8905386924743652,2.8244667053222656,True
arbert,T6,T6-m-0301,m,0.447603702545166,3.0921976566314697,1.1682641506195068,True
arbert,T6,T6-m-0302,m,-0.17090845108032227,1.8444150686264038,0.24560165405273438,False
arbert,T6,T6-m-0303,m,2.5260848999023438,3.927077531814575,2.288790702819824,True
arbert,T6,T6-m-0304,m,2.4539971351623535,3.018113613128662,2.3451833724975586,True
arbert,T6,T6-m-0305,m,0.4325294494628906,0.799583911895752,0.7402815818786621,True
arbert,T6,T6-m-0306,m,-0.6000305414199829,-0.17195647954940796,-0.41072988510131836,False
arbert,T6,T6-m-0307,m,0.8120031356811523,2.789909839630127,1.0890531539916992,True
arbert,T6,T6-m-0308,m,-0.276705265045166,1.1978745460510254,0.2102065086364746,False
arbert,T6,T6-m-0309,m,2.0661497116088867,3.451742172241211,2.0022330284118652,True
arbert,T6,T6-m-0310,m,1.1512112617492676,2.0862436294555664,1.2353310585021973,True
arbert,T6,T6-m-0311,m,2.3182291984558105,3.1650445461273193,1.7937639951705933,True
arbert,T6,T6-m-0312,m,1.86722731590271,3.2169089317321777,2.561532974243164,True
arbert,T6,T6-m-0313,m,-0.1736077070236206,1.3160117864608765,0.2462989091873169,False
arbert,T6,T6-m-0314,m,0.07590961456298828,3.0119881629943848,0.7978839874267578,True
arbert,T6,T6-m-0315,m,-0.31314897537231445,0.9398154020309448,0.5243234634399414,False
arbert,T6,T6-m-0316,m,-0.4934501647949219,1.449340581893921,-0.7022528648376465,False
arbert,T6,T6-m-0317,m,-1.0922918319702148,1.4046616554260254,-0.6067590713500977,False
arbert,T6,T6-m-0318,m,2.409376859664917,2.6858322620391846,2.1212196350097656,True
arbert,T6,T6-m-0319,m,-0.6735348701477051,1.8393709659576416,-0.3022923469543457,False
arbert,T6,T6-m-0320,m,-0.008859455585479736,1.6313878297805786,-0.037114500999450684,False
arbert,T6,T6-m-0321,m,0.46239280700683594,2.025665760040283,0.42841339111328125,True
arbert,T6,T6-m-0322,m,0.037638187408447266,1.8743889331817627,-0.49910831451416016,True
arbert,T6,T6-m-0323,m,2.496100902557373,3.2688276767730713,2.6886537075042725,True
arbert,T6,T6-m-0324,m,-0.14882349967956543,1.5660877227783203,-0.0351109504699707,False
arbert,T6,T6-m-0326,m,0.5040960311889648,1.5060319900512695,0.7995128631591797,True
arbert,T6,T6-m-0327,m,1.055830955505371,3.086571216583252,1.77671480178833,True
arbert,T6,T6-m-0328,m,2.162243127822876,3.6932730674743652,1.8272371292114258,True
arbert,T6,T6-m-0329,m,0.12532472610473633,1.9798269271850586,-0.9182710647583008,True
arbert,T6,T6-m-0331,m,1.2173504829406738,2.052807092666626,0.8517966270446777,True
arbert,T6,T6-m-0332,m,2.798999547958374,4.326959609985352,2.5092244148254395,True
arbert,T6,T6-m-0333,m,0.5235834121704102,1.8050851821899414,1.044764518737793,True
arbert,T6,T6-m-0334,m,-1.4708226919174194,2.434075355529785,-2.480771541595459,False
arbert,T6,T6-m-0335,m,1.2796130180358887,2.676327705383301,1.2971701622009277,True
arbert,T6,T6-m-0336,m,0.7592687606811523,1.5801773071289062,0.4463934898376465,True
arbert,T6,T6-m-0337,m,-1.7623863220214844,1.0661265850067139,-0.9090949296951294,False
arbert,T6,T6-m-0338,m,-0.7932004928588867,1.7024531364440918,-0.37189197540283203,False
arbert,T6,T6-m-0339,m,-1.8494925498962402,2.684133529663086,-1.9048089981079102,False
arbert,T6,T6-m-0340,m,-1.7102850675582886,0.023489415645599365,-1.320214033126831,False
arbert,T6,T6-m-0341,m,0.27611732482910156,2.972834587097168,1.543907880783081,True
arbert,T6,T6-m-0342,m,-1.3620680570602417,0.4823570251464844,-1.1284184455871582,False
arbert,T6,T6-m-0343,m,0.8660387992858887,1.1733808517456055,1.1680521965026855,True
arbert,T6,T6-m-0344,m,-0.3705732822418213,2.7338552474975586,-1.2583391666412354,False
arbert,T6,T6-m-0345,m,1.1845004558563232,3.0242066383361816,2.0902650356292725,True
arbert,T6,T6-m-0346,m,2.829477310180664,4.005147457122803,2.5917508602142334,True
arbert,T6,T6-m-0347,m,-0.6680846214294434,0.5482133030891418,0.030995845794677734,False
arbert,T6,T6-m-0348,m,-0.7275991439819336,0.253449022769928,-1.0275416374206543,False
arbert,T6,T6-m-0349,m,1.0121580362319946,1.9653534889221191,0.6752588748931885,True
arbert,T6,T6-m-0350,m,0.2231457233428955,0.9094941020011902,0.19266629219055176,True
arbert,T6,T6-m-0351,m,-0.2728457450866699,1.6690354347229004,-0.139923095703125,False
arbert,T6,T6-m-0352,m,3.5809972286224365,3.5871269702911377,4.20009183883667,True
arbert,T6,T6-m-0353,m,2.2117254734039307,2.7532215118408203,1.5417286157608032,True
arbert,T6,T6-m-0354,m,-1.0903995037078857,0.3580363690853119,-1.0891302824020386,False
arbert,T6,T6-m-0355,m,1.1239676475524902,2.4368464946746826,0.9984049797058105,True
arbert,T6,T6-m-0356,m,1.1923677921295166,2.814185619354248,1.8504586219787598,True
arbert,T6,T6-m-0357,m,-1.4276459217071533,0.4627499580383301,-2.5831961631774902,False
arbert,T6,T6-m-0358,m,1.3965911865234375,2.2215981483459473,1.16159987449646,True
arbert,T6,T6-m-0359,m,0.3944568634033203,1.7597596645355225,-0.036815643310546875,True
arbert,T6,T6-m-0360,m,0.41998815536499023,2.2611095905303955,-0.4398641586303711,True
arbert,T6,T6-m-0361,m,1.1979992389678955,3.0934677124023438,0.2378220558166504,True
arbert,T6,T6-m-0362,m,0.22100543975830078,1.6554670333862305,0.922022819519043,True
arbert,T6,T6-m-0363,m,0.40969204902648926,2.8105621337890625,0.6425650119781494,True
arbert,T6,T6-m-0364,m,-3.4175596237182617,3.4591567516326904,-2.8842549324035645,False
arbert,T6,T6-m-0365,m,0.6010847091674805,1.7209696769714355,0.5803093910217285,True
arbert,T6,T6-m-0366,m,1.7861323356628418,3.6427063941955566,1.8822975158691406,True
arbert,T6,T6-m-0368,m,3.7708945274353027,3.7999167442321777,4.576902389526367,True
arbert,T6,T6-m-0369,m,-1.4964343309402466,0.6401483416557312,-0.7723222970962524,False
arbert,T6,T6-m-0370,m,1.187697410583496,1.9621245861053467,0.4069957733154297,True
arbert,T6,T6-m-0371,m,-0.7868804931640625,0.8587775230407715,0.028254389762878418,False
arbert,T6,T6-m-0373,m,-0.7441844940185547,1.5611902475357056,-0.30507540702819824,False
arbert,T6,T6-m-0374,m,1.0339834690093994,1.7575006484985352,0.5884464979171753,True
arbert,T6,T6-m-0375,m,1.7628841400146484,3.675567150115967,1.8350005149841309,True
arbert,T6,T6-m-0376,m,1.008880615234375,1.6677250862121582,0.6489238739013672,True
arbert,T6,T6-m-0377,m,0.6157650947570801,2.2706375122070312,1.354794979095459,True
arbert,T6,T6-m-0378,m,-0.4593413472175598,1.7732727527618408,-0.07486943900585175,False
arbert,T6,T6-m-0379,m,0.8242795467376709,1.7785322666168213,0.9200267195701599,True
arbert,T6,T6-m-0380,m,-2.460963249206543,2.6601667404174805,-3.0904102325439453,False
arbert,T6,T6-m-0381,m,-1.1152353286743164,0.44901084899902344,-0.9896402359008789,False
arbert,T6,T6-m-0382,m,2.1202776432037354,2.5632646083831787,1.5717605352401733,True
arbert,T6,T6-m-0383,m,-0.8718061447143555,0.7683215141296387,-0.7083830833435059,False
arbert,T6,T6-m-0384,m,-1.5558699369430542,0.5693694353103638,-1.388426661491394,False
arbert,T6,T6-m-0385,m,0.36242008209228516,2.0834832191467285,1.2042508125305176,True
arbert,T6,T6-m-0386,m,2.0982837677001953,3.2693028450012207,1.8082818984985352,True
arbert,T6,T6-m-0387,m,0.4322628974914551,1.9850409030914307,0.25176143646240234,True
arbert,T6,T6-m-0388,m,-0.301663875579834,0.4458012580871582,-0.4540286064147949,False
arbert,T6,T6-m-0389,m,-0.14492511749267578,1.5882315635681152,0.30272865295410156,False
arbert,T6,T6-m-0390,m,2.401200294494629,2.57808256149292,1.5267829895019531,True
arbert,T6,T6-m-0391,m,0.06714272499084473,1.773847222328186,0.5276923179626465,True
arbert,T6,T6-m-0392,m,0.9979381561279297,2.5229058265686035,0.9908123016357422,True
arbert,T6,T6-m-0393,m,0.01614665985107422,0.7161026000976562,-0.18773937225341797,True
arbert,T6,T6-m-0394,m,-1.4923996925354004,-0.7063064575195312,-0.9225513935089111,False
arbert,T6,T6-m-0395,m,1.7739152908325195,3.4552202224731445,1.648299217224121,True
arbert,T6,T6-m-0396,m,0.34731149673461914,1.5406205654144287,0.055030107498168945,True
arbert,T6,T6-m-0397,m,0.5508151054382324,2.4109082221984863,0.363950252532959,True
arbert,T6,T6-m-0398,m,-2.613905429840088,-0.20511507987976074,-2.527437686920166,False
arbert,T6,T6-m-0399,m,-0.06627774238586426,1.5643495321273804,-0.2706291675567627,False
arbert,T6,T6-m-0400,m,1.510115146636963,2.2088351249694824,0.17676472663879395,True
arbert,T6,T6-m-0401,m,1.1586406230926514,1.8471736907958984,1.4578955173492432,True
arbert,T6,T6-m-0402,m,-1.5177240371704102,0.691051721572876,0.11512255668640137,False
arbert,T6,T6-m-0403,m,-0.11492085456848145,0.8665685653686523,0.13528823852539062,False
arbert,T6,T6-m-0404,m,0.25670337677001953,0.713589072227478,0.22136348485946655,True
arbert,T6,T6-m-0405,m,0.12435758113861084,1.3400921821594238,-0.9366928339004517,True
arbert,T6,T6-m-0406,m,-1.3451125621795654,0.43390846252441406,-1.3550634384155273,False
arbert,T6,T6-m-0407,m,0.13893890380859375,1.0858840942382812,0.3697819709777832,True
arbert,T6,T6-m-0408,m,1.2233972549438477,1.3576533794403076,0.7298183441162109,True
arbert,T6,T6-m-0410,m,1.4326772689819336,2.910515785217285,1.0191138982772827,True
arbert,T6,T6-m-0411,m,1.2310168743133545,1.4964206218719482,1.3093883991241455,True
arbert,T6,T6-m-0412,m,0.25933122634887695,2.3192737102508545,0.6113646030426025,True
arbert,T6,T6-m-0413,m,1.9502112865447998,3.1487767696380615,2.5700488090515137,True
arbert,T6,T6-m-0415,m,0.524044394493103,2.101489543914795,-1.2672483921051025,True
arbert,T6,T6-m-0416,m,2.494248628616333,2.9157376289367676,2.3581955432891846,True
arbert,T6,T6-m-0417,m,0.15963006019592285,2.473726987838745,0.6830203533172607,True
arbert,T6,T6-m-0418,m,0.19289827346801758,3.9795894622802734,-0.43326282501220703,True
arbert,T6,T6-m-0419,m,0.09493637084960938,1.7821884155273438,0.7058572769165039,True
arbert,T6,T6-m-0420,m,2.1691360473632812,3.352543830871582,2.3135106563568115,True
arbert,T6,T6-m-0421,m,2.0716142654418945,3.1896543502807617,2.0288920402526855,True
arbert,T6,T6-m-0422,m,0.9475404024124146,1.092116117477417,1.108971357345581,True
arbert,T6,T6-m-0423,m,0.41697633266448975,1.2768104076385498,1.2303998470306396,True
arbert,T6,T6-m-0424,m,2.784907341003418,3.652317523956299,2.099337577819824,True
arbert,T6,T6-m-0425,m,0.1063075065612793,1.7889468669891357,-0.07734203338623047,True
arbert,T6,T6-m-0426,m,0.665156364440918,1.3586585521697998,0.7323784828186035,True
arbert,T6,T6-m-0427,m,1.23045814037323,2.2634849548339844,1.021512746810913,True
arbert,T6,T6-m-0428,m,1.4355547428131104,2.563000202178955,1.267561674118042,True
arbert,T6,T6-m-0429,m,2.3477792739868164,2.7236227989196777,2.212953805923462,True
arbert,T6,T6-m-0430,m,-1.3638379573822021,-0.3237435817718506,-1.1265478134155273,False
arbert,T6,T6-m-0431,m,1.2504132986068726,2.3325066566467285,1.3032294511795044,True
arbert,T6,T6-m-0432,m,-1.5100959539413452,-0.7849202156066895,-1.6253948211669922,False
arbert,T6,T6-m-0433,m,-0.11846256256103516,1.4705138206481934,-0.2474689483642578,False
arbert,T6,T6-m-0434,m,0.5329217910766602,2.860591411590576,0.11532115936279297,True
arbert,T6,T6-m-0435,m,-0.5536839962005615,1.235440969467163,-0.5536215305328369,False
arbert,T6,T6-m-0436,m,0.9982061386108398,2.5229439735412598,0.6715545654296875,True
arbert,T6,T6-m-0437,m,-1.3543825149536133,1.0608489513397217,-1.2476587295532227,False
arbert,T6,T6-m-0438,m,-0.08143281936645508,0.6121835708618164,0.0426630973815918,False
arbert,T6,T6-m-0439,m,-0.8322286605834961,2.8034026622772217,-0.6353120803833008,False
arbert,T6,T6-m-0440,m,1.8828507661819458,3.469214916229248,2.295536518096924,True
arbert,T6,T6-m-0441,m,0.8601555824279785,1.8804736137390137,1.067232608795166,True
arbert,T6,T6-m-0442,m,0.005286693572998047,1.0166215896606445,0.5353608131408691,True
arbert,T6,T6-m-0443,m,-1.3209607601165771,-0.5472416877746582,-1.4654514789581299,False
arbert,T6,T6-m-0444,m,2.2176783084869385,2.1390371322631836,2.0681328773498535,True
arbert,T6,T6-m-0445,m,-0.0153961181640625,0.5769000053405762,0.18763256072998047,False
arbert,T6,T6-m-0446,m,-0.31475830078125,1.8452706336975098,-0.011726856231689453,False
arbert,T6,T6-m-0447,m,0.6239079236984253,1.2217137813568115,1.8060896396636963,True
arbert,T6,T6-m-0448,m,2.2462105751037598,3.0503664016723633,2.07014799118042,True
arbert,T6,T6-m-0449,m,3.9317479133605957,4.417386054992676,3.383516788482666,True
arbert,T6,T6-m-0450,m,0.7771399021148682,3.4330155849456787,1.9358417987823486,True
arbert,T6,T6-m-0451,m,-0.6263513565063477,1.118722915649414,-0.39252185821533203,False
arbert,T6,T6-m-0453,m,-1.9030241966247559,2.8476107120513916,-2.73525071144104,False
arbert,T6,T6-m-0454,m,1.8341007232666016,3.0180888175964355,0.9485406875610352,True
arbert,T6,T6-m-0455,m,-0.1136164665222168,2.501840114593506,0.08064687252044678,False
arbert,T6,T6-m-0456,m,2.3655385971069336,3.370643138885498,2.1573734283447266,True
arbert,T6,T6-m-0458,m,1.3290910720825195,2.363398551940918,0.9132437705993652,True
arbert,T6,T6-m-0459,m,0.7384377717971802,2.2909646034240723,0.7446017265319824,True
arbert,T6,T6-m-0460,m,1.6981345415115356,2.872328281402588,1.8945467472076416,True
arbert,T6,T6-m-0461,m,1.1158447265625,1.9574427604675293,1.7672901153564453,True
arbert,T6,T6-m-0462,m,2.321291446685791,3.0036158561706543,1.864715814590454,True
arbert,T6,T6-m-0463,m,0.7174005508422852,2.0279321670532227,0.6067900657653809,True
arbert,T6,T6-m-0464,m,0.8956671953201294,2.1410152912139893,1.1251782178878784,True
arbert,T6,T6-m-0465,m,-0.29656732082366943,-0.48470067977905273,-0.36662960052490234,False
arbert,T6,T6-m-0466,m,3.7586097717285156,4.7942705154418945,2.7948930263519287,True
arbert,T6,T6-m-0467,m,3.701239824295044,5.082995891571045,3.1756279468536377,True
arbert,T6,T6-m-0468,m,-1.4717411994934082,1.1263389587402344,0.13768672943115234,False
arbert,T6,T6-m-0469,m,0.41196274757385254,1.2366511821746826,0.38130784034729004,True
arbert,T6,T6-m-0470,m,3.921549081802368,4.7286057472229,3.8097574710845947,True
arbert,T6,T6-m-0471,m,0.4677088260650635,1.2730907201766968,0.013578414916992188,True
arbert,T6,T6-m-0472,m,0.9426624774932861,1.97438645362854,0.7128370404243469,True
arbert,T6,T6-m-0473,m,2.261308193206787,3.3750839233398438,2.6163415908813477,True
arbert,T6,T6-m-0474,m,0.3703184127807617,2.438577175140381,0.42765772342681885,True
arbert,T6,T6-m-0475,m,-0.8715986013412476,0.06117159128189087,-0.35027754306793213,False
arbert,T6,T6-m-0476,m,2.3914527893066406,2.6615524291992188,2.312563896179199,True
arbert,T6,T6-m-0477,m,1.2700586318969727,2.5404844284057617,1.1888580322265625,True
arbert,T6,T6-m-0478,m,-1.2893474102020264,1.0269546508789062,-0.969588041305542,False
arbert,T6,T6-m-0479,m,1.6852513551712036,3.13918399810791,2.4606776237487793,True
arbert,T6,T6-m-0480,m,0.901914119720459,2.461644411087036,1.6756280660629272,True
arbert,T6,T6-m-0481,m,-0.09596496820449829,0.3969295620918274,0.20499750971794128,False
arbert,T6,T6-m-0482,m,-1.71091628074646,0.5317709445953369,-1.1345330476760864,False
arbert,T6,T6-m-0483,m,1.2790839672088623,1.890608310699463,1.3633756637573242,True
arbert,T6,T6-m-0484,m,2.1285808086395264,3.0897109508514404,1.2651188373565674,True
arbert,T6,T6-m-0485,m,2.6582531929016113,3.7503533363342285,1.8269590139389038,True
arbert,T6,T6-m-0486,m,1.6825120449066162,3.055263042449951,2.3618528842926025,True
arbert,T6,T6-m-0487,m,-0.5281664133071899,1.3375322818756104,-0.7728400230407715,False
arbert,T6,T6-m-0488,m,0.7096209526062012,1.3331255912780762,0.6183085441589355,True
arbert,T6,T6-m-0489,m,2.022538661956787,2.5930418968200684,2.4253158569335938,True
arbert,T6,T6-m-0490,m,-0.19155025482177734,2.1562585830688477,-0.879899263381958,False
arbert,T6,T6-m-0491,m,1.0864392518997192,1.067197561264038,0.7301701903343201,True
arbert,T6,T6-m-0492,m,-0.012526988983154297,0.8191852569580078,0.20015478134155273,False
arbert,T6,T6-m-0494,m,2.0214757919311523,3.291123151779175,1.9421823024749756,True
arbert,T6,T6-m-0495,m,-0.19967079162597656,1.9648663997650146,0.21403264999389648,False
arbert,T6,T6-m-0496,m,1.3873906135559082,2.9118599891662598,0.4283905029296875,True
arbert,T6,T6-m-0497,m,2.8896923065185547,4.027340888977051,3.71370792388916,True
arbert,T6,T6-m-0499,m,1.0191905498504639,2.8341622352600098,1.41482412815094,True
arbert,T6,T6-m-0500,m,-1.3324313163757324,1.7686810493469238,0.051943302154541016,False
arbert,T6,T6-m-0501,m,2.417912483215332,3.414337635040283,2.223557949066162,True
arbert,T6,T6-m-0502,m,-0.3387117385864258,1.051440954208374,0.05963754653930664,False
arbert,T6,T6-m-0503,m,0.8116906881332397,2.296607732772827,0.9991977214813232,True
arbert,T6,T6-m-0504,m,2.222085475921631,3.383472204208374,1.825345754623413,True
arbert,T6,T6-m-0505,m,1.1073765754699707,2.61527943611145,3.0888805389404297,True
arbert,T6,T6-m-0506,m,2.8140804767608643,3.403944969177246,2.5899577140808105,True
arbert,T6,T6-m-0507,m,2.443024158477783,2.59694504737854,2.6006956100463867,True
arbert,T6,T6-m-0508,m,1.2490888833999634,2.7329213619232178,0.875652015209198,True
arbert,T6,T6-m-0509,m,0.2667018175125122,2.561737298965454,0.4402872622013092,True
arbert,T6,T6-m-0510,m,1.228139877319336,2.336164951324463,0.9115409851074219,True
arbert,T6,T6-m-0511,m,3.0754785537719727,3.815058946609497,3.3185582160949707,True
arbert,T6,T6-m-0512,m,1.4734320640563965,4.806016445159912,1.29227876663208,True
arbert,T6,T6-m-0513,m,0.27274584770202637,2.4952027797698975,0.48644590377807617,True
arbert,T6,T6-m-0514,m,-0.9038834571838379,1.997879981994629,0.6223788261413574,False
arbert,T6,T6-m-0515,m,0.6752395629882812,3.168379783630371,2.198694944381714,True
arbert,T6,T6-m-0516,m,-1.2879772186279297,0.7729935646057129,-1.1531009674072266,False
arbert,T6,T6-m-0517,m,-0.2166728973388672,2.968479633331299,0.6232348084449768,False
arbert,T6,T6-m-0518,m,0.3846583366394043,1.9731040000915527,0.527214527130127,True
arbert,T6,T6-m-0519,m,2.060697555541992,3.8463964462280273,2.228886365890503,True
arbert,T6,T6-m-0520,m,2.983243465423584,2.4387240409851074,2.4690685272216797,True
arbert,T6,T6-m-0521,m,-0.024183228611946106,0.48432791233062744,0.3473869562149048,False
arbert,T6,T6-m-0522,m,0.5641055107116699,1.3557305335998535,0.12552165985107422,True
arbert,T6,T6-m-0523,m,0.621361255645752,3.3895537853240967,0.5133814811706543,True
arbert,T6,T6-m-0524,m,-1.7918415069580078,1.4355030059814453,-0.28344202041625977,False
arbert,T6,T6-m-0525,m,-1.2422168254852295,0.7133187055587769,-0.8247697353363037,False
arbert,T6,T6-m-0526,m,-1.5936603546142578,-0.3805999755859375,-1.9272916316986084,False
arbert,T6,T6-m-0527,m,1.8119893074035645,3.077852725982666,2.4502131938934326,True
arbert,T6,T6-m-0528,m,-0.44768810272216797,0.12364625930786133,-0.235443115234375,False
arbert,T6,T6-m-0529,m,0.38833415508270264,1.6968752145767212,0.25800061225891113,True
arbert,T6,T6-m-0530,m,2.793365001678467,4.01915979385376,2.8363170623779297,True
arbert,T6,T6-m-0531,m,-0.009559035301208496,1.5164413452148438,1.6037118434906006,False
arbert,T6,T6-m-0532,m,0.3531527519226074,2.1802597045898438,0.8488712310791016,True
arbert,T6,T6-m-0533,m,3.2317557334899902,2.303635597229004,2.459106206893921,True
arbert,T6,T6-m-0534,m,0.10261642932891846,1.5011348724365234,0.11991429328918457,True
arbert,T6,T6-m-0535,m,0.5488166809082031,1.2082910537719727,1.0130767822265625,True
arbert,T6,T6-m-0537,m,-0.5094539523124695,0.3638327717781067,-0.7024406790733337,False
arbert,T6,T6-m-0538,m,1.7063426971435547,2.5406458377838135,1.8351249694824219,True
arbert,T6,T6-m-0539,m,0.4629483222961426,3.5237374305725098,1.2401008605957031,True
arbert,T6,T6-m-0540,m,2.1740450859069824,4.359500885009766,2.256840467453003,True
arbert,T6,T6-m-0542,m,1.1667442321777344,2.87528657913208,0.4867725372314453,True
arbert,T6,T6-m-0543,m,-0.48819077014923096,1.8721034526824951,-0.7935100793838501,False
arbert,T6,T6-m-0544,m,3.1347882747650146,4.278933048248291,2.8569931983947754,True
arbert,T6,T6-m-0545,m,2.6776363849639893,2.8322741985321045,2.671664237976074,True
arbert,T6,T6-m-0546,m,3.0901541709899902,4.200018882751465,3.2805280685424805,True
arbert,T6,T6-m-0547,m,0.7825274467468262,1.851109266281128,1.5007224082946777,True
arbert,T6,T6-m-0548,m,-0.9420676231384277,2.212157964706421,-0.21629905700683594,False
arbert,T6,T6-m-0549,m,0.9000053405761719,1.5879828929901123,0.8477060794830322,True
arbert,T6,T6-m-0550,m,-0.1485532522201538,1.3128761053085327,0.5636353492736816,False
arbert,T6,T6-m-0551,m,2.022273540496826,2.40108323097229,2.6443004608154297,True
arbert,T6,T6-m-0552,m,4.519693374633789,4.437662124633789,4.145408630371094,True
arbert,T6,T6-m-0553,m,2.440584659576416,2.8678958415985107,2.035676956176758,True
arbert,T6,T6-m-0554,m,-0.5450091361999512,1.777796983718872,0.5172863006591797,False
arbert,T6,T6-m-0555,m,0.383821964263916,2.24967622756958,0.5936551094055176,True
arbert,T6,T6-m-0556,m,-1.5473108291625977,0.7234687805175781,-2.117036819458008,False
arbert,T6,T6-m-0557,m,1.0340468883514404,3.400362968444824,0.3901059627532959,True
arbert,T6,T6-m-0558,m,0.9069888591766357,3.2907662391662598,0.39336466789245605,True
arbert,T6,T6-m-0559,m,1.9379523992538452,2.9235780239105225,1.4188302755355835,True
arbert,T6,T6-m-0560,m,-0.10367369651794434,0.8810982704162598,-0.10250246524810791,False
arbert,T6,T6-m-0561,m,1.2408283948898315,1.3373188972473145,0.9952560663223267,True
arbert,T6,T6-m-0562,m,2.3531482219696045,1.9714405536651611,2.936584234237671,True
arbert,T6,T6-m-0563,m,1.0550332069396973,1.9311418533325195,1.3938426971435547,True
arbert,T6,T6-m-0564,m,2.118481159210205,3.7591190338134766,2.636298418045044,True
arbert,T6,T6-m-0565,m,-2.835104465484619,1.3789186477661133,-2.638766288757324,False
arbert,T6,T6-m-0566,m,-0.3823513984680176,2.5710608959198,-0.25209522247314453,False
arbert,T6,T6-m-0567,m,-2.05196213722229,-0.7052810788154602,-2.6607680320739746,False
arbert,T6,T6-m-0568,m,2.481771469116211,3.28383731842041,2.216315269470215,True
arbert,T6,T6-m-0569,m,0.46444082260131836,2.47135591506958,0.5393491387367249,True
arbert,T6,T6-m-0570,m,0.28307104110717773,1.9372992515563965,0.3896951675415039,True
arbert,T6,T6-m-0571,m,1.6442757844924927,2.8121979236602783,1.5415452718734741,True
arbert,T6,T6-m-0572,m,3.5842361450195312,4.3573317527771,3.155561923980713,True
arbert,T6,T6-m-0573,m,-2.15771746635437,-0.5997997522354126,-1.965345025062561,False
arbert,T6,T6-m-0574,m,0.7421343326568604,2.579219341278076,0.23966002464294434,True
arbert,T6,T6-m-0575,m,0.0678873062133789,1.6154146194458008,0.3397212028503418,True
arbert,T6,T6-m-0576,m,0.7282389402389526,3.1530728340148926,0.8567019701004028,True
arbert,T6,T6-m-0578,m,0.32663726806640625,2.7858476638793945,0.6091823577880859,True
arbert,T6,T6-m-0579,m,0.044617652893066406,2.4492454528808594,0.6697452068328857,True
arbert,T6,T6-m-0580,m,2.417039394378662,3.3120439052581787,2.068824529647827,True
arbert,T6,T6-m-0582,m,-0.3160538673400879,-0.8269596099853516,-0.5885295867919922,False
arbert,T6,T6-m-0583,m,3.357337713241577,4.756896495819092,3.5499825477600098,True
arbert,T6,T6-m-0584,m,2.0090243816375732,2.7558352947235107,2.5617103576660156,True
arbert,T6,T6-m-0585,m,-0.09047460556030273,1.2246744632720947,-0.34369468688964844,False
arbert,T6,T6-m-0586,m,0.4779999852180481,2.7831478118896484,1.0049927234649658,True
arbert,T6,T6-m-0587,m,2.3245387077331543,2.389333724975586,1.9897499084472656,True
arbert,T6,T6-m-0588,m,2.1213955879211426,2.6795361042022705,2.119748592376709,True
arbert,T6,T6-m-0589,m,0.13498377799987793,2.0572285652160645,0.46232640743255615,True
arbert,T6,T6-m-0590,m,-0.06105613708496094,1.071183204650879,0.03722572326660156,False
arbert,T6,T6-m-0591,m,-0.5382028222084045,0.8122620582580566,-0.425085186958313,False
arbert,T6,T6-m-0592,m,1.6975963115692139,3.516920328140259,2.8589730262756348,True
arbert,T6,T6-m-0593,m,2.6152470111846924,2.7072715759277344,2.773930549621582,True
arbert,T6,T6-m-0594,m,-0.42103153467178345,1.8001861572265625,-0.8751085996627808,False
arbert,T6,T6-m-0595,m,-0.0693812370300293,1.205552101135254,0.572411060333252,False
arbert,T6,T6-m-0596,m,4.303961277008057,4.252074241638184,4.1669769287109375,True
arbert,T6,T6-m-0597,m,0.42952680587768555,1.882695198059082,0.7602910995483398,True
arbert,T6,T6-m-0598,m,-1.5691299438476562,-0.2764425277709961,-1.4579689502716064,False
arbert,T6,T6-m-0599,m,-1.6183481216430664,0.4700345993041992,-0.8348755836486816,False
arbert,T6,T6-f-0000,f,3.0831987857818604,3.128227472305298,3.836364269256592,True
arbert,T6,T6-f-0001,f,4.062615871429443,5.481268405914307,-1.296888828277588,True
arbert,T6,T6-f-0002,f,3.4331369400024414,3.2796497344970703,3.1659932136535645,True
arbert,T6,T6-f-0003,f,1.1639199256896973,2.400027275085449,1.296626091003418,True
arbert,T6,T6-f-0004,f,-2.4863367080688477,-2.4573512077331543,-2.961886405944824,False
arbert,T6,T6-f-0005,f,0.22991371154785156,-0.2720455229282379,0.3550981283187866,True
arbert,T6,T6-f-0006,f,0.7353801727294922,2.004720687866211,0.5281772613525391,True
arbert,T6,T6-f-0007,f,-5.228646755218506,-2.9469289779663086,-4.909923076629639,False
arbert,T6,T6-f-0008,f,-2.6683602333068848,-1.3005914688110352,-3.3816146850585938,False
arbert,T6,T6-f-0009,f,-1.2697150707244873,-0.9757936000823975,-1.4186315536499023,False
arbert,T6,T6-f-0010,f,-3.0884311199188232,-2.7169933319091797,-2.7455127239227295,False
arbert,T6,T6-f-0011,f,-1.3096153736114502,-2.4226231575012207,-0.8209116458892822,False
arbert,T6,T6-f-0012,f,-3.028050422668457,-3.028050422668457,-4.499107837677002,False
arbert,T6,T6-f-0013,f,0.25172245502471924,-0.2356729507446289,0.4880554676055908,True
arbert,T6,T6-f-0014,f,-0.19849157333374023,1.0146758556365967,0.6311916708946228,False
arbert,T6,T6-f-0016,f,-2.976808547973633,-0.7842409610748291,-2.458036422729492,False
arbert,T6,T6-f-0017,f,0.9592556953430176,2.0120701789855957,1.7111687660217285,True
arbert,T6,T6-f-0018,f,0.3059096336364746,0.548029899597168,-0.2589428424835205,True
arbert,T6,T6-f-0019,f,0.47730016708374023,0.3862898349761963,0.31188368797302246,True
arbert,T6,T6-f-0020,f,0.5474504232406616,0.7269415855407715,0.653644323348999,True
arbert,T6,T6-f-0021,f,3.167301654815674,4.02836799621582,2.5299108028411865,True
arbert,T6,T6-f-0022,f,1.2116084098815918,2.1076889038085938,1.5717146396636963,True
arbert,T6,T6-f-0023,f,1.0395183563232422,1.8328971862792969,0.9021725654602051,True
arbert,T6,T6-f-0024,f,3.8340911865234375,4.070734977722168,3.1862192153930664,True
arbert,T6,T6-f-0025,f,-2.066155433654785,-0.6277751922607422,-2.329115390777588,False
arbert,T6,T6-f-0026,f,-1.5825226306915283,-1.1972029209136963,-1.7173709869384766,False
arbert,T6,T6-f-0027,f,-0.9438934326171875,0.265594482421875,-1.2701597213745117,False
arbert,T6,T6-f-0028,f,-2.391580581665039,-2.0299928188323975,-2.8636999130249023,False
arbert,T6,T6-f-0029,f,1.510180950164795,2.8493123054504395,1.4677070379257202,True
arbert,T6,T6-f-0030,f,0.6992244720458984,0.3201155662536621,-1.2087149620056152,True
arbert,T6,T6-f-0031,f,0.1588120460510254,-1.2672033309936523,0.29662513732910156,True
arbert,T6,T6-f-0032,f,0.8707118034362793,1.0761337280273438,1.3618446588516235,True
arbert,T6,T6-f-0033,f,0.9910306930541992,1.4012346267700195,1.1001653671264648,True
arbert,T6,T6-f-0034,f,-0.4211697578430176,-0.41379234194755554,-0.4263424575328827,False
arbert,T6,T6-f-0035,f,1.533663272857666,0.9543757438659668,1.7933034896850586,True
arbert,T6,T6-f-0036,f,-1.8610661029815674,-3.134119987487793,-1.8834385871887207,False
arbert,T6,T6-f-0037,f,0.8039588928222656,-0.8034708499908447,0.6982865333557129,True
arbert,T6,T6-f-0039,f,-4.011277198791504,-2.5321476459503174,-3.0475008487701416,False
arbert,T6,T6-f-0040,f,1.0870802402496338,0.7079840898513794,0.28138017654418945,True
arbert,T6,T6-f-0041,f,0.01677083969116211,0.6058168411254883,-0.09388065338134766,True
arbert,T6,T6-f-0042,f,-1.2522447109222412,0.37889790534973145,0.5460798740386963,False
arbert,T6,T6-f-0043,f,1.2643520832061768,2.296644926071167,1.5092883110046387,True
arbert,T6,T6-f-0044,f,0.023186802864074707,0.941882848739624,-0.5609837770462036,True
arbert,T6,T6-f-0045,f,0.8994364738464355,0.5527768135070801,0.5887198448181152,True
arbert,T6,T6-f-0046,f,-1.609109878540039,0.9947223663330078,-1.2201766967773438,False
arbert,T6,T6-f-0047,f,0.5104427337646484,0.9967525005340576,0.44898390769958496,True
arbert,T6,T6-f-0048,f,-3.71852707862854,0.5572919845581055,-3.671574115753174,False
arbert,T6,T6-f-0049,f,-0.9382426738739014,-0.004167675971984863,-0.41767817735671997,False
arbert,T6,T6-f-0050,f,-0.7946810722351074,-0.7413032054901123,0.5934849977493286,False
arbert,T6,T6-f-0051,f,-1.6048452854156494,-1.7954068183898926,-1.5228023529052734,False
arbert,T6,T6-f-0052,f,0.8496516942977905,0.4039113521575928,0.8248059749603271,True
arbert,T6,T6-f-0053,f,-3.331489086151123,-2.7468819618225098,-3.240976333618164,False
arbert,T6,T6-f-0054,f,1.9270281791687012,4.735716819763184,3.062364101409912,True
arbert,T6,T6-f-0055,f,-0.22646164894104004,0.6095213890075684,-0.22761034965515137,False
arbert,T6,T6-f-0056,f,-0.3943943977355957,-0.2002202570438385,-0.18857061862945557,False
arbert,T6,T6-f-0057,f,-0.8506747484207153,-0.5651981830596924,-0.7027036547660828,False
arbert,T6,T6-f-0059,f,-2.1542911529541016,-0.3484134376049042,-1.899186372756958,False
arbert,T6,T6-f-0060,f,0.536037802696228,1.079196810722351,0.7740809917449951,True
arbert,T6,T6-f-0061,f,-2.4314918518066406,0.1748952865600586,-1.8156194686889648,False
arbert,T6,T6-f-0062,f,-1.393608808517456,-1.0915775299072266,-2.101048469543457,False
arbert,T6,T6-f-0063,f,3.452127456665039,1.883035659790039,2.134542465209961,True
arbert,T6,T6-f-0064,f,0.12068015336990356,0.381613165140152,0.18805229663848877,True
arbert,T6,T6-f-0065,f,-3.4183859825134277,-0.7223782539367676,-2.478717803955078,False
arbert,T6,T6-f-0066,f,-1.0352368354797363,-0.04083681106567383,-0.9539060592651367,False
arbert,T6,T6-f-0067,f,-1.2040624618530273,-0.6384434700012207,-0.8032896518707275,False
arbert,T6,T6-f-0068,f,-1.6944818496704102,-2.810551881790161,-1.5429868698120117,False
arbert,T6,T6-f-0069,f,-3.4843504428863525,-0.19422483444213867,-3.2638754844665527,False
arbert,T6,T6-f-0070,f,0.044239044189453125,0.5654305219650269,0.03667330741882324,True
arbert,T6,T6-f-0071,f,0.5721735954284668,0.07015180587768555,0.27744388580322266,True
arbert,T6,T6-f-0072,f,3.112175941467285,4.1822710037231445,2.8656933307647705,True
arbert,T6,T6-f-0073,f,1.1549124717712402,1.2673430442810059,0.8744308948516846,True
arbert,T6,T6-f-0074,f,0.14810585975646973,1.0188968181610107,1.2657666206359863,True
arbert,T6,T6-f-0075,f,1.7930278778076172,1.6504144668579102,2.0918726921081543,True
arbert,T6,T6-f-0076,f,-0.37929320335388184,-0.22726202011108398,0.4351327419281006,False
arbert,T6,T6-f-0077,f,-0.2283644676208496,0.9822111129760742,-0.45644283294677734,False
arbert,T6,T6-f-0078,f,1.8178746700286865,1.3946521282196045,2.164860486984253,True
arbert,T6,T6-f-0079,f,-0.9935562610626221,-1.3612878322601318,-0.9249100685119629,False
arbert,T6,T6-f-0080,f,-0.5017538070678711,0.18241024017333984,0.45230913162231445,False
arbert,T6,T6-f-0082,f,-4.724694728851318,-2.03464937210083,-1.806403636932373,False
arbert,T6,T6-f-0083,f,-0.46060919761657715,-0.7719831466674805,-0.7128605842590332,False
arbert,T6,T6-f-0084,f,-0.2515830993652344,-0.37796878814697266,0.018213272094726562,False
arbert,T6,T6-f-0085,f,0.0031213760375976562,2.4323554039001465,-0.4174156188964844,True
arbert,T6,T6-f-0086,f,-7.239113807678223,-5.860752582550049,-3.4115962982177734,False
arbert,T6,T6-f-0087,f,-0.5200462341308594,0.03130483627319336,-0.6779356002807617,False
arbert,T6,T6-f-0088,f,-0.8888043165206909,-0.927337110042572,-2.4477086067199707,False
arbert,T6,T6-f-0089,f,1.3242387771606445,1.1524733304977417,1.3163955211639404,True
arbert,T6,T6-f-0090,f,-0.29903078079223633,1.3657069206237793,-0.11783599853515625,False
arbert,T6,T6-f-0091,f,1.5826972723007202,1.220012903213501,1.8808729648590088,True
arbert,T6,T6-f-0092,f,2.657451629638672,3.4007766246795654,2.4098587036132812,True
arbert,T6,T6-f-0093,f,-2.1153433322906494,-1.3291113376617432,-1.8224101066589355,False
arbert,T6,T6-f-0094,f,1.3020702600479126,1.7702853679656982,0.9930728077888489,True
arbert,T6,T6-f-0095,f,0.7756505012512207,1.107875108718872,-1.978755235671997,True
arbert,T6,T6-f-0096,f,-0.11404085159301758,0.9148731231689453,-0.28417539596557617,False
arbert,T6,T6-f-0097,f,-3.6413745880126953,-2.271075487136841,-1.8997350931167603,False
arbert,T6,T6-f-0098,f,1.6795228719711304,3.077737808227539,3.164278268814087,True
arbert,T6,T6-f-0099,f,3.3751564025878906,4.121030330657959,3.314147472381592,True
arbert,T6,T6-f-0100,f,-3.575287342071533,0.6646389961242676,-0.40036821365356445,False
arbert,T6,T6-f-0101,f,0.25379955768585205,-1.611198902130127,0.7754722237586975,True
arbert,T6,T6-f-0103,f,0.6562192440032959,1.1573271751403809,0.4233734607696533,True
arbert,T6,T6-f-0104,f,0.1978766918182373,-0.621353030204773,-0.4036366939544678,True
arbert,T6,T6-f-0105,f,-0.1975705623626709,0.25580894947052,0.0891721248626709,False
arbert,T6,T6-f-0106,f,-0.8192362785339355,-0.527958869934082,-0.09366178512573242,False
arbert,T6,T6-f-0107,f,-1.1635074615478516,-1.1288540363311768,-0.6152458190917969,False
arbert,T6,T6-f-0108,f,2.3415911197662354,2.1882996559143066,2.553828716278076,True
arbert,T6,T6-f-0109,f,1.0313971042633057,1.8275699615478516,1.3202388286590576,True
arbert,T6,T6-f-0110,f,0.5480098724365234,0.8340742588043213,0.8473639488220215,True
arbert,T6,T6-f-0111,f,2.374285936355591,3.2141175270080566,2.3675308227539062,True
arbert,T6,T6-f-0112,f,-1.9070167541503906,-2.5869364738464355,-1.5341730117797852,False
arbert,T6,T6-f-0113,f,0.5716875791549683,0.19667112827301025,-1.007010817527771,True
arbert,T6,T6-f-0114,f,-1.4847979545593262,-1.4357335567474365,-1.4363822937011719,False
arbert,T6,T6-f-0115,f,1.0556483268737793,1.4658617973327637,0.589080810546875,True
arbert,T6,T6-f-0116,f,-1.1320936679840088,0.659491240978241,-0.2766302824020386,False
arbert,T6,T6-f-0117,f,0.5035266876220703,1.6696009635925293,0.8712491989135742,True
arbert,T6,T6-f-0118,f,-0.869296133518219,-0.6168177127838135,-1.1211235523223877,False
arbert,T6,T6-f-0119,f,1.9426133632659912,2.453806161880493,1.8505549430847168,True
arbert,T6,T6-f-0120,f,-1.9094321727752686,-2.3994193077087402,-2.134336471557617,False
arbert,T6,T6-f-0121,f,2.65339732170105,2.7522664070129395,2.544555187225342,True
arbert,T6,T6-f-0122,f,0.5857563018798828,-0.16898274421691895,-0.05538463592529297,True
arbert,T6,T6-f-0123,f,-0.05666661262512207,0.013729095458984375,0.029691696166992188,False
arbert,T6,T6-f-0125,f,-1.8057572841644287,-1.0118787288665771,-3.1577794551849365,False
arbert,T6,T6-f-0126,f,0.5227813720703125,1.4939303398132324,0.15784263610839844,True
arbert,T6,T6-f-0127,f,1.7662701606750488,1.848175287246704,1.394829511642456,True
arbert,T6,T6-f-0128,f,-1.9958800077438354,-2.9325127601623535,-2.6313533782958984,False
arbert,T6,T6-f-0129,f,-6.235912322998047,-1.4387321472167969,0.2125239372253418,False
arbert,T6,T6-f-0130,f,-1.0836191177368164,-0.9780311584472656,-1.1722474098205566,False
arbert,T6,T6-f-0131,f,2.4027888774871826,1.441969394683838,1.078092098236084,True
arbert,T6,T6-f-0132,f,-2.2609314918518066,-1.4718711376190186,-2.776263475418091,False
arbert,T6,T6-f-0133,f,0.4523944854736328,0.17573237419128418,0.3026881217956543,True
arbert,T6,T6-f-0134,f,-1.3509624004364014,0.3683350086212158,-0.09784126281738281,False
arbert,T6,T6-f-0135,f,1.4206809997558594,1.775197982788086,1.1779065132141113,True
arbert,T6,T6-f-0136,f,0.5074659585952759,-0.19516825675964355,0.41809380054473877,True
arbert,T6,T6-f-0137,f,-2.5224108695983887,-2.286156177520752,-2.850308418273926,False
arbert,T6,T6-f-0138,f,2.8241138458251953,3.202287197113037,1.8782801628112793,True
arbert,T6,T6-f-0139,f,-9.360057830810547,-5.591336727142334,-4.700658798217773,False
arbert,T6,T6-f-0140,f,-1.049218773841858,-0.03685116767883301,-1.4073617458343506,False
arbert,T6,T6-f-0141,f,-3.5521438121795654,-2.599257469177246,-3.6024866104125977,False
arbert,T6,T6-f-0142,f,3.743849277496338,4.143157482147217,3.388617992401123,True
arbert,T6,T6-f-0143,f,1.8350586891174316,1.6149663925170898,2.058243751525879,True
arbert,T6,T6-f-0145,f,-0.9083926677703857,2.040151834487915,-0.8350701332092285,False
arbert,T6,T6-f-0146,f,-7.756166458129883,-5.656800270080566,-6.135092735290527,False
arbert,T6,T6-f-0147,f,-1.3921258449554443,1.176738977432251,-1.0961291790008545,False
arbert,T6,T6-f-0148,f,0.8502516746520996,-0.2301633358001709,0.4833195209503174,True
arbert,T6,T6-f-0149,f,2.7852702140808105,2.5398612022399902,2.604261875152588,True
arbert,T6,T6-f-0150,f,1.875504493713379,3.8729450702667236,2.302034378051758,True
arbert,T6,T6-f-0151,f,-1.430630087852478,-2.2904233932495117,-1.7333765029907227,False
arbert,T6,T6-f-0152,f,0.27750176191329956,-1.2693740129470825,0.9872356653213501,True
arbert,T6,T6-f-0153,f,-2.8849411010742188,-0.8026270866394043,-2.8465535640716553,False
arbert,T6,T6-f-0154,f,1.3714425563812256,1.2631947994232178,0.027082443237304688,True
arbert,T6,T6-f-0155,f,1.1206469535827637,2.252784490585327,0.6411044597625732,True
arbert,T6,T6-f-0156,f,1.6757607460021973,1.9875969886779785,1.3993890285491943,True
arbert,T6,T6-f-0157,f,-0.9385700225830078,0.49504780769348145,-1.350818395614624,False
arbert,T6,T6-f-0158,f,2.504039764404297,2.6026663780212402,2.2586402893066406,True
arbert,T6,T6-f-0159,f,0.9089789390563965,0.5036983489990234,1.1616706848144531,True
arbert,T6,T6-f-0160,f,-0.731257438659668,-0.17965030670166016,-1.9385271072387695,False
arbert,T6,T6-f-0161,f,0.5707173347473145,1.187931776046753,0.9050624370574951,True
arbert,T6,T6-f-0162,f,0.39699065685272217,0.8644270300865173,0.7075885534286499,True
arbert,T6,T6-f-0163,f,0.272554874420166,0.5000441074371338,-0.5041985511779785,True
arbert,T6,T6-f-0164,f,-0.1920032501220703,0.04840421676635742,-0.2650890350341797,False
arbert,T6,T6-f-0165,f,-0.4643235206604004,-0.7174530029296875,-0.39034605026245117,False
arbert,T6,T6-f-0166,f,0.5170650482177734,1.3408570289611816,0.8036847114562988,True
arbert,T6,T6-f-0168,f,0.7597551345825195,1.4016661643981934,1.5065622329711914,True
arbert,T6,T6-f-0169,f,-0.38506507873535156,-1.1523356437683105,-0.5643572807312012,False
arbert,T6,T6-f-0170,f,0.33060503005981445,1.0741353034973145,0.6436831951141357,True
arbert,T6,T6-f-0171,f,0.12027382850646973,0.6936841011047363,-0.11440825462341309,True
arbert,T6,T6-f-0172,f,1.9628589153289795,2.1627914905548096,1.783663272857666,True
arbert,T6,T6-f-0173,f,3.0133047103881836,3.3476991653442383,0.4500732421875,True
arbert,T6,T6-f-0174,f,1.008035659790039,1.5953269004821777,0.7764334678649902,True
arbert,T6,T6-f-0175,f,-0.9862661361694336,-1.2682592868804932,-0.9292914867401123,False
arbert,T6,T6-f-0176,f,-3.5504634380340576,-3.016026496887207,-3.2770283222198486,False
arbert,T6,T6-f-0177,f,-1.9735088348388672,-1.7236721515655518,-1.5999038219451904,False
arbert,T6,T6-f-0178,f,0.13928242027759552,1.7439310550689697,0.8102908134460449,True
arbert,T6,T6-f-0179,f,-0.5138908624649048,0.37899529933929443,0.14975690841674805,False
arbert,T6,T6-f-0180,f,0.8003139495849609,1.3306303024291992,-0.5923795700073242,True
arbert,T6,T6-f-0181,f,-3.021137237548828,-2.084487199783325,-3.6542325019836426,False
arbert,T6,T6-f-0182,f,1.2282660007476807,-0.3431214690208435,0.876761794090271,True
arbert,T6,T6-f-0183,f,1.3501594066619873,2.5298736095428467,0.8831295967102051,True
arbert,T6,T6-f-0184,f,1.6617213487625122,1.2677503824234009,1.2073569297790527,True
arbert,T6,T6-f-0185,f,3.910468816757202,3.8067243099212646,4.517359733581543,True
arbert,T6,T6-f-0186,f,-0.645175576210022,-0.48735249042510986,-0.5957409143447876,False
arbert,T6,T6-f-0188,f,0.9479398727416992,0.800663948059082,-0.00262451171875,True
arbert,T6,T6-f-0189,f,1.8912343978881836,1.9425201416015625,1.7901902198791504,True
arbert,T6,T6-f-0190,f,1.60435152053833,1.8245434761047363,2.12155818939209,True
arbert,T6,T6-f-0191,f,1.0740320682525635,3.0873682498931885,1.057081699371338,True
arbert,T6,T6-f-0192,f,1.4982666969299316,1.5581767559051514,1.8389477729797363,True
arbert,T6,T6-f-0193,f,2.159005641937256,2.97135853767395,2.1266746520996094,True
arbert,T6,T6-f-0194,f,3.354168176651001,4.61361026763916,3.6874358654022217,True
arbert,T6,T6-f-0195,f,1.3637312650680542,1.9794154167175293,1.0667920112609863,True
arbert,T6,T6-f-0196,f,-1.7121696472167969,-1.338780403137207,-2.302544593811035,False
arbert,T6,T6-f-0197,f,-0.4191127121448517,0.09903725981712341,0.7141858339309692,False
arbert,T6,T6-f-0198,f,-8.284780502319336,-4.624204635620117,-4.030494213104248,False
arbert,T6,T6-f-0199,f,2.2668371200561523,2.360525369644165,2.2293834686279297,True
arbert,T6,T6-f-0200,f,-2.1562981605529785,-2.7992048263549805,-1.5652068853378296,False
arbert,T6,T6-f-0201,f,1.4622721672058105,1.3707847595214844,1.448636531829834,True
arbert,T6,T6-f-0202,f,0.762589693069458,-0.16541528701782227,1.166126012802124,True
arbert,T6,T6-f-0203,f,1.0823980569839478,0.8041393756866455,1.6580650806427002,True
arbert,T6,T6-f-0204,f,-0.2673807144165039,-0.474292516708374,0.19827497005462646,False
arbert,T6,T6-f-0205,f,0.1486506462097168,0.3862309455871582,1.118762493133545,True
arbert,T6,T6-f-0206,f,-3.334172248840332,-2.043092727661133,-2.744828224182129,False
arbert,T6,T6-f-0207,f,0.9886395931243896,1.3185867071151733,1.0687335729599,True
arbert,T6,T6-f-0208,f,-2.955211639404297,-2.345735549926758,-2.2442331314086914,False
arbert,T6,T6-f-0209,f,-0.44947683811187744,0.3309065103530884,-0.5954921245574951,False
arbert,T6,T6-f-0211,f,0.22391463816165924,0.32879751920700073,-0.7275959849357605,True
arbert,T6,T6-f-0212,f,1.08390474319458,3.060572624206543,1.4456682205200195,True
arbert,T6,T6-f-0213,f,1.704305648803711,1.9296530485153198,1.788869023323059,True
arbert,T6,T6-f-0214,f,1.9553266763687134,2.732731342315674,2.0466420650482178,True
arbert,T6,T6-f-0215,f,0.34096622467041016,-0.4905273914337158,-0.5490743517875671,True
arbert,T6,T6-f-0216,f,2.649209499359131,3.007425308227539,1.7761118412017822,True
arbert,T6,T6-f-0217,f,1.8311843872070312,2.110719680786133,2.230262279510498,True
arbert,T6,T6-f-0218,f,-3.070935010910034,-3.709622383117676,-4.0778093338012695,False
arbert,T6,T6-f-0219,f,-0.12985515594482422,0.30504751205444336,-0.05587148666381836,False
arbert,T6,T6-f-0220,f,-2.325971841812134,-1.2008134126663208,-2.030747890472412,False
arbert,T6,T6-f-0221,f,-0.37958526611328125,-0.5011782646179199,0.41484928131103516,False
arbert,T6,T6-f-0222,f,0.4041314125061035,0.5742888450622559,1.1311030387878418,True
arbert,T6,T6-f-0223,f,-0.46512365341186523,-0.599637508392334,-1.7106070518493652,False
arbert,T6,T6-f-0224,f,-1.0472272634506226,0.05044693499803543,-1.220773458480835,False
arbert,T6,T6-f-0225,f,-1.559807538986206,-0.5035579204559326,-0.842596173286438,False
arbert,T6,T6-f-0226,f,-2.338085412979126,-1.5339045524597168,-2.2693066596984863,False
arbert,T6,T6-f-0227,f,-0.7156569957733154,-0.698948860168457,-2.1075334548950195,False
arbert,T6,T6-f-0228,f,-0.7244448661804199,-0.0721292495727539,-0.28568506240844727,False
arbert,T6,T6-f-0229,f,0.47680163383483887,0.618699312210083,1.0028655529022217,True
arbert,T6,T6-f-0231,f,-2.144268035888672,-1.6219905614852905,-2.1431877613067627,False
arbert,T6,T6-f-0232,f,3.2027487754821777,3.198092460632324,3.516130208969116,True
arbert,T6,T6-f-0233,f,1.4771721363067627,1.8181698322296143,1.0591230392456055,True
arbert,T6,T6-f-0234,f,-1.5992071628570557,-0.8934416770935059,-0.839923620223999,False
arbert,T6,T6-f-0235,f,-0.03224468231201172,0.0077915191650390625,0.5929040908813477,False
arbert,T6,T6-f-0236,f,3.043362617492676,2.639690399169922,3.278604745864868,True
arbert,T6,T6-f-0237,f,-3.6571154594421387,1.2958498001098633,-0.7987328767776489,False
arbert,T6,T6-f-0238,f,-0.9835451245307922,0.8862963914871216,-1.6589173078536987,False
arbert,T6,T6-f-0239,f,-0.5955166816711426,-1.227646827697754,-0.5962438583374023,False
arbert,T6,T6-f-0240,f,-4.233673095703125,-1.3196139335632324,-3.6869187355041504,False
arbert,T6,T6-f-0241,f,-0.13225269317626953,1.7588605880737305,-1.0745410919189453,False
arbert,T6,T6-f-0242,f,1.0009548664093018,1.5615684986114502,0.40961194038391113,True
arbert,T6,T6-f-0243,f,-0.006959855556488037,-0.4093022346496582,-0.33215487003326416,False
arbert,T6,T6-f-0244,f,0.6150026321411133,1.4174060821533203,1.1143245697021484,True
arbert,T6,T6-f-0245,f,-1.658841848373413,-1.3031234741210938,-1.1124415397644043,False
arbert,T6,T6-f-0246,f,-3.4144630432128906,-2.9751126766204834,-3.025773525238037,False
arbert,T6,T6-f-0247,f,-0.9798373579978943,-0.8930615782737732,-0.4109616279602051,False
arbert,T6,T6-f-0248,f,-0.35738182067871094,0.5857710838317871,-0.4591355323791504,False
arbert,T6,T6-f-0249,f,-1.5832568407058716,0.09493982791900635,-1.5050632953643799,False
arbert,T6,T6-f-0250,f,2.0552797317504883,2.763070583343506,2.1179561614990234,True
arbert,T6,T6-f-0251,f,-2.1254026889801025,-4.0094895362854,-2.6601648330688477,False
arbert,T6,T6-f-0252,f,0.1304154396057129,0.9681272506713867,0.07916879653930664,True
arbert,T6,T6-f-0254,f,-1.4362083673477173,-1.691001296043396,-0.6923236846923828,False
arbert,T6,T6-f-0255,f,1.6218113899230957,3.3975605964660645,2.099149227142334,True
arbert,T6,T6-f-0256,f,-1.004927635192871,-0.1337752342224121,-0.2152562141418457,False
arbert,T6,T6-f-0257,f,2.60501766204834,3.041025400161743,2.9643943309783936,True
arbert,T6,T6-f-0258,f,1.431391716003418,1.2970685958862305,1.2204785346984863,True
arbert,T6,T6-f-0259,f,0.33947479724884033,2.1161890029907227,2.0141682624816895,True
arbert,T6,T6-f-0260,f,-0.2932208776473999,-0.12734413146972656,-0.6110818386077881,False
arbert,T6,T6-f-0261,f,0.7172237634658813,1.6529728174209595,1.2308179140090942,True
arbert,T6,T6-f-0262,f,1.7126953601837158,2.320507526397705,1.734389066696167,True
arbert,T6,T6-f-0263,f,2.619854211807251,2.9214088916778564,2.1610443592071533,True
arbert,T6,T6-f-0264,f,2.213430881500244,1.1724019050598145,1.3229074478149414,True
arbert,T6,T6-f-0265,f,-0.7087126970291138,1.1298375129699707,-0.37878987193107605,False
arbert,T6,T6-f-0266,f,-3.161736011505127,-2.809866189956665,-2.6046347618103027,False
arbert,T6,T6-f-0267,f,2.763484001159668,2.5145421028137207,3.021261692047119,True
arbert,T6,T6-f-0268,f,-0.9700794219970703,-2.3367576599121094,-1.1164884567260742,False
arbert,T6,T6-f-0269,f,-1.2361940145492554,-0.6444344520568848,-0.22723186016082764,False
arbert,T6,T6-f-0270,f,-0.9130735397338867,-0.3553919792175293,-0.7659473419189453,False
arbert,T6,T6-f-0271,f,4.903680324554443,4.061099052429199,4.038753032684326,True
arbert,T6,T6-f-0272,f,-0.5764446258544922,-0.5918245315551758,-0.020639419555664062,False
arbert,T6,T6-f-0274,f,-2.9004597663879395,-0.15028810501098633,-1.051133632659912,False
arbert,T6,T6-f-0275,f,-0.5545086860656738,-1.0561103820800781,-1.5445051193237305,False
arbert,T6,T6-f-0276,f,2.774474859237671,0.2507922649383545,2.0294785499572754,True
arbert,T6,T6-f-0277,f,0.044402122497558594,-0.5370075702667236,0.3150668144226074,True
arbert,T6,T6-f-0278,f,0.459294855594635,0.3150729835033417,0.9751227498054504,True
arbert,T6,T6-f-0279,f,2.4701199531555176,2.349910259246826,2.2295937538146973,True
arbert,T6,T6-f-0280,f,-0.36931562423706055,-0.6685538291931152,-0.4627652168273926,False
arbert,T6,T6-f-0281,f,-0.5551648139953613,0.40790700912475586,-1.0611077547073364,False
arbert,T6,T6-f-0282,f,-0.4323192834854126,-0.9446630477905273,-0.4273989200592041,False
arbert,T6,T6-f-0283,f,0.5117846131324768,0.6053562164306641,0.2973135709762573,True
arbert,T6,T6-f-0284,f,-2.052496910095215,-1.314786434173584,-0.36925333738327026,False
arbert,T6,T6-f-0285,f,1.8981610536575317,2.7707626819610596,0.6652286052703857,True
arbert,T6,T6-f-0286,f,-1.4271618127822876,-1.3537548780441284,-0.6887933015823364,False
arbert,T6,T6-f-0287,f,1.4220623970031738,1.8587045669555664,1.7488365173339844,True
arbert,T6,T6-f-0288,f,-0.5884151458740234,-0.4020252227783203,-1.2113898992538452,False
arbert,T6,T6-f-0289,f,0.8853335380554199,2.3450231552124023,1.673013687133789,True
arbert,T6,T6-f-0290,f,1.5812482833862305,1.4120807647705078,1.8124442100524902,True
arbert,T6,T6-f-0291,f,0.7681951522827148,0.6178884506225586,1.3764700889587402,True
arbert,T6,T6-f-0292,f,0.4935951232910156,1.6072864532470703,0.737154483795166,True
arbert,T6,T6-f-0293,f,-0.44448280334472656,0.29532480239868164,-0.6902084350585938,False
arbert,T6,T6-f-0294,f,0.23849999904632568,0.12435974925756454,0.36451148986816406,True
arbert,T6,T6-f-0296,f,-5.3133769035339355,-5.514271259307861,-4.544930934906006,False
arbert,T6,T6-f-0297,f,2.721320152282715,4.418671131134033,2.452969551086426,True
arbert,T6,T6-f-0298,f,0.05619239807128906,0.9738225936889648,-0.2021198272705078,True
arbert,T6,T6-f-0299,f,1.3771960735321045,2.1984124183654785,1.6313364505767822,True
arbert,T6,T6-f-0300,f,-0.9800828099250793,-0.5582617521286011,-0.12820649147033691,False
arbert,T6,T6-f-0301,f,-1.6903572082519531,-1.6913137435913086,-1.1397764682769775,False
arbert,T6,T6-f-0302,f,-1.997896671295166,-0.47512388229370117,-2.3880693912506104,False
arbert,T6,T6-f-0303,f,-2.580446720123291,-1.6972739696502686,2.1226279735565186,False
arbert,T6,T6-f-0304,f,-1.9046752452850342,0.25227808952331543,-2.106358289718628,False
arbert,T6,T6-f-0305,f,0.49574756622314453,-1.6270124912261963,-1.077542781829834,True
arbert,T6,T6-f-0306,f,-0.8107967376708984,-0.9867968559265137,-0.8692610263824463,False
arbert,T6,T6-f-0307,f,-0.7907388210296631,-0.3376312255859375,-0.5907629728317261,False
arbert,T6,T6-f-0308,f,-2.6526923179626465,-2.8695921897888184,-2.191178798675537,False
arbert,T6,T6-f-0309,f,1.9270877838134766,1.575509786605835,1.9392905235290527,True
arbert,T6,T6-f-0310,f,-0.8388469219207764,-0.4775846004486084,-0.10275697708129883,False
arbert,T6,T6-f-0311,f,-2.091998815536499,-2.7155988216400146,-2.0324010848999023,False
arbert,T6,T6-f-0312,f,4.138702392578125,4.729799747467041,3.8955395221710205,True
arbert,T6,T6-f-0313,f,-0.1522282361984253,0.051087141036987305,-0.17312407493591309,False
arbert,T6,T6-f-0314,f,2.0959439277648926,2.72294282913208,2.0858500003814697,True
arbert,T6,T6-f-0316,f,-1.6145427227020264,-1.0454763174057007,0.6869743466377258,False
arbert,T6,T6-f-0317,f,2.382740020751953,2.1719794273376465,2.432981491088867,True
arbert,T6,T6-f-0318,f,0.24825382232666016,0.5775375366210938,0.8052892684936523,True
arbert,T6,T6-f-0319,f,1.051309585571289,2.1680054664611816,0.03289461135864258,True
arbert,T6,T6-f-0320,f,0.2763533592224121,0.4829826354980469,1.6262054443359375,True
arbert,T6,T6-f-0321,f,0.7952413558959961,0.8014492988586426,0.999150276184082,True
arbert,T6,T6-f-0322,f,2.130011558532715,1.7037086486816406,2.249018669128418,True
arbert,T6,T6-f-0323,f,0.24527740478515625,-0.3250577449798584,0.252077579498291,True
arbert,T6,T6-f-0324,f,1.2894999980926514,1.3286383152008057,0.9626264572143555,True
arbert,T6,T6-f-0325,f,-1.644521713256836,-3.7457501888275146,-2.3733372688293457,False
arbert,T6,T6-f-0326,f,-3.9399118423461914,-2.5604681968688965,-3.54621958732605,False
arbert,T6,T6-f-0327,f,2.2528042793273926,1.6786125898361206,2.1256494522094727,True
arbert,T6,T6-f-0328,f,-0.38862788677215576,-1.9904963970184326,-1.0676822662353516,False
arbert,T6,T6-f-0329,f,0.5843863487243652,-0.12206339836120605,0.6468875408172607,True
arbert,T6,T6-f-0330,f,0.5638222694396973,0.5133357048034668,0.4890718460083008,True
arbert,T6,T6-f-0331,f,0.23576688766479492,0.7930207252502441,-0.12556076049804688,True
arbert,T6,T6-f-0332,f,1.092066764831543,1.1842546463012695,1.5349860191345215,True
arbert,T6,T6-f-0333,f,-0.022686004638671875,0.03489518165588379,-0.27873432636260986,False
arbert,T6,T6-f-0334,f,2.3252062797546387,2.7757554054260254,1.9050345420837402,True
arbert,T6,T6-f-0335,f,2.328517436981201,2.480062484741211,2.211658000946045,True
arbert,T6,T6-f-0336,f,0.5592073202133179,1.131568193435669,-0.23591089248657227,True
arbert,T6,T6-f-0337,f,-1.5359511375427246,-1.4187119007110596,-1.1715867519378662,False
arbert,T6,T6-f-0339,f,-5.340029716491699,-2.760655403137207,-3.6565585136413574,False
arbert,T6,T6-f-0340,f,-1.7489323616027832,-1.4015254974365234,-2.882556438446045,False
arbert,T6,T6-f-0341,f,-7.390514373779297,-6.880305290222168,-5.0935258865356445,False
arbert,T6,T6-f-0342,f,-2.152433395385742,-1.6328210830688477,-1.7284235954284668,False
arbert,T6,T6-f-0343,f,-0.48776960372924805,0.550656795501709,0.5552101135253906,False
arbert,T6,T6-f-0344,f,-1.1676025390625,0.3179178237915039,-1.308056354522705,False
arbert,T6,T6-f-0345,f,0.01611781120300293,0.9276567101478577,0.3133063316345215,True
arbert,T6,T6-f-0346,f,0.7792820930480957,1.851353645324707,0.561492919921875,True
arbert,T6,T6-f-0347,f,0.10845947265625,0.9925599098205566,0.07819795608520508,True
arbert,T6,T6-f-0348,f,3.021833896636963,3.978468418121338,2.894310474395752,True
arbert,T6,T6-f-0349,f,1.1286978721618652,0.9380574226379395,-0.54229736328125,True
arbert,T6,T6-f-0350,f,-1.4108326435089111,-1.0531303882598877,-0.8679816722869873,False
arbert,T6,T6-f-0351,f,2.7275190353393555,2.366692543029785,2.0742383003234863,True
arbert,T6,T6-f-0352,f,1.7560486793518066,1.3961467742919922,0.7207159996032715,True
arbert,T6,T6-f-0353,f,-0.31105899810791016,1.360224962234497,-0.16616356372833252,False
arbert,T6,T6-f-0354,f,-1.1312549114227295,-0.298398494720459,-1.4333386421203613,False
arbert,T6,T6-f-0355,f,0.5407866835594177,2.378889799118042,0.5226176977157593,True
arbert,T6,T6-f-0356,f,-1.9241182804107666,-1.7979826927185059,-2.294701099395752,False
arbert,T6,T6-f-0357,f,-0.9067645072937012,-0.05693894624710083,1.229562520980835,False
arbert,T6,T6-f-0359,f,0.8451824188232422,1.689216136932373,0.5323457717895508,True
arbert,T6,T6-f-0360,f,2.7557430267333984,3.011362075805664,3.261852979660034,True
arbert,T6,T6-f-0361,f,1.9335975646972656,2.1301515102386475,2.0319416522979736,True
arbert,T6,T6-f-0362,f,-1.1479544639587402,1.1544290781021118,-0.331101655960083,False
arbert,T6,T6-f-0363,f,3.9748198986053467,4.401939392089844,3.3135976791381836,True
arbert,T6,T6-f-0364,f,-0.8350167274475098,1.3989500999450684,1.9537492990493774,False
arbert,T6,T6-f-0365,f,2.5769600868225098,2.8160951137542725,3.329493522644043,True
arbert,T6,T6-f-0366,f,0.7026984691619873,1.442030429840088,0.6992513537406921,True
arbert,T6,T6-f-0367,f,0.2113337516784668,1.6732549667358398,0.40869617462158203,True
arbert,T6,T6-f-0368,f,-0.38140273094177246,-1.1221868991851807,0.2117137908935547,False
arbert,T6,T6-f-0369,f,-2.701817750930786,-2.5700161457061768,-2.1610910892486572,False
arbert,T6,T6-f-0370,f,3.17960262298584,1.1191200017929077,2.644146203994751,True
arbert,T6,T6-f-0371,f,-1.4893251657485962,-2.535243034362793,-0.9737414121627808,False
arbert,T6,T6-f-0372,f,-3.4742302894592285,-3.3831369876861572,-3.716542959213257,False
arbert,T6,T6-f-0373,f,-0.8131153583526611,-0.9496994018554688,-1.5032448768615723,False
arbert,T6,T6-f-0374,f,-0.04317021369934082,0.01071476936340332,0.5267970561981201,False
arbert,T6,T6-f-0375,f,0.8022263050079346,0.4903237819671631,0.9022829532623291,True
arbert,T6,T6-f-0376,f,-0.8876065611839294,-0.10339172184467316,-0.42049163579940796,False
arbert,T6,T6-f-0377,f,-0.679215669631958,0.36471986770629883,-0.4751467704772949,False
arbert,T6,T6-f-0378,f,0.7049107551574707,0.5432395935058594,2.6691412925720215,True
arbert,T6,T6-f-0379,f,-1.9120128154754639,-3.629648208618164,-1.692763328552246,False
arbert,T6,T6-f-0380,f,0.7966437339782715,1.7160239219665527,1.4201679229736328,True
arbert,T6,T6-f-0382,f,-0.585113525390625,-0.9711012840270996,-0.9868621826171875,False
arbert,T6,T6-f-0383,f,-0.3075888156890869,0.08630132675170898,-0.670424222946167,False
arbert,T6,T6-f-0384,f,-0.005612373352050781,2.73567533493042,-0.47984743118286133,False
arbert,T6,T6-f-0385,f,-2.0216081142425537,-1.1641772985458374,-2.507136106491089,False
arbert,T6,T6-f-0386,f,-6.038582801818848,-4.314509868621826,-0.1270742416381836,False
arbert,T6,T6-f-0387,f,-0.887556254863739,-0.3644337058067322,-0.46627795696258545,False
arbert,T6,T6-f-0388,f,0.699647068977356,1.105696201324463,0.9312729835510254,True
arbert,T6,T6-f-0389,f,-1.8380589485168457,-1.912358283996582,-3.2204995155334473,False
arbert,T6,T6-f-0390,f,0.4470555782318115,0.6012792587280273,0.37291646003723145,True
arbert,T6,T6-f-0391,f,3.11934232711792,3.946763515472412,2.366750955581665,True
arbert,T6,T6-f-0392,f,-2.4826178550720215,-1.5898456573486328,-2.637692451477051,False
arbert,T6,T6-f-0393,f,-1.3615564107894897,-0.8496047258377075,-0.6362941861152649,False
arbert,T6,T6-f-0394,f,-0.6861577033996582,-0.26909172534942627,-0.6566632390022278,False
arbert,T6,T6-f-0395,f,-1.965874195098877,1.7241735458374023,-1.7201881408691406,False
arbert,T6,T6-f-0396,f,0.8869490623474121,0.318850040435791,1.1530566215515137,True
arbert,T6,T6-f-0397,f,0.1432209014892578,-0.16608035564422607,0.7454417943954468,True
arbert,T6,T6-f-0398,f,0.1150011420249939,0.7181808948516846,0.18717509508132935,True
arbert,T6,T6-f-0399,f,0.589625358581543,0.7969179153442383,0.46713948249816895,True
arbert,T6,T6-f-0400,f,-0.5854149460792542,-1.728166103363037,0.013138771057128906,False
arbert,T6,T6-f-0402,f,-0.45450592041015625,0.32559967041015625,1.4698708057403564,False
arbert,T6,T6-f-0403,f,-5.95389986038208,-3.7192673683166504,-2.397520065307617,False
arbert,T6,T6-f-0404,f,2.7002811431884766,3.391765594482422,2.2836432456970215,True
arbert,T6,T6-f-0405,f,-0.8727872371673584,-0.6671476364135742,-0.8238375186920166,False
arbert,T6,T6-f-0406,f,-0.4133210778236389,-0.4470057487487793,0.02528434991836548,False
arbert,T6,T6-f-0407,f,0.6919498443603516,0.6836109161376953,0.5853414535522461,True
arbert,T6,T6-f-0408,f,-0.30429840087890625,0.7603931427001953,-0.35184383392333984,False
arbert,T6,T6-f-0409,f,1.2722721099853516,1.1461557149887085,1.3255232572555542,True
arbert,T6,T6-f-0410,f,1.4936935901641846,2.226733446121216,1.2036492824554443,True
arbert,T6,T6-f-0411,f,-1.3379991054534912,-0.5426915884017944,-2.1506004333496094,False
arbert,T6,T6-f-0412,f,-2.1934759616851807,-0.7923378944396973,-2.7304768562316895,False
arbert,T6,T6-f-0413,f,0.05287981033325195,-1.025733232498169,-0.37404680252075195,True
arbert,T6,T6-f-0414,f,-0.7969837188720703,-0.034186601638793945,-0.042658329010009766,False
arbert,T6,T6-f-0415,f,1.030076026916504,0.914299488067627,1.7740497589111328,True
arbert,T6,T6-f-0416,f,0.47530245780944824,0.07899320125579834,0.3383753299713135,True
arbert,T6,T6-f-0417,f,-1.3520259857177734,0.9448928833007812,-0.7518420219421387,False
arbert,T6,T6-f-0418,f,0.430988073348999,-1.1751713752746582,0.943790078163147,True
arbert,T6,T6-f-0419,f,-2.274911403656006,-1.1049659252166748,-2.565568685531616,False
arbert,T6,T6-f-0420,f,0.6441607475280762,1.2728171348571777,0.8974981307983398,True
arbert,T6,T6-f-0421,f,-1.2161588668823242,0.12808597087860107,-0.720355749130249,False
arbert,T6,T6-f-0422,f,-1.4255287647247314,-2.216273784637451,-1.7870399951934814,False
arbert,T6,T6-f-0424,f,-0.9220697283744812,-1.1079531908035278,-1.3085811138153076,False
arbert,T6,T6-f-0425,f,-0.6449284553527832,-0.21288776397705078,-0.5491433143615723,False
arbert,T6,T6-f-0426,f,-1.1903162002563477,-0.4828225374221802,-1.407724142074585,False
arbert,T6,T6-f-0427,f,-3.0499520301818848,0.09455704689025879,-2.535414934158325,False
arbert,T6,T6-f-0428,f,-0.39190149307250977,1.1565277576446533,-0.36007237434387207,False
arbert,T6,T6-f-0429,f,-1.5540852546691895,-0.784306526184082,-1.91127347946167,False
arbert,T6,T6-f-0430,f,-0.907861590385437,-1.4047014713287354,0.7237840890884399,False
arbert,T6,T6-f-0431,f,2.001166820526123,3.4679932594299316,0.7365219593048096,True
arbert,T6,T6-f-0432,f,0.36620378494262695,0.5971750617027283,1.3049259185791016,True
arbert,T6,T6-f-0433,f,0.6868932247161865,1.812936544418335,0.5274398326873779,True
arbert,T6,T6-f-0434,f,1.3792839050292969,2.69761323928833,0.24440288543701172,True
arbert,T6,T6-f-0435,f,1.5279350280761719,1.5978686809539795,1.1849368810653687,True
arbert,T6,T6-f-0436,f,-1.1302247047424316,-1.2006525993347168,-1.4007656574249268,False
arbert,T6,T6-f-0437,f,-1.548553228378296,-0.5878541469573975,-1.7619740962982178,False
arbert,T6,T6-f-0438,f,-0.6147134304046631,0.2219638228416443,-0.2959928512573242,False
arbert,T6,T6-f-0439,f,1.1054267883300781,0.8869533538818359,0.9413223266601562,True
arbert,T6,T6-f-0440,f,0.8380355834960938,0.7395534515380859,1.0216121673583984,True
arbert,T6,T6-f-0441,f,3.2936859130859375,4.171727657318115,2.40168833732605,True
arbert,T6,T6-f-0442,f,-0.5375990867614746,0.42978811264038086,0.30314064025878906,False
arbert,T6,T6-f-0444,f,1.2150633335113525,1.950453519821167,1.19027578830719,True
arbert,T6,T6-f-0445,f,-2.485922336578369,-1.947650671005249,-1.7918068170547485,False
arbert,T6,T6-f-0446,f,0.22870111465454102,1.5718953609466553,0.48699498176574707,True
arbert,T6,T6-f-0447,f,-3.237013339996338,-1.732588291168213,-3.05353045463562,False
arbert,T6,T6-f-0448,f,-0.7521791458129883,0.25241851806640625,-0.6441707611083984,False
arbert,T6,T6-f-0449,f,-1.7875165939331055,0.7077994346618652,-3.6595780849456787,False
arbert,T6,T6-f-0450,f,0.12850713729858398,0.0772855281829834,0.04564070701599121,True
arbert,T6,T6-f-0451,f,1.4697952270507812,1.7462704181671143,1.9592264890670776,True
arbert,T6,T6-f-0452,f,-0.4288005828857422,0.42101621627807617,0.44241905212402344,False
arbert,T6,T6-f-0453,f,-4.040497303009033,-3.774202585220337,-3.7118124961853027,False
arbert,T6,T6-f-0454,f,-1.6525335311889648,-1.3539087772369385,-1.9773516654968262,False
arbert,T6,T6-f-0455,f,-0.7371183633804321,-0.8350348472595215,-0.04851067066192627,False
arbert,T6,T6-f-0456,f,-1.4606175422668457,-1.452467441558838,-2.0640463829040527,False
arbert,T6,T6-f-0457,f,1.7170772552490234,1.5236676931381226,1.7571804523468018,True
arbert,T6,T6-f-0458,f,-0.37778544425964355,-0.36452579498291016,-0.5802891254425049,False
arbert,T6,T6-f-0459,f,3.25467848777771,3.0784831047058105,3.8648695945739746,True
arbert,T6,T6-f-0460,f,4.508380889892578,4.925999641418457,4.951259613037109,True
arbert,T6,T6-f-0461,f,1.1372950077056885,2.1780104637145996,1.5858538150787354,True
arbert,T6,T6-f-0462,f,-0.5146492719650269,1.0661919116973877,0.7896065711975098,False
arbert,T6,T6-f-0463,f,-0.29540300369262695,-0.24097776412963867,-1.2160181999206543,False
arbert,T6,T6-f-0464,f,-0.09004783630371094,0.8618755340576172,0.1218414306640625,False
arbert,T6,T6-f-0466,f,1.8088855743408203,1.6855645179748535,0.8283071517944336,True
arbert,T6,T6-f-0467,f,2.225584030151367,3.8345015048980713,3.2773122787475586,True
arbert,T6,T6-f-0468,f,-0.5997822284698486,-0.37994372844696045,-0.6217421889305115,False
arbert,T6,T6-f-0469,f,2.120621681213379,2.8005974292755127,2.685098886489868,True
arbert,T6,T6-f-0470,f,-1.2068294286727905,-0.24061906337738037,-1.358237862586975,False
arbert,T6,T6-f-0471,f,-0.41054368019104004,1.7390023469924927,0.5038893222808838,False
arbert,T6,T6-f-0472,f,1.689770221710205,2.405780792236328,2.3963098526000977,True
arbert,T6,T6-f-0473,f,-3.6199417114257812,-2.367950439453125,-3.5299854278564453,False
arbert,T6,T6-f-0474,f,-3.464740753173828,-2.6279826164245605,-2.9639182090759277,False
arbert,T6,T6-f-0475,f,1.4641001224517822,2.3259034156799316,1.944947361946106,True
arbert,T6,T6-f-0476,f,-2.9027655124664307,-2.1946065425872803,-2.9644038677215576,False
arbert,T6,T6-f-0477,f,-1.4166066646575928,-0.9714934229850769,-1.1626472473144531,False
arbert,T6,T6-f-0478,f,0.10414457321166992,-0.2065417766571045,0.23369884490966797,True
arbert,T6,T6-f-0479,f,1.8269128799438477,2.072258710861206,0.9763239622116089,True
arbert,T6,T6-f-0480,f,0.24868887662887573,0.7319463491439819,-0.4198490381240845,True
arbert,T6,T6-f-0481,f,2.4704391956329346,3.2597525119781494,2.232100009918213,True
arbert,T6,T6-f-0482,f,0.013485908508300781,0.06671714782714844,-0.24911999702453613,True
arbert,T6,T6-f-0483,f,0.8993186950683594,0.5316684246063232,-0.32578492164611816,True
arbert,T6,T6-f-0484,f,1.4196701049804688,1.4882831573486328,1.3231377601623535,True
arbert,T6,T6-f-0486,f,0.14790678024291992,2.633558511734009,-0.6575138568878174,True
arbert,T6,T6-f-0487,f,-0.8107614517211914,-0.2536427974700928,-1.2855291366577148,False
arbert,T6,T6-f-0488,f,-0.4911670684814453,1.001622200012207,-0.5343389511108398,False
arbert,T6,T6-f-0489,f,1.2841391563415527,2.778136730194092,2.165478229522705,True
arbert,T6,T6-f-0490,f,-0.10024166107177734,0.4283590316772461,1.3553729057312012,False
arbert,T6,T6-f-0491,f,-0.02296125888824463,0.036103129386901855,0.4536740779876709,False
arbert,T6,T6-f-0492,f,-0.3990691304206848,-0.4400653839111328,-1.0425596237182617,False
arbert,T6,T6-f-0493,f,2.7156293392181396,1.402463674545288,3.1381735801696777,True
arbert,T6,T6-f-0494,f,3.2879319190979004,1.5807709693908691,2.8050594329833984,True
arbert,T6,T6-f-0495,f,0.4087510108947754,-0.037288665771484375,0.6240124702453613,True
arbert,T6,T6-f-0496,f,2.0322093963623047,2.8040103912353516,0.6869955062866211,True
arbert,T6,T6-f-0497,f,-0.7430171966552734,-0.14433526992797852,-1.2120351791381836,False
arbert,T6,T6-f-0498,f,-2.6210763454437256,-2.150529146194458,-3.3152081966400146,False
arbert,T6,T6-f-0499,f,-1.5196611881256104,-0.7463994026184082,-1.4452669620513916,False
arbert,T6,T6-f-0500,f,-0.6777304410934448,-0.42602062225341797,-1.5282604694366455,False
arbert,T6,T6-f-0501,f,3.9270853996276855,4.559351921081543,3.8779358863830566,True
arbert,T6,T6-f-0502,f,1.9450352191925049,3.159666061401367,1.6389670372009277,True
arbert,T6,T6-f-0503,f,1.6687164306640625,2.0170745849609375,1.4691672325134277,True
arbert,T6,T6-f-0504,f,-0.5360832214355469,-0.3884553611278534,-0.6582894325256348,False
arbert,T6,T6-f-0505,f,-0.11896365880966187,-0.825217068195343,0.2108619213104248,False
arbert,T6,T6-f-0506,f,-3.8346874713897705,-3.721987247467041,-3.7602412700653076,False
arbert,T6,T6-f-0507,f,0.9097747802734375,3.2399682998657227,0.352264404296875,True
arbert,T6,T6-f-0509,f,1.5032823085784912,1.7664155960083008,1.0993187427520752,True
arbert,T6,T6-f-0510,f,0.5255012512207031,0.8828043937683105,0.6826457977294922,True
arbert,T6,T6-f-0511,f,-0.5027866363525391,1.2176151275634766,-2.8025336265563965,False
arbert,T6,T6-f-0512,f,0.7719161510467529,1.8657903671264648,-0.13800430297851562,True
arbert,T6,T6-f-0513,f,-0.91975998878479,1.111527681350708,-1.0635619163513184,False
arbert,T6,T6-f-0514,f,3.4985578060150146,3.193891763687134,3.9989817142486572,True
arbert,T6,T6-f-0515,f,0.03566884994506836,-0.2381819486618042,-0.26030802726745605,True
arbert,T6,T6-f-0516,f,2.3803749084472656,3.271467924118042,1.6630498170852661,True
arbert,T6,T6-f-0517,f,0.4903993606567383,3.2297329902648926,0.04088544845581055,True
arbert,T6,T6-f-0518,f,-1.5693237781524658,-0.47663211822509766,-2.226773977279663,False
arbert,T6,T6-f-0519,f,0.7153816223144531,1.1973247528076172,1.4361438751220703,True
arbert,T6,T6-f-0520,f,-2.4129271507263184,-1.2013087272644043,-1.2759089469909668,False
arbert,T6,T6-f-0521,f,-2.426830291748047,-2.4615674018859863,-0.07665872573852539,False
arbert,T6,T6-f-0522,f,-0.20344561338424683,0.37847042083740234,0.5028313994407654,False
arbert,T6,T6-f-0523,f,-0.6316719055175781,0.6339778900146484,0.10104703903198242,False
arbert,T6,T6-f-0524,f,0.7475537061691284,1.4020191431045532,0.5580328702926636,True
arbert,T6,T6-f-0525,f,2.4184906482696533,3.147251605987549,2.027353525161743,True
arbert,T6,T6-f-0526,f,-0.3366008996963501,1.064507007598877,-0.09198734164237976,False
arbert,T6,T6-f-0527,f,-1.6867923736572266,-1.6543405055999756,0.8145160675048828,False
arbert,T6,T6-f-0529,f,-1.7898916006088257,-0.0243070125579834,-1.0342895984649658,False
arbert,T6,T6-f-0530,f,1.4625606536865234,2.871974468231201,1.5490455627441406,True
arbert,T6,T6-f-0531,f,0.3176708221435547,0.6370067596435547,1.1032123565673828,True
arbert,T6,T6-f-0532,f,1.0282535552978516,2.5764212608337402,0.9997782707214355,True
arbert,T6,T6-f-0533,f,3.5367398262023926,3.2906060218811035,3.7189576625823975,True
arbert,T6,T6-f-0534,f,0.18534469604492188,0.9611940383911133,0.5725841522216797,True
arbert,T6,T6-f-0535,f,-1.46852445602417,-0.9770255088806152,-1.1511337757110596,False
arbert,T6,T6-f-0536,f,-1.4112310409545898,-0.9189534187316895,0.19080066680908203,False
arbert,T6,T6-f-0537,f,0.26529645919799805,0.8063173294067383,-0.08219146728515625,True
arbert,T6,T6-f-0538,f,-0.979133129119873,-0.39481115341186523,-1.117448329925537,False
arbert,T6,T6-f-0539,f,-0.6459839344024658,-0.3251044750213623,-0.053201138973236084,False
arbert,T6,T6-f-0540,f,-0.9587569236755371,-0.7677097320556641,-0.24219179153442383,False
arbert,T6,T6-f-0541,f,1.282094120979309,1.5183782577514648,1.7545249462127686,True
arbert,T6,T6-f-0542,f,-5.360320091247559,-4.521084308624268,-5.286792755126953,False
arbert,T6,T6-f-0543,f,-1.4117321968078613,-1.2694673538208008,-1.1238055229187012,False
arbert,T6,T6-f-0544,f,1.9950268268585205,2.9687857627868652,2.4163331985473633,True
arbert,T6,T6-f-0545,f,1.8622429370880127,2.019134759902954,1.585458517074585,True
arbert,T6,T6-f-0546,f,-2.343226671218872,-2.8186774253845215,-1.8848016262054443,False
arbert,T6,T6-f-0547,f,-0.3534536361694336,1.9197087287902832,0.6720762252807617,False
arbert,T6,T6-f-0548,f,-3.1959149837493896,-2.4729650020599365,-2.9473443031311035,False
arbert,T6,T6-f-0549,f,-0.8060078620910645,-0.6495451927185059,0.16032886505126953,False
arbert,T6,T6-f-0551,f,0.0016493797302246094,0.4471181631088257,-0.4784948229789734,True
arbert,T6,T6-f-0552,f,-0.08058452606201172,2.336325168609619,-0.8702096939086914,False
arbert,T6,T6-f-0553,f,0.39886903762817383,-0.01468038558959961,0.08647680282592773,True
arbert,T6,T6-f-0554,f,2.1128106117248535,2.933279514312744,2.3320837020874023,True
arbert,T6,T6-f-0555,f,-1.6950695514678955,-2.0302131175994873,-1.6155389547348022,False
arbert,T6,T6-f-0556,f,0.4539354741573334,0.7743537425994873,1.0127571821212769,True
arbert,T6,T6-f-0557,f,2.5636634826660156,2.134340763092041,0.2165536880493164,True
arbert,T6,T6-f-0558,f,0.43299055099487305,0.12850618362426758,0.4798243045806885,True
arbert,T6,T6-f-0559,f,1.1928324699401855,1.5530743598937988,0.328707218170166,True
arbert,T6,T6-f-0560,f,0.4041900634765625,0.31121230125427246,-0.2816166877746582,True
arbert,T6,T6-f-0561,f,0.08632040023803711,1.2005772590637207,0.18853330612182617,True
arbert,T6,T6-f-0562,f,-0.9790496826171875,-0.2738783359527588,-0.7936631441116333,False
arbert,T6,T6-f-0563,f,-2.4761152267456055,-0.0930185317993164,-1.6778349876403809,False
arbert,T6,T6-f-0564,f,-2.3371055126190186,-2.257650852203369,-1.0954370498657227,False
arbert,T6,T6-f-0565,f,-1.4033657312393188,-0.46017587184906006,-2.0852837562561035,False
arbert,T6,T6-f-0566,f,-5.2108073234558105,-4.463069438934326,-3.292341947555542,False
arbert,T6,T6-f-0567,f,3.5186843872070312,2.834506034851074,3.682480573654175,True
arbert,T6,T6-f-0568,f,-0.6278671026229858,0.2425670623779297,-1.1041340827941895,False
arbert,T6,T6-f-0569,f,0.6474020481109619,0.1485145092010498,0.8421566486358643,True
arbert,T6,T6-f-0570,f,1.2270628213882446,1.8981775045394897,1.0524327754974365,True
arbert,T6,T6-f-0572,f,-2.1797502040863037,-0.9338772296905518,-1.8163084983825684,False
arbert,T6,T6-f-0573,f,-0.05053424835205078,0.8522523641586304,1.1399458646774292,False
arbert,T6,T6-f-0574,f,-2.3179218769073486,-0.6316266059875488,-1.2880704402923584,False
arbert,T6,T6-f-0575,f,-1.7715423107147217,1.096764087677002,-1.160336971282959,False
arbert,T6,T6-f-0576,f,1.585524082183838,2.760138511657715,1.5207209587097168,True
arbert,T6,T6-f-0577,f,-3.9963502883911133,-1.4116101264953613,-1.6731338500976562,False
arbert,T6,T6-f-0578,f,-2.6060526371002197,-2.474675178527832,-2.200331211090088,False
arbert,T6,T6-f-0579,f,-1.3328447341918945,-1.3018410205841064,-1.1194813251495361,False
arbert,T6,T6-f-0580,f,1.5395992994308472,1.770049810409546,1.8382127285003662,True
arbert,T6,T6-f-0581,f,-2.276841163635254,-2.5952353477478027,-1.4245686531066895,False
arbert,T6,T6-f-0582,f,-2.9419236183166504,-1.2324938774108887,-2.6640360355377197,False
arbert,T6,T6-f-0583,f,0.6260292530059814,1.1858811378479004,0.30629444122314453,True
arbert,T6,T6-f-0584,f,0.8492221832275391,0.30395936965942383,0.5133256912231445,True
arbert,T6,T6-f-0585,f,-1.2404396533966064,-0.4537557363510132,-0.7065268158912659,False
arbert,T6,T6-f-0586,f,2.7910587787628174,2.3299102783203125,0.1861121654510498,True
arbert,T6,T6-f-0587,f,0.2129114866256714,-0.03623080253601074,-0.0316443145275116,True
arbert,T6,T6-f-0588,f,0.9297018051147461,1.702949047088623,0.35468387603759766,True
arbert,T6,T6-f-0589,f,1.3222100734710693,2.208359718322754,1.2176380157470703,True
arbert,T6,T6-f-0590,f,-2.100496768951416,-2.8143739700317383,-1.3915808200836182,False
arbert,T6,T6-f-0591,f,-0.19539332389831543,-0.9852221012115479,-0.3974919319152832,False
arbert,T6,T6-f-0593,f,-3.863328456878662,-3.079725742340088,-3.1158862113952637,False
arbert,T6,T6-f-0594,f,1.5668823719024658,3.1414546966552734,1.2719172239303589,True
arbert,T6,T6-f-0595,f,-0.957144021987915,-0.4938032031059265,-0.05153322219848633,False
arbert,T6,T6-f-0596,f,-3.207371950149536,-1.071774959564209,-3.05380916595459,False
arbert,T6,T6-f-0597,f,-3.4174304008483887,-3.872180938720703,-2.5358808040618896,False
arbert,T6,T6-f-0598,f,1.9127459526062012,1.4196686744689941,2.2879486083984375,True
arbert,T6,T6-f-0599,f,0.9377741813659668,0.9064106941223145,0.6252527236938477,True
