id,model,verb_lemma,n_words,fem_count,interference,b_logit_diff,b_correct
NT6-f-0002,arabert,كَان (Act),44,4,0.014875071389334544,2.160193602244059,1.0
NT6-f-0002,arbert,كَان (Act),44,4,0.025181055068969702,2.160193602244059,1.0
NT6-f-0002,camelbert,كَان (Act),44,4,0.021212577819824215,2.160193602244059,1.0
NT6-f-0005,arabert,حَطّ (Act),46,6,0.03898436682564873,3.7971948186556497,1.0
NT6-f-0005,arbert,حَطّ (Act),46,6,-0.2054720606122698,3.7971948186556497,1.0
NT6-f-0005,camelbert,حَطّ (Act),46,6,0.02172957147870744,3.7971948186556497,1.0
NT6-f-0006,arabert,دَفَع (Act),39,5,0.02927466801234654,-1.2068092028299968,0.0
NT6-f-0006,arbert,دَفَع (Act),39,5,0.04618372235979351,-1.2068092028299968,0.0
NT6-f-0006,camelbert,دَفَع (Act),39,5,0.05610016414097374,-1.2068092028299968,0.0
NT6-f-0007,arabert,زَال (Act),76,9,-0.039329324449811645,3.6042369604110718,1.0
NT6-f-0007,arbert,زَال (Act),76,9,0.022632701056344157,3.6042369604110718,1.0
NT6-f-0007,camelbert,زَال (Act),76,9,0.037611348288399786,3.6042369604110718,1.0
NT6-f-0008,arabert,زَال (Act),17,4,-0.17962772505623953,2.256458560625712,1.0
NT6-f-0008,arbert,زَال (Act),17,4,-0.10346061842782157,2.256458560625712,1.0
NT6-f-0008,camelbert,زَال (Act),17,4,-0.0407310553959438,2.256458560625712,1.0
NT6-f-0011,arabert,قَتَل (Act),42,9,0.011660167149135045,4.595195770263672,1.0
NT6-f-0011,arbert,قَتَل (Act),42,9,-0.036863803863525356,4.595195770263672,1.0
NT6-f-0011,camelbert,قَتَل (Act),42,9,-0.02587100437709263,4.595195770263672,1.0
NT6-f-0016,arabert,ذَكَّر (Act),36,2,-0.18483386720929823,0.9404557545979818,1.0
NT6-f-0016,arbert,ذَكَّر (Act),36,2,-0.18891164234706334,0.9404557545979818,1.0
NT6-f-0016,camelbert,ذَكَّر (Act),36,2,-0.026535442897251627,0.9404557545979818,1.0
NT6-f-0017,arabert,وَصَل (Act),58,5,0.020055089678083123,3.7975085576375327,1.0
NT6-f-0017,arbert,وَصَل (Act),58,5,-0.008740833827427444,3.7975085576375327,1.0
NT6-f-0017,camelbert,وَصَل (Act),58,5,0.005466733660016742,3.7975085576375327,1.0
NT6-f-0018,arabert,دَخَل (Act),54,14,-0.019281591687883657,5.457464277744293,1.0
NT6-f-0018,arbert,دَخَل (Act),54,14,-0.016029766627720356,5.457464277744293,1.0
NT6-f-0018,camelbert,دَخَل (Act),54,14,0.038355009896414605,5.457464277744293,1.0
NT6-f-0029,arabert,كَان (Act),57,9,-0.008472238268171043,1.1463789542516072,1.0
NT6-f-0029,arbert,كَان (Act),57,9,-0.003685474395751915,1.1463789542516072,1.0
NT6-f-0029,camelbert,كَان (Act),57,9,0.020833832877022857,1.1463789542516072,1.0
NT6-f-0030,arabert,أَعلَن (Act),36,1,-0.024220262254987458,0.7253826260566711,1.0
NT6-f-0030,arbert,أَعلَن (Act),36,1,-0.3183643477303641,0.7253826260566711,1.0
NT6-f-0030,camelbert,أَعلَن (Act),36,1,-0.10836447136742725,0.7253826260566711,1.0
NT6-f-0039,arabert,بَلَغ (Act),50,4,0.01297610146658761,2.7089360555013022,1.0
NT6-f-0039,arbert,بَلَغ (Act),50,4,0.00011369160243442889,2.7089360555013022,1.0
NT6-f-0039,camelbert,بَلَغ (Act),50,4,-0.009849820818219873,2.7089360555013022,1.0
NT6-f-0041,arabert,شَهِد (Act),19,3,-0.14289242880684988,2.0684944788614907,1.0
NT6-f-0041,arbert,شَهِد (Act),19,3,-0.06563309260777064,2.0684944788614907,1.0
NT6-f-0041,camelbert,شَهِد (Act),19,3,-0.28078419821602957,2.0684944788614907,1.0
NT6-f-0043,arabert,زَال (Act),15,3,0.02674865722656247,4.338105082511902,1.0
NT6-f-0043,arbert,زَال (Act),15,3,-0.008476189204624713,4.338105082511902,1.0
NT6-f-0043,camelbert,زَال (Act),15,3,0.011056286948067756,4.338105082511902,1.0
NT6-f-0046,arabert,بَلَغ (Act),113,8,0.00017220633370537138,3.1667019526163735,1.0
NT6-f-0046,arbert,بَلَغ (Act),113,8,6.72340393066405e-05,3.1667019526163735,1.0
NT6-f-0046,camelbert,بَلَغ (Act),113,8,0.0019399097987583427,3.1667019526163735,1.0
NT6-f-0052,arabert,تَجَاوَز (Act),9,1,-0.44714589629854473,-0.4621056119600933,0.3333333333333333
NT6-f-0052,arbert,تَجَاوَز (Act),9,1,-0.1091257844652448,-0.4621056119600933,0.3333333333333333
NT6-f-0052,camelbert,تَجَاوَز (Act),9,1,-0.11001523903438026,-0.4621056119600933,0.3333333333333333
NT6-f-0054,arabert,زَال (Act),46,3,-0.011536393846784301,4.676432172457377,1.0
NT6-f-0054,arbert,زَال (Act),46,3,-0.007738862718854586,4.676432172457377,1.0
NT6-f-0054,camelbert,زَال (Act),46,3,0.015055179595947241,4.676432172457377,1.0
NT6-f-0056,arabert,بَلَغ (Act),42,7,-0.014416558401925215,2.8442330360412598,1.0
NT6-f-0056,arbert,بَلَغ (Act),42,7,-0.015516042709350556,2.8442330360412598,1.0
NT6-f-0056,camelbert,بَلَغ (Act),42,7,0.039165973663330064,2.8442330360412598,1.0
NT6-f-0058,arabert,عَاد (Act),94,11,-0.012053080967494386,5.57753046353658,1.0
NT6-f-0058,arbert,عَاد (Act),94,11,0.0023217201232910143,5.57753046353658,1.0
NT6-f-0058,camelbert,عَاد (Act),94,11,0.01366703850882393,5.57753046353658,1.0
NT6-f-0061,arabert,بَلَغ (Act),52,4,-0.0208118983677455,-0.7140846252441406,0.3333333333333333
NT6-f-0061,arbert,بَلَغ (Act),52,4,-0.01150837966373987,-0.7140846252441406,0.3333333333333333
NT6-f-0061,camelbert,بَلَغ (Act),52,4,-0.021646431514195014,-0.7140846252441406,0.3333333333333333
NT6-f-0063,arabert,تَضَمَّن (Act),107,13,0.005917957850864928,-0.5075802405675253,0.6666666666666666
NT6-f-0063,arbert,تَضَمَّن (Act),107,13,-0.0030570030212402144,-0.5075802405675253,0.6666666666666666
NT6-f-0063,camelbert,تَضَمَّن (Act),107,13,0.012386083602905227,-0.5075802405675253,0.6666666666666666
NT6-f-0067,arabert,جَعَل (Act),55,10,-0.07422896793910432,-1.6018400192260742,0.0
NT6-f-0067,arbert,جَعَل (Act),55,10,-0.08326057025364467,-1.6018400192260742,0.0
NT6-f-0067,camelbert,جَعَل (Act),55,10,-0.2608871119362967,-1.6018400192260742,0.0
NT6-f-0068,arabert,تَقَدَّم (Act),161,26,-0.002991131373814157,1.1652113596598308,1.0
NT6-f-0068,arbert,تَقَدَّم (Act),161,26,-0.030236993517194413,1.1652113596598308,1.0
NT6-f-0068,camelbert,تَقَدَّم (Act),161,26,-0.010109901428222628,1.1652113596598308,1.0
NT6-f-0069,arabert,بَدَأ (Act),60,11,-0.036235877445765875,1.9981097777684529,1.0
NT6-f-0069,arbert,بَدَأ (Act),60,11,-0.039317999567304314,1.9981097777684529,1.0
NT6-f-0069,camelbert,بَدَأ (Act),60,11,0.007527487618582586,1.9981097777684529,1.0
NT6-f-0070,arabert,أَطلَق (Act),74,10,0.0009664808000836856,3.497661590576172,1.0
NT6-f-0070,arbert,أَطلَق (Act),74,10,0.0012593950544084714,3.497661590576172,1.0
NT6-f-0070,camelbert,أَطلَق (Act),74,10,0.00039706911359515575,3.497661590576172,1.0
NT6-f-0071,arabert,كَان (Act),167,10,-0.008264541625976542,2.475246469179789,1.0
NT6-f-0071,arbert,كَان (Act),167,10,-0.004273431641714872,2.475246469179789,1.0
NT6-f-0071,camelbert,كَان (Act),167,10,0.004822731018066386,2.475246469179789,1.0
NT6-f-0072,arabert,تَلَقَّى (Act),30,3,-0.26140343717166353,0.559191922346751,0.6666666666666666
NT6-f-0072,arbert,تَلَقَّى (Act),30,3,-0.09319155556815008,0.559191922346751,0.6666666666666666
NT6-f-0072,camelbert,تَلَقَّى (Act),30,3,-0.012903979846409373,0.559191922346751,0.6666666666666666
NT6-f-0074,arabert,صَدَّر (Act),71,12,-0.0038057054792131574,1.6998837788899739,1.0
NT6-f-0074,arbert,صَدَّر (Act),71,12,-0.04278285162789479,1.6998837788899739,1.0
NT6-f-0074,camelbert,صَدَّر (Act),71,12,-0.004866531917027057,1.6998837788899739,1.0
NT6-f-0077,arabert,وَضَع (Pass),85,15,0.02526337759835379,1.4963463147481282,1.0
NT6-f-0077,arbert,وَضَع (Pass),85,15,-0.0029303005763462275,1.4963463147481282,1.0
NT6-f-0077,camelbert,وَضَع (Pass),85,15,0.0008560589381627003,1.4963463147481282,1.0
NT6-f-0080,arabert,خَلَق (Act),100,5,-0.009706905909946998,0.9854253927866617,0.6666666666666666
NT6-f-0080,arbert,خَلَق (Act),100,5,-0.03462631361825126,0.9854253927866617,0.6666666666666666
NT6-f-0080,camelbert,خَلَق (Act),100,5,-0.0155994551522391,0.9854253927866617,0.6666666666666666
NT6-f-0082,arabert,عَمِل (Act),93,14,-0.002708366938999714,1.0807384649912517,1.0
NT6-f-0082,arbert,عَمِل (Act),93,14,-0.014605045318603484,1.0807384649912517,1.0
NT6-f-0082,camelbert,عَمِل (Act),93,14,-0.008627074105398971,1.0807384649912517,1.0
NT6-f-0083,arabert,زَال (Act),98,8,-0.007569278989519386,4.558587392171224,1.0
NT6-f-0083,arbert,زَال (Act),98,8,-0.0005211148943219575,4.558587392171224,1.0
NT6-f-0083,camelbert,زَال (Act),98,8,-0.003345353262765042,4.558587392171224,1.0
NT6-f-0084,arabert,أَبلَغ (Act),104,16,-0.06349502290998185,4.260974168777466,1.0
NT6-f-0084,arbert,أَبلَغ (Act),104,16,-0.0020961080278669437,4.260974168777466,1.0
NT6-f-0084,camelbert,أَبلَغ (Act),104,16,-0.1867966651916504,4.260974168777466,1.0
NT6-f-0087,arabert,وَصَل (Act),87,10,0.014817919049944173,5.127680778503418,1.0
NT6-f-0087,arbert,وَصَل (Act),87,10,-0.0015837805611746572,5.127680778503418,1.0
NT6-f-0087,camelbert,وَصَل (Act),87,10,0.0039886747087751135,5.127680778503418,1.0
NT6-f-0089,arabert,كَان (Act),155,22,-0.004108428955078101,1.4698926607767742,1.0
NT6-f-0089,arbert,كَان (Act),155,22,-0.008077825818743027,1.4698926607767742,1.0
NT6-f-0089,camelbert,كَان (Act),155,22,0.006748403821672658,1.4698926607767742,1.0
NT6-f-0093,arabert,قَدَّم (Act),85,11,0.0162586484636579,2.33902899424235,1.0
NT6-f-0093,arbert,قَدَّم (Act),85,11,-0.03082009724208287,2.33902899424235,1.0
NT6-f-0093,camelbert,قَدَّم (Act),85,11,-0.012718268803187757,2.33902899424235,1.0
NT6-f-0094,arabert,طَرَح (Act),41,11,0.04376983642578121,0.5319954554239911,0.6666666666666666
NT6-f-0094,arbert,طَرَح (Act),41,11,-0.008443696158272843,0.5319954554239911,0.6666666666666666
NT6-f-0094,camelbert,طَرَح (Act),41,11,-0.03154999869210377,0.5319954554239911,0.6666666666666666
NT6-f-0096,arabert,اِنتَقَل (Act),94,10,0.008694103785923515,3.0685041745503745,1.0
NT6-f-0096,arbert,اِنتَقَل (Act),94,10,-0.0257900101797921,3.0685041745503745,1.0
NT6-f-0096,camelbert,اِنتَقَل (Act),94,10,-0.013114792960030697,3.0685041745503745,1.0
NT6-f-0097,arabert,زَال (Act),130,12,0.005293982369559129,3.2028170029322305,1.0
NT6-f-0097,arbert,زَال (Act),130,12,0.003421579088483529,3.2028170029322305,1.0
NT6-f-0097,camelbert,زَال (Act),130,12,-0.008704730442592085,3.2028170029322305,1.0
NT6-f-0100,arabert,بَدَأ (Act),52,8,0.0014380727495466286,1.0135075251261394,0.6666666666666666
NT6-f-0100,arbert,بَدَأ (Act),52,8,0.00651993070329937,1.0135075251261394,0.6666666666666666
NT6-f-0100,camelbert,بَدَأ (Act),52,8,0.017170735767909426,1.0135075251261394,0.6666666666666666
NT6-f-0103,arabert,حَصَل (Act),72,11,0.003970827375139501,1.9796659151713054,1.0
NT6-f-0103,arbert,حَصَل (Act),72,11,-0.0130882944379534,1.9796659151713054,1.0
NT6-f-0103,camelbert,حَصَل (Act),72,11,0.005737645285470129,1.9796659151713054,1.0
NT6-f-0110,arabert,سَقَط (Act),75,7,-0.00039938517979211483,0.2791002591451009,0.6666666666666666
NT6-f-0110,arbert,سَقَط (Act),75,7,-0.02215106146676197,0.2791002591451009,0.6666666666666666
NT6-f-0110,camelbert,سَقَط (Act),75,7,-0.04920850481305802,0.2791002591451009,0.6666666666666666
NT6-f-0114,arabert,كَان (Act),79,10,-0.020744323730468712,4.75169038772583,1.0
NT6-f-0114,arbert,كَان (Act),79,10,-0.010751043047223742,4.75169038772583,1.0
NT6-f-0114,camelbert,كَان (Act),79,10,-0.03131600788661409,4.75169038772583,1.0
NT6-f-0125,arabert,أَكَّد (Act),87,13,-0.02039091927664619,1.8950795233249664,1.0
NT6-f-0125,arbert,أَكَّد (Act),87,13,-0.043418918337140726,1.8950795233249664,1.0
NT6-f-0125,camelbert,أَكَّد (Act),87,13,-0.018635136740548258,1.8950795233249664,1.0
NT6-f-0133,arabert,وَافَق (Act),116,12,-0.0017589841570173,1.9005853335062664,1.0
NT6-f-0133,arbert,وَافَق (Act),116,12,-0.026585033961704772,1.9005853335062664,1.0
NT6-f-0133,camelbert,وَافَق (Act),116,12,0.016716344015938873,1.9005853335062664,1.0
NT6-f-0134,arabert,بَلَغ (Act),54,6,0.0041253226143973,-0.12198543548583986,0.6666666666666666
NT6-f-0134,arbert,بَلَغ (Act),54,6,0.02577631814139227,-0.12198543548583986,0.6666666666666666
NT6-f-0134,camelbert,بَلَغ (Act),54,6,0.026295116969517245,-0.12198543548583986,0.6666666666666666
NT6-f-0135,arabert,بَلَغ (Act),61,8,0.004209790910993271,2.3315482139587407,1.0
NT6-f-0135,arbert,بَلَغ (Act),61,8,0.0015999249049595571,2.3315482139587407,1.0
NT6-f-0135,camelbert,بَلَغ (Act),61,8,0.007036481584821415,2.3315482139587407,1.0
NT6-f-0139,arabert,اِرتَفَع (Act),28,4,0.0008557183401925282,1.7399660746256511,1.0
NT6-f-0139,arbert,اِرتَفَع (Act),28,4,-0.0026686596018927282,1.7399660746256511,1.0
NT6-f-0139,camelbert,اِرتَفَع (Act),28,4,0.011200462068830174,1.7399660746256511,1.0
NT6-f-0142,arabert,أَصدَر (Act),10,0,-0.6709232330322266,0.18968383471171069,0.6666666666666666
NT6-f-0142,arbert,أَصدَر (Act),10,0,-0.18486922127859934,0.18968383471171069,0.6666666666666666
NT6-f-0142,camelbert,أَصدَر (Act),10,0,-0.05968618392944336,0.18968383471171069,0.6666666666666666
NT6-f-0143,arabert,تَرَاجَع (Act),64,4,-0.006190844944545201,2.484088579813639,1.0
NT6-f-0143,arbert,تَرَاجَع (Act),64,4,0.015806402478899254,2.484088579813639,1.0
NT6-f-0143,camelbert,تَرَاجَع (Act),64,4,-0.0006626674107142996,2.484088579813639,1.0
NT6-f-0145,arabert,زَاد (Act),54,7,0.03407382965087891,2.6169613202412925,1.0
NT6-f-0145,arbert,زَاد (Act),54,7,0.003975731985909601,2.6169613202412925,1.0
NT6-f-0145,camelbert,زَاد (Act),54,7,0.009832245962960343,2.6169613202412925,1.0
NT6-f-0151,arabert,قَرَّر (Act),64,15,0.005362101963588129,2.9333307345708213,1.0
NT6-f-0151,arbert,قَرَّر (Act),64,15,-0.017999853406633626,2.9333307345708213,1.0
NT6-f-0151,camelbert,قَرَّر (Act),64,15,0.002383777073451443,2.9333307345708213,1.0
NT6-f-0153,arabert,بَلَغ (Act),31,3,-0.001513617379324769,1.6862856547037761,1.0
NT6-f-0153,arbert,بَلَغ (Act),31,3,0.0002130099705287573,1.6862856547037761,1.0
NT6-f-0153,camelbert,بَلَغ (Act),31,3,0.0089590890066964,1.6862856547037761,1.0
NT6-f-0154,arabert,بَلَغ (Act),43,1,0.0011069434029715396,1.7543363571166992,1.0
NT6-f-0154,arbert,بَلَغ (Act),43,1,0.04019655500139504,1.7543363571166992,1.0
NT6-f-0154,camelbert,بَلَغ (Act),43,1,0.040190492357526524,1.7543363571166992,1.0
NT6-f-0156,arabert,نَجَح (Act),35,6,-0.006054333278111042,3.888446013132731,1.0
NT6-f-0156,arbert,نَجَح (Act),35,6,-0.087946959904262,3.888446013132731,1.0
NT6-f-0156,camelbert,نَجَح (Act),35,6,-0.015187263488769516,3.888446013132731,1.0
NT6-f-0159,arabert,ضَمّ (Act),63,5,-0.4046164069856916,0.7302242418130237,0.6666666666666666
NT6-f-0159,arbert,ضَمّ (Act),63,5,-0.06005552836826872,0.7302242418130237,0.6666666666666666
NT6-f-0159,camelbert,ضَمّ (Act),63,5,-0.34658305985586985,0.7302242418130237,0.6666666666666666
NT6-f-0161,arabert,جَاء (Act),74,10,-0.010553768702915772,4.028786977132161,1.0
NT6-f-0161,arbert,جَاء (Act),74,10,0.03269454411097933,4.028786977132161,1.0
NT6-f-0161,camelbert,جَاء (Act),74,10,0.003690651484898158,4.028786977132161,1.0
NT6-f-0163,arabert,بَلَغ (Act),55,8,-0.0017014912196567857,-0.182618776957194,0.3333333333333333
NT6-f-0163,arbert,بَلَغ (Act),55,8,-0.005428586687360458,-0.182618776957194,0.3333333333333333
NT6-f-0163,camelbert,بَلَغ (Act),55,8,0.017921379634312156,-0.182618776957194,0.3333333333333333
NT6-f-0168,arabert,اِرتَفَع (Act),105,5,-0.0048772266932896,5.040005524953206,1.0
NT6-f-0168,arbert,اِرتَفَع (Act),105,5,0.002766813550676614,5.040005524953206,1.0
NT6-f-0168,camelbert,اِرتَفَع (Act),105,5,-0.0010198865618024431,5.040005524953206,1.0
NT6-f-0169,arabert,اِرتَفَع (Act),58,4,0.006241934640066958,3.3369428316752114,1.0
NT6-f-0169,arbert,اِرتَفَع (Act),58,4,-0.004164559500558,3.3369428316752114,1.0
NT6-f-0169,camelbert,اِرتَفَع (Act),58,4,-0.004771777561732686,3.3369428316752114,1.0
NT6-f-0170,arabert,لَعِب (Act),82,7,0.008205413818359356,2.2536187966664634,1.0
NT6-f-0170,arbert,لَعِب (Act),82,7,-0.0168678079332624,2.2536187966664634,1.0
NT6-f-0170,camelbert,لَعِب (Act),82,7,-0.012938226972307445,2.2536187966664634,1.0
NT6-f-0171,arabert,بَدَأ (Act),50,5,-0.0056142807006836,1.4787866274515789,1.0
NT6-f-0171,arbert,بَدَأ (Act),50,5,0.011426040104457257,1.4787866274515789,1.0
NT6-f-0171,camelbert,بَدَأ (Act),50,5,0.0022416114807129,1.4787866274515789,1.0
NT6-f-0172,arabert,وَضَع (Act),161,13,-0.011937073298862972,1.26694655418396,1.0
NT6-f-0172,arbert,وَضَع (Act),161,13,-0.020742212023053822,1.26694655418396,1.0
NT6-f-0172,camelbert,وَضَع (Act),161,13,-0.007976838520595029,1.26694655418396,1.0
NT6-f-0173,arabert,بَدَأ (Act),88,9,-0.0045404434204101415,2.79551229874293,1.0
NT6-f-0173,arbert,بَدَأ (Act),88,9,0.015979630606515045,2.79551229874293,1.0
NT6-f-0173,camelbert,بَدَأ (Act),88,9,-0.027343749999999976,2.79551229874293,1.0
NT6-f-0177,arabert,كَان (Act),180,22,-0.017333575657435797,3.0963560740152993,1.0
NT6-f-0177,arbert,كَان (Act),180,22,-0.04219879422868999,3.0963560740152993,1.0
NT6-f-0177,camelbert,كَان (Act),180,22,-0.050288064139229885,3.0963560740152993,1.0
NT6-f-0179,arabert,قَام (Act),69,17,0.0036280495779854724,2.2575305302937827,1.0
NT6-f-0179,arbert,قَام (Act),69,17,-0.24330391202654159,2.2575305302937827,1.0
NT6-f-0179,camelbert,قَام (Act),69,17,-0.0043694632393972855,2.2575305302937827,1.0
NT6-f-0180,arabert,بَدَأ (Act),60,12,-0.015721048627580902,4.657591819763184,1.0
NT6-f-0180,arbert,بَدَأ (Act),60,12,0.01655060904366627,4.657591819763184,1.0
NT6-f-0180,camelbert,بَدَأ (Act),60,12,0.002031190054757243,4.657591819763184,1.0
NT6-f-0181,arabert,كَان (Act),32,9,-0.07934461321149554,0.4561036427815755,1.0
NT6-f-0181,arbert,كَان (Act),32,9,-0.22713988167898996,0.4561036427815755,1.0
NT6-f-0181,camelbert,كَان (Act),32,9,0.0214907782418387,0.4561036427815755,1.0
NT6-f-0184,arabert,قَام (Act),60,4,-0.018993650163922956,2.394639015197754,1.0
NT6-f-0184,arbert,قَام (Act),60,4,-0.08109542301722932,2.394639015197754,1.0
NT6-f-0184,camelbert,قَام (Act),60,4,-0.10662405831473208,2.394639015197754,1.0
NT6-f-0185,arabert,تَحَوَّل (Act),42,10,-0.03335176195417133,2.9741414388020835,1.0
NT6-f-0185,arbert,تَحَوَّل (Act),42,10,-0.012811252049037386,2.9741414388020835,1.0
NT6-f-0185,camelbert,تَحَوَّل (Act),42,10,-0.004981858389718186,2.9741414388020835,1.0
NT6-f-0189,arabert,وَصَل (Act),148,21,0.010825565883091502,2.4969447453816733,1.0
NT6-f-0189,arbert,وَصَل (Act),148,21,0.008375372205461785,2.4969447453816733,1.0
NT6-f-0189,camelbert,وَصَل (Act),148,21,0.006224359784807443,2.4969447453816733,1.0
NT6-f-0190,arabert,زَاد (Act),23,1,-0.05074671336582729,0.9857802391052246,1.0
NT6-f-0190,arbert,زَاد (Act),23,1,0.21712139674595424,0.9857802391052246,1.0
NT6-f-0190,camelbert,زَاد (Act),23,1,0.011546543666294647,0.9857802391052246,1.0
NT6-f-0192,arabert,وَصَل (Act),60,8,-0.0027772784233093435,-0.30823977788289386,0.3333333333333333
NT6-f-0192,arbert,وَصَل (Act),60,8,-0.03129902907780236,-0.30823977788289386,0.3333333333333333
NT6-f-0192,camelbert,وَصَل (Act),60,8,0.045085489749908385,-0.30823977788289386,0.3333333333333333
NT6-f-0193,arabert,زَال (Act),61,4,-0.27275584425245014,-0.1085955301920573,0.3333333333333333
NT6-f-0193,arbert,زَال (Act),61,4,-0.06126986231122694,-0.1085955301920573,0.3333333333333333
NT6-f-0193,camelbert,زَال (Act),61,4,-0.03178027697971887,-0.1085955301920573,0.3333333333333333
NT6-f-0196,arabert,اِتَّخَذ (Act),76,9,-0.009832382202148413,2.4791454871495566,1.0
NT6-f-0196,arbert,اِتَّخَذ (Act),76,9,-0.05706194468906946,2.4791454871495566,1.0
NT6-f-0196,camelbert,اِتَّخَذ (Act),76,9,-0.0001705714634486565,2.4791454871495566,1.0
NT6-f-0197,arabert,قَطَع (Act),40,3,-0.04015847614833284,0.6939849456151327,0.6666666666666666
NT6-f-0197,arbert,قَطَع (Act),40,3,-0.003164802278791143,0.6939849456151327,0.6666666666666666
NT6-f-0197,camelbert,قَطَع (Act),40,3,-0.0571275268282209,0.6939849456151327,0.6666666666666666
NT6-f-0198,arabert,قَدَّم (Act),47,6,-0.20330214500427243,1.382790247599284,1.0
NT6-f-0198,arbert,قَدَّم (Act),47,6,-0.03645958219255718,1.382790247599284,1.0
NT6-f-0198,camelbert,قَدَّم (Act),47,6,-0.027640887669154533,1.382790247599284,1.0
NT6-f-0204,arabert,حَقَّق (Act),68,9,0.0167534010750907,4.481271982192993,1.0
NT6-f-0204,arbert,حَقَّق (Act),68,9,-0.025086471012660382,4.481271982192993,1.0
NT6-f-0204,camelbert,حَقَّق (Act),68,9,0.009332554680960543,4.481271982192993,1.0
NT6-f-0206,arabert,شَهِد (Act),58,8,0.0010376657758439996,2.2285712162653604,1.0
NT6-f-0206,arbert,شَهِد (Act),58,8,-0.01949177469526014,2.2285712162653604,1.0
NT6-f-0206,camelbert,شَهِد (Act),58,8,-0.001277923583984371,2.2285712162653604,1.0
NT6-f-0207,arabert,اِنتَهَى (Act),36,3,-0.008372170584542387,4.0721438725789385,1.0
NT6-f-0207,arbert,اِنتَهَى (Act),36,3,0.007464681352887805,4.0721438725789385,1.0
NT6-f-0207,camelbert,اِنتَهَى (Act),36,3,-0.07934924534388946,4.0721438725789385,1.0
NT6-f-0208,arabert,بَلَغ (Act),127,10,-0.003388404846191386,-0.22661717732747397,0.6666666666666666
NT6-f-0208,arbert,بَلَغ (Act),127,10,0.0026384081159319143,-0.22661717732747397,0.6666666666666666
NT6-f-0208,camelbert,بَلَغ (Act),127,10,0.006538391113281221,-0.22661717732747397,0.6666666666666666
NT6-f-0211,arabert,لَيس (Act),56,5,-0.017122336796351816,2.894493738810221,1.0
NT6-f-0211,arbert,لَيس (Act),56,5,0.004307542528424972,2.894493738810221,1.0
NT6-f-0211,camelbert,لَيس (Act),56,5,-0.0021679060799735003,2.894493738810221,1.0
NT6-f-0218,arabert,أَثَار (Act),58,9,0.013539586748395628,3.680236339569092,1.0
NT6-f-0218,arbert,أَثَار (Act),58,9,-0.01768473216465541,3.680236339569092,1.0
NT6-f-0218,camelbert,أَثَار (Act),58,9,-0.09092187881469724,3.680236339569092,1.0
NT6-f-0222,arabert,شَهِد (Act),89,10,0.0016275814601353147,0.8854827086130778,1.0
NT6-f-0222,arbert,شَهِد (Act),89,10,-0.0012760162353515705,0.8854827086130778,1.0
NT6-f-0222,camelbert,شَهِد (Act),89,10,0.005850281034197101,0.8854827086130778,1.0
NT6-f-0225,arabert,بَلَغ (Act),69,7,-0.005017416817801357,-0.4946327209472656,0.0
NT6-f-0225,arbert,بَلَغ (Act),69,7,0.015574046543666245,-0.4946327209472656,0.0
NT6-f-0225,camelbert,بَلَغ (Act),69,7,0.007088661193847642,-0.4946327209472656,0.0
NT6-f-0227,arabert,أَصدَر (Act),28,6,-0.003411429268973215,2.833902676900228,1.0
NT6-f-0227,arbert,أَصدَر (Act),28,6,-0.03151931081499367,2.833902676900228,1.0
NT6-f-0227,camelbert,أَصدَر (Act),28,6,0.002838850021362286,2.833902676900228,1.0
NT6-f-0231,arabert,نَجَح (Act),49,3,0.016408920288085913,3.1614465713500977,1.0
NT6-f-0231,arbert,نَجَح (Act),49,3,-0.14411892209734237,3.1614465713500977,1.0
NT6-f-0231,camelbert,نَجَح (Act),49,3,-0.005231857299804658,3.1614465713500977,1.0
NT6-f-0235,arabert,اِتَّخَذ (Act),72,10,-0.008046831403459813,2.8981568018595376,1.0
NT6-f-0235,arbert,اِتَّخَذ (Act),72,10,0.000976937157767143,2.8981568018595376,1.0
NT6-f-0235,camelbert,اِتَّخَذ (Act),72,10,0.006416831697736414,2.8981568018595376,1.0
NT6-f-0236,arabert,كَان (Act),69,6,-0.015911511012486,2.7697946230570474,1.0
NT6-f-0236,arbert,كَان (Act),69,6,0.002116646085466629,2.7697946230570474,1.0
NT6-f-0236,camelbert,كَان (Act),69,6,0.00640153884887693,2.7697946230570474,1.0
NT6-f-0240,arabert,تَلَقَّى (Act),70,12,0.0042546136038643856,2.7772580782572427,1.0
NT6-f-0240,arbert,تَلَقَّى (Act),70,12,-0.1660882404872349,2.7772580782572427,1.0
NT6-f-0240,camelbert,تَلَقَّى (Act),70,12,-0.03112663541521344,2.7772580782572427,1.0
NT6-f-0241,arabert,رَفَض (Act),39,4,-0.031107834407261427,1.2214798132578533,0.6666666666666666
NT6-f-0241,arbert,رَفَض (Act),39,4,-0.026094164167131683,1.2214798132578533,0.6666666666666666
NT6-f-0241,camelbert,رَفَض (Act),39,4,0.004834038870675216,1.2214798132578533,0.6666666666666666
NT6-f-0243,arabert,بَلَغ (Act),91,17,-0.0013835089547293425,0.6575868129730225,0.6666666666666666
NT6-f-0243,arbert,بَلَغ (Act),91,17,0.008185386657714828,0.6575868129730225,0.6666666666666666
NT6-f-0243,camelbert,بَلَغ (Act),91,17,0.002791540963309128,0.6575868129730225,0.6666666666666666
NT6-f-0244,arabert,وَصَل (Act),47,6,0.0009261540004185,2.3711303075154624,1.0
NT6-f-0244,arbert,وَصَل (Act),47,6,-0.005961894989013643,2.3711303075154624,1.0
NT6-f-0244,camelbert,وَصَل (Act),47,6,0.0109021323067801,2.3711303075154624,1.0
NT6-f-0247,arabert,بَدَأ (Act),45,5,-0.23042583465576172,0.2974147796630859,1.0
NT6-f-0247,arbert,بَدَأ (Act),45,5,-0.10412863322666711,0.2974147796630859,1.0
NT6-f-0247,camelbert,بَدَأ (Act),45,5,-0.1429106167384556,0.2974147796630859,1.0
NT6-f-0248,arabert,اِنخَفَض (Act),48,5,0.018646648951939175,2.6020660400390625,1.0
NT6-f-0248,arbert,اِنخَفَض (Act),48,5,0.008714948381696414,2.6020660400390625,1.0
NT6-f-0248,camelbert,اِنخَفَض (Act),48,5,-0.00435038975306917,2.6020660400390625,1.0
NT6-f-0249,arabert,كَان (Act),77,13,-0.06192057473318916,1.7781588236490882,1.0
NT6-f-0249,arbert,كَان (Act),77,13,-0.1426751273018973,1.7781588236490882,1.0
NT6-f-0249,camelbert,كَان (Act),77,13,-0.025742053985595696,1.7781588236490882,1.0
NT6-f-0252,arabert,بَلَغ (Act),43,7,0.008031845092773413,0.6789156595865885,1.0
NT6-f-0252,arbert,بَلَغ (Act),43,7,0.012586389269147586,0.6789156595865885,1.0
NT6-f-0252,camelbert,بَلَغ (Act),43,7,0.009685380118233772,0.6789156595865885,1.0
NT6-f-0253,arabert,اِنتَهَى (Act),100,11,-0.0047879900251115715,4.459036668141683,1.0
NT6-f-0253,arbert,اِنتَهَى (Act),100,11,-0.023545060838971812,4.459036668141683,1.0
NT6-f-0253,camelbert,اِنتَهَى (Act),100,11,-0.0022181102207728715,4.459036668141683,1.0
NT6-f-0254,arabert,حَقَّق (Act),100,11,-0.010512896946498314,5.490894317626953,1.0
NT6-f-0254,arbert,حَقَّق (Act),100,11,-0.011950901576450857,5.490894317626953,1.0
NT6-f-0254,camelbert,حَقَّق (Act),100,11,0.0029333659580775572,5.490894317626953,1.0
NT6-f-0255,arabert,تَقَدَّم (Act),64,5,0.0030044828142438717,1.2392319838205974,1.0
NT6-f-0255,arbert,تَقَدَّم (Act),64,5,-0.13325054304940356,1.2392319838205974,1.0
NT6-f-0255,camelbert,تَقَدَّم (Act),64,5,0.01877784729003904,1.2392319838205974,1.0
NT6-f-0258,arabert,اِستَهدَف (Act),115,18,-0.006194387163434685,1.27448570728302,1.0
NT6-f-0258,arbert,اِستَهدَف (Act),115,18,0.0009225947516304858,1.27448570728302,1.0
NT6-f-0258,camelbert,اِستَهدَف (Act),115,18,-0.002097674778529557,1.27448570728302,1.0
NT6-f-0259,arabert,تَلَقَّى (Act),77,11,0.011603014809744698,2.793656156708797,1.0
NT6-f-0259,arbert,تَلَقَّى (Act),77,11,0.011059692927769243,2.793656156708797,1.0
NT6-f-0259,camelbert,تَلَقَّى (Act),77,11,0.005028179713657916,2.793656156708797,1.0
NT6-f-0264,arabert,أَكَّد (Act),107,16,0.0035679680960518712,2.739967465400696,1.0
NT6-f-0264,arbert,أَكَّد (Act),107,16,-0.017247200012206997,2.739967465400696,1.0
NT6-f-0264,camelbert,أَكَّد (Act),107,16,-0.010165963854108515,2.739967465400696,1.0
NT6-f-0266,arabert,بَلَغ (Act),37,5,0.0347168786185128,1.4207019805908203,1.0
NT6-f-0266,arbert,بَلَغ (Act),37,5,0.012873377118791815,1.4207019805908203,1.0
NT6-f-0266,camelbert,بَلَغ (Act),37,5,0.005055018833705343,1.4207019805908203,1.0
NT6-f-0272,arabert,اِتَّخَذ (Act),129,25,-0.003468377249581501,4.152121861775716,1.0
NT6-f-0272,arbert,اِتَّخَذ (Act),129,25,-0.005967072078159858,4.152121861775716,1.0
NT6-f-0272,camelbert,اِتَّخَذ (Act),129,25,0.006244318825857973,4.152121861775716,1.0
NT6-f-0278,arabert,اِتَّخَذ (Act),41,12,-0.0036055701119558853,4.097616712252299,1.0
NT6-f-0278,arbert,اِتَّخَذ (Act),41,12,-0.002206121172223743,4.097616712252299,1.0
NT6-f-0278,camelbert,اِتَّخَذ (Act),41,12,-0.0001966612679617431,4.097616712252299,1.0
NT6-f-0284,arabert,قَرَّر (Act),74,9,0.008421489170619401,2.572449525197347,1.0
NT6-f-0284,arbert,قَرَّر (Act),74,9,-0.019379717963082427,2.572449525197347,1.0
NT6-f-0284,camelbert,قَرَّر (Act),74,9,0.0019450187683105573,2.572449525197347,1.0
NT6-f-0285,arabert,نَفَى (Act),58,7,-0.000872475760323685,1.32216215133667,1.0
NT6-f-0285,arbert,نَفَى (Act),58,7,-0.027913093566894514,1.32216215133667,1.0
NT6-f-0285,camelbert,نَفَى (Act),58,7,-0.034404754638671854,1.32216215133667,1.0
NT6-f-0286,arabert,كَان (Act),39,8,-0.0009811946323939574,4.629443486531575,1.0
NT6-f-0286,arbert,كَان (Act),39,8,0.010284423828124957,4.629443486531575,1.0
NT6-f-0286,camelbert,كَان (Act),39,8,0.005776950291224859,4.629443486531575,1.0
NT6-f-0294,arabert,تَرَك (Act),90,9,-0.0027890886579240853,0.25991106033325195,0.6666666666666666
NT6-f-0294,arbert,تَرَك (Act),90,9,-0.009115525654384045,0.25991106033325195,0.6666666666666666
NT6-f-0294,camelbert,تَرَك (Act),90,9,0.025339365005493126,0.25991106033325195,0.6666666666666666
NT6-f-0296,arabert,قَرَّر (Act),34,2,0.007727486746651795,1.3406222263971965,1.0
NT6-f-0296,arbert,قَرَّر (Act),34,2,-0.03585352216448101,1.3406222263971965,1.0
NT6-f-0296,camelbert,قَرَّر (Act),34,2,-0.013975552150181344,1.3406222263971965,1.0
NT6-f-0297,arabert,أَعلَن (Act),105,14,0.0011307852608817004,4.867341995239258,1.0
NT6-f-0297,arbert,أَعلَن (Act),105,14,-0.0021178041185651426,4.867341995239258,1.0
NT6-f-0297,camelbert,أَعلَن (Act),105,14,0.025052888052804128,4.867341995239258,1.0
NT6-f-0298,arabert,اِستَطَاع (Act),111,10,0.0015497207641601428,5.185909152030945,1.0
NT6-f-0298,arbert,اِستَطَاع (Act),111,10,-0.03387165069580074,5.185909152030945,1.0
NT6-f-0298,camelbert,اِستَطَاع (Act),111,10,-0.006169864109584243,5.185909152030945,1.0
NT6-f-0300,arabert,دَعَا (Act),90,13,-0.0018568038940429577,2.0704120794932046,1.0
NT6-f-0300,arbert,دَعَا (Act),90,13,-0.012119633810860753,2.0704120794932046,1.0
NT6-f-0300,camelbert,دَعَا (Act),90,13,0.002709388732910157,2.0704120794932046,1.0
NT6-f-0302,arabert,تَعَرَّض (Act),114,20,0.013375827244349858,2.1137137413024902,1.0
NT6-f-0302,arbert,تَعَرَّض (Act),114,20,-0.0011338506426129993,2.1137137413024902,1.0
NT6-f-0302,camelbert,تَعَرَّض (Act),114,20,0.005285399300711487,2.1137137413024902,1.0
NT6-f-0303,arabert,بَدَأ (Act),36,2,-0.11454745701381137,3.228654225667318,1.0
NT6-f-0303,arbert,بَدَأ (Act),36,2,-0.0633570807320731,3.228654225667318,1.0
NT6-f-0303,camelbert,بَدَأ (Act),36,2,0.010740348270961217,3.228654225667318,1.0
NT6-f-0305,arabert,قَام (Act),37,6,0.12354918888636994,3.0508817036946616,1.0
NT6-f-0305,arbert,قَام (Act),37,6,0.01577159336635043,3.0508817036946616,1.0
NT6-f-0305,camelbert,قَام (Act),37,6,0.07119975771222792,3.0508817036946616,1.0
NT6-f-0306,arabert,أَعلَن (Act),84,17,-0.006964070456368585,1.7840464115142822,1.0
NT6-f-0306,arbert,أَعلَن (Act),84,17,-0.01347684860229487,1.7840464115142822,1.0
NT6-f-0306,camelbert,أَعلَن (Act),84,17,-0.010113545826503157,1.7840464115142822,1.0
NT6-f-0307,arabert,كَان (Act),54,3,0.006672722952706457,0.9489453633626302,1.0
NT6-f-0307,arbert,كَان (Act),54,3,0.06829248155866348,0.9489453633626302,1.0
NT6-f-0307,camelbert,كَان (Act),54,3,-0.04554537364414758,0.9489453633626302,1.0
NT6-f-0309,arabert,دَخَل (Act),73,7,0.007220540727887815,4.972700913747151,1.0
NT6-f-0309,arbert,دَخَل (Act),73,7,-0.008431979588099872,4.972700913747151,1.0
NT6-f-0309,camelbert,دَخَل (Act),73,7,0.0014771052769252276,4.972700913747151,1.0
NT6-f-0312,arabert,لَيِس (Act),61,8,0.019487925938197502,0.11985810597737633,0.6666666666666666
NT6-f-0312,arbert,لَيِس (Act),61,8,0.011709077017647859,0.11985810597737633,0.6666666666666666
NT6-f-0312,camelbert,لَيِس (Act),61,8,0.0032281875610351562,0.11985810597737633,0.6666666666666666
NT6-f-0316,arabert,كَان (Act),31,4,-0.06774507250104632,2.6186447143554688,1.0
NT6-f-0316,arbert,كَان (Act),31,4,-0.09514808654785156,2.6186447143554688,1.0
NT6-f-0316,camelbert,كَان (Act),31,4,-0.16071094785417825,2.6186447143554688,1.0
NT6-f-0317,arabert,عَاد (Act),18,1,-0.3592830385480608,1.6616007486979167,1.0
NT6-f-0317,arbert,عَاد (Act),18,1,-0.2529324122837612,1.6616007486979167,1.0
NT6-f-0317,camelbert,عَاد (Act),18,1,-0.20820208958217076,1.6616007486979167,1.0
NT6-f-0318,arabert,كَان (Act),43,4,-0.0018396377563476562,3.429672876993815,1.0
NT6-f-0318,arbert,كَان (Act),43,4,0.09202793666294642,3.429672876993815,1.0
NT6-f-0318,camelbert,كَان (Act),43,4,-0.019532476152692515,3.429672876993815,1.0
NT6-f-0325,arabert,تَقَدَّم (Act),32,3,-0.01510443006243027,1.9716288248697917,1.0
NT6-f-0325,arbert,تَقَدَّم (Act),32,3,-0.04418461663382391,1.9716288248697917,1.0
NT6-f-0325,camelbert,تَقَدَّم (Act),32,3,0.022035598754882837,1.9716288248697917,1.0
NT6-f-0326,arabert,رَفَع (Act),33,6,-0.023415156773158467,1.1515119870503743,0.6666666666666666
NT6-f-0326,arbert,رَفَع (Act),33,6,-0.005997930254255,1.1515119870503743,0.6666666666666666
NT6-f-0326,camelbert,رَفَع (Act),33,6,0.01753071376255579,1.1515119870503743,0.6666666666666666
NT6-f-0327,arabert,حَمَل (Act),117,16,-0.02060178347996303,2.111520210901896,1.0
NT6-f-0327,arbert,حَمَل (Act),117,16,0.003192816461835589,2.111520210901896,1.0
NT6-f-0327,camelbert,حَمَل (Act),117,16,0.0198548180716378,2.111520210901896,1.0
NT6-f-0330,arabert,قَام (Act),60,8,-0.012551375797816641,1.2056899070739746,0.6666666666666666
NT6-f-0330,arbert,قَام (Act),60,8,-0.3281268392290388,1.2056899070739746,0.6666666666666666
NT6-f-0330,camelbert,قَام (Act),60,8,0.019019331250871935,1.2056899070739746,0.6666666666666666
NT6-f-0332,arabert,حَصَل (Act),46,2,-0.048016207558768106,2.3848279317220054,1.0
NT6-f-0332,arbert,حَصَل (Act),46,2,-0.1733128683907645,2.3848279317220054,1.0
NT6-f-0332,camelbert,حَصَل (Act),46,2,-0.0003423009599958296,2.3848279317220054,1.0
NT6-f-0334,arabert,لَيس (Act),58,10,0.017471313476562483,-1.5889734079440434,0.0
NT6-f-0334,arbert,لَيس (Act),58,10,-0.030561821801321838,-1.5889734079440434,0.0
NT6-f-0334,camelbert,لَيس (Act),58,10,-0.014703750610351543,-1.5889734079440434,0.0
NT6-f-0336,arabert,قَام (Act),45,5,0.0060787200927734,2.509289582570394,1.0
NT6-f-0336,arbert,قَام (Act),45,5,-0.05233778272356305,2.509289582570394,1.0
NT6-f-0336,camelbert,قَام (Act),45,5,-0.0129850932529994,2.509289582570394,1.0
NT6-f-0339,arabert,نَجَح (Act),66,7,0.019553320748465396,3.359527587890625,1.0
NT6-f-0339,arbert,نَجَح (Act),66,7,-0.029520647866385297,3.359527587890625,1.0
NT6-f-0339,camelbert,نَجَح (Act),66,7,-0.007581165858677428,3.359527587890625,1.0
NT6-f-0340,arabert,حَدَّد (Act),69,8,-0.009147439684186643,-0.3466453452905019,0.6666666666666666
NT6-f-0340,arbert,حَدَّد (Act),69,8,-0.017999649047851545,-0.3466453452905019,0.6666666666666666
NT6-f-0340,camelbert,حَدَّد (Act),69,8,-0.007862431662423243,-0.3466453452905019,0.6666666666666666
NT6-f-0341,arabert,قَدَّم (Act),71,10,-0.059778622218540724,3.963542620340983,1.0
NT6-f-0341,arbert,قَدَّم (Act),71,10,-0.023561068943568613,3.963542620340983,1.0
NT6-f-0341,camelbert,قَدَّم (Act),71,10,-0.05810063225882389,3.963542620340983,1.0
NT6-f-0343,arabert,تَعَرَّض (Act),83,10,-0.003223146711077,3.96247265736262,1.0
NT6-f-0343,arbert,تَعَرَّض (Act),83,10,-0.002360888889857714,3.96247265736262,1.0
NT6-f-0343,camelbert,تَعَرَّض (Act),83,10,-0.005355562482561386,3.96247265736262,1.0
NT6-f-0344,arabert,حَصَل (Act),26,4,-0.008092335292271189,2.7055811882019043,1.0
NT6-f-0344,arbert,حَصَل (Act),26,4,-0.02129220962524414,2.7055811882019043,1.0
NT6-f-0344,camelbert,حَصَل (Act),26,4,-0.023651123046874962,2.7055811882019043,1.0
NT6-f-0345,arabert,وَقَّع (Act),63,7,0.0882886477879115,-2.534710884094238,0.3333333333333333
NT6-f-0345,arbert,وَقَّع (Act),63,7,0.08824907030378068,-2.534710884094238,0.3333333333333333
NT6-f-0345,camelbert,وَقَّع (Act),63,7,0.026068006243024546,-2.534710884094238,0.3333333333333333
NT6-f-0348,arabert,لَيس (Act),51,6,0.013649395533970387,0.4044577280680339,0.6666666666666666
NT6-f-0348,arbert,لَيس (Act),51,6,-0.0018504006522042568,0.4044577280680339,0.6666666666666666
NT6-f-0348,camelbert,لَيس (Act),51,6,0.011679376874651228,0.4044577280680339,0.6666666666666666
NT6-f-0349,arabert,لَعِب (Act),47,4,0.034379822867257215,3.088257153828939,1.0
NT6-f-0349,arbert,لَعِب (Act),47,4,0.006892476763044072,3.088257153828939,1.0
NT6-f-0349,camelbert,لَعِب (Act),47,4,0.0101680755615234,3.088257153828939,1.0
NT6-f-0350,arabert,بَدَأ (Act),78,5,-0.11801828656877786,3.2918580373128257,1.0
NT6-f-0350,arbert,بَدَأ (Act),78,5,0.04426452091761996,3.2918580373128257,1.0
NT6-f-0350,camelbert,بَدَأ (Act),78,5,-0.10708795275006973,3.2918580373128257,1.0
NT6-f-0354,arabert,وَجَّه (Act),78,7,-0.0070724487304687144,1.7048802375793457,1.0
NT6-f-0354,arbert,وَجَّه (Act),78,7,0.044420310429164285,1.7048802375793457,1.0
NT6-f-0354,camelbert,وَجَّه (Act),78,7,0.010756083897181927,1.7048802375793457,1.0
NT6-f-0357,arabert,رَفَض (Act),99,6,0.0007175718035016711,-0.1587690512339274,0.3333333333333333
NT6-f-0357,arbert,رَفَض (Act),99,6,-0.053136859621320434,-0.1587690512339274,0.3333333333333333
NT6-f-0357,camelbert,رَفَض (Act),99,6,0.041613238198416565,-0.1587690512339274,0.3333333333333333
NT6-f-0359,arabert,ظَلّ (Act),121,20,-0.0016984939575195436,2.0249022245407104,1.0
NT6-f-0359,arbert,ظَلّ (Act),121,20,0.013542481831141871,2.0249022245407104,1.0
NT6-f-0359,camelbert,ظَلّ (Act),121,20,-0.019617966243198913,2.0249022245407104,1.0
NT6-f-0360,arabert,رَفَض (Act),152,17,0.010803222656249984,0.356475035349528,0.6666666666666666
NT6-f-0360,arbert,رَفَض (Act),152,17,-0.037281581333705315,0.356475035349528,0.6666666666666666
NT6-f-0360,camelbert,رَفَض (Act),152,17,-0.0002833775111607287,0.356475035349528,0.6666666666666666
NT6-f-0362,arabert,نَجَح (Act),44,4,-0.016424587794712574,6.651131470998128,1.0
NT6-f-0362,arbert,نَجَح (Act),44,4,-0.010532651628766727,6.651131470998128,1.0
NT6-f-0362,camelbert,نَجَح (Act),44,4,0.028099400656563873,6.651131470998128,1.0
NT6-f-0363,arabert,عَلِم (Act),84,13,-0.08169841766357419,2.3745917479197183,1.0
NT6-f-0363,arbert,عَلِم (Act),84,13,-0.010186535971505302,2.3745917479197183,1.0
NT6-f-0363,camelbert,عَلِم (Act),84,13,0.0744108472551618,2.3745917479197183,1.0
NT6-f-0365,arabert,مَثَّل (Act),27,5,-0.12330382210867742,-4.117581923802693,0.3333333333333333
NT6-f-0365,arbert,مَثَّل (Act),27,5,-0.0598442895071847,-4.117581923802693,0.3333333333333333
NT6-f-0365,camelbert,مَثَّل (Act),27,5,-0.04463985988071985,-4.117581923802693,0.3333333333333333
NT6-f-0366,arabert,سَلَّم (Pass),85,10,0.0014355523245675283,3.126795689264933,1.0
NT6-f-0366,arbert,سَلَّم (Pass),85,10,0.0029233183179582975,3.126795689264933,1.0
NT6-f-0366,camelbert,سَلَّم (Pass),85,10,-0.005091258457728798,3.126795689264933,1.0
NT6-f-0367,arabert,تَرَاجَع (Act),40,4,0.033146449497767835,3.3442001342773438,1.0
NT6-f-0367,arbert,تَرَاجَع (Act),40,4,-0.013667379106794057,3.3442001342773438,1.0
NT6-f-0367,camelbert,تَرَاجَع (Act),40,4,-0.018146242414202002,3.3442001342773438,1.0
NT6-f-0369,arabert,كَان (Act),52,4,-0.25506905147007536,-0.30567630132039386,0.0
NT6-f-0369,arbert,كَان (Act),52,4,-0.33969177518572125,-0.30567630132039386,0.0
NT6-f-0369,camelbert,كَان (Act),52,4,-0.1822193009512765,-0.30567630132039386,0.0
NT6-f-0372,arabert,سَجَّل (Act),76,9,-0.0011236837932041832,1.944442629814148,0.6666666666666666
NT6-f-0372,arbert,سَجَّل (Act),76,9,0.017030579703194756,1.944442629814148,0.6666666666666666
NT6-f-0372,camelbert,سَجَّل (Act),76,9,-0.049424358776637436,1.944442629814148,0.6666666666666666
NT6-f-0376,arabert,صَار (Act),72,8,-0.04382593291146414,1.6975032885869343,1.0
NT6-f-0376,arbert,صَار (Act),72,8,-0.15979388781956264,1.6975032885869343,1.0
NT6-f-0376,camelbert,صَار (Act),72,8,-0.02757757050650463,1.6975032885869343,1.0
NT6-f-0379,arabert,تَحَوَّل (Act),70,5,0.004849433898925758,3.930035352706909,1.0
NT6-f-0379,arbert,تَحَوَّل (Act),70,5,-0.003431865147181899,3.930035352706909,1.0
NT6-f-0379,camelbert,تَحَوَّل (Act),70,5,0.0115901402064732,3.930035352706909,1.0
NT6-f-0382,arabert,زَاد (Act),25,1,0.155720727784293,-1.1921550035476685,0.0
NT6-f-0382,arbert,زَاد (Act),25,1,-0.06915202311107087,-1.1921550035476685,0.0
NT6-f-0382,camelbert,زَاد (Act),25,1,-0.23674115112849645,-1.1921550035476685,0.0
NT6-f-0386,arabert,كَان (Act),62,6,-0.006083624703543516,-2.234936237335205,0.0
NT6-f-0386,arbert,كَان (Act),62,6,-0.005183288029261972,-2.234936237335205,0.0
NT6-f-0386,camelbert,كَان (Act),62,6,0.018597739083426327,-2.234936237335205,0.0
NT6-f-0387,arabert,ضَمّ (Act),72,19,0.003511428833007785,1.0257364908854167,0.6666666666666666
NT6-f-0387,arbert,ضَمّ (Act),72,19,-0.030230760574340772,1.0257364908854167,0.6666666666666666
NT6-f-0387,camelbert,ضَمّ (Act),72,19,-0.021224294389997175,1.0257364908854167,0.6666666666666666
NT6-f-0388,arabert,ضَمّ (Act),48,2,-0.0049480029514857434,2.4316213925679526,1.0
NT6-f-0388,arbert,ضَمّ (Act),48,2,0.01607540675571984,2.4316213925679526,1.0
NT6-f-0388,camelbert,ضَمّ (Act),48,2,0.012067794799804684,2.4316213925679526,1.0
NT6-f-0389,arabert,أَكَّد (Act),49,9,0.01068087986537387,0.7853475213050842,0.6666666666666666
NT6-f-0389,arbert,أَكَّد (Act),49,9,-0.0009406975337437287,0.7853475213050842,0.6666666666666666
NT6-f-0389,camelbert,أَكَّد (Act),49,9,-0.0009248597281319715,0.7853475213050842,0.6666666666666666
NT6-f-0390,arabert,شَهِد (Act),43,4,-0.008992603846958672,1.7777446905771892,1.0
NT6-f-0390,arbert,شَهِد (Act),43,4,-0.004287583487374429,1.7777446905771892,1.0
NT6-f-0390,camelbert,شَهِد (Act),43,4,-0.003047330038888101,1.7777446905771892,1.0
NT6-f-0392,arabert,أَظهَر (Act),49,10,-0.0003788811819894143,2.502434810002645,1.0
NT6-f-0392,arbert,أَظهَر (Act),49,10,-0.0274476323808942,2.502434810002645,1.0
NT6-f-0392,camelbert,أَظهَر (Act),49,10,-0.020580836704799044,2.502434810002645,1.0
NT6-f-0395,arabert,تَرَاجَع (Act),88,4,0.002865110124860457,1.4697237014770508,1.0
NT6-f-0395,arbert,تَرَاجَع (Act),88,4,0.005676201411655972,1.4697237014770508,1.0
NT6-f-0395,camelbert,تَرَاجَع (Act),88,4,0.0021568025861467286,1.4697237014770508,1.0
NT6-f-0397,arabert,بَدَأ (Act),57,6,0.007852213723318886,2.563378930091858,1.0
NT6-f-0397,arbert,بَدَأ (Act),57,6,0.006827592849731444,2.563378930091858,1.0
NT6-f-0397,camelbert,بَدَأ (Act),57,6,0.005271843501499729,2.563378930091858,1.0
NT6-f-0401,arabert,طَلَب (Act),44,5,0.010246617453438871,-0.5950337946414948,0.3333333333333333
NT6-f-0401,arbert,طَلَب (Act),44,5,-0.09419403757367813,-0.5950337946414948,0.3333333333333333
NT6-f-0401,camelbert,طَلَب (Act),44,5,-0.004918847765241359,-0.5950337946414948,0.3333333333333333
NT6-m-0000,arabert,وَصَل (Act),36,7,-0.022206033979143416,3.6415406862894693,1.0
NT6-m-0000,arbert,وَصَل (Act),36,7,0.0024153845650809144,3.6415406862894693,1.0
NT6-m-0000,camelbert,وَصَل (Act),36,7,0.0013756752014160423,3.6415406862894693,1.0
NT6-m-0001,arabert,مَنَع (Act),51,4,-0.0057473863874163,3.5633511543273926,1.0
NT6-m-0001,arbert,مَنَع (Act),51,4,-0.002939019884381972,3.5633511543273926,1.0
NT6-m-0001,camelbert,مَنَع (Act),51,4,-0.015350341796875012,3.5633511543273926,1.0
NT6-m-0003,arabert,أَشَار (Act),79,11,0.005938666207449757,5.62709379196167,1.0
NT6-m-0003,arbert,أَشَار (Act),79,11,-0.003521510532924096,5.62709379196167,1.0
NT6-m-0003,camelbert,أَشَار (Act),79,11,-0.01915161950247627,5.62709379196167,1.0
NT6-m-0004,arabert,بَات (Act),65,4,-0.0027914728437151,4.824471632639567,1.0
NT6-m-0004,arbert,بَات (Act),65,4,-0.029449667249407088,4.824471632639567,1.0
NT6-m-0004,camelbert,بَات (Act),65,4,-0.02556787218366349,4.824471632639567,1.0
NT6-m-0009,arabert,وَقَع (Act),46,5,-0.002430234636579228,3.668135086695353,1.0
NT6-m-0009,arbert,وَقَع (Act),46,5,0.017593520028250546,3.668135086695353,1.0
NT6-m-0009,camelbert,وَقَع (Act),46,5,-0.06784745625087192,3.668135086695353,1.0
NT6-m-0010,arabert,جَعَل (Act),68,5,-0.03717967442103793,-0.029259939988454182,0.3333333333333333
NT6-m-0010,arbert,جَعَل (Act),68,5,-0.0934684106281825,-0.029259939988454182,0.3333333333333333
NT6-m-0010,camelbert,جَعَل (Act),68,5,-0.15779467139925277,-0.029259939988454182,0.3333333333333333
NT6-m-0012,arabert,وَصَل (Act),33,3,0.005925587245396213,2.908985137939453,1.0
NT6-m-0012,arbert,وَصَل (Act),33,3,-0.34472356523786274,2.908985137939453,1.0
NT6-m-0012,camelbert,وَصَل (Act),33,3,-0.0029766900198800296,2.908985137939453,1.0
NT6-m-0013,arabert,كَان (Act),50,4,-0.032845769609723754,3.850831985473633,1.0
NT6-m-0013,arbert,كَان (Act),50,4,-0.24586405072893416,3.850831985473633,1.0
NT6-m-0013,camelbert,كَان (Act),50,4,-0.01816347667149133,3.850831985473633,1.0
NT6-m-0014,arabert,جَاء (Act),39,6,0.0028160640171596284,6.573544164498647,1.0
NT6-m-0014,arbert,جَاء (Act),39,6,-0.006441116333007813,6.573544164498647,1.0
NT6-m-0014,camelbert,جَاء (Act),39,6,-0.007611615317208429,6.573544164498647,1.0
NT6-m-0015,arabert,جَاء (Act),39,7,0.1429417473929269,4.774177551269531,1.0
NT6-m-0015,arbert,جَاء (Act),39,7,0.15106391906738278,4.774177551269531,1.0
NT6-m-0015,camelbert,جَاء (Act),39,7,0.19748170035226004,4.774177551269531,1.0
NT6-m-0019,arabert,كَان (Act),73,4,0.01632622310093471,4.624196370442708,1.0
NT6-m-0019,arbert,كَان (Act),73,4,-0.12959929874965123,4.624196370442708,1.0
NT6-m-0019,camelbert,كَان (Act),73,4,-0.018600668225969612,4.624196370442708,1.0
NT6-m-0020,arabert,جَاء (Act),38,6,-0.0003331048148018863,6.587481121222178,1.0
NT6-m-0020,arbert,جَاء (Act),38,6,-0.006314141409737743,6.587481121222178,1.0
NT6-m-0020,camelbert,جَاء (Act),38,6,-0.01070526668003624,6.587481121222178,1.0
NT6-m-0021,arabert,تَضَمَّن (Act),70,10,0.062137739998953646,1.0627099672953289,1.0
NT6-m-0021,arbert,تَضَمَّن (Act),70,10,-0.012520773070199128,1.0627099672953289,1.0
NT6-m-0021,camelbert,تَضَمَّن (Act),70,10,-0.013294083731515055,1.0627099672953289,1.0
NT6-m-0022,arabert,بَات (Act),39,4,0.0199916022164481,6.0530641078948975,1.0
NT6-m-0022,arbert,بَات (Act),39,4,0.00997679574148996,6.0530641078948975,1.0
NT6-m-0022,camelbert,بَات (Act),39,4,-0.004392283303397043,6.0530641078948975,1.0
NT6-m-0023,arabert,رَأَى (Act),53,9,-0.013486453465053031,2.397387683391571,1.0
NT6-m-0023,arbert,رَأَى (Act),53,9,-0.3735062394823347,2.397387683391571,1.0
NT6-m-0023,camelbert,رَأَى (Act),53,9,-0.04592915943690707,2.397387683391571,1.0
NT6-m-0024,arabert,عَرَض (Act),45,4,-0.005878176007951971,3.9109230041503906,1.0
NT6-m-0024,arbert,عَرَض (Act),45,4,-0.017037868499755828,3.9109230041503906,1.0
NT6-m-0024,camelbert,عَرَض (Act),45,4,-0.02130208696637833,3.9109230041503906,1.0
NT6-m-0025,arabert,حَذَّر (Act),52,7,0.05891595567975721,4.459684769312541,1.0
NT6-m-0025,arbert,حَذَّر (Act),52,7,-0.04649707249232699,4.459684769312541,1.0
NT6-m-0025,camelbert,حَذَّر (Act),52,7,0.0017963818141392021,4.459684769312541,1.0
NT6-m-0026,arabert,اِتَّخَذ (Pass),45,7,-0.026778493608747202,2.643140276273092,1.0
NT6-m-0026,arbert,اِتَّخَذ (Pass),45,7,0.009270054953438871,2.643140276273092,1.0
NT6-m-0026,camelbert,اِتَّخَذ (Pass),45,7,0.005857672010149257,2.643140276273092,1.0
NT6-m-0027,arabert,أَبلَغ (Act),54,7,-0.04604540552411756,-0.5415016015370687,0.6666666666666666
NT6-m-0027,arbert,أَبلَغ (Act),54,7,-0.11569881439208983,-0.5415016015370687,0.6666666666666666
NT6-m-0027,camelbert,أَبلَغ (Act),54,7,0.05161970002310613,-0.5415016015370687,0.6666666666666666
NT6-m-0028,arabert,عَقَد (Act),54,4,-0.019893646240234368,2.552234331766764,1.0
NT6-m-0028,arbert,عَقَد (Act),54,4,0.0072680200849260575,2.552234331766764,1.0
NT6-m-0028,camelbert,عَقَد (Act),54,4,-0.022242750440325015,2.552234331766764,1.0
NT6-m-0031,arabert,اِعتَبَر (Act),44,6,-0.00805732182094027,2.935194730758667,1.0
NT6-m-0031,arbert,اِعتَبَر (Act),44,6,-0.022755946431841163,2.935194730758667,1.0
NT6-m-0031,camelbert,اِعتَبَر (Act),44,6,-0.07326415606907435,2.935194730758667,1.0
NT6-m-0032,arabert,عَقَد (Act),22,3,0.03330148969377788,3.8486291567484536,1.0
NT6-m-0032,arbert,عَقَد (Act),22,3,-0.0752885001046317,3.8486291567484536,1.0
NT6-m-0032,camelbert,عَقَد (Act),22,3,-0.26847389766148155,3.8486291567484536,1.0
NT6-m-0033,arabert,طَلَب (Act),51,13,-0.02411903653826031,2.6596175829569497,1.0
NT6-m-0033,arbert,طَلَب (Act),51,13,-0.21772176878792898,2.6596175829569497,1.0
NT6-m-0033,camelbert,طَلَب (Act),51,13,-0.00515110152108327,2.6596175829569497,1.0
NT6-m-0034,arabert,كَان (Act),61,5,-0.008078030177525114,3.993565400441488,1.0
NT6-m-0034,arbert,كَان (Act),61,5,-0.0400186266217913,3.993565400441488,1.0
NT6-m-0034,camelbert,كَان (Act),61,5,0.008868626185825887,3.993565400441488,1.0
NT6-m-0035,arabert,اِختَار (Act),68,7,0.008524179458618173,2.2423136234283447,1.0
NT6-m-0035,arbert,اِختَار (Act),68,7,-0.04148115430559426,2.2423136234283447,1.0
NT6-m-0035,camelbert,اِختَار (Act),68,7,0.041171431541442864,2.2423136234283447,1.0
NT6-m-0036,arabert,خَسِر (Act),17,2,0.0826999119349888,2.866206645965576,1.0
NT6-m-0036,arbert,خَسِر (Act),17,2,-0.5676001821245465,2.866206645965576,1.0
NT6-m-0036,camelbert,خَسِر (Act),17,2,-0.03060354505266461,2.866206645965576,1.0
NT6-m-0037,arabert,خَسِر (Act),42,2,0.020811353410993317,1.1499282519022624,1.0
NT6-m-0037,arbert,خَسِر (Act),42,2,-0.008619921548025941,1.1499282519022624,1.0
NT6-m-0037,camelbert,خَسِر (Act),42,2,0.01861790248325892,1.1499282519022624,1.0
NT6-m-0038,arabert,صَدَّر (Act),17,3,0.04679761614118301,0.39948781331380206,1.0
NT6-m-0038,arbert,صَدَّر (Act),17,3,0.008683953966413199,0.39948781331380206,1.0
NT6-m-0038,camelbert,صَدَّر (Act),17,3,0.03528111321585518,0.39948781331380206,1.0
NT6-m-0040,arabert,صَدَّر (Act),38,5,-0.007974556514195015,0.37087146441141766,0.6666666666666666
NT6-m-0040,arbert,صَدَّر (Act),38,5,0.006674902779715386,0.37087146441141766,0.6666666666666666
NT6-m-0040,camelbert,صَدَّر (Act),38,5,0.008215154920305504,0.37087146441141766,0.6666666666666666
NT6-m-0042,arabert,تَرَك (Act),59,8,-0.04488618033272877,2.9090752601623535,1.0
NT6-m-0042,arbert,تَرَك (Act),59,8,-0.0947545596531459,2.9090752601623535,1.0
NT6-m-0042,camelbert,تَرَك (Act),59,8,0.002875089645385726,2.9090752601623535,1.0
NT6-m-0044,arabert,أَعلَن (Act),40,2,0.0012494495936802147,4.844579776128133,1.0
NT6-m-0044,arbert,أَعلَن (Act),40,2,-0.05003009523664197,4.844579776128133,1.0
NT6-m-0044,camelbert,أَعلَن (Act),40,2,-0.011017458779471242,4.844579776128133,1.0
NT6-m-0045,arabert,أَعلَن (Act),98,10,0.0012745176042829424,5.625287810961406,1.0
NT6-m-0045,arbert,أَعلَن (Act),98,10,-0.05458467347281315,5.625287810961406,1.0
NT6-m-0045,camelbert,أَعلَن (Act),98,10,-0.012070519583565845,5.625287810961406,1.0
NT6-m-0047,arabert,خَسِر (Act),113,9,0.007024901253836496,2.761686325073242,1.0
NT6-m-0047,arbert,خَسِر (Act),113,9,-0.005190099988664885,2.761686325073242,1.0
NT6-m-0047,camelbert,خَسِر (Act),113,9,-0.020483970642089816,2.761686325073242,1.0
NT6-m-0048,arabert,اِتَّخَذ (Pass),82,11,-0.0025673253195626147,2.635607282320658,1.0
NT6-m-0048,arbert,اِتَّخَذ (Pass),82,11,0.010019608906337171,2.635607282320658,1.0
NT6-m-0048,camelbert,اِتَّخَذ (Pass),82,11,0.0008592264992850292,2.635607282320658,1.0
NT6-m-0049,arabert,جَاء (Act),44,2,0.021560192108154286,5.685656001170476,1.0
NT6-m-0049,arbert,جَاء (Act),44,2,0.002383368355887258,5.685656001170476,1.0
NT6-m-0049,camelbert,جَاء (Act),44,2,0.038470949445451985,5.685656001170476,1.0
NT6-m-0050,arabert,أَظهَر (Act),53,8,-0.1280475343976702,4.959674755732219,1.0
NT6-m-0050,arbert,أَظهَر (Act),53,8,-0.11792959485735208,4.959674755732219,1.0
NT6-m-0050,camelbert,أَظهَر (Act),53,8,-0.1639761924743652,4.959674755732219,1.0
NT6-m-0051,arabert,وَضَع (Act),92,7,0.0035255977085658433,-0.38820038239161175,0.3333333333333333
NT6-m-0051,arbert,وَضَع (Act),92,7,-0.1597829461097717,-0.38820038239161175,0.3333333333333333
NT6-m-0051,camelbert,وَضَع (Act),92,7,-0.08100141797746928,-0.38820038239161175,0.3333333333333333
NT6-m-0053,arabert,بَلَغ (Act),55,3,0.0051250457763672,1.2155404488245647,1.0
NT6-m-0053,arbert,بَلَغ (Act),55,3,0.0037974119186401432,1.2155404488245647,1.0
NT6-m-0053,camelbert,بَلَغ (Act),55,3,-0.0021916798182895847,1.2155404488245647,1.0
NT6-m-0055,arabert,ظَلّ (Act),52,6,-0.024603503090994665,5.273846864700317,1.0
NT6-m-0055,arbert,ظَلّ (Act),52,6,-0.0005243165152413559,5.273846864700317,1.0
NT6-m-0055,camelbert,ظَلّ (Act),52,6,0.037821769714355455,5.273846864700317,1.0
NT6-m-0057,arabert,حَصَل (Act),94,12,-0.011718818119594012,5.3774964809417725,1.0
NT6-m-0057,arbert,حَصَل (Act),94,12,-0.01866068158830916,5.3774964809417725,1.0
NT6-m-0057,camelbert,حَصَل (Act),94,12,0.009169374193464013,5.3774964809417725,1.0
NT6-m-0059,arabert,كَان (Act),94,12,0.004305975777762271,2.9526572227478027,1.0
NT6-m-0059,arbert,كَان (Act),94,12,-0.02150058746337887,2.9526572227478027,1.0
NT6-m-0059,camelbert,كَان (Act),94,12,-0.008581025259835371,2.9526572227478027,1.0
NT6-m-0060,arabert,كَان (Act),36,3,-0.017551967075892856,2.662126620610555,1.0
NT6-m-0060,arbert,كَان (Act),36,3,-0.33300154549734934,2.662126620610555,1.0
NT6-m-0060,camelbert,كَان (Act),36,3,-0.059588636670793824,2.662126620610555,1.0
NT6-m-0062,arabert,جَاء (Act),107,14,0.012443133762904542,5.761720458666484,1.0
NT6-m-0062,arbert,جَاء (Act),107,14,-0.007596015930175772,5.761720458666484,1.0
NT6-m-0062,camelbert,جَاء (Act),107,14,-0.003224781581333697,5.761720458666484,1.0
NT6-m-0064,arabert,فَقَد (Act),27,3,0.015114784240722684,1.495629370212555,1.0
NT6-m-0064,arbert,فَقَد (Act),27,3,-0.1133933067321777,1.495629370212555,1.0
NT6-m-0064,camelbert,فَقَد (Act),27,3,0.0014198848179408743,1.495629370212555,1.0
NT6-m-0065,arabert,زَال (Act),54,3,-0.0042121750967843,5.2757790088653564,1.0
NT6-m-0065,arbert,زَال (Act),54,3,-0.042896066393171006,5.2757790088653564,1.0
NT6-m-0065,camelbert,زَال (Act),54,3,-0.03645195279802594,5.2757790088653564,1.0
NT6-m-0066,arabert,كَان (Act),58,5,0.037409441811697815,3.8179651896158853,1.0
NT6-m-0066,arbert,كَان (Act),58,5,-0.054757186344691684,3.8179651896158853,1.0
NT6-m-0066,camelbert,كَان (Act),58,5,-0.0018501281738281146,3.8179651896158853,1.0
NT6-m-0073,arabert,قَطَع (Act),106,10,0.002511024475097656,5.2245299021403,1.0
NT6-m-0073,arbert,قَطَع (Act),106,10,0.001796245574951143,5.2245299021403,1.0
NT6-m-0073,camelbert,قَطَع (Act),106,10,-0.0012659345354352292,5.2245299021403,1.0
NT6-m-0075,arabert,طَالَب (Act),58,6,-0.0011932509286062998,2.1321322123209634,1.0
NT6-m-0075,arbert,طَالَب (Act),58,6,-0.10056972503662107,2.1321322123209634,1.0
NT6-m-0075,camelbert,طَالَب (Act),58,6,0.009581225258963459,2.1321322123209634,1.0
NT6-m-0076,arabert,تَجَاوَز (Act),92,14,-0.0026867730276925153,3.2701010704040527,1.0
NT6-m-0076,arbert,تَجَاوَز (Act),92,14,0.015170437949044312,3.2701010704040527,1.0
NT6-m-0076,camelbert,تَجَاوَز (Act),92,14,0.017443656921386688,3.2701010704040527,1.0
NT6-m-0078,arabert,كَان (Act),103,10,0.02060658591134204,3.8390581607818604,1.0
NT6-m-0078,arbert,كَان (Act),103,10,0.0074739456176758,3.8390581607818604,1.0
NT6-m-0078,camelbert,كَان (Act),103,10,0.0298037528991699,3.8390581607818604,1.0
NT6-m-0079,arabert,طَلَب (Act),57,3,-0.09680598122732978,0.7457737525304159,1.0
NT6-m-0079,arbert,طَلَب (Act),57,3,-0.1410569293158395,0.7457737525304159,1.0
NT6-m-0079,camelbert,طَلَب (Act),57,3,-5.449567522345219e-06,0.7457737525304159,1.0
NT6-m-0081,arabert,طَلَب (Act),57,7,-0.02693135397774829,2.8244005839029946,1.0
NT6-m-0081,arbert,طَلَب (Act),57,7,-0.06335616111755367,2.8244005839029946,1.0
NT6-m-0081,camelbert,طَلَب (Act),57,7,0.0006825583321707427,2.8244005839029946,1.0
NT6-m-0085,arabert,رَفَض (Act),40,4,-0.0433570657457624,0.8977987666924795,0.6666666666666666
NT6-m-0085,arbert,رَفَض (Act),40,4,-0.08717455182756693,0.8977987666924795,0.6666666666666666
NT6-m-0085,camelbert,رَفَض (Act),40,4,-0.029951470238821856,0.8977987666924795,0.6666666666666666
NT6-m-0086,arabert,وَقَع (Act),54,9,0.0036532538277762286,2.9689462184906006,1.0
NT6-m-0086,arbert,وَقَع (Act),54,9,0.016362258366176028,2.9689462184906006,1.0
NT6-m-0086,camelbert,وَقَع (Act),54,9,0.004983152662004715,2.9689462184906006,1.0
NT6-m-0088,arabert,تَنَاوَل (Act),47,8,0.0106560843331473,4.296969572703044,1.0
NT6-m-0088,arbert,تَنَاوَل (Act),47,8,-0.06275749206542962,4.296969572703044,1.0
NT6-m-0088,camelbert,تَنَاوَل (Act),47,8,-0.013021469116210911,4.296969572703044,1.0
NT6-m-0090,arabert,بَلَغ (Act),105,10,-0.006903648376464814,0.4572051366170247,1.0
NT6-m-0090,arbert,بَلَغ (Act),105,10,0.0047007969447544415,0.4572051366170247,1.0
NT6-m-0090,camelbert,بَلَغ (Act),105,10,0.006228174482073086,0.4572051366170247,1.0
NT6-m-0091,arabert,رَفَع (Act),105,10,-0.0070623670305524425,2.2111781438191733,1.0
NT6-m-0091,arbert,رَفَع (Act),105,10,0.004655429295131098,2.2111781438191733,1.0
NT6-m-0091,camelbert,رَفَع (Act),105,10,-0.005275045122419086,2.2111781438191733,1.0
NT6-m-0092,arabert,وَقَّع (Act),97,10,-0.0020758765084402725,0.9049760500590006,1.0
NT6-m-0092,arbert,وَقَّع (Act),97,10,-0.046489374978201735,0.9049760500590006,1.0
NT6-m-0092,camelbert,وَقَّع (Act),97,10,-0.013398170471191401,0.9049760500590006,1.0
NT6-m-0095,arabert,خَلَق (Act),73,11,0.01559870583670477,6.890924453735352,1.0
NT6-m-0095,arbert,خَلَق (Act),73,11,-0.004254545484270357,6.890924453735352,1.0
NT6-m-0095,camelbert,خَلَق (Act),73,11,-0.004347460610525942,6.890924453735352,1.0
NT6-m-0098,arabert,نَقَل (Act),101,16,-0.018287863050188303,2.543549060821533,1.0
NT6-m-0098,arbert,نَقَل (Act),101,16,0.004828180585588743,2.543549060821533,1.0
NT6-m-0098,camelbert,نَقَل (Act),101,16,-0.00016941343035017112,2.543549060821533,1.0
NT6-m-0099,arabert,كَان (Act),74,6,0.012775318963187041,2.7586615482966104,1.0
NT6-m-0099,arbert,كَان (Act),74,6,0.002169643129621229,2.7586615482966104,1.0
NT6-m-0099,camelbert,كَان (Act),74,6,0.008340086255754742,2.7586615482966104,1.0
NT6-m-0101,arabert,قَطَع (Act),102,11,0.003258296421596001,5.2486099402109785,1.0
NT6-m-0101,arbert,قَطَع (Act),102,11,0.0003346715654645714,5.2486099402109785,1.0
NT6-m-0101,camelbert,قَطَع (Act),102,11,0.005609648568289616,5.2486099402109785,1.0
NT6-m-0102,arabert,سَاهَم (Act),58,15,-0.004956109183175171,4.286584536234538,1.0
NT6-m-0102,arbert,سَاهَم (Act),58,15,-0.028738634926932186,4.286584536234538,1.0
NT6-m-0102,camelbert,سَاهَم (Act),58,15,-0.037695203508649536,4.286584536234538,1.0
NT6-m-0104,arabert,طَلَب (Act),118,12,0.0053814479282924,3.186339497566223,1.0
NT6-m-0104,arbert,طَلَب (Act),118,12,-0.021012169974190826,3.186339497566223,1.0
NT6-m-0104,camelbert,طَلَب (Act),118,12,-0.0058794021606445295,3.186339497566223,1.0
NT6-m-0105,arabert,بَدَأ (Act),60,20,0.014990670340401756,1.2683951059977214,0.6666666666666666
NT6-m-0105,arbert,بَدَأ (Act),60,20,0.008515494210379457,1.2683951059977214,0.6666666666666666
NT6-m-0105,camelbert,بَدَأ (Act),60,20,0.015303066798618828,1.2683951059977214,0.6666666666666666
NT6-m-0106,arabert,جَاء (Act),152,12,0.011346782956804514,2.976329733928045,1.0
NT6-m-0106,arbert,جَاء (Act),152,12,0.008523293903895772,2.976329733928045,1.0
NT6-m-0106,camelbert,جَاء (Act),152,12,0.003253017153058743,2.976329733928045,1.0
NT6-m-0107,arabert,كَان (Act),147,16,0.014220782688685816,1.8095753987630208,1.0
NT6-m-0107,arbert,كَان (Act),147,16,0.0012534005301339296,1.8095753987630208,1.0
NT6-m-0107,camelbert,كَان (Act),147,16,0.019937242780412926,1.8095753987630208,1.0
NT6-m-0108,arabert,قَال (Act),68,4,0.006765093122209826,4.668087959289551,1.0
NT6-m-0108,arbert,قَال (Act),68,4,-0.12049511500767295,4.668087959289551,1.0
NT6-m-0108,camelbert,قَال (Act),68,4,-0.049318586077008904,4.668087959289551,1.0
NT6-m-0109,arabert,جَاء (Act),82,19,-0.0016817365373884006,0.7004133860270182,0.6666666666666666
NT6-m-0109,arbert,جَاء (Act),82,19,-0.0010200228009905146,0.7004133860270182,0.6666666666666666
NT6-m-0109,camelbert,جَاء (Act),82,19,0.012703623090471529,0.7004133860270182,0.6666666666666666
NT6-m-0111,arabert,سَقَط (Act),59,10,-0.014567375183105429,1.685403823852539,1.0
NT6-m-0111,arbert,سَقَط (Act),59,10,0.0023762157985142145,1.685403823852539,1.0
NT6-m-0111,camelbert,سَقَط (Act),59,10,0.015973159245082313,1.685403823852539,1.0
NT6-m-0112,arabert,جَاء (Act),54,6,0.010568891252790142,3.286810557047526,1.0
NT6-m-0112,arbert,جَاء (Act),54,6,0.013345786503383068,3.286810557047526,1.0
NT6-m-0112,camelbert,جَاء (Act),54,6,0.01366533551897323,3.286810557047526,1.0
NT6-m-0113,arabert,فَشِل (Act),96,11,0.0028264863150460145,2.151186943054199,1.0
NT6-m-0113,arbert,فَشِل (Act),96,11,-0.020179271697998,2.151186943054199,1.0
NT6-m-0113,camelbert,فَشِل (Act),96,11,-0.004599911825997486,2.151186943054199,1.0
NT6-m-0115,arabert,لَيس (Act),157,21,0.0080430167061942,3.932462692260742,1.0
NT6-m-0115,arbert,لَيس (Act),157,21,-0.027346815381731258,3.932462692260742,1.0
NT6-m-0115,camelbert,لَيس (Act),157,21,-0.046928269522530645,3.932462692260742,1.0
NT6-m-0116,arabert,كَان (Act),87,8,0.02579907008579794,1.4188130696614583,0.6666666666666666
NT6-m-0116,arbert,كَان (Act),87,8,0.06217745372227257,1.4188130696614583,0.6666666666666666
NT6-m-0116,camelbert,كَان (Act),87,8,0.01310457502092634,1.4188130696614583,0.6666666666666666
NT6-m-0117,arabert,اِستَطَاع (Act),128,17,0.0026697431291852866,4.500368595123291,1.0
NT6-m-0117,arbert,اِستَطَاع (Act),128,17,-0.005549430847167943,4.500368595123291,1.0
NT6-m-0117,camelbert,اِستَطَاع (Act),128,17,-0.0114633696419852,4.500368595123291,1.0
NT6-m-0118,arabert,بَدَأ (Act),42,6,0.003224100385393401,3.350311756134033,1.0
NT6-m-0118,arbert,بَدَأ (Act),42,6,0.004905360085623615,3.350311756134033,1.0
NT6-m-0118,camelbert,بَدَأ (Act),42,6,0.026537690843854617,3.350311756134033,1.0
NT6-m-0119,arabert,بَلَغ (Act),34,10,0.07053388868059432,0.44849491119384766,1.0
NT6-m-0119,arbert,بَلَغ (Act),34,10,0.01827546528407504,0.44849491119384766,1.0
NT6-m-0119,camelbert,بَلَغ (Act),34,10,-0.0068518774850028,0.44849491119384766,1.0
NT6-m-0120,arabert,شَهِد (Act),45,7,-0.005183969225202266,1.8603809624910355,1.0
NT6-m-0120,arbert,شَهِد (Act),45,7,-0.010926519121442515,1.8603809624910355,1.0
NT6-m-0120,camelbert,شَهِد (Act),45,7,-0.005808557782854344,1.8603809624910355,1.0
NT6-m-0121,arabert,رَأَى (Act),192,33,0.026603562491280652,1.2169947624206543,0.6666666666666666
NT6-m-0121,arbert,رَأَى (Act),192,33,0.0006238392421177714,1.2169947624206543,0.6666666666666666
NT6-m-0121,camelbert,رَأَى (Act),192,33,-0.020274707249232662,1.2169947624206543,0.6666666666666666
NT6-m-0122,arabert,اِنتَهَى (Act),177,23,-0.006227493286132786,-0.9877700010935465,0.3333333333333333
NT6-m-0122,arbert,اِنتَهَى (Act),177,23,0.00038957595825194125,-0.9877700010935465,0.3333333333333333
NT6-m-0122,camelbert,اِنتَهَى (Act),177,23,-0.011304446629115497,-0.9877700010935465,0.3333333333333333
NT6-m-0123,arabert,رَأَى (Act),61,6,-0.14562579563685826,2.983225107192993,1.0
NT6-m-0123,arbert,رَأَى (Act),61,6,-0.10983834947858535,2.983225107192993,1.0
NT6-m-0123,camelbert,رَأَى (Act),61,6,-0.14004891259329658,2.983225107192993,1.0
NT6-m-0124,arabert,قَدَّم (Act),28,4,-0.0766449655805315,2.868386387825012,1.0
NT6-m-0124,arbert,قَدَّم (Act),28,4,-0.46404600143432617,2.868386387825012,1.0
NT6-m-0124,camelbert,قَدَّم (Act),28,4,-0.10293711934770854,2.868386387825012,1.0
NT6-m-0126,arabert,أَصبَح (Act),44,6,0.006199291774204785,-0.3474915822347005,0.0
NT6-m-0126,arbert,أَصبَح (Act),44,6,0.015491689954485199,-0.3474915822347005,0.0
NT6-m-0126,camelbert,أَصبَح (Act),44,6,-0.004677568163190543,-0.3474915822347005,0.0
NT6-m-0127,arabert,أَكَّد (Act),62,10,-0.010842459542410686,2.2011839548746743,1.0
NT6-m-0127,arbert,أَكَّد (Act),62,10,-0.22590827941894528,2.2011839548746743,1.0
NT6-m-0127,camelbert,أَكَّد (Act),62,10,-0.045179503304617695,2.2011839548746743,1.0
NT6-m-0128,arabert,نَفَى (Act),69,13,0.012980733598981584,1.7785736719767253,0.6666666666666666
NT6-m-0128,arbert,نَفَى (Act),69,13,-0.20221662521362305,1.7785736719767253,0.6666666666666666
NT6-m-0128,camelbert,نَفَى (Act),69,13,-0.017595904214041568,1.7785736719767253,0.6666666666666666
NT6-m-0129,arabert,أَكَّد (Act),69,13,0.025033405848911814,2.153643528620402,1.0
NT6-m-0129,arbert,أَكَّد (Act),69,13,-0.04449045658111571,2.153643528620402,1.0
NT6-m-0129,camelbert,أَكَّد (Act),69,13,-0.04250696727207727,2.153643528620402,1.0
NT6-m-0130,arabert,عَقَد (Act),68,9,-0.0027132374899727996,2.1352919538815818,1.0
NT6-m-0130,arbert,عَقَد (Act),68,9,-0.1263232912336077,2.1352919538815818,1.0
NT6-m-0130,camelbert,عَقَد (Act),68,9,-0.026066405432564863,2.1352919538815818,1.0
NT6-m-0131,arabert,أَصدَر (Act),66,15,-0.009135689054216644,2.056756019592285,1.0
NT6-m-0131,arbert,أَصدَر (Act),66,15,-0.08246265138898574,2.056756019592285,1.0
NT6-m-0131,camelbert,أَصدَر (Act),66,15,-0.018158367701939144,2.056756019592285,1.0
NT6-m-0132,arabert,تَقَدَّم (Act),66,15,0.012049334389822827,1.1110622088114421,1.0
NT6-m-0132,arbert,تَقَدَّم (Act),66,15,-0.07657718658447263,1.1110622088114421,1.0
NT6-m-0132,camelbert,تَقَدَّم (Act),66,15,-0.032294205256870774,1.1110622088114421,1.0
NT6-m-0136,arabert,بَلَغ (Act),38,5,0.0011118480137416286,1.8403209050496419,1.0
NT6-m-0136,arbert,بَلَغ (Act),38,5,0.022965431213378882,1.8403209050496419,1.0
NT6-m-0136,camelbert,بَلَغ (Act),38,5,0.004992348807198671,1.8403209050496419,1.0
NT6-m-0137,arabert,وَصَل (Act),57,8,0.0038552965436662997,2.5174121856689453,1.0
NT6-m-0137,arbert,وَصَل (Act),57,8,0.011445590427943589,2.5174121856689453,1.0
NT6-m-0137,camelbert,وَصَل (Act),57,8,9.700230189732156e-05,2.5174121856689453,1.0
NT6-m-0138,arabert,تَرَاجَع (Act),58,3,-0.002091067177908744,2.7588740438222885,1.0
NT6-m-0138,arbert,تَرَاجَع (Act),58,3,0.0026079586574009285,2.7588740438222885,1.0
NT6-m-0138,camelbert,تَرَاجَع (Act),58,3,-0.002634661538260301,2.7588740438222885,1.0
NT6-m-0140,arabert,أَصبَح (Act),95,16,-0.016793795994349884,1.5980451901753743,1.0
NT6-m-0140,arbert,أَصبَح (Act),95,16,0.0015613692147391164,1.5980451901753743,1.0
NT6-m-0140,camelbert,أَصبَح (Act),95,16,0.0017723355974469722,1.5980451901753743,1.0
NT6-m-0141,arabert,أَصبَح (Act),59,8,0.0016444069998604708,1.7301138242085774,1.0
NT6-m-0141,arbert,أَصبَح (Act),59,8,-0.020356110164097385,1.7301138242085774,1.0
NT6-m-0141,camelbert,أَصبَح (Act),59,8,-0.014081409999302444,1.7301138242085774,1.0
NT6-m-0144,arabert,بَلَغ (Act),31,2,0.03244454520089283,-0.12270474433898933,0.3333333333333333
NT6-m-0144,arbert,بَلَغ (Act),31,2,0.0007248095103672286,-0.12270474433898933,0.3333333333333333
NT6-m-0144,camelbert,بَلَغ (Act),31,2,0.007072993687221,-0.12270474433898933,0.3333333333333333
NT6-m-0146,arabert,طَلَب (Act),93,13,-0.19550446101597377,4.250626762708028,1.0
NT6-m-0146,arbert,طَلَب (Act),93,13,-0.2126129014151437,4.250626762708028,1.0
NT6-m-0146,camelbert,طَلَب (Act),93,13,-0.053791318620954216,4.250626762708028,1.0
NT6-m-0147,arabert,طَلَب (Act),93,13,-0.1138313838413783,3.3191641171773276,1.0
NT6-m-0147,arbert,طَلَب (Act),93,13,-0.09549903869628903,3.3191641171773276,1.0
NT6-m-0147,camelbert,طَلَب (Act),93,13,-0.028136014938354485,3.3191641171773276,1.0
NT6-m-0148,arabert,وَصَل (Act),94,3,0.0778493881225586,-0.2876998583475749,0.3333333333333333
NT6-m-0148,arbert,وَصَل (Act),94,3,0.037225791386195584,-0.2876998583475749,0.3333333333333333
NT6-m-0148,camelbert,وَصَل (Act),94,3,-0.026681082589285716,-0.2876998583475749,0.3333333333333333
NT6-m-0149,arabert,بَدَأ (Act),94,3,-0.0143562044416155,1.2830506960550945,1.0
NT6-m-0149,arbert,بَدَأ (Act),94,3,-0.043113325323377326,1.2830506960550945,1.0
NT6-m-0149,camelbert,بَدَأ (Act),94,3,-0.053533145359584276,1.2830506960550945,1.0
NT6-m-0150,arabert,أَدَّى (Act),79,11,0.010930333818708114,3.611841837565104,1.0
NT6-m-0150,arbert,أَدَّى (Act),79,11,0.0139045715332031,3.611841837565104,1.0
NT6-m-0150,camelbert,أَدَّى (Act),79,11,0.0026350021362304575,3.611841837565104,1.0
NT6-m-0152,arabert,بَلَغ (Act),69,8,-0.00010190691266741468,2.5848209857940674,1.0
NT6-m-0152,arbert,بَلَغ (Act),69,8,-0.08365225791931155,2.5848209857940674,1.0
NT6-m-0152,camelbert,بَلَغ (Act),69,8,0.002431052071707585,2.5848209857940674,1.0
NT6-m-0155,arabert,أَصبَح (Act),25,2,-0.09365533079419816,0.17858033378918967,0.6666666666666666
NT6-m-0155,arbert,أَصبَح (Act),25,2,-0.26266218083245413,0.17858033378918967,0.6666666666666666
NT6-m-0155,camelbert,أَصبَح (Act),25,2,-0.2035844155720302,0.17858033378918967,0.6666666666666666
NT6-m-0157,arabert,قَال (Act),40,3,-0.4687901224408831,-2.3569684823354087,0.0
NT6-m-0157,arbert,قَال (Act),40,3,-0.7397431305476597,-2.3569684823354087,0.0
NT6-m-0157,camelbert,قَال (Act),40,3,-0.5876223019191197,-2.3569684823354087,0.0
NT6-m-0158,arabert,كَان (Act),63,6,0.014670372009277342,3.205898920694987,1.0
NT6-m-0158,arbert,كَان (Act),63,6,-0.005204405103411013,3.205898920694987,1.0
NT6-m-0158,camelbert,كَان (Act),63,6,-0.003184999738420758,3.205898920694987,1.0
NT6-m-0160,arabert,قَام (Act),49,5,-0.04155186244419643,1.8169636726379395,1.0
NT6-m-0160,arbert,قَام (Act),49,5,-0.02470186778477256,1.8169636726379395,1.0
NT6-m-0160,camelbert,قَام (Act),49,5,-0.0013033321925571997,1.8169636726379395,1.0
NT6-m-0162,arabert,طَلَب (Act),44,7,-0.0031726019723074717,1.0707744757334392,1.0
NT6-m-0162,arbert,طَلَب (Act),44,7,-0.07885503768920897,1.0707744757334392,1.0
NT6-m-0162,camelbert,طَلَب (Act),44,7,-0.07833930424281522,1.0707744757334392,1.0
NT6-m-0164,arabert,طَلَب (Act),121,12,-0.0202123097011021,4.523030718167623,1.0
NT6-m-0164,arbert,طَلَب (Act),121,12,-0.24238579613821848,4.523030718167623,1.0
NT6-m-0164,camelbert,طَلَب (Act),121,12,-0.03833627700805663,4.523030718167623,1.0
NT6-m-0165,arabert,وَصَل (Act),25,2,0.025509834289550788,4.076980272928874,1.0
NT6-m-0165,arbert,وَصَل (Act),25,2,0.026193891252790157,4.076980272928874,1.0
NT6-m-0165,camelbert,وَصَل (Act),25,2,-0.0023228781563895,4.076980272928874,1.0
NT6-m-0166,arabert,أَخَذ (Pass),39,4,-0.004425116947719031,3.8044353127479553,1.0
NT6-m-0166,arbert,أَخَذ (Pass),39,4,0.015984807695661258,3.8044353127479553,1.0
NT6-m-0166,camelbert,أَخَذ (Pass),39,4,0.029819011688232373,3.8044353127479553,1.0
NT6-m-0167,arabert,قَدَّم (Act),62,12,-0.006686074393136157,5.136502106984456,1.0
NT6-m-0167,arbert,قَدَّم (Act),62,12,-0.03437110355922155,5.136502106984456,1.0
NT6-m-0167,camelbert,قَدَّم (Act),62,12,0.011448587690080872,5.136502106984456,1.0
NT6-m-0174,arabert,وَعَد (Act),32,3,-0.019980430603027313,1.5355015595753987,1.0
NT6-m-0174,arbert,وَعَد (Act),32,3,-0.015556514263153057,1.5355015595753987,1.0
NT6-m-0174,camelbert,وَعَد (Act),32,3,-0.031493595668247755,1.5355015595753987,1.0
NT6-m-0175,arabert,أَصدَر (Act),176,22,-0.016360146658761128,3.6836115519205728,1.0
NT6-m-0175,arbert,أَصدَر (Act),176,22,-0.06192932810102187,3.6836115519205728,1.0
NT6-m-0175,camelbert,أَصدَر (Act),176,22,-0.012463842119489357,3.6836115519205728,1.0
NT6-m-0176,arabert,جَاء (Act),50,3,0.00791045597621372,3.837533791859945,1.0
NT6-m-0176,arbert,جَاء (Act),50,3,0.09232800347464425,3.837533791859945,1.0
NT6-m-0176,camelbert,جَاء (Act),50,3,0.008377075195312502,3.837533791859945,1.0
NT6-m-0178,arabert,بَلَغ (Act),54,8,-0.03476006644112722,1.3529422680536907,0.6666666666666666
NT6-m-0178,arbert,بَلَغ (Act),54,8,0.00867598397391177,1.3529422680536907,0.6666666666666666
NT6-m-0178,camelbert,بَلَغ (Act),54,8,-0.014251777103968983,1.3529422680536907,0.6666666666666666
NT6-m-0182,arabert,اِرتَفَع (Act),71,10,-0.002290044512067543,1.5564099947611492,1.0
NT6-m-0182,arbert,اِرتَفَع (Act),71,10,0.0045710972377232,1.5564099947611492,1.0
NT6-m-0182,camelbert,اِرتَفَع (Act),71,10,0.010316576276506673,1.5564099947611492,1.0
NT6-m-0183,arabert,أَدَّى (Act),60,11,0.002996921539306643,4.0712211926778155,1.0
NT6-m-0183,arbert,أَدَّى (Act),60,11,0.011430195399693043,4.0712211926778155,1.0
NT6-m-0183,camelbert,أَدَّى (Act),60,11,-0.007131712777273958,4.0712211926778155,1.0
NT6-m-0186,arabert,أَكَّد (Act),21,4,-0.5424618721008301,0.829170068105062,0.6666666666666666
NT6-m-0186,arbert,أَكَّد (Act),21,4,-0.36172076633998324,0.829170068105062,0.6666666666666666
NT6-m-0186,camelbert,أَكَّد (Act),21,4,-0.13801332882472447,0.829170068105062,0.6666666666666666
NT6-m-0187,arabert,كَان (Act),31,3,-0.07434565680367602,4.101771910985311,1.0
NT6-m-0187,arbert,كَان (Act),31,3,-0.09660026005336211,4.101771910985311,1.0
NT6-m-0187,camelbert,كَان (Act),31,3,-0.06640638623918803,4.101771910985311,1.0
NT6-m-0188,arabert,كَان (Act),112,1,-0.0036117008754185287,4.453386465708415,1.0
NT6-m-0188,arbert,كَان (Act),112,1,-0.03440141677856445,4.453386465708415,1.0
NT6-m-0188,camelbert,كَان (Act),112,1,-0.014789376940046015,4.453386465708415,1.0
NT6-m-0191,arabert,اِنتَهَى (Act),38,6,-0.0007256099155970873,-0.6300045649210612,0.3333333333333333
NT6-m-0191,arbert,اِنتَهَى (Act),38,6,0.02529062543596537,-0.6300045649210612,0.3333333333333333
NT6-m-0191,camelbert,اِنتَهَى (Act),38,6,-0.026704788208007795,-0.6300045649210612,0.3333333333333333
NT6-m-0194,arabert,لَيس (Act),143,25,-0.0021208354404994426,4.609245777130127,1.0
NT6-m-0194,arbert,لَيس (Act),143,25,0.002833775111607143,4.609245777130127,1.0
NT6-m-0194,camelbert,لَيس (Act),143,25,0.006554262978689986,4.609245777130127,1.0
NT6-m-0195,arabert,بَلَغ (Act),47,6,0.017543247767857113,3.239574432373047,1.0
NT6-m-0195,arbert,بَلَغ (Act),47,6,0.008377483912876672,3.239574432373047,1.0
NT6-m-0195,camelbert,بَلَغ (Act),47,6,-0.005716460091727071,3.239574432373047,1.0
NT6-m-0199,arabert,تَلَقَّى (Act),118,18,-0.020733152117047987,0.2789144515991211,0.3333333333333333
NT6-m-0199,arbert,تَلَقَّى (Act),118,18,-0.0907934052603585,0.2789144515991211,0.3333333333333333
NT6-m-0199,camelbert,تَلَقَّى (Act),118,18,-0.025160721370152028,0.2789144515991211,0.3333333333333333
NT6-m-0200,arabert,عَمِل (Act),31,5,0.12834957667759486,0.550206700960795,0.6666666666666666
NT6-m-0200,arbert,عَمِل (Act),31,5,-0.09593258585248675,0.550206700960795,0.6666666666666666
NT6-m-0200,camelbert,عَمِل (Act),31,5,-0.03829921994890485,0.550206700960795,0.6666666666666666
NT6-m-0201,arabert,سَأَل (Act),39,6,-0.11212376185825887,1.3456907272338867,0.6666666666666666
NT6-m-0201,arbert,سَأَل (Act),39,6,-0.08089784213474815,1.3456907272338867,0.6666666666666666
NT6-m-0201,camelbert,سَأَل (Act),39,6,-0.48315634046282085,1.3456907272338867,0.6666666666666666
NT6-m-0202,arabert,حَذَّر (Act),24,6,0.009051867893763929,5.3705375989278155,1.0
NT6-m-0202,arbert,حَذَّر (Act),24,6,-0.10570607866559709,5.3705375989278155,1.0
NT6-m-0202,camelbert,حَذَّر (Act),24,6,-0.026244163513183615,5.3705375989278155,1.0
NT6-m-0203,arabert,بَلَغ (Act),53,5,0.006134441920689159,0.8210406303405762,0.6666666666666666
NT6-m-0203,arbert,بَلَغ (Act),53,5,0.00836440495082307,0.8210406303405762,0.6666666666666666
NT6-m-0203,camelbert,بَلَغ (Act),53,5,0.011210714067731543,0.8210406303405762,0.6666666666666666
NT6-m-0205,arabert,أَصدَر (Act),28,4,-0.13495429924556185,-1.3635780413945515,0.0
NT6-m-0205,arbert,أَصدَر (Act),28,4,-0.34422227314540316,-1.3635780413945515,0.0
NT6-m-0205,camelbert,أَصدَر (Act),28,4,-0.23905321529933388,-1.3635780413945515,0.0
NT6-m-0209,arabert,رَفَض (Act),49,3,-0.0006493159702845858,5.004765152931213,1.0
NT6-m-0209,arbert,رَفَض (Act),49,3,-0.029968670436314144,5.004765152931213,1.0
NT6-m-0209,camelbert,رَفَض (Act),49,3,-0.018029553549630296,5.004765152931213,1.0
NT6-m-0210,arabert,طَالَب (Act),73,10,0.0022799628121512147,0.1005481481552124,0.6666666666666666
NT6-m-0210,arbert,طَالَب (Act),73,10,-0.04841240814753935,0.1005481481552124,0.6666666666666666
NT6-m-0210,camelbert,طَالَب (Act),73,10,-0.017891100474766282,0.1005481481552124,0.6666666666666666
NT6-m-0212,arabert,لَيس (Act),80,10,0.0006396089281354409,2.13796603679657,1.0
NT6-m-0212,arbert,لَيس (Act),80,10,-0.007251943860735186,2.13796603679657,1.0
NT6-m-0212,camelbert,لَيس (Act),80,10,-0.019312075206211587,2.13796603679657,1.0
NT6-m-0213,arabert,اِختَلَف (Act),65,11,-0.1037760802677699,1.1977538267771404,0.6666666666666666
NT6-m-0213,arbert,اِختَلَف (Act),65,11,-0.06448248454502646,1.1977538267771404,0.6666666666666666
NT6-m-0213,camelbert,اِختَلَف (Act),65,11,-0.028409106390816785,1.1977538267771404,0.6666666666666666
NT6-m-0214,arabert,أَصبَح (Act),54,13,-0.003047670636858257,0.28594597180684406,0.6666666666666666
NT6-m-0214,arbert,أَصبَح (Act),54,13,-0.007819822856358127,0.28594597180684406,0.6666666666666666
NT6-m-0214,camelbert,أَصبَح (Act),54,13,0.004540920257568344,0.28594597180684406,0.6666666666666666
NT6-m-0215,arabert,دَفَع (Act),40,5,-0.026109014238630015,4.182056824366252,1.0
NT6-m-0215,arbert,دَفَع (Act),40,5,-0.0060728618076869275,4.182056824366252,1.0
NT6-m-0215,camelbert,دَفَع (Act),40,5,0.025742803301130015,4.182056824366252,1.0
NT6-m-0216,arabert,لَعِب (Act),40,5,0.06424719946725027,2.4827496906121573,1.0
NT6-m-0216,arbert,لَعِب (Act),40,5,-0.037253175462995225,2.4827496906121573,1.0
NT6-m-0216,camelbert,لَعِب (Act),40,5,0.08631474631173267,2.4827496906121573,1.0
NT6-m-0217,arabert,أَعلَن (Act),21,6,-0.34597437722342356,0.34825531641642254,0.6666666666666666
NT6-m-0217,arbert,أَعلَن (Act),21,6,-1.0284529413495744,0.34825531641642254,0.6666666666666666
NT6-m-0217,camelbert,أَعلَن (Act),21,6,-0.24749095099312918,0.34825531641642254,0.6666666666666666
NT6-m-0219,arabert,أَصبَح (Act),27,4,0.029451659747532426,1.8576925198237102,1.0
NT6-m-0219,arbert,أَصبَح (Act),27,4,-0.0136298452104841,1.8576925198237102,1.0
NT6-m-0219,camelbert,أَصبَح (Act),27,4,-0.015254770006452284,1.8576925198237102,1.0
NT6-m-0220,arabert,اِنخَفَض (Act),40,6,-0.009856496538434683,2.097322622934977,1.0
NT6-m-0220,arbert,اِنخَفَض (Act),40,6,-0.004962512425013957,2.097322622934977,1.0
NT6-m-0220,camelbert,اِنخَفَض (Act),40,6,-0.007160595485142271,2.097322622934977,1.0
NT6-m-0221,arabert,لَيس (Act),89,11,0.011914116995675215,3.4748372435569763,1.0
NT6-m-0221,arbert,لَيس (Act),89,11,-0.020203386034284298,3.4748372435569763,1.0
NT6-m-0221,camelbert,لَيس (Act),89,11,-0.015548774174281516,3.4748372435569763,1.0
NT6-m-0223,arabert,بَدَأ (Act),36,6,-0.07245431627546038,1.8340174357096355,1.0
NT6-m-0223,arbert,بَدَأ (Act),36,6,-0.013419560023716486,1.8340174357096355,1.0
NT6-m-0223,camelbert,بَدَأ (Act),36,6,-0.024507386343819732,1.8340174357096355,1.0
NT6-m-0224,arabert,بَلَغ (Act),110,17,0.0036798204694475432,-0.6801104545593262,0.0
NT6-m-0224,arbert,بَلَغ (Act),110,17,0.01590667452131,-0.6801104545593262,0.0
NT6-m-0224,camelbert,بَلَغ (Act),110,17,0.0057634626116071,-0.6801104545593262,0.0
NT6-m-0226,arabert,بَلَغ (Act),52,9,0.00017397744315012894,0.6711381276448568,1.0
NT6-m-0226,arbert,بَلَغ (Act),52,9,0.015251772744314973,0.6711381276448568,1.0
NT6-m-0226,camelbert,بَلَغ (Act),52,9,-0.006308555603027343,0.6711381276448568,1.0
NT6-m-0228,arabert,بَات (Act),27,5,-0.009517465318952286,1.9930749734242756,1.0
NT6-m-0228,arbert,بَات (Act),27,5,0.002380473273141014,1.9930749734242756,1.0
NT6-m-0228,camelbert,بَات (Act),27,5,0.03098382268633159,1.9930749734242756,1.0
NT6-m-0229,arabert,وَجَد (Act),29,5,-0.24585390090942383,2.1078327894210815,1.0
NT6-m-0229,arbert,وَجَد (Act),29,5,-0.1901565279279436,2.1078327894210815,1.0
NT6-m-0229,camelbert,وَجَد (Act),29,5,-0.10493465832301548,2.1078327894210815,1.0
NT6-m-0230,arabert,تَمّ (Act),30,4,0.12211063929966517,2.878162384033203,1.0
NT6-m-0230,arbert,تَمّ (Act),30,4,0.15137754167829237,2.878162384033203,1.0
NT6-m-0230,camelbert,تَمّ (Act),30,4,-0.13043192454746788,2.878162384033203,1.0
NT6-m-0232,arabert,وَصَل (Act),25,3,0.0004950932094029156,3.3524792989095054,1.0
NT6-m-0232,arbert,وَصَل (Act),25,3,0.009361130850655684,3.3524792989095054,1.0
NT6-m-0232,camelbert,وَصَل (Act),25,3,0.007236889430454786,3.3524792989095054,1.0
NT6-m-0233,arabert,شَهِد (Act),86,10,-0.0035037994384765287,3.327746868133545,1.0
NT6-m-0233,arbert,شَهِد (Act),86,10,-0.022493532725742844,3.327746868133545,1.0
NT6-m-0233,camelbert,شَهِد (Act),86,10,-0.0023449489048549027,3.327746868133545,1.0
NT6-m-0234,arabert,جَاء (Act),78,4,0.016011783054896773,0.5974212884902954,1.0
NT6-m-0234,arbert,جَاء (Act),78,4,0.005709239414760028,0.5974212884902954,1.0
NT6-m-0234,camelbert,جَاء (Act),78,4,-0.008440153939383372,0.5974212884902954,1.0
NT6-m-0237,arabert,جَاء (Act),69,7,0.012964657374790701,1.859639286994934,1.0
NT6-m-0237,arbert,جَاء (Act),69,7,0.02976669584001809,1.859639286994934,1.0
NT6-m-0237,camelbert,جَاء (Act),69,7,-0.01308577401297433,1.859639286994934,1.0
NT6-m-0238,arabert,اِرتَفَع (Act),42,1,-0.0013787405831473293,3.571643034617106,1.0
NT6-m-0238,arbert,اِرتَفَع (Act),42,1,0.01787485395159037,3.571643034617106,1.0
NT6-m-0238,camelbert,اِرتَفَع (Act),42,1,0.027220589773995517,3.571643034617106,1.0
NT6-m-0239,arabert,جَعَل (Act),79,3,-0.01600347246442516,0.17303526401519775,0.6666666666666666
NT6-m-0239,arbert,جَعَل (Act),79,3,-0.0002026387623378288,0.17303526401519775,0.6666666666666666
NT6-m-0239,camelbert,جَعَل (Act),79,3,-0.018444401877266973,0.17303526401519775,0.6666666666666666
NT6-m-0242,arabert,تَرَاجَع (Act),36,3,-0.006346021379743286,2.733492394288381,1.0
NT6-m-0242,arbert,تَرَاجَع (Act),36,3,-0.003509691783360071,2.733492394288381,1.0
NT6-m-0242,camelbert,تَرَاجَع (Act),36,3,-0.0182493073599679,2.733492394288381,1.0
NT6-m-0245,arabert,أَدَّى (Act),39,5,0.012223516191755,3.3081626892089844,1.0
NT6-m-0245,arbert,أَدَّى (Act),39,5,-0.0014463152204241285,3.3081626892089844,1.0
NT6-m-0245,camelbert,أَدَّى (Act),39,5,0.0194243022373744,3.3081626892089844,1.0
NT6-m-0246,arabert,أَكَّد (Act),100,8,-0.058065686907087,1.8964996337890625,1.0
NT6-m-0246,arbert,أَكَّد (Act),100,8,-0.15362216745104104,1.8964996337890625,1.0
NT6-m-0246,camelbert,أَكَّد (Act),100,8,-0.04040064130510597,1.8964996337890625,1.0
NT6-m-0250,arabert,كَان (Act),64,7,-0.07229641505650111,-0.8025139172871908,0.0
NT6-m-0250,arbert,كَان (Act),64,7,-0.03961583546229771,-0.8025139172871908,0.0
NT6-m-0250,camelbert,كَان (Act),64,7,-0.15465382167271205,-0.8025139172871908,0.0
NT6-m-0251,arabert,جَاء (Act),39,4,0.004039679254804343,1.4239610433578491,1.0
NT6-m-0251,arbert,جَاء (Act),39,4,0.012170382908412328,1.4239610433578491,1.0
NT6-m-0251,camelbert,جَاء (Act),39,4,0.006117956978934143,1.4239610433578491,1.0
NT6-m-0256,arabert,أَكَّد (Act),83,7,-0.04620797293526783,2.9734389781951904,1.0
NT6-m-0256,arbert,أَكَّد (Act),83,7,-0.11863344056265693,2.9734389781951904,1.0
NT6-m-0256,camelbert,أَكَّد (Act),83,7,-0.13535969597952707,2.9734389781951904,1.0
NT6-m-0257,arabert,حَصَل (Act),97,14,-0.004687717982700885,3.266530195871989,1.0
NT6-m-0257,arbert,حَصَل (Act),97,14,-0.026956490107945024,3.266530195871989,1.0
NT6-m-0257,camelbert,حَصَل (Act),97,14,-0.0016405241830008287,3.266530195871989,1.0
NT6-m-0260,arabert,اِستَهدَف (Act),88,20,0.0008904593331473001,-0.3587830662727356,0.3333333333333333
NT6-m-0260,arbert,اِستَهدَف (Act),88,20,-0.001961418560573043,-0.3587830662727356,0.3333333333333333
NT6-m-0260,camelbert,اِستَهدَف (Act),88,20,0.0034262112208774654,-0.3587830662727356,0.3333333333333333
NT6-m-0261,arabert,اِستَهدَف (Act),45,6,-0.0012129715510776995,2.0312093695004783,1.0
NT6-m-0261,arbert,اِستَهدَف (Act),45,6,-0.0030981472560337427,2.0312093695004783,1.0
NT6-m-0261,camelbert,اِستَهدَف (Act),45,6,-0.01025836808340887,2.0312093695004783,1.0
NT6-m-0262,arabert,تَمّ (Act),204,27,0.00012247903006418103,3.6736671924591064,1.0
NT6-m-0262,arbert,تَمّ (Act),204,27,-0.017534800938197558,3.6736671924591064,1.0
NT6-m-0262,camelbert,تَمّ (Act),204,27,-0.031421865735735154,3.6736671924591064,1.0
NT6-m-0263,arabert,جَاء (Act),204,27,-0.0010266985212053564,2.76323010524114,1.0
NT6-m-0263,arbert,جَاء (Act),204,27,0.02700117656162806,2.76323010524114,1.0
NT6-m-0263,camelbert,جَاء (Act),204,27,0.021738324846540143,2.76323010524114,1.0
NT6-m-0265,arabert,وَصَل (Act),85,12,0.005306107657296286,2.6752854188283286,1.0
NT6-m-0265,arbert,وَصَل (Act),85,12,-0.01440681729997903,2.6752854188283286,1.0
NT6-m-0265,camelbert,وَصَل (Act),85,12,-0.0035373823983328575,2.6752854188283286,1.0
NT6-m-0267,arabert,دَعَا (Act),151,31,0.0004170281546456721,3.5007224082946777,1.0
NT6-m-0267,arbert,دَعَا (Act),151,31,-0.018777097974504744,3.5007224082946777,1.0
NT6-m-0267,camelbert,دَعَا (Act),151,31,-0.02867841720581053,3.5007224082946777,1.0
NT6-m-0268,arabert,وَصَل (Act),36,7,-0.0031016213553292436,4.546641985575358,1.0
NT6-m-0268,arbert,وَصَل (Act),36,7,0.03304842540196004,4.546641985575358,1.0
NT6-m-0268,camelbert,وَصَل (Act),36,7,-0.005164555140903999,4.546641985575358,1.0
NT6-m-0269,arabert,قَتَل (Pass),27,7,-0.017362185886927985,5.096957524617513,1.0
NT6-m-0269,arbert,قَتَل (Pass),27,7,-0.01336213520595003,5.096957524617513,1.0
NT6-m-0269,camelbert,قَتَل (Pass),27,7,-0.143899781363351,5.096957524617513,1.0
NT6-m-0270,arabert,أَطلَق (Act),52,6,-0.09383147103445869,2.245182991027832,1.0
NT6-m-0270,arbert,أَطلَق (Act),52,6,-0.03480005264282227,2.245182991027832,1.0
NT6-m-0270,camelbert,أَطلَق (Act),52,6,-0.20771871294294084,2.245182991027832,1.0
NT6-m-0271,arabert,وَصَل (Act),18,3,0.036487340927124016,2.4047250747680664,1.0
NT6-m-0271,arbert,وَصَل (Act),18,3,0.03315063885280064,2.4047250747680664,1.0
NT6-m-0271,camelbert,وَصَل (Act),18,3,-0.08078418459211072,2.4047250747680664,1.0
NT6-m-0273,arabert,لَعِب (Act),129,26,-0.011872291564941401,3.805633227030436,1.0
NT6-m-0273,arbert,لَعِب (Act),129,26,-0.08243949072701588,3.805633227030436,1.0
NT6-m-0273,camelbert,لَعِب (Act),129,26,-0.012687206268310523,3.805633227030436,1.0
NT6-m-0274,arabert,وَصَل (Act),60,2,-0.028479780469621914,2.7455325524012246,1.0
NT6-m-0274,arbert,وَصَل (Act),60,2,-0.032356262207031236,2.7455325524012246,1.0
NT6-m-0274,camelbert,وَصَل (Act),60,2,-0.004749570574079257,2.7455325524012246,1.0
NT6-m-0275,arabert,أَكَّد (Act),31,7,-0.01585524422781807,4.8559266328811646,1.0
NT6-m-0275,arbert,أَكَّد (Act),31,7,-0.10606629507882255,4.8559266328811646,1.0
NT6-m-0275,camelbert,أَكَّد (Act),31,7,-0.024357386997767815,4.8559266328811646,1.0
NT6-m-0276,arabert,أَصبَح (Act),71,8,0.011943135942731572,5.684216181437175,1.0
NT6-m-0276,arbert,أَصبَح (Act),71,8,-9.979520525248489e-05,5.684216181437175,1.0
NT6-m-0276,camelbert,أَصبَح (Act),71,8,-0.0026260103498186296,5.684216181437175,1.0
NT6-m-0277,arabert,بَلَغ (Act),39,8,0.001956122262137257,-0.4145406881968181,0.3333333333333333
NT6-m-0277,arbert,بَلَغ (Act),39,8,0.0039275714329310716,-0.4145406881968181,0.3333333333333333
NT6-m-0277,camelbert,بَلَغ (Act),39,8,0.00028215135846817156,-0.4145406881968181,0.3333333333333333
NT6-m-0279,arabert,شَهِد (Act),37,11,0.0015681130545479847,2.1707896987597146,1.0
NT6-m-0279,arbert,شَهِد (Act),37,11,0.0047135012490408705,2.1707896987597146,1.0
NT6-m-0279,camelbert,شَهِد (Act),37,11,0.007183960505894235,2.1707896987597146,1.0
NT6-m-0280,arabert,قَام (Act),29,7,-0.1923281805855887,1.146217664082845,1.0
NT6-m-0280,arbert,قَام (Act),29,7,-0.5720233917236328,1.146217664082845,1.0
NT6-m-0280,camelbert,قَام (Act),29,7,-0.14783818381173267,1.146217664082845,1.0
NT6-m-0281,arabert,وَصَل (Act),77,6,0.0021824155535016716,2.4099205334981284,1.0
NT6-m-0281,arbert,وَصَل (Act),77,6,-0.005266087395804272,2.4099205334981284,1.0
NT6-m-0281,camelbert,وَصَل (Act),77,6,-0.007715429578508644,2.4099205334981284,1.0
NT6-m-0282,arabert,تَوَقَّف (Act),31,9,-0.05757338660103931,-0.13605801264444983,0.0
NT6-m-0282,arbert,تَوَقَّف (Act),31,9,-0.03367689677647181,-0.13605801264444983,0.0
NT6-m-0282,camelbert,تَوَقَّف (Act),31,9,-0.2543321337018694,-0.13605801264444983,0.0
NT6-m-0283,arabert,اِعتَقَل (Act),27,3,-0.05299874714442659,0.7064857482910156,0.6666666666666666
NT6-m-0283,arbert,اِعتَقَل (Act),27,3,-0.18733467374529159,0.7064857482910156,0.6666666666666666
NT6-m-0283,camelbert,اِعتَقَل (Act),27,3,-0.3478409562792097,0.7064857482910156,0.6666666666666666
NT6-m-0287,arabert,وَجَّه (Act),30,5,-0.2795728955950056,0.3650061289469401,0.6666666666666666
NT6-m-0287,arbert,وَجَّه (Act),30,5,-0.25748164313180105,0.3650061289469401,0.6666666666666666
NT6-m-0287,camelbert,وَجَّه (Act),30,5,-0.01806136540004181,0.3650061289469401,0.6666666666666666
NT6-m-0288,arabert,اِرتَفَع (Act),68,13,-0.006817000252859929,1.4343290328979492,1.0
NT6-m-0288,arbert,اِرتَفَع (Act),68,13,-0.0003741128104073709,1.4343290328979492,1.0
NT6-m-0288,camelbert,اِرتَفَع (Act),68,13,-0.0224306924002511,1.4343290328979492,1.0
NT6-m-0289,arabert,تَنَاوَل (Act),24,3,-0.16405255453927173,4.573041598002116,1.0
NT6-m-0289,arbert,تَنَاوَل (Act),24,3,-0.03224897384643557,4.573041598002116,1.0
NT6-m-0289,camelbert,تَنَاوَل (Act),24,3,-0.08217266627720424,4.573041598002116,1.0
NT6-m-0290,arabert,أَكَّد (Act),56,7,-0.006488391331263928,3.34238608678182,1.0
NT6-m-0290,arbert,أَكَّد (Act),56,7,-0.027542999812534823,3.34238608678182,1.0
NT6-m-0290,camelbert,أَكَّد (Act),56,7,-0.009493964059012244,3.34238608678182,1.0
NT6-m-0291,arabert,كَان (Act),56,8,-0.001440320696149558,2.6210339268048606,1.0
NT6-m-0291,arbert,كَان (Act),56,8,-0.0006669589451381143,2.6210339268048606,1.0
NT6-m-0291,camelbert,كَان (Act),56,8,0.00218016760689873,2.6210339268048606,1.0
NT6-m-0292,arabert,ذَكَر (Act),64,11,0.003377914428710943,2.8699429035186768,1.0
NT6-m-0292,arbert,ذَكَر (Act),64,11,-0.0512611525399344,2.8699429035186768,1.0
NT6-m-0292,camelbert,ذَكَر (Act),64,11,-0.03371770041329516,2.8699429035186768,1.0
NT6-m-0293,arabert,شَارَك (Act),25,5,-0.013177190508161287,0.7434211572011312,0.6666666666666666
NT6-m-0293,arbert,شَارَك (Act),25,5,-0.02790478297642297,0.7434211572011312,0.6666666666666666
NT6-m-0293,camelbert,شَارَك (Act),25,5,-0.03216253008161272,0.7434211572011312,0.6666666666666666
NT6-m-0295,arabert,أَكَّد (Act),62,10,-0.016326631818498857,2.319683392842611,1.0
NT6-m-0295,arbert,أَكَّد (Act),62,10,-0.12810785429818286,2.319683392842611,1.0
NT6-m-0295,camelbert,أَكَّد (Act),62,10,-0.15439019884381971,2.319683392842611,1.0
NT6-m-0299,arabert,كَشَف (Act),90,14,0.003339494977678543,3.165618975957235,1.0
NT6-m-0299,arbert,كَشَف (Act),90,14,-0.038144758769444044,3.165618975957235,1.0
NT6-m-0299,camelbert,كَشَف (Act),90,14,-0.007387059075491772,3.165618975957235,1.0
NT6-m-0301,arabert,وَعَد (Act),55,3,0.0047529424939836565,3.412789821624756,1.0
NT6-m-0301,arbert,وَعَد (Act),55,3,-0.13831247602190286,3.412789821624756,1.0
NT6-m-0301,camelbert,وَعَد (Act),55,3,-0.025863579341343427,3.412789821624756,1.0
NT6-m-0304,arabert,ظَلّ (Act),29,2,-0.0277900014604841,2.0817301273345947,1.0
NT6-m-0304,arbert,ظَلّ (Act),29,2,-0.058993577957153355,2.0817301273345947,1.0
NT6-m-0304,camelbert,ظَلّ (Act),29,2,-0.10135865211486815,2.0817301273345947,1.0
NT6-m-0308,arabert,قَام (Act),49,4,0.0005292892456054788,3.1951039532820382,1.0
NT6-m-0308,arbert,قَام (Act),49,4,-0.06938712937491277,3.1951039532820382,1.0
NT6-m-0308,camelbert,قَام (Act),49,4,-0.028700692313058017,3.1951039532820382,1.0
NT6-m-0310,arabert,تَلَقَّى (Act),63,8,-0.0018941334315708855,3.312256415685018,1.0
NT6-m-0310,arbert,تَلَقَّى (Act),63,8,-0.0423780168805803,3.312256415685018,1.0
NT6-m-0310,camelbert,تَلَقَّى (Act),63,8,-0.02890580041067938,3.312256415685018,1.0
NT6-m-0311,arabert,وَقَع (Act),29,2,-0.11994852338518412,3.392754554748535,1.0
NT6-m-0311,arbert,وَقَع (Act),29,2,-0.06428677695138112,3.392754554748535,1.0
NT6-m-0311,camelbert,وَقَع (Act),29,2,-0.05721078600202283,3.392754554748535,1.0
NT6-m-0313,arabert,قَال (Act),40,6,-0.006734439304896755,4.457776586214702,1.0
NT6-m-0313,arbert,قَال (Act),40,6,-0.08458219255719863,4.457776586214702,1.0
NT6-m-0313,camelbert,قَال (Act),40,6,-0.015129668372017971,4.457776586214702,1.0
NT6-m-0314,arabert,تَغَيَّر (Act),73,8,0.03302649089268276,2.9217214981714883,1.0
NT6-m-0314,arbert,تَغَيَّر (Act),73,8,0.010642119816371384,2.9217214981714883,1.0
NT6-m-0314,camelbert,تَغَيَّر (Act),73,8,-0.09709964479718888,2.9217214981714883,1.0
NT6-m-0315,arabert,جَاء (Act),65,11,0.006407329014369386,4.23045285542806,1.0
NT6-m-0315,arbert,جَاء (Act),65,11,0.006907871791294629,4.23045285542806,1.0
NT6-m-0315,camelbert,جَاء (Act),65,11,0.009009429386683842,4.23045285542806,1.0
NT6-m-0319,arabert,اِنخَفَض (Act),21,2,-0.015805925641741072,0.9625557661056519,0.6666666666666666
NT6-m-0319,arbert,اِنخَفَض (Act),21,2,-0.03314185142517089,0.9625557661056519,0.6666666666666666
NT6-m-0319,camelbert,اِنخَفَض (Act),21,2,-0.06519317626953121,0.9625557661056519,0.6666666666666666
NT6-m-0320,arabert,جَاء (Act),44,5,0.03554289681570867,2.9194647471110025,1.0
NT6-m-0320,arbert,جَاء (Act),44,5,0.1463588305882045,2.9194647471110025,1.0
NT6-m-0320,camelbert,جَاء (Act),44,5,0.2202756064278739,2.9194647471110025,1.0
NT6-m-0321,arabert,اِعتَبَر (Act),56,5,-0.007662432534354058,3.869710544745127,1.0
NT6-m-0321,arbert,اِعتَبَر (Act),56,5,-0.012606143951416,3.869710544745127,1.0
NT6-m-0321,camelbert,اِعتَبَر (Act),56,5,-0.024241072790963287,3.869710544745127,1.0
NT6-m-0322,arabert,اِستَمَرّ (Act),36,5,-0.037452561514718166,2.0489746729532876,1.0
NT6-m-0322,arbert,اِستَمَرّ (Act),36,5,-0.16519907542637413,2.0489746729532876,1.0
NT6-m-0322,camelbert,اِستَمَرّ (Act),36,5,-0.00511183057512553,2.0489746729532876,1.0
NT6-m-0323,arabert,اِنتَهَى (Act),53,7,0.060083116803850416,3.830040454864502,1.0
NT6-m-0323,arbert,اِنتَهَى (Act),53,7,-0.023902007511683858,3.830040454864502,1.0
NT6-m-0323,camelbert,اِنتَهَى (Act),53,7,0.0040745735168457,3.830040454864502,1.0
NT6-m-0324,arabert,أَكَّد (Act),37,8,0.003649166652134443,4.161868055661519,1.0
NT6-m-0324,arbert,أَكَّد (Act),37,8,-0.02236665998186379,4.161868055661519,1.0
NT6-m-0324,camelbert,أَكَّد (Act),37,8,-0.01054355076381137,4.161868055661519,1.0
NT6-m-0328,arabert,أَفَاد (Act),71,8,-0.013499464307512529,1.7817657788594563,1.0
NT6-m-0328,arbert,أَفَاد (Act),71,8,-0.1633718694959368,1.7817657788594563,1.0
NT6-m-0328,camelbert,أَفَاد (Act),71,8,-0.05932893071855815,1.7817657788594563,1.0
NT6-m-0329,arabert,جَاء (Act),71,8,0.02048083714076446,3.510516802469889,1.0
NT6-m-0329,arbert,جَاء (Act),71,8,0.09442063740321568,3.510516802469889,1.0
NT6-m-0329,camelbert,جَاء (Act),71,8,0.006587573460170173,3.510516802469889,1.0
NT6-m-0331,arabert,أَكَّد (Act),54,10,-0.011340618133544927,1.8878238598505657,1.0
NT6-m-0331,arbert,أَكَّد (Act),54,10,-0.09565937519073484,1.8878238598505657,1.0
NT6-m-0331,camelbert,أَكَّد (Act),54,10,-0.02000052588326586,1.8878238598505657,1.0
NT6-m-0333,arabert,قَرَّر (Act),91,9,0.0002717971801758006,2.0792811711629233,1.0
NT6-m-0333,arbert,قَرَّر (Act),91,9,0.0007769720894949858,2.0792811711629233,1.0
NT6-m-0333,camelbert,قَرَّر (Act),91,9,-0.02569191796439032,2.0792811711629233,1.0
NT6-m-0335,arabert,جَاء (Act),78,12,-0.008502687726701985,2.8477832873662314,1.0
NT6-m-0335,arbert,جَاء (Act),78,12,0.03028934342520573,2.8477832873662314,1.0
NT6-m-0335,camelbert,جَاء (Act),78,12,-0.008161306381225529,2.8477832873662314,1.0
NT6-m-0337,arabert,أَكَّد (Act),32,3,0.005087784358433286,2.153053641319275,1.0
NT6-m-0337,arbert,أَكَّد (Act),32,3,-0.06699732371738978,2.153053641319275,1.0
NT6-m-0337,camelbert,أَكَّد (Act),32,3,-0.02215760094778876,2.153053641319275,1.0
NT6-m-0338,arabert,أَكَّد (Act),17,3,-0.22807652609688894,-0.2002549171447754,0.3333333333333333
NT6-m-0338,arbert,أَكَّد (Act),17,3,-0.5939105578831264,-0.2002549171447754,0.3333333333333333
NT6-m-0338,camelbert,أَكَّد (Act),17,3,-0.527942589351109,-0.2002549171447754,0.3333333333333333
NT6-m-0342,arabert,زَاد (Act),71,11,-0.04790813582284108,0.06971576809883125,0.6666666666666666
NT6-m-0342,arbert,زَاد (Act),71,11,-0.016674825123378225,0.06971576809883125,0.6666666666666666
NT6-m-0342,camelbert,زَاد (Act),71,11,-0.10070761612483434,0.06971576809883125,0.6666666666666666
NT6-m-0346,arabert,مَنَح (Act),76,11,0.021303176879882785,2.419665813446045,1.0
NT6-m-0346,arbert,مَنَح (Act),76,11,-0.0032024383544921853,2.419665813446045,1.0
NT6-m-0346,camelbert,مَنَح (Act),76,11,-0.014503342764718156,2.419665813446045,1.0
NT6-m-0347,arabert,فَشِل (Act),28,2,0.043704543794904425,3.844191511472067,1.0
NT6-m-0347,arbert,فَشِل (Act),28,2,-0.062299319675990464,3.844191511472067,1.0
NT6-m-0347,camelbert,فَشِل (Act),28,2,0.0008093629564557564,3.844191511472067,1.0
NT6-m-0351,arabert,تَغَيَّر (Act),38,6,-0.06314694029944279,0.5527461369832357,1.0
NT6-m-0351,arbert,تَغَيَّر (Act),38,6,-0.12096548080444335,0.5527461369832357,1.0
NT6-m-0351,camelbert,تَغَيَّر (Act),38,6,-0.07429107597896031,0.5527461369832357,1.0
NT6-m-0352,arabert,أَكَّد (Act),84,10,0.03270864486694334,3.695286273956299,1.0
NT6-m-0352,arbert,أَكَّد (Act),84,10,-0.05234043938773018,3.695286273956299,1.0
NT6-m-0352,camelbert,أَكَّد (Act),84,10,-0.0472995213099888,3.695286273956299,1.0
NT6-m-0353,arabert,أَدَّى (Act),49,6,-0.0006147112165178572,3.6638479232788086,1.0
NT6-m-0353,arbert,أَدَّى (Act),49,6,0.0013875961303710857,3.6638479232788086,1.0
NT6-m-0353,camelbert,أَدَّى (Act),49,6,0.003604207720075314,3.6638479232788086,1.0
NT6-m-0355,arabert,وَصَل (Act),73,7,-0.0009753363473074846,3.671181042989095,1.0
NT6-m-0355,arbert,وَصَل (Act),73,7,0.021184512547084235,3.671181042989095,1.0
NT6-m-0355,camelbert,وَصَل (Act),73,7,-0.03282764979771206,3.671181042989095,1.0
NT6-m-0356,arabert,وَصَل (Act),50,10,-0.002654211861746659,3.52515443166097,1.0
NT6-m-0356,arbert,وَصَل (Act),50,10,-0.0035499845232282285,3.52515443166097,1.0
NT6-m-0356,camelbert,وَصَل (Act),50,10,-0.004313468933105443,3.52515443166097,1.0
NT6-m-0358,arabert,طَلَب (Act),82,7,-0.05450807298932756,2.959962010383606,1.0
NT6-m-0358,arbert,طَلَب (Act),82,7,-0.09968801907130649,2.959962010383606,1.0
NT6-m-0358,camelbert,طَلَب (Act),82,7,-0.08723143168858115,2.959962010383606,1.0
NT6-m-0361,arabert,زَال (Act),45,5,-0.3864360196249826,0.6018138428529103,0.6666666666666666
NT6-m-0361,arbert,زَال (Act),45,5,-0.26146633284432547,0.6018138428529103,0.6666666666666666
NT6-m-0361,camelbert,زَال (Act),45,5,-0.2106027432850429,0.6018138428529103,0.6666666666666666
NT6-m-0364,arabert,تَمَكَّن (Act),133,20,0.010017667497907345,0.5813193321228027,0.3333333333333333
NT6-m-0364,arbert,تَمَكَّن (Act),133,20,-0.03380816323416571,0.5813193321228027,0.3333333333333333
NT6-m-0364,camelbert,تَمَكَّن (Act),133,20,-0.010387011936732684,0.5813193321228027,0.3333333333333333
NT6-m-0368,arabert,فَعَل (Act),128,19,0.028301102774483784,3.183934529622396,1.0
NT6-m-0368,arbert,فَعَل (Act),128,19,-0.0094923973083496,3.183934529622396,1.0
NT6-m-0368,camelbert,فَعَل (Act),128,19,-0.04325546537126813,3.183934529622396,1.0
NT6-m-0370,arabert,جَاء (Act),52,4,0.12410068511962886,3.491877237955729,1.0
NT6-m-0370,arbert,جَاء (Act),52,4,0.041989598955426914,3.491877237955729,1.0
NT6-m-0370,camelbert,جَاء (Act),52,4,0.008764403206961468,3.491877237955729,1.0
NT6-m-0371,arabert,حَقَّق (Act),52,4,-0.020673615591866586,3.6882851918538413,1.0
NT6-m-0371,arbert,حَقَّق (Act),52,4,0.004440273557390471,3.6882851918538413,1.0
NT6-m-0371,camelbert,حَقَّق (Act),52,4,-0.022193976811000226,3.6882851918538413,1.0
NT6-m-0373,arabert,بَلَغ (Act),53,1,0.015304565429687484,3.0450127919514975,1.0
NT6-m-0373,arbert,بَلَغ (Act),53,1,0.006450039999825572,3.0450127919514975,1.0
NT6-m-0373,camelbert,بَلَغ (Act),53,1,0.0008859634399414003,3.0450127919514975,1.0
NT6-m-0374,arabert,بَلَغ (Act),34,5,-0.014421054295131143,0.05627218882242837,0.6666666666666666
NT6-m-0374,arbert,بَلَغ (Act),34,5,0.011060033525739357,0.05627218882242837,0.6666666666666666
NT6-m-0374,camelbert,بَلَغ (Act),34,5,0.0023061207362583573,0.05627218882242837,0.6666666666666666
NT6-m-0375,arabert,قَدَّم (Act),28,1,-0.3907042571476527,-0.4256352583567303,0.6666666666666666
NT6-m-0375,arbert,قَدَّم (Act),28,1,-0.6819311550685337,-0.4256352583567303,0.6666666666666666
NT6-m-0375,camelbert,قَدَّم (Act),28,1,-0.5295213971819196,-0.4256352583567303,0.6666666666666666
NT6-m-0377,arabert,صَار (Act),72,9,-0.055217862129211405,3.4615155855814614,1.0
NT6-m-0377,arbert,صَار (Act),72,9,-0.05279241289411274,3.4615155855814614,1.0
NT6-m-0377,camelbert,صَار (Act),72,9,-0.0168180465698242,3.4615155855814614,1.0
NT6-m-0378,arabert,ظَلّ (Act),46,4,-0.014155047280447811,3.0384592612584433,1.0
NT6-m-0378,arbert,ظَلّ (Act),46,4,-0.037266765322004056,3.0384592612584433,1.0
NT6-m-0378,camelbert,ظَلّ (Act),46,4,-0.10827916009085518,3.0384592612584433,1.0
NT6-m-0380,arabert,حَقَّق (Act),33,4,0.02035791533333916,1.9065684229135513,1.0
NT6-m-0380,arbert,حَقَّق (Act),33,4,-0.02040120533534457,1.9065684229135513,1.0
NT6-m-0380,camelbert,حَقَّق (Act),33,4,-0.017597147396632616,1.9065684229135513,1.0
NT6-m-0381,arabert,تَجَاوَز (Act),72,8,-0.050350461687360494,3.2944695154825845,1.0
NT6-m-0381,arbert,تَجَاوَز (Act),72,8,-0.08608572823660711,3.2944695154825845,1.0
NT6-m-0381,camelbert,تَجَاوَز (Act),72,8,-0.08760874611990789,3.2944695154825845,1.0
NT6-m-0383,arabert,اِرتَفَع (Act),31,3,0.006357465471540172,2.154841423034668,1.0
NT6-m-0383,arbert,اِرتَفَع (Act),31,3,0.02263559613909037,2.154841423034668,1.0
NT6-m-0383,camelbert,اِرتَفَع (Act),31,3,0.0025670187813894717,2.154841423034668,1.0
NT6-m-0384,arabert,نَجَح (Act),42,3,-0.022960526602608784,1.5366287231445315,1.0
NT6-m-0384,arbert,نَجَح (Act),42,3,-0.17927346910749162,1.5366287231445315,1.0
NT6-m-0384,camelbert,نَجَح (Act),42,3,-0.02116394042968747,1.5366287231445315,1.0
NT6-m-0385,arabert,بَدَأ (Act),28,6,0.0014302389962332627,0.3870699405670166,0.6666666666666666
NT6-m-0385,arbert,بَدَأ (Act),28,6,-0.05200214045388355,0.3870699405670166,0.6666666666666666
NT6-m-0385,camelbert,بَدَأ (Act),28,6,-0.02246032442365371,0.3870699405670166,0.6666666666666666
NT6-m-0391,arabert,كَان (Act),40,5,0.0010028226034981857,3.113839308420817,1.0
NT6-m-0391,arbert,كَان (Act),40,5,0.014073031289236858,3.113839308420817,1.0
NT6-m-0391,camelbert,كَان (Act),40,5,-0.0015365055629185287,3.113839308420817,1.0
NT6-m-0393,arabert,كَشَف (Act),41,6,-0.554386956351144,0.6740544637044269,0.6666666666666666
NT6-m-0393,arbert,كَشَف (Act),41,6,-0.1773074013846261,0.6740544637044269,0.6666666666666666
NT6-m-0393,camelbert,كَشَف (Act),41,6,-0.03517770767211913,0.6740544637044269,0.6666666666666666
NT6-m-0394,arabert,قَام (Act),89,11,0.008297443389892571,3.5253665447235107,1.0
NT6-m-0394,arbert,قَام (Act),89,11,-0.03273555210658482,3.5253665447235107,1.0
NT6-m-0394,camelbert,قَام (Act),89,11,-0.03308159964425223,3.5253665447235107,1.0
NT6-m-0396,arabert,أَكَّد (Act),47,6,-0.029201235089983228,1.0235195557276409,1.0
NT6-m-0396,arbert,أَكَّد (Act),47,6,-0.24504736491612025,1.0235195557276409,1.0
NT6-m-0396,camelbert,أَكَّد (Act),47,6,-0.0882161004202706,1.0235195557276409,1.0
NT6-m-0398,arabert,أَدَّى (Act),38,4,0.005601337977818058,1.6011702219645183,1.0
NT6-m-0398,arbert,أَدَّى (Act),38,4,0.011540821620396172,1.6011702219645183,1.0
NT6-m-0398,camelbert,أَدَّى (Act),38,4,0.002055576869419614,1.6011702219645183,1.0
NT6-m-0399,arabert,كَان (Act),50,10,-0.004495007651192785,3.4644498030344644,1.0
NT6-m-0399,arbert,كَان (Act),50,10,0.004806382315499428,3.4644498030344644,1.0
NT6-m-0399,camelbert,كَان (Act),50,10,-0.008252825055803572,3.4644498030344644,1.0
NT6-m-0400,arabert,بَلَغ (Act),63,14,-0.003480502537318671,1.3385009765625,1.0
NT6-m-0400,arbert,بَلَغ (Act),63,14,0.00664990288870673,1.3385009765625,1.0
NT6-m-0400,camelbert,بَلَغ (Act),63,14,0.010515894208635542,1.3385009765625,1.0
NT6-m-0402,arabert,فَتَح (Pass),30,5,0.02091952732631134,3.19635804494222,1.0
NT6-m-0402,arbert,فَتَح (Pass),30,5,-0.03560556684221539,3.19635804494222,1.0
NT6-m-0402,camelbert,فَتَح (Pass),30,5,-0.032363346644810255,3.19635804494222,1.0
NT6-m-0403,arabert,وَقَع (Act),27,3,-0.07643917628696986,3.283172607421875,1.0
NT6-m-0403,arbert,وَقَع (Act),27,3,-0.04010486602783203,3.283172607421875,1.0
NT6-m-0403,camelbert,وَقَع (Act),27,3,-0.18397167750767296,3.283172607421875,1.0
