model,condition,id,gold,delta_clean,delta_neut,delta_ctrl,clean_correct
arabert,T6,NT6-m-0000,m,2.6938838958740234,3.3362045288085938,2.5990066528320312,True
arabert,T6,NT6-m-0001,m,4.0948333740234375,4.564663887023926,4.246452331542969,True
arabert,T6,NT6-f-0002,f,1.2907137870788574,2.9619674682617188,1.0929083824157715,True
arabert,T6,NT6-m-0003,m,7.302565574645996,8.547248840332031,7.983656883239746,True
arabert,T6,NT6-m-0004,m,5.626599311828613,5.8662543296813965,5.705953121185303,True
arabert,T6,NT6-f-0005,f,5.5424699783325195,5.706621170043945,5.470644474029541,True
arabert,T6,NT6-f-0006,f,-0.39981651306152344,-0.004811286926269531,-1.0362911224365234,False
arabert,T6,NT6-f-0007,f,3.130218029022217,4.530877113342285,3.5098841190338135,True
arabert,T6,NT6-f-0008,f,1.3892576694488525,3.940892457962036,2.83756685256958,True
arabert,T6,NT6-m-0009,m,3.6885948181152344,4.294960975646973,3.130552291870117,True
arabert,T6,NT6-m-0010,m,1.5975322723388672,2.2207460403442383,2.02305269241333,True
arabert,T6,NT6-f-0011,f,4.367465972900391,4.963987350463867,3.7519493103027344,True
arabert,T6,NT6-m-0012,m,2.8042421340942383,3.102203369140625,2.7383899688720703,True
arabert,T6,NT6-m-0013,m,3.790376663208008,4.7108259201049805,3.817234516143799,True
arabert,T6,NT6-m-0014,m,6.791147232055664,7.239413261413574,6.721302032470703,True
arabert,T6,NT6-m-0015,m,3.846437454223633,4.02669620513916,3.594818115234375,True
arabert,T6,NT6-f-0016,f,0.6834096908569336,2.2001824378967285,2.4259095191955566,True
arabert,T6,NT6-f-0017,f,3.0110950469970703,3.5192747116088867,2.985811233520508,True
arabert,T6,NT6-f-0018,f,5.991826057434082,7.363938331604004,6.211563587188721,True
arabert,T6,NT6-m-0019,m,4.323609352111816,4.551810264587402,4.282953262329102,True
arabert,T6,NT6-m-0020,m,6.796513557434082,7.252555847167969,6.737619400024414,True
arabert,T6,NT6-m-0021,m,1.1841325759887695,0.3691983222961426,0.8373219966888428,True
arabert,T6,NT6-m-0022,m,7.668097019195557,7.672512054443359,7.824607849121094,True
arabert,T6,NT6-m-0023,m,2.216097831726074,4.912339210510254,2.9138803482055664,True
arabert,T6,NT6-m-0024,m,3.718441963195801,4.81959342956543,3.8359432220458984,True
arabert,T6,NT6-m-0025,m,5.454779624938965,5.369034767150879,5.784761905670166,True
arabert,T6,NT6-m-0026,m,2.470630168914795,3.0510406494140625,2.3269309997558594,True
arabert,T6,NT6-m-0027,m,1.7983355522155762,2.3837456703186035,1.8263764381408691,True
arabert,T6,NT6-m-0028,m,1.4803752899169922,2.465047836303711,1.947859764099121,True
arabert,T6,NT6-f-0029,f,0.4555392265319824,0.8674659729003906,0.6164088249206543,True
arabert,T6,NT6-f-0030,f,1.2090163230895996,1.5051584243774414,0.7879033088684082,True
arabert,T6,NT6-m-0031,m,4.344890594482422,4.682573318481445,4.502620697021484,True
arabert,T6,NT6-m-0032,m,3.6392250061035156,3.4985733032226562,3.6275434494018555,True
arabert,T6,NT6-m-0033,m,3.522378921508789,3.7734251022338867,3.5385608673095703,True
arabert,T6,NT6-m-0034,m,3.7055864334106445,4.34791374206543,3.942967414855957,True
arabert,T6,NT6-m-0035,m,3.0477404594421387,2.3251700401306152,2.919827938079834,True
arabert,T6,NT6-m-0036,m,6.545726776123047,6.356555938720703,5.464476585388184,True
arabert,T6,NT6-m-0037,m,1.1136436462402344,1.2844438552856445,0.8787517547607422,True
arabert,T6,NT6-m-0038,m,0.16460418701171875,0.15137481689453125,-0.2287311553955078,True
arabert,T6,NT6-f-0039,f,3.5803604125976562,3.8465633392333984,3.530402183532715,True
arabert,T6,NT6-m-0040,m,0.6908979415893555,1.4228591918945312,0.8258509635925293,True
arabert,T6,NT6-f-0041,f,2.020885467529297,2.999434471130371,3.013345718383789,True
arabert,T6,NT6-m-0042,m,2.1363515853881836,3.0797853469848633,1.614762306213379,True
arabert,T6,NT6-f-0043,f,4.32895565032959,4.613136291503906,4.280379295349121,True
arabert,T6,NT6-m-0044,m,4.739904403686523,5.5277605056762695,4.714422225952148,True
arabert,T6,NT6-m-0045,m,6.488853931427002,7.600176811218262,6.481196403503418,True
arabert,T6,NT6-f-0046,f,3.5137996673583984,3.6002988815307617,3.4687929153442383,True
arabert,T6,NT6-m-0047,m,2.397256851196289,3.9156789779663086,2.359722137451172,True
arabert,T6,NT6-m-0048,m,1.9326996803283691,2.165524959564209,1.8473701477050781,True
arabert,T6,NT6-m-0049,m,6.042058944702148,6.398012638092041,6.056421279907227,True
arabert,T6,NT6-m-0050,m,6.910265922546387,7.812479019165039,7.57063102722168,True
arabert,T6,NT6-m-0051,m,-0.1386432647705078,0.6894359588623047,-0.22869014739990234,False
arabert,T6,NT6-f-0052,f,-1.448509931564331,0.2697713375091553,-1.3434295654296875,False
arabert,T6,NT6-m-0053,m,1.693960189819336,2.259836196899414,1.7510910034179688,True
arabert,T6,NT6-f-0054,f,5.303330421447754,5.510461807250977,5.311695098876953,True
arabert,T6,NT6-m-0055,m,5.936130523681641,6.822918891906738,6.1444244384765625,True
arabert,T6,NT6-f-0056,f,3.4724369049072266,3.7870864868164062,3.7841320037841797,True
arabert,T6,NT6-m-0057,m,6.459105014801025,7.252402305603027,6.444162368774414,True
arabert,T6,NT6-f-0058,f,4.917438507080078,5.309783935546875,4.863561630249023,True
arabert,T6,NT6-m-0059,m,2.5057802200317383,4.025264739990234,2.531252861022949,True
arabert,T6,NT6-m-0060,m,3.101654052734375,5.012619972229004,3.1911745071411133,True
arabert,T6,NT6-f-0061,f,0.5867271423339844,0.2106943130493164,0.5947694778442383,True
arabert,T6,NT6-m-0062,m,6.280210971832275,7.4572224617004395,6.326760768890381,True
arabert,T6,NT6-f-0063,f,0.2537565231323242,0.9140815734863281,0.4978475570678711,True
arabert,T6,NT6-m-0064,m,2.317930221557617,3.4536876678466797,2.1369504928588867,True
arabert,T6,NT6-m-0065,m,6.293146133422852,6.346277236938477,6.5430450439453125,True
arabert,T6,NT6-m-0066,m,4.374891757965088,5.213230133056641,4.6256303787231445,True
arabert,T6,NT6-f-0067,f,-2.0463008880615234,-1.956973910331726,-2.17997407913208,False
arabert,T6,NT6-f-0068,f,2.0623674392700195,2.6255626678466797,1.4051141738891602,True
arabert,T6,NT6-f-0069,f,1.9725728034973145,2.99075984954834,2.4020724296569824,True
arabert,T6,NT6-f-0070,f,4.169476509094238,4.750277519226074,3.948298454284668,True
arabert,T6,NT6-f-0071,f,3.5445098876953125,4.128684043884277,3.1590042114257812,True
arabert,T6,NT6-f-0072,f,-1.2263014316558838,1.9165880680084229,0.3246607184410095,False
arabert,T6,NT6-m-0073,m,5.973324775695801,6.247495651245117,6.090313911437988,True
arabert,T6,NT6-f-0074,f,1.7698335647583008,2.093094825744629,2.0081872940063477,True
arabert,T6,NT6-m-0075,m,3.4847874641418457,3.929475784301758,3.02841854095459,True
arabert,T6,NT6-m-0076,m,2.1309633255004883,2.6149425506591797,2.1160707473754883,True
arabert,T6,NT6-f-0077,f,2.0982666015625,1.3046531677246094,1.8181042671203613,True
arabert,T6,NT6-m-0078,m,5.009018421173096,5.3855156898498535,5.032566547393799,True
arabert,T6,NT6-m-0079,m,0.5168895721435547,1.646824836730957,0.4857940673828125,True
arabert,T6,NT6-f-0080,f,1.4383735656738281,1.2747631072998047,1.7732667922973633,True
arabert,T6,NT6-m-0081,m,3.127666473388672,3.655019760131836,3.424640655517578,True
arabert,T6,NT6-f-0082,f,0.32885122299194336,1.2439842224121094,0.7229790687561035,True
arabert,T6,NT6-f-0083,f,3.5759947299957275,3.763136863708496,3.4766712188720703,True
arabert,T6,NT6-f-0084,f,5.189408779144287,5.304788589477539,6.39741325378418,True
arabert,T6,NT6-m-0085,m,1.3685359954833984,1.502500057220459,1.501967430114746,True
arabert,T6,NT6-m-0086,m,2.507993698120117,3.7622499465942383,2.3841800689697266,True
arabert,T6,NT6-f-0087,f,5.4706878662109375,5.392402648925781,5.29769229888916,True
arabert,T6,NT6-m-0088,m,4.225793838500977,4.232061386108398,4.361570358276367,True
arabert,T6,NT6-f-0089,f,1.9626569747924805,3.4081382751464844,1.7551817893981934,True
arabert,T6,NT6-m-0090,m,0.31470203399658203,0.5221595764160156,0.5695562362670898,True
arabert,T6,NT6-m-0091,m,2.109579086303711,1.990983009338379,2.2322139739990234,True
arabert,T6,NT6-m-0092,m,0.25355100631713867,0.635188102722168,0.40091848373413086,True
arabert,T6,NT6-f-0093,f,3.228243827819824,3.2742395401000977,2.9877986907958984,True
arabert,T6,NT6-f-0094,f,2.4047489166259766,2.1377811431884766,1.2809581756591797,True
arabert,T6,NT6-m-0095,m,8.742362976074219,9.908732414245605,8.36248779296875,True
arabert,T6,NT6-f-0096,f,3.2667388916015625,3.516904830932617,3.0184030532836914,True
arabert,T6,NT6-f-0097,f,2.557572841644287,2.2496237754821777,2.3383283615112305,True
arabert,T6,NT6-m-0098,m,1.9502387046813965,2.9055728912353516,1.8137893676757812,True
arabert,T6,NT6-m-0099,m,3.8481087684631348,4.272735595703125,3.6798839569091797,True
arabert,T6,NT6-f-0100,f,-0.4117729663848877,0.06589746475219727,-0.7611072063446045,False
arabert,T6,NT6-m-0101,m,5.684173583984375,6.09520149230957,5.740283966064453,True
arabert,T6,NT6-m-0102,m,4.0027971267700195,4.554618835449219,3.9763927459716797,True
arabert,T6,NT6-f-0103,f,0.7208900451660156,1.2360658645629883,0.8174571990966797,True
arabert,T6,NT6-m-0104,m,3.0741071701049805,3.981321334838867,3.5084667205810547,True
arabert,T6,NT6-m-0105,m,-0.2615060806274414,-0.4129219055175781,-0.4862251281738281,False
arabert,T6,NT6-m-0106,m,2.3313968181610107,2.388974905014038,2.2337265014648438,True
arabert,T6,NT6-m-0107,m,2.274052619934082,2.454874038696289,2.1656341552734375,True
arabert,T6,NT6-m-0108,m,4.93837308883667,6.0872955322265625,5.122365474700928,True
arabert,T6,NT6-m-0109,m,-0.6634645462036133,-0.36626243591308594,-0.6742362976074219,False
arabert,T6,NT6-f-0110,f,-0.11803817749023438,0.0016942024230957031,0.30525732040405273,False
arabert,T6,NT6-m-0111,m,2.8934450149536133,3.222787857055664,2.868265151977539,True
arabert,T6,NT6-m-0112,m,3.128981590270996,4.290325164794922,2.797222137451172,True
arabert,T6,NT6-m-0113,m,2.9091014862060547,3.672884941101074,3.1757826805114746,True
arabert,T6,NT6-f-0114,f,5.148236274719238,4.810588836669922,5.287998199462891,True
arabert,T6,NT6-m-0115,m,4.231298446655273,4.656366348266602,4.258136749267578,True
arabert,T6,NT6-m-0116,m,1.9751758575439453,2.0864315032958984,2.3200111389160156,True
arabert,T6,NT6-m-0117,m,4.063165664672852,4.524035453796387,4.230395317077637,True
arabert,T6,NT6-m-0118,m,3.123650550842285,4.285923004150391,3.307277202606201,True
arabert,T6,NT6-m-0119,m,0.1873035430908203,0.24192047119140625,0.16029644012451172,True
arabert,T6,NT6-m-0120,m,2.234673023223877,2.969109535217285,2.155400276184082,True
arabert,T6,NT6-m-0121,m,3.886807441711426,4.524946212768555,3.9912872314453125,True
arabert,T6,NT6-m-0122,m,0.09854936599731445,0.16710805892944336,0.1768045425415039,True
arabert,T6,NT6-m-0123,m,3.631925582885742,4.3982696533203125,3.3477258682250977,True
arabert,T6,NT6-m-0124,m,3.717273235321045,4.723176002502441,3.420530319213867,True
arabert,T6,NT6-f-0125,f,1.2184762954711914,1.5083742141723633,1.094538688659668,True
arabert,T6,NT6-m-0126,m,-0.49224090576171875,-0.5798749923706055,-0.5066304206848145,False
arabert,T6,NT6-m-0127,m,1.6979990005493164,2.9454240798950195,1.874917984008789,True
arabert,T6,NT6-m-0128,m,2.8348965644836426,3.2314014434814453,3.021409034729004,True
arabert,T6,NT6-m-0129,m,2.989424705505371,2.6361284255981445,2.9266357421875,True
arabert,T6,NT6-m-0130,m,2.886763334274292,2.7308239936828613,3.0425753593444824,True
arabert,T6,NT6-m-0131,m,1.608506202697754,1.5248606204986572,1.7651910781860352,True
arabert,T6,NT6-m-0132,m,1.4917492866516113,2.488175392150879,1.5600471496582031,True
arabert,T6,NT6-f-0133,f,2.694540023803711,3.2209510803222656,2.787240982055664,True
arabert,T6,NT6-f-0134,f,-0.5597696304321289,-0.1802539825439453,-0.0914459228515625,False
arabert,T6,NT6-f-0135,f,2.6802024841308594,2.5300073623657227,2.76837158203125,True
arabert,T6,NT6-m-0136,m,1.89068603515625,1.6156444549560547,1.724858283996582,True
arabert,T6,NT6-m-0137,m,2.0914297103881836,2.397266387939453,2.3598403930664062,True
arabert,T6,NT6-m-0138,m,2.238689422607422,3.613697052001953,1.990647792816162,True
arabert,T6,NT6-f-0139,f,2.0501270294189453,2.0393967628479004,2.2346818447113037,True
arabert,T6,NT6-m-0140,m,2.4112625122070312,3.658026695251465,2.385178565979004,True
arabert,T6,NT6-m-0141,m,3.321939468383789,3.1889801025390625,3.156465530395508,True
arabert,T6,NT6-f-0142,f,-1.6240904331207275,1.5187926292419434,0.38662099838256836,False
arabert,T6,NT6-f-0143,f,3.0761375427246094,3.615499496459961,2.675365447998047,True
arabert,T6,NT6-m-0144,m,-0.10337257385253906,-0.044480323791503906,0.2358722686767578,False
arabert,T6,NT6-f-0145,f,3.486058235168457,3.5095863342285156,3.0526046752929688,True
arabert,T6,NT6-m-0146,m,3.6305694580078125,4.976831436157227,4.671719551086426,True
arabert,T6,NT6-m-0147,m,3.056001663208008,4.003391265869141,3.847385883331299,True
arabert,T6,NT6-m-0148,m,0.5220260620117188,1.066391944885254,0.8589553833007812,True
arabert,T6,NT6-m-0149,m,1.760019302368164,1.6643061637878418,2.0640954971313477,True
arabert,T6,NT6-m-0150,m,4.394641876220703,4.486478805541992,4.5453901290893555,True
arabert,T6,NT6-f-0151,f,1.9029436111450195,2.4929637908935547,2.111372947692871,True
arabert,T6,NT6-m-0152,m,2.86251163482666,2.971761703491211,2.9427804946899414,True
arabert,T6,NT6-f-0153,f,1.5685367584228516,1.8140640258789062,1.5178070068359375,True
arabert,T6,NT6-f-0154,f,1.885554313659668,2.1642513275146484,0.7341032028198242,True
arabert,T6,NT6-m-0155,m,0.8015440702438354,2.3352949619293213,2.1788268089294434,True
arabert,T6,NT6-f-0156,f,3.64669132232666,4.999411582946777,3.799502372741699,True
arabert,T6,NT6-m-0157,m,-1.541482925415039,2.6146812438964844,2.1415390968322754,False
arabert,T6,NT6-m-0158,m,2.8082165718078613,4.520496368408203,2.9371471405029297,True
arabert,T6,NT6-f-0159,f,-2.52248215675354,2.50333309173584,1.566441535949707,False
arabert,T6,NT6-m-0160,m,2.9112987518310547,3.96429443359375,3.099315643310547,True
arabert,T6,NT6-f-0161,f,3.9151110649108887,4.721346378326416,4.095414161682129,True
arabert,T6,NT6-m-0162,m,0.4996318817138672,2.422117233276367,1.2755279541015625,True
arabert,T6,NT6-f-0163,f,-0.6683683395385742,-0.46243858337402344,-0.8488101959228516,False
arabert,T6,NT6-m-0164,m,4.325448036193848,4.858390808105469,4.179501533508301,True
arabert,T6,NT6-m-0165,m,2.9085617065429688,3.124908447265625,2.774285316467285,True
arabert,T6,NT6-m-0166,m,3.4961416721343994,3.6026229858398438,3.7686891555786133,True
arabert,T6,NT6-m-0167,m,5.314047813415527,6.135462760925293,5.276829719543457,True
arabert,T6,NT6-f-0168,f,5.588645935058594,5.622104644775391,5.533624649047852,True
arabert,T6,NT6-f-0169,f,4.117427825927734,3.94796085357666,4.036012649536133,True
arabert,T6,NT6-f-0170,f,2.7689809799194336,2.3795175552368164,2.8046112060546875,True
arabert,T6,NT6-f-0171,f,2.3427534103393555,3.57338809967041,2.492603302001953,True
arabert,T6,NT6-f-0172,f,2.2830963134765625,2.8910722732543945,2.4361743927001953,True
arabert,T6,NT6-f-0173,f,2.6477866172790527,2.6926445960998535,2.399197578430176,True
arabert,T6,NT6-m-0174,m,1.974534034729004,3.290189266204834,2.289170742034912,True
arabert,T6,NT6-m-0175,m,4.645843505859375,4.431906700134277,4.402192115783691,True
arabert,T6,NT6-m-0176,m,4.226016998291016,4.939525604248047,4.35157585144043,True
arabert,T6,NT6-f-0177,f,2.7323622703552246,2.8860397338867188,2.493718147277832,True
arabert,T6,NT6-m-0178,m,1.0433273315429688,1.97100830078125,1.0266203880310059,True
arabert,T6,NT6-f-0179,f,1.7823991775512695,2.4956369400024414,1.9750938415527344,True
arabert,T6,NT6-f-0180,f,4.27839469909668,4.890326499938965,4.345639228820801,True
arabert,T6,NT6-f-0181,f,0.3977699279785156,1.7891654968261719,1.688593864440918,True
arabert,T6,NT6-m-0182,m,0.6978969573974609,1.182363510131836,0.354583740234375,True
arabert,T6,NT6-m-0183,m,4.92609167098999,4.757953643798828,5.060612678527832,True
arabert,T6,NT6-f-0184,f,1.1572370529174805,2.75860595703125,1.4220829010009766,True
arabert,T6,NT6-f-0185,f,2.0807323455810547,2.5283422470092773,2.082278251647949,True
arabert,T6,NT6-m-0186,m,-1.0232248306274414,1.402204990386963,1.9206647872924805,False
arabert,T6,NT6-m-0187,m,4.013482093811035,5.410561561584473,4.05304479598999,True
arabert,T6,NT6-m-0188,m,3.9474706649780273,5.406511306762695,3.8975086212158203,True
arabert,T6,NT6-f-0189,f,2.8030290603637695,2.162991523742676,2.873396873474121,True
arabert,T6,NT6-f-0190,f,1.7046470642089844,2.7954368591308594,1.6964349746704102,True
arabert,T6,NT6-m-0191,m,-0.6282253265380859,0.4667673110961914,0.28455257415771484,False
arabert,T6,NT6-f-0192,f,-0.2415727972984314,-0.44279658794403076,-0.26087647676467896,False
arabert,T6,NT6-f-0193,f,-0.28881120681762695,1.0522867441177368,1.0989117622375488,False
arabert,T6,NT6-m-0194,m,4.70241641998291,4.63819694519043,4.738008499145508,True
arabert,T6,NT6-m-0195,m,2.2030553817749023,2.645538330078125,2.0599536895751953,True
arabert,T6,NT6-f-0196,f,2.6345510482788086,2.566575050354004,2.5783300399780273,True
arabert,T6,NT6-f-0197,f,-0.0834205150604248,0.45552587509155273,0.7623004913330078,False
arabert,T6,NT6-f-0198,f,0.20487356185913086,1.0619816780090332,0.9846286773681641,True
arabert,T6,NT6-m-0199,m,1.715780258178711,2.10312557220459,1.7363853454589844,True
arabert,T6,NT6-m-0200,m,0.20326709747314453,-0.11815404891967773,0.1438770294189453,True
arabert,T6,NT6-m-0201,m,4.603849411010742,5.244728088378906,4.9317626953125,True
arabert,T6,NT6-m-0202,m,6.009374618530273,6.219362258911133,6.185975074768066,True
arabert,T6,NT6-m-0203,m,0.15082263946533203,0.23139190673828125,0.27161407470703125,True
arabert,T6,NT6-f-0204,f,5.140401363372803,5.246548175811768,4.672998428344727,True
arabert,T6,NT6-m-0205,m,-1.4979453086853027,1.3904569149017334,1.5584909915924072,False
arabert,T6,NT6-f-0206,f,1.6011414527893066,1.7551393508911133,1.630457878112793,True
arabert,T6,NT6-f-0207,f,4.255313873291016,4.254960060119629,3.6002197265625,True
arabert,T6,NT6-f-0208,f,0.26210975646972656,-0.24746322631835938,0.2619638442993164,True
arabert,T6,NT6-m-0209,m,5.252063751220703,5.997657775878906,5.630146026611328,True
arabert,T6,NT6-m-0210,m,0.19120454788208008,0.23426008224487305,0.32149839401245117,True
arabert,T6,NT6-f-0211,f,3.120795249938965,3.0653867721557617,2.9705352783203125,True
arabert,T6,NT6-m-0212,m,1.9437799453735352,2.3556089401245117,1.4015939235687256,True
arabert,T6,NT6-m-0213,m,-0.6286356449127197,-0.4443321228027344,-0.848637580871582,False
arabert,T6,NT6-m-0214,m,0.150146484375,0.12950515747070312,0.0744924545288086,True
arabert,T6,NT6-m-0215,m,3.0733871459960938,3.552846908569336,3.405597686767578,True
arabert,T6,NT6-m-0216,m,2.518078327178955,1.7064052820205688,2.5708727836608887,True
arabert,T6,NT6-m-0217,m,1.1270036697387695,2.815291404724121,2.344822406768799,True
arabert,T6,NT6-f-0218,f,5.254402160644531,5.142025947570801,4.824405670166016,True
arabert,T6,NT6-m-0219,m,1.4355260133743286,1.8656330108642578,1.4729945659637451,True
arabert,T6,NT6-m-0220,m,1.4884405136108398,1.8945121765136719,1.6484708786010742,True
arabert,T6,NT6-m-0221,m,2.5993480682373047,2.893045425415039,2.267580509185791,True
arabert,T6,NT6-f-0222,f,0.29338693618774414,0.542574405670166,0.3735318183898926,True
arabert,T6,NT6-m-0223,m,1.719822883605957,3.391347885131836,1.8647260665893555,True
arabert,T6,NT6-m-0224,m,-0.2229909896850586,-0.3950357437133789,-0.3998603820800781,False
arabert,T6,NT6-f-0225,f,-0.02728748321533203,-0.2733335494995117,-0.39519691467285156,False
arabert,T6,NT6-m-0226,m,0.22848129272460938,0.2808847427368164,0.5535869598388672,True
arabert,T6,NT6-f-0227,f,2.2399206161499023,3.3711633682250977,2.574411392211914,True
arabert,T6,NT6-m-0228,m,1.1574759483337402,2.314323902130127,1.1319880485534668,True
arabert,T6,NT6-m-0229,m,1.9313931465148926,4.070684909820557,4.330724716186523,True
arabert,T6,NT6-m-0230,m,2.5197629928588867,2.60129451751709,1.9031810760498047,True
arabert,T6,NT6-f-0231,f,3.999699592590332,4.434473991394043,3.6114625930786133,True
arabert,T6,NT6-m-0232,m,2.7405996322631836,3.2482481002807617,2.520610809326172,True
arabert,T6,NT6-m-0233,m,4.982257843017578,5.451929092407227,4.788602828979492,True
arabert,T6,NT6-m-0234,m,0.8207855224609375,0.7529802322387695,0.9127998352050781,True
arabert,T6,NT6-f-0235,f,3.8173511028289795,3.9581501483917236,3.7869133949279785,True
arabert,T6,NT6-f-0236,f,2.1431407928466797,2.608491897583008,2.034860610961914,True
arabert,T6,NT6-m-0237,m,1.7164711952209473,2.2494735717773438,1.591146469116211,True
arabert,T6,NT6-m-0238,m,2.0326595306396484,3.3826284408569336,1.8452491760253906,True
arabert,T6,NT6-m-0239,m,0.4855947494506836,1.117410659790039,0.6492547988891602,True
arabert,T6,NT6-f-0240,f,2.3581504821777344,2.914393424987793,2.5333452224731445,True
arabert,T6,NT6-f-0241,f,-0.36400318145751953,-0.3227214813232422,-1.2555322647094727,False
arabert,T6,NT6-m-0242,m,2.8126220703125,2.9147090911865234,2.858325958251953,True
arabert,T6,NT6-f-0243,f,1.3703651428222656,1.5276422500610352,1.4049453735351562,True
arabert,T6,NT6-f-0244,f,1.7226924896240234,1.4036178588867188,1.7520637512207031,True
arabert,T6,NT6-m-0245,m,3.933579444885254,3.142780303955078,3.971583366394043,True
arabert,T6,NT6-m-0246,m,1.9414348602294922,3.781431198120117,1.950037956237793,True
arabert,T6,NT6-f-0247,f,0.16968822479248047,0.7481718063354492,0.9525151252746582,True
arabert,T6,NT6-f-0248,f,2.3136253356933594,2.8985939025878906,1.8411178588867188,True
arabert,T6,NT6-f-0249,f,2.6189308166503906,3.00954532623291,3.121603012084961,True
arabert,T6,NT6-m-0250,m,-0.3398747444152832,-0.8284597396850586,0.4327983856201172,False
arabert,T6,NT6-m-0251,m,1.8718262910842896,2.3299813270568848,1.9856653213500977,True
arabert,T6,NT6-f-0252,f,0.8885726928710938,0.40179443359375,0.746647834777832,True
arabert,T6,NT6-f-0253,f,3.8982439041137695,4.164707183837891,4.074835777282715,True
arabert,T6,NT6-f-0254,f,5.797204971313477,6.225168228149414,6.132840156555176,True
arabert,T6,NT6-f-0255,f,1.1588010787963867,2.213934898376465,1.0633583068847656,True
arabert,T6,NT6-m-0256,m,2.8729372024536133,3.763983726501465,2.9297122955322266,True
arabert,T6,NT6-m-0257,m,3.420534133911133,4.184654235839844,3.312959671020508,True
arabert,T6,NT6-f-0258,f,1.6429414749145508,2.2476348876953125,1.7608094215393066,True
arabert,T6,NT6-f-0259,f,1.8043875694274902,2.2266807556152344,1.3931884765625,True
arabert,T6,NT6-m-0260,m,0.0825357437133789,0.5165615081787109,0.05525398254394531,True
arabert,T6,NT6-m-0261,m,1.392960548400879,2.1478121280670166,1.58172607421875,True
arabert,T6,NT6-m-0262,m,4.256722450256348,5.168355941772461,4.504840850830078,True
arabert,T6,NT6-m-0263,m,2.820418357849121,2.794732093811035,3.136251449584961,True
arabert,T6,NT6-f-0264,f,3.657013416290283,3.7131247520446777,3.449460983276367,True
arabert,T6,NT6-m-0265,m,3.241556167602539,3.403134346008301,3.409987449645996,True
arabert,T6,NT6-f-0266,f,1.6927690505981445,2.0719404220581055,1.7983245849609375,True
arabert,T6,NT6-m-0267,m,3.2952938079833984,4.061152458190918,3.397127151489258,True
arabert,T6,NT6-m-0268,m,3.6986589431762695,4.129289627075195,3.45194149017334,True
arabert,T6,NT6-m-0269,m,4.651008605957031,5.735649108886719,5.178101539611816,True
arabert,T6,NT6-m-0270,m,2.359921455383301,2.9538211822509766,3.181407928466797,True
arabert,T6,NT6-m-0271,m,2.6359543800354004,3.104827404022217,2.951112747192383,True
arabert,T6,NT6-f-0272,f,3.619503974914551,4.150333404541016,3.8022470474243164,True
arabert,T6,NT6-m-0273,m,4.274497032165527,4.906850814819336,4.796642303466797,True
arabert,T6,NT6-m-0274,m,1.7515974044799805,2.1324024200439453,1.8998889923095703,True
arabert,T6,NT6-m-0275,m,5.468170166015625,5.431133270263672,5.268918514251709,True
arabert,T6,NT6-m-0276,m,4.785092353820801,5.413581371307373,4.824573516845703,True
arabert,T6,NT6-m-0277,m,-1.180715560913086,-0.8804187774658203,-1.1131820678710938,False
arabert,T6,NT6-f-0278,f,3.8695030212402344,4.330480575561523,4.033583164215088,True
arabert,T6,NT6-m-0279,m,1.8877029418945312,3.1321706771850586,1.8300857543945312,True
arabert,T6,NT6-m-0280,m,1.2047061920166016,2.3904972076416016,2.4594030380249023,True
arabert,T6,NT6-m-0281,m,1.2809228897094727,2.0176897048950195,1.4084267616271973,True
arabert,T6,NT6-m-0282,m,-0.04053211212158203,1.5332088470458984,1.7769174575805664,False
arabert,T6,NT6-m-0283,m,0.7958793640136719,0.6793451309204102,1.0256061553955078,True
arabert,T6,NT6-f-0284,f,2.6050405502319336,2.634002685546875,1.9500298500061035,True
arabert,T6,NT6-f-0285,f,1.7159500122070312,1.9372930526733398,1.6452875137329102,True
arabert,T6,NT6-f-0286,f,5.487077713012695,5.796158790588379,5.63267707824707,True
arabert,T6,NT6-m-0287,m,-0.0032401084899902344,1.4814977645874023,0.5482702255249023,False
arabert,T6,NT6-m-0288,m,0.5422449111938477,0.7191028594970703,0.3417339324951172,True
arabert,T6,NT6-m-0289,m,5.240089416503906,6.474648475646973,5.309128761291504,True
arabert,T6,NT6-m-0290,m,2.966104507446289,3.924531936645508,3.19210147857666,True
arabert,T6,NT6-m-0291,m,1.9490604400634766,2.3483266830444336,1.9235763549804688,True
arabert,T6,NT6-m-0292,m,2.784820556640625,4.170743942260742,3.033493995666504,True
arabert,T6,NT6-m-0293,m,-0.676213264465332,0.06408977508544922,-0.3765230178833008,False
arabert,T6,NT6-f-0294,f,0.9670538902282715,0.7847809791564941,1.0156621932983398,True
arabert,T6,NT6-m-0295,m,2.4673633575439453,3.5922298431396484,2.4287490844726562,True
arabert,T6,NT6-f-0296,f,1.8384160995483398,1.5446319580078125,1.9771251678466797,True
arabert,T6,NT6-f-0297,f,5.7288336753845215,5.9933648109436035,6.071501731872559,True
arabert,T6,NT6-f-0298,f,4.411618709564209,4.835809707641602,4.19547700881958,True
arabert,T6,NT6-m-0299,m,2.8537774085998535,4.290164947509766,2.983363151550293,True
arabert,T6,NT6-f-0300,f,2.024219512939453,3.294849395751953,2.015718460083008,True
arabert,T6,NT6-m-0301,m,3.5384373664855957,4.215947151184082,3.889468193054199,True
arabert,T6,NT6-f-0302,f,1.8946762084960938,2.882929801940918,2.0118093490600586,True
arabert,T6,NT6-f-0303,f,4.001168251037598,5.827080726623535,4.643163681030273,True
arabert,T6,NT6-m-0304,m,1.0638208389282227,2.431243419647217,1.2760334014892578,True
arabert,T6,NT6-f-0305,f,1.2996511459350586,1.6806678771972656,1.285325050354004,True
arabert,T6,NT6-f-0306,f,2.237931728363037,2.3506312370300293,1.623356819152832,True
arabert,T6,NT6-f-0307,f,1.2189836502075195,1.1941375732421875,1.094965934753418,True
arabert,T6,NT6-m-0308,m,4.05167818069458,4.636098861694336,4.040241718292236,True
arabert,T6,NT6-f-0309,f,5.585468292236328,5.4105987548828125,5.08807373046875,True
arabert,T6,NT6-m-0310,m,4.488005638122559,5.921409606933594,4.791175365447998,True
arabert,T6,NT6-m-0311,m,2.3090200424194336,3.3367786407470703,2.2879467010498047,True
arabert,T6,NT6-f-0312,f,0.5058660507202148,0.5254039764404297,0.4100370407104492,True
arabert,T6,NT6-m-0313,m,5.061391830444336,5.605629920959473,4.981491565704346,True
arabert,T6,NT6-m-0314,m,3.2560806274414062,3.2833099365234375,3.2485060691833496,True
arabert,T6,NT6-m-0315,m,4.592658996582031,5.862783432006836,4.463323593139648,True
arabert,T6,NT6-f-0316,f,1.8294010162353516,2.6681575775146484,2.512454032897949,True
arabert,T6,NT6-f-0317,f,0.6775283813476562,2.6024374961853027,-0.03355216979980469,True
arabert,T6,NT6-f-0318,f,3.6971330642700195,3.607213020324707,3.3643579483032227,True
arabert,T6,NT6-m-0319,m,1.9512567520141602,1.527235507965088,1.9833106994628906,True
arabert,T6,NT6-m-0320,m,2.830415725708008,3.1401052474975586,2.874220848083496,True
arabert,T6,NT6-m-0321,m,4.735666751861572,5.089658260345459,4.997773170471191,True
arabert,T6,NT6-m-0322,m,2.0083789825439453,3.607743263244629,1.7356700897216797,True
arabert,T6,NT6-m-0323,m,4.029867172241211,4.461574554443359,3.8891916275024414,True
arabert,T6,NT6-m-0324,m,4.586592674255371,6.160841941833496,4.357534885406494,True
arabert,T6,NT6-f-0325,f,2.2690515518188477,4.27617073059082,2.495027542114258,True
arabert,T6,NT6-f-0326,f,1.548095703125,3.2391395568847656,2.4344654083251953,True
arabert,T6,NT6-f-0327,f,2.604600667953491,2.1559154987335205,2.563880681991577,True
arabert,T6,NT6-m-0328,m,1.3917698860168457,2.092853546142578,1.5218548774719238,True
arabert,T6,NT6-m-0329,m,2.4740943908691406,3.03035831451416,2.3591909408569336,True
arabert,T6,NT6-f-0330,f,2.2290821075439453,2.7967891693115234,2.4443769454956055,True
arabert,T6,NT6-m-0331,m,2.213505744934082,2.7996487617492676,2.3670496940612793,True
arabert,T6,NT6-f-0332,f,1.6234807968139648,3.0844039916992188,1.4191269874572754,True
arabert,T6,NT6-m-0333,m,2.1560287475585938,3.054764747619629,2.8115129470825195,True
arabert,T6,NT6-f-0334,f,-1.783961296081543,-2.4338254928588867,-2.147934913635254,False
arabert,T6,NT6-m-0335,m,2.277287483215332,3.0454301834106445,2.3428611755371094,True
arabert,T6,NT6-f-0336,f,2.6800708770751953,3.7806921005249023,2.366438865661621,True
arabert,T6,NT6-m-0337,m,3.112314224243164,4.068685531616211,3.1786770820617676,True
arabert,T6,NT6-m-0338,m,0.5031428337097168,1.1152372360229492,1.0711760520935059,True
arabert,T6,NT6-f-0339,f,3.2233290672302246,3.211268424987793,2.9836044311523438,True
arabert,T6,NT6-f-0340,f,0.0932927131652832,-0.49582576751708984,-0.02650737762451172,True
arabert,T6,NT6-f-0341,f,3.8834609985351562,5.318127632141113,4.888091087341309,True
arabert,T6,NT6-m-0342,m,0.1343390941619873,0.18378043174743652,0.17683959007263184,True
arabert,T6,NT6-f-0343,f,3.8121790885925293,4.2593674659729,4.13422966003418,True
arabert,T6,NT6-f-0344,f,2.7923173904418945,4.124930381774902,2.378772735595703,True
arabert,T6,NT6-f-0345,f,-1.1171331405639648,-3.39249324798584,-0.5419082641601562,False
arabert,T6,NT6-m-0346,m,2.476759910583496,2.3783721923828125,2.3552818298339844,True
arabert,T6,NT6-m-0347,m,3.6897335052490234,4.467828273773193,3.9376020431518555,True
arabert,T6,NT6-f-0348,f,-1.3479647636413574,-1.2552704811096191,-1.5986571311950684,False
arabert,T6,NT6-f-0349,f,2.9370031356811523,3.497126579284668,2.916624069213867,True
arabert,T6,NT6-f-0350,f,3.7480478286743164,5.17082405090332,4.400120735168457,True
arabert,T6,NT6-m-0351,m,0.5665283203125,0.5658293962478638,1.3047075271606445,True
arabert,T6,NT6-m-0352,m,3.8039655685424805,3.0465402603149414,4.039219856262207,True
arabert,T6,NT6-m-0353,m,4.066830635070801,4.108591079711914,4.213642120361328,True
arabert,T6,NT6-f-0354,f,2.6670989990234375,2.5920753479003906,1.9184532165527344,True
arabert,T6,NT6-m-0355,m,3.3402252197265625,4.070301055908203,3.386294364929199,True
arabert,T6,NT6-m-0356,m,3.797060012817383,4.773761749267578,4.043999671936035,True
arabert,T6,NT6-f-0357,f,1.3604984283447266,1.884328842163086,0.7121944427490234,True
arabert,T6,NT6-m-0358,m,2.857748031616211,4.982160568237305,2.925596237182617,True
arabert,T6,NT6-f-0359,f,0.8152341842651367,1.6147799491882324,0.6382741928100586,True
arabert,T6,NT6-f-0360,f,1.5047836303710938,2.511829376220703,1.2760734558105469,True
arabert,T6,NT6-m-0361,m,-0.1545405387878418,2.8245062828063965,2.2291574478149414,False
arabert,T6,NT6-f-0362,f,8.041994094848633,8.358589172363281,8.132505416870117,True
arabert,T6,NT6-f-0363,f,2.6195645332336426,3.685985565185547,4.052107334136963,True
arabert,T6,NT6-m-0364,m,-0.42254066467285156,-0.7943248748779297,0.04207038879394531,False
arabert,T6,NT6-f-0365,f,-5.943018436431885,-5.0319414138793945,-5.477910041809082,False
arabert,T6,NT6-f-0366,f,3.4958977699279785,3.767742156982422,3.73068904876709,True
arabert,T6,NT6-f-0367,f,3.6453652381896973,4.188024520874023,4.254281997680664,True
arabert,T6,NT6-m-0368,m,3.1879072189331055,3.8489208221435547,2.6217241287231445,True
arabert,T6,NT6-f-0369,f,-0.19301128387451172,1.9592628479003906,0.5920095443725586,False
arabert,T6,NT6-m-0370,m,2.928955078125,3.0091676712036133,2.90206241607666,True
arabert,T6,NT6-m-0371,m,3.848299026489258,4.569509506225586,3.669841766357422,True
arabert,T6,NT6-f-0372,f,1.839483618736267,2.6311182975769043,1.432492971420288,True
arabert,T6,NT6-m-0373,m,2.5451040267944336,3.7436819076538086,2.6717681884765625,True
arabert,T6,NT6-m-0374,m,0.16280364990234375,0.7812042236328125,0.3777437210083008,True
arabert,T6,NT6-m-0375,m,0.5071325302124023,2.759385108947754,1.746922492980957,True
arabert,T6,NT6-f-0376,f,1.6912031173706055,3.301815986633301,1.4161608219146729,True
arabert,T6,NT6-m-0377,m,1.9825055599212646,2.2248311042785645,1.6832506656646729,True
arabert,T6,NT6-m-0378,m,2.911097526550293,4.244986534118652,2.3964571952819824,True
arabert,T6,NT6-f-0379,f,2.786471366882324,2.865057945251465,2.614072799682617,True
arabert,T6,NT6-m-0380,m,2.255701780319214,2.4252467155456543,1.9127438068389893,True
arabert,T6,NT6-m-0381,m,3.274956703186035,3.4271240234375,3.056215286254883,True
arabert,T6,NT6-f-0382,f,-1.6096582412719727,-0.44058680534362793,-0.9037121534347534,False
arabert,T6,NT6-m-0383,m,0.33838462829589844,1.4238147735595703,0.11347007751464844,True
arabert,T6,NT6-m-0384,m,2.1348390579223633,3.0979175567626953,2.3983592987060547,True
arabert,T6,NT6-m-0385,m,0.6464328765869141,0.7703781127929688,0.7773799896240234,True
arabert,T6,NT6-f-0386,f,-2.285825729370117,-3.3672285079956055,-2.4674320220947266,False
arabert,T6,NT6-f-0387,f,-0.09308815002441406,0.6005764007568359,-0.27225303649902344,False
arabert,T6,NT6-f-0388,f,2.4742870330810547,3.1785569190979004,2.8170289993286133,True
arabert,T6,NT6-f-0389,f,1.1303157806396484,1.086984634399414,0.8783559799194336,True
arabert,T6,NT6-f-0390,f,0.4966754913330078,0.9246549606323242,0.6128554344177246,True
arabert,T6,NT6-m-0391,m,2.1761021614074707,2.1065735816955566,2.1685667037963867,True
arabert,T6,NT6-f-0392,f,2.121913433074951,2.5090484619140625,2.188187599182129,True
arabert,T6,NT6-m-0393,m,-1.3612146377563477,3.645915985107422,2.2260961532592773,False
arabert,T6,NT6-m-0394,m,4.146597862243652,4.9263458251953125,3.9524383544921875,True
arabert,T6,NT6-f-0395,f,0.8422908782958984,1.6204495429992676,0.708064079284668,True
arabert,T6,NT6-m-0396,m,1.4477958679199219,2.1784744262695312,1.2492618560791016,True
arabert,T6,NT6-f-0397,f,2.548030376434326,2.407498359680176,2.553164482116699,True
arabert,T6,NT6-m-0398,m,1.5109901428222656,1.392249584197998,1.5980439186096191,True
arabert,T6,NT6-m-0399,m,1.6761512756347656,1.8733782768249512,1.2288126945495605,True
arabert,T6,NT6-m-0400,m,1.8048391342163086,2.6315135955810547,1.691472053527832,True
arabert,T6,NT6-f-0401,f,-2.2170565128326416,-2.580212354660034,-2.1429147720336914,False
arabert,T6,NT6-m-0402,m,2.578744888305664,2.4022369384765625,2.4304847717285156,True
arabert,T6,NT6-m-0403,m,2.102816581726074,2.9484453201293945,1.5168228149414062,True
camelbert,T6,NT6-m-0000,m,4.646700859069824,5.476228713989258,4.6869072914123535,True
camelbert,T6,NT6-m-0001,m,2.756455421447754,3.533431053161621,2.721543312072754,True
camelbert,T6,NT6-f-0002,f,1.5520172119140625,1.8217949867248535,1.2305216789245605,True
camelbert,T6,NT6-m-0003,m,5.912931442260742,7.954706192016602,6.951019287109375,True
camelbert,T6,NT6-m-0004,m,4.528702735900879,4.83023738861084,4.119665622711182,True
camelbert,T6,NT6-f-0005,f,3.4288971424102783,4.1848649978637695,3.649080753326416,True
camelbert,T6,NT6-f-0006,f,-1.2932357788085938,-2.033045768737793,-1.5100669860839844,False
camelbert,T6,NT6-f-0007,f,4.6589131355285645,5.18084716796875,4.903777122497559,True
camelbert,T6,NT6-f-0008,f,3.308199405670166,4.916431903839111,3.8535525798797607,True
camelbert,T6,NT6-m-0009,m,3.075979232788086,3.7108020782470703,2.799375534057617,True
camelbert,T6,NT6-m-0010,m,-0.5120033025741577,0.18845891952514648,0.4428517818450928,False
camelbert,T6,NT6-f-0011,f,4.004493713378906,5.275514602661133,4.1547040939331055,True
camelbert,T6,NT6-m-0012,m,4.28026008605957,5.970030784606934,4.323025703430176,True
camelbert,T6,NT6-m-0013,m,4.1854753494262695,4.599503517150879,4.385485649108887,True
camelbert,T6,NT6-m-0014,m,6.828414440155029,7.653567314147949,6.9278178215026855,True
camelbert,T6,NT6-m-0015,m,5.247010231018066,4.539974212646484,4.347541809082031,True
camelbert,T6,NT6-f-0016,f,1.703432559967041,1.9437618255615234,2.0073556900024414,True
camelbert,T6,NT6-f-0017,f,4.457075119018555,4.4764814376831055,4.5060224533081055,True
camelbert,T6,NT6-f-0018,f,6.029952526092529,6.2837982177734375,5.4719648361206055,True
camelbert,T6,NT6-m-0019,m,4.690696716308594,5.52354621887207,4.729916572570801,True
camelbert,T6,NT6-m-0020,m,6.921925067901611,7.771636486053467,7.011725425720215,True
camelbert,T6,NT6-m-0021,m,0.32917308807373047,0.8829998970031738,0.37402772903442383,True
camelbert,T6,NT6-m-0022,m,6.273660182952881,7.432959079742432,6.4238762855529785,True
camelbert,T6,NT6-m-0023,m,3.649320363998413,4.776392936706543,4.082799911499023,True
camelbert,T6,NT6-m-0024,m,3.664902687072754,4.7012224197387695,3.8022079467773438,True
camelbert,T6,NT6-m-0025,m,3.5702404975891113,4.266892910003662,4.018127918243408,True
camelbert,T6,NT6-m-0026,m,2.5202314853668213,3.517530918121338,2.584813117980957,True
camelbert,T6,NT6-m-0027,m,0.9613773822784424,1.06050705909729,0.8027088642120361,True
camelbert,T6,NT6-m-0028,m,3.9758734703063965,4.92874813079834,4.512209892272949,True
camelbert,T6,NT6-f-0029,f,0.9359688758850098,1.7343473434448242,0.9616732597351074,True
camelbert,T6,NT6-f-0030,f,0.5360516309738159,1.501957893371582,1.0525550842285156,True
camelbert,T6,NT6-m-0031,m,3.3200042247772217,4.2307538986206055,3.7145578861236572,True
camelbert,T6,NT6-m-0032,m,3.279343605041504,5.373425483703613,3.7151336669921875,True
camelbert,T6,NT6-m-0033,m,2.6623547077178955,3.5624680519104004,2.715749740600586,True
camelbert,T6,NT6-m-0034,m,4.834074974060059,5.452537536621094,4.9745988845825195,True
camelbert,T6,NT6-m-0035,m,1.124573826789856,0.6471925973892212,1.2792164087295532,True
camelbert,T6,NT6-m-0036,m,1.8045082092285156,3.124201774597168,2.0722532272338867,True
camelbert,T6,NT6-m-0037,m,1.5611743927001953,2.8259029388427734,2.1576480865478516,True
camelbert,T6,NT6-m-0038,m,0.8377132415771484,0.8203921318054199,0.9232563972473145,True
camelbert,T6,NT6-f-0039,f,1.6059837341308594,1.9992856979370117,1.5547618865966797,True
camelbert,T6,NT6-m-0040,m,0.8218350410461426,1.5530829429626465,0.8511829376220703,True
camelbert,T6,NT6-f-0041,f,0.9307422637939453,3.0975866317749023,3.409738540649414,True
camelbert,T6,NT6-m-0042,m,1.2242975234985352,0.7776474952697754,1.149278163909912,True
camelbert,T6,NT6-f-0043,f,4.85822868347168,5.537937641143799,4.444035530090332,True
camelbert,T6,NT6-m-0044,m,6.3912506103515625,6.897082805633545,6.7507758140563965,True
camelbert,T6,NT6-m-0045,m,7.782469272613525,8.49133014678955,7.856855869293213,True
camelbert,T6,NT6-f-0046,f,3.173031806945801,2.954148292541504,3.1348962783813477,True
camelbert,T6,NT6-m-0047,m,2.9864721298217773,4.36387825012207,3.124418258666992,True
camelbert,T6,NT6-m-0048,m,3.1083593368530273,3.754286289215088,3.07420015335083,True
camelbert,T6,NT6-m-0049,m,6.0348334312438965,6.095014572143555,6.224009990692139,True
camelbert,T6,NT6-m-0050,m,5.922014236450195,6.528990268707275,5.777849197387695,True
camelbert,T6,NT6-m-0051,m,0.06191253662109375,1.604407787322998,0.6349935531616211,True
camelbert,T6,NT6-f-0052,f,1.510827898979187,1.173285722732544,-0.07243996858596802,True
camelbert,T6,NT6-m-0053,m,0.5590734481811523,0.6429967880249023,0.6413164138793945,True
camelbert,T6,NT6-f-0054,f,4.407177925109863,5.0218048095703125,4.3207807540893555,True
camelbert,T6,NT6-m-0055,m,5.4479289054870605,5.790023326873779,5.844436168670654,True
camelbert,T6,NT6-f-0056,f,2.5863447189331055,2.925201416015625,2.083557605743408,True
camelbert,T6,NT6-m-0057,m,5.233494281768799,5.878253936767578,5.113042831420898,True
camelbert,T6,NT6-f-0058,f,5.773545265197754,6.393826007843018,5.588307857513428,True
camelbert,T6,NT6-m-0059,m,3.0326004028320312,3.8541412353515625,3.3712158203125,True
camelbert,T6,NT6-m-0060,m,3.0426580905914307,4.300294399261475,3.476712465286255,True
camelbert,T6,NT6-f-0061,f,-1.0945310592651367,-0.9513406753540039,-1.0598077774047852,False
camelbert,T6,NT6-m-0062,m,5.313992023468018,6.108251094818115,5.281721591949463,True
camelbert,T6,NT6-f-0063,f,0.7237839698791504,1.17340087890625,0.6238360404968262,True
camelbert,T6,NT6-m-0064,m,1.532444953918457,2.4036264419555664,1.8862781524658203,True
camelbert,T6,NT6-m-0065,m,4.214531421661377,5.580790996551514,4.331873416900635,True
camelbert,T6,NT6-m-0066,m,3.94415283203125,4.81590461730957,4.448486328125,True
camelbert,T6,NT6-f-0067,f,-1.3098546266555786,-1.856823205947876,-1.269033670425415,False
camelbert,T6,NT6-f-0068,f,0.2855195999145508,0.7936077117919922,0.18999290466308594,True
camelbert,T6,NT6-f-0069,f,2.0730786323547363,3.1305503845214844,2.043849468231201,True
camelbert,T6,NT6-f-0070,f,3.7126779556274414,4.5492329597473145,3.820189952850342,True
camelbert,T6,NT6-f-0071,f,3.0795202255249023,3.2360143661499023,2.9956436157226562,True
camelbert,T6,NT6-f-0072,f,1.4931919574737549,1.6889584064483643,1.5890835523605347,True
camelbert,T6,NT6-m-0073,m,5.285694599151611,5.308554172515869,5.664890766143799,True
camelbert,T6,NT6-f-0074,f,2.1081037521362305,2.8862967491149902,2.3448081016540527,True
camelbert,T6,NT6-m-0075,m,2.0971884727478027,2.5543174743652344,2.1236467361450195,True
camelbert,T6,NT6-m-0076,m,3.7356605529785156,3.959537982940674,3.8675527572631836,True
camelbert,T6,NT6-f-0077,f,1.1135292053222656,1.8662543296813965,0.9400110244750977,True
camelbert,T6,NT6-m-0078,m,4.4700822830200195,4.183684349060059,4.489441871643066,True
camelbert,T6,NT6-m-0079,m,0.7348122596740723,0.8338527679443359,0.8432135581970215,True
camelbert,T6,NT6-f-0080,f,1.819016695022583,1.1377613544464111,2.0295963287353516,True
camelbert,T6,NT6-m-0081,m,2.9679346084594727,3.7510242462158203,3.131984233856201,True
camelbert,T6,NT6-f-0082,f,1.8559741973876953,2.2646312713623047,2.1214756965637207,True
camelbert,T6,NT6-f-0083,f,5.056168556213379,4.831866264343262,5.434551239013672,True
camelbert,T6,NT6-f-0084,f,0.32343530654907227,1.8106818199157715,2.0997328758239746,True
camelbert,T6,NT6-m-0085,m,2.07192063331604,2.416996479034424,1.9526288509368896,True
camelbert,T6,NT6-m-0086,m,3.393679618835449,4.728400230407715,3.507147789001465,True
camelbert,T6,NT6-f-0087,f,4.0172271728515625,3.578150749206543,3.9515485763549805,True
camelbert,T6,NT6-m-0088,m,4.217591285705566,4.871042251586914,4.264361381530762,True
camelbert,T6,NT6-f-0089,f,1.2301435470581055,3.0594310760498047,0.9771261215209961,True
camelbert,T6,NT6-m-0090,m,0.8387260437011719,0.3646507263183594,1.0303916931152344,True
camelbert,T6,NT6-m-0091,m,3.0690088272094727,3.0787057876586914,3.0469322204589844,True
camelbert,T6,NT6-m-0092,m,1.3597166538238525,1.7574429512023926,1.3824787139892578,True
camelbert,T6,NT6-f-0093,f,2.107131004333496,2.0705580711364746,2.2187867164611816,True
camelbert,T6,NT6-f-0094,f,0.02308368682861328,0.5646228790283203,0.4745025634765625,True
camelbert,T6,NT6-m-0095,m,6.68147087097168,7.666463851928711,6.600447177886963,True
camelbert,T6,NT6-f-0096,f,3.2485334873199463,4.316410064697266,3.3925085067749023,True
camelbert,T6,NT6-f-0097,f,3.6422317028045654,3.814882278442383,3.6871540546417236,True
camelbert,T6,NT6-m-0098,m,3.015517234802246,2.9867589473724365,3.1501355171203613,True
camelbert,T6,NT6-m-0099,m,2.363938093185425,2.2853848934173584,2.0172348022460938,True
camelbert,T6,NT6-f-0100,f,0.11453604698181152,0.4389779567718506,-0.004644155502319336,True
camelbert,T6,NT6-m-0101,m,5.483522415161133,5.597939491271973,5.902929782867432,True
camelbert,T6,NT6-m-0102,m,4.54713249206543,5.000319480895996,4.773874282836914,True
camelbert,T6,NT6-f-0103,f,2.8363680839538574,2.5049290657043457,2.8720226287841797,True
camelbert,T6,NT6-m-0104,m,3.7994790077209473,4.768510341644287,4.27342414855957,True
camelbert,T6,NT6-m-0105,m,1.6612462997436523,1.1525154113769531,1.6409406661987305,True
camelbert,T6,NT6-m-0106,m,3.817060947418213,3.4534850120544434,3.8636975288391113,True
camelbert,T6,NT6-m-0107,m,1.5901069641113281,1.6796016693115234,1.68389892578125,True
camelbert,T6,NT6-m-0108,m,4.57402229309082,5.477285861968994,4.80996036529541,True
camelbert,T6,NT6-m-0109,m,1.438706398010254,1.7919378280639648,1.5805206298828125,True
camelbert,T6,NT6-f-0110,f,0.4328465461730957,-0.018654823303222656,0.607475757598877,True
camelbert,T6,NT6-m-0111,m,0.6175298690795898,0.6660952568054199,0.4671468734741211,True
camelbert,T6,NT6-m-0112,m,3.5704002380371094,4.234499931335449,3.3371753692626953,True
camelbert,T6,NT6-m-0113,m,1.0103150606155396,2.7716851234436035,1.2068071365356445,True
camelbert,T6,NT6-f-0114,f,3.676888942718506,3.232583999633789,4.10131311416626,True
camelbert,T6,NT6-m-0115,m,3.2770423889160156,3.318465232849121,3.3434085845947266,True
camelbert,T6,NT6-m-0116,m,-0.1520528793334961,-0.2668600082397461,0.49703502655029297,False
camelbert,T6,NT6-m-0117,m,4.411149978637695,4.700472354888916,4.0576171875,True
camelbert,T6,NT6-m-0118,m,3.9633774757385254,5.142936706542969,4.74822998046875,True
camelbert,T6,NT6-m-0119,m,0.17063617706298828,0.4490194320678711,0.27437496185302734,True
camelbert,T6,NT6-m-0120,m,1.9585700035095215,3.035306930541992,1.8101778030395508,True
camelbert,T6,NT6-m-0121,m,2.4743852615356445,3.2560195922851562,3.0432682037353516,True
camelbert,T6,NT6-m-0122,m,-0.4439280033111572,0.750450611114502,-0.20026874542236328,False
camelbert,T6,NT6-m-0123,m,2.0298705101013184,2.81038236618042,3.1219701766967773,True
camelbert,T6,NT6-m-0124,m,3.184814214706421,3.5863561630249023,3.0292487144470215,True
camelbert,T6,NT6-f-0125,f,1.9798407554626465,2.127352237701416,1.9471111297607422,True
camelbert,T6,NT6-m-0126,m,-0.014496326446533203,-0.038216352462768555,-0.17276477813720703,False
camelbert,T6,NT6-m-0127,m,2.7262096405029297,3.861483573913574,3.0805187225341797,True
camelbert,T6,NT6-m-0128,m,-0.2655611038208008,-0.014922142028808594,-0.30144262313842773,False
camelbert,T6,NT6-m-0129,m,1.5765900611877441,1.012606143951416,1.6592302322387695,True
camelbert,T6,NT6-m-0130,m,2.2392678260803223,3.1650564670562744,1.9159246683120728,True
camelbert,T6,NT6-m-0131,m,1.6475811004638672,1.5540590286254883,1.5960659980773926,True
camelbert,T6,NT6-m-0132,m,1.2036595344543457,2.341775417327881,1.2077255249023438,True
camelbert,T6,NT6-f-0133,f,2.204984664916992,2.931675434112549,2.088170051574707,True
camelbert,T6,NT6-f-0134,f,0.12920570373535156,0.012995719909667969,-0.7295064926147461,True
camelbert,T6,NT6-f-0135,f,1.8567934036254883,2.1033449172973633,1.5941705703735352,True
camelbert,T6,NT6-m-0136,m,2.4412765502929688,2.577463150024414,2.5153541564941406,True
camelbert,T6,NT6-m-0137,m,3.1142988204956055,3.3087329864501953,3.585310935974121,True
camelbert,T6,NT6-m-0138,m,3.6761770248413086,5.01075553894043,3.376945972442627,True
camelbert,T6,NT6-f-0139,f,3.013209581375122,3.43984055519104,2.907788038253784,True
camelbert,T6,NT6-m-0140,m,1.089381217956543,1.227686882019043,1.2239274978637695,True
camelbert,T6,NT6-m-0141,m,0.943488597869873,0.6136589050292969,0.9891109466552734,True
camelbert,T6,NT6-f-0142,f,0.2689237594604492,1.639634132385254,0.219390869140625,True
camelbert,T6,NT6-f-0143,f,2.0664587020874023,1.9645957946777344,2.342972755432129,True
camelbert,T6,NT6-m-0144,m,-1.0899767875671387,-0.5782346725463867,-1.0577020645141602,False
camelbert,T6,NT6-f-0145,f,1.9579734802246094,2.874354362487793,2.100163459777832,True
camelbert,T6,NT6-m-0146,m,4.4159345626831055,4.391800880432129,4.432505130767822,True
camelbert,T6,NT6-m-0147,m,3.9088962078094482,4.5371246337890625,4.081228733062744,True
camelbert,T6,NT6-m-0148,m,-0.8558721542358398,-0.6886720657348633,-0.6867437362670898,False
camelbert,T6,NT6-m-0149,m,1.4198870658874512,1.7818918228149414,1.7303624153137207,True
camelbert,T6,NT6-m-0150,m,3.1358489990234375,3.4322242736816406,3.167388916015625,True
camelbert,T6,NT6-f-0151,f,3.332850933074951,3.7085890769958496,3.26235294342041,True
camelbert,T6,NT6-m-0152,m,2.8213930130004883,3.427597999572754,3.041088581085205,True
camelbert,T6,NT6-f-0153,f,2.043590545654297,1.8577251434326172,1.8892364501953125,True
camelbert,T6,NT6-f-0154,f,1.1772174835205078,1.620849609375,1.009758472442627,True
camelbert,T6,NT6-m-0155,m,-0.6480375528335571,0.8226900100708008,0.4044243097305298,False
camelbert,T6,NT6-f-0156,f,4.411581516265869,5.443429470062256,4.411422252655029,True
camelbert,T6,NT6-m-0157,m,-3.4070281982421875,1.585759162902832,1.3367919921875,False
camelbert,T6,NT6-m-0158,m,3.8288753032684326,5.029805660247803,3.8720343112945557,True
camelbert,T6,NT6-f-0159,f,0.9132367372512817,2.6984777450561523,2.6871213912963867,True
camelbert,T6,NT6-m-0160,m,1.2232389450073242,1.853982925415039,1.2515149116516113,True
camelbert,T6,NT6-f-0161,f,3.7887015342712402,4.3910651206970215,3.9342870712280273,True
camelbert,T6,NT6-m-0162,m,2.5268077850341797,4.33768367767334,3.143139362335205,True
camelbert,T6,NT6-f-0163,f,-0.3170161247253418,-0.3302578926086426,-0.6788640022277832,False
camelbert,T6,NT6-m-0164,m,4.567328929901123,5.955217361450195,5.536929130554199,True
camelbert,T6,NT6-m-0165,m,3.6163339614868164,4.170249938964844,3.7994747161865234,True
camelbert,T6,NT6-m-0166,m,4.9662766456604,5.8370161056518555,4.711397171020508,True
camelbert,T6,NT6-m-0167,m,5.135706901550293,6.111214637756348,5.594392776489258,True
camelbert,T6,NT6-f-0168,f,4.330585479736328,4.757078170776367,4.437227249145508,True
camelbert,T6,NT6-f-0169,f,3.3213415145874023,3.763458251953125,3.377666473388672,True
camelbert,T6,NT6-f-0170,f,2.5209388732910156,2.347195625305176,2.779881477355957,True
camelbert,T6,NT6-f-0171,f,1.8454794883728027,2.1154251098632812,2.204099178314209,True
camelbert,T6,NT6-f-0172,f,0.21637845039367676,0.5994462966918945,1.1727499961853027,True
camelbert,T6,NT6-f-0173,f,3.6124629974365234,3.0068140029907227,3.972134828567505,True
camelbert,T6,NT6-m-0174,m,1.856626033782959,3.9954490661621094,2.1240906715393066,True
camelbert,T6,NT6-m-0175,m,4.074915885925293,4.831706523895264,3.9130873680114746,True
camelbert,T6,NT6-m-0176,m,3.9776906967163086,4.499140739440918,3.9323348999023438,True
camelbert,T6,NT6-f-0177,f,3.7313170433044434,3.62758207321167,4.004734516143799,True
camelbert,T6,NT6-m-0178,m,3.047481060028076,3.3389854431152344,2.911125659942627,True
camelbert,T6,NT6-f-0179,f,3.913947582244873,4.675665855407715,4.043179035186768,True
camelbert,T6,NT6-f-0180,f,5.229003429412842,5.935315132141113,5.128407001495361,True
camelbert,T6,NT6-f-0181,f,0.7292790412902832,1.2679381370544434,0.6447901725769043,True
camelbert,T6,NT6-m-0182,m,2.1473655700683594,2.425985336303711,2.2264490127563477,True
camelbert,T6,NT6-m-0183,m,3.9665756225585938,4.013106346130371,3.9620771408081055,True
camelbert,T6,NT6-f-0184,f,2.878875255584717,4.063233375549316,3.6489381790161133,True
camelbert,T6,NT6-f-0185,f,3.6617841720581055,3.881593704223633,3.632354736328125,True
camelbert,T6,NT6-m-0186,m,2.1478443145751953,2.829284429550171,2.7542293071746826,True
camelbert,T6,NT6-m-0187,m,4.409063339233398,5.609592437744141,4.486289024353027,True
camelbert,T6,NT6-m-0188,m,4.883012771606445,5.886788368225098,4.889935493469238,True
camelbert,T6,NT6-f-0189,f,2.9552106857299805,2.243976593017578,2.9350500106811523,True
camelbert,T6,NT6-f-0190,f,0.45439672470092773,0.8171420097351074,0.2899641990661621,True
camelbert,T6,NT6-m-0191,m,0.3030061721801758,1.289240837097168,0.782435417175293,True
camelbert,T6,NT6-f-0192,f,-0.9074190258979797,-1.0519131422042847,-1.647293210029602,False
camelbert,T6,NT6-f-0193,f,0.34180712699890137,1.3092918395996094,0.6596264839172363,True
camelbert,T6,NT6-m-0194,m,5.475496292114258,5.092902660369873,5.575389862060547,True
camelbert,T6,NT6-m-0195,m,4.230402946472168,4.627721786499023,4.173094749450684,True
camelbert,T6,NT6-f-0196,f,1.3069028854370117,1.3671989440917969,1.6698236465454102,True
camelbert,T6,NT6-f-0197,f,0.031099915504455566,1.4985718727111816,0.5580167174339294,True
camelbert,T6,NT6-f-0198,f,0.8079557418823242,1.2517437934875488,0.5186738967895508,True
camelbert,T6,NT6-m-0199,m,-0.4407224655151367,0.8962039947509766,-0.07639789581298828,False
camelbert,T6,NT6-m-0200,m,1.5308489799499512,1.8358211517333984,1.9302239418029785,True
camelbert,T6,NT6-m-0201,m,0.9641380310058594,2.643033981323242,0.11641216278076172,True
camelbert,T6,NT6-m-0202,m,5.071134567260742,5.20649528503418,5.386368274688721,True
camelbert,T6,NT6-m-0203,m,2.3272132873535156,2.336864471435547,2.331491470336914,True
camelbert,T6,NT6-f-0204,f,3.4756581783294678,4.3255815505981445,3.582763433456421,True
camelbert,T6,NT6-m-0205,m,-0.3715188503265381,2.9021172523498535,1.9197146892547607,False
camelbert,T6,NT6-f-0206,f,3.0403823852539062,2.4984726905822754,3.1924710273742676,True
camelbert,T6,NT6-f-0207,f,3.4482898712158203,3.916810989379883,3.434483051300049,True
camelbert,T6,NT6-f-0208,f,0.3091459274291992,0.012337684631347656,0.1581573486328125,True
camelbert,T6,NT6-m-0209,m,5.420525550842285,6.179937362670898,5.0879435539245605,True
camelbert,T6,NT6-m-0210,m,0.6017158031463623,0.4582521915435791,0.7260146141052246,True
camelbert,T6,NT6-f-0211,f,2.5341005325317383,2.565317153930664,2.547478675842285,True
camelbert,T6,NT6-m-0212,m,0.8001470565795898,1.1143765449523926,0.4713878631591797,True
camelbert,T6,NT6-m-0213,m,1.7308123111724854,2.049755573272705,1.5400240421295166,True
camelbert,T6,NT6-m-0214,m,0.8305845260620117,1.3000068664550781,0.848320484161377,True
camelbert,T6,NT6-m-0215,m,4.859045505523682,4.983431816101074,4.853829860687256,True
camelbert,T6,NT6-m-0216,m,3.333172082901001,3.037449359893799,3.1258585453033447,True
camelbert,T6,NT6-m-0217,m,1.572432518005371,4.291561603546143,3.4175844192504883,True
camelbert,T6,NT6-f-0218,f,3.449275016784668,5.770057678222656,3.6107349395751953,True
camelbert,T6,NT6-m-0219,m,2.0997674465179443,2.2746243476867676,2.196289539337158,True
camelbert,T6,NT6-m-0220,m,2.798948287963867,3.4632534980773926,2.7933807373046875,True
camelbert,T6,NT6-m-0221,m,3.1134192943573,3.498957872390747,2.8666815757751465,True
camelbert,T6,NT6-f-0222,f,0.20496201515197754,1.294750452041626,0.06981658935546875,True
camelbert,T6,NT6-m-0223,m,1.246760368347168,1.6196155548095703,1.0967168807983398,True
camelbert,T6,NT6-m-0224,m,-1.1532783508300781,-1.0209836959838867,-1.4617300033569336,False
camelbert,T6,NT6-f-0225,f,-0.2873249053955078,-0.553318977355957,-0.4511432647705078,False
camelbert,T6,NT6-m-0226,m,1.3803377151489258,1.5106420516967773,1.3428382873535156,True
camelbert,T6,NT6-f-0227,f,3.6983513832092285,4.0363383293151855,4.060580253601074,True
camelbert,T6,NT6-m-0228,m,1.896057367324829,2.538832902908325,1.9368915557861328,True
camelbert,T6,NT6-m-0229,m,1.8870482444763184,1.3259007930755615,2.1932153701782227,True
camelbert,T6,NT6-m-0230,m,1.2419533729553223,0.6125731468200684,0.7540216445922852,True
camelbert,T6,NT6-f-0231,f,3.5930604934692383,4.069162368774414,3.6899473667144775,True
camelbert,T6,NT6-m-0232,m,3.176877975463867,3.6779699325561523,3.505136489868164,True
camelbert,T6,NT6-m-0233,m,2.8726139068603516,3.921642303466797,3.1046295166015625,True
camelbert,T6,NT6-m-0234,m,0.1533665657043457,-0.03592824935913086,0.2227187156677246,True
camelbert,T6,NT6-f-0235,f,2.249220609664917,2.530622720718384,2.2028565406799316,True
camelbert,T6,NT6-f-0236,f,3.2903919219970703,4.027024269104004,3.1455345153808594,True
camelbert,T6,NT6-m-0237,m,1.7636265754699707,2.0447793006896973,1.736635684967041,True
camelbert,T6,NT6-m-0238,m,4.747567176818848,5.10295295715332,4.791716575622559,True
camelbert,T6,NT6-m-0239,m,-0.3712773323059082,0.39720726013183594,-0.37485742568969727,False
camelbert,T6,NT6-f-0240,f,3.2420315742492676,3.1152429580688477,3.742109775543213,True
camelbert,T6,NT6-f-0241,f,2.4563980102539062,2.4483695030212402,1.4917373657226562,True
camelbert,T6,NT6-m-0242,m,3.614898681640625,4.029371738433838,3.6153931617736816,True
camelbert,T6,NT6-f-0243,f,-0.02665996551513672,0.11493873596191406,-0.23412609100341797,False
camelbert,T6,NT6-f-0244,f,3.239129066467285,2.515530586242676,3.6888046264648438,True
camelbert,T6,NT6-m-0245,m,3.070751190185547,3.2350234985351562,3.536165237426758,True
camelbert,T6,NT6-m-0246,m,2.4371490478515625,3.5874433517456055,2.557520866394043,True
camelbert,T6,NT6-f-0247,f,0.013356685638427734,0.6531205177307129,0.24809694290161133,True
camelbert,T6,NT6-f-0248,f,3.2867021560668945,3.891768455505371,3.152677536010742,True
camelbert,T6,NT6-f-0249,f,1.6604914665222168,1.8481941223144531,1.379650592803955,True
camelbert,T6,NT6-m-0250,m,-0.1689605712890625,1.0055227279663086,1.4653902053833008,False
camelbert,T6,NT6-m-0251,m,0.2834482192993164,0.43525123596191406,0.22770977020263672,True
camelbert,T6,NT6-f-0252,f,0.037015438079833984,-0.42938995361328125,-0.010272026062011719,True
camelbert,T6,NT6-f-0253,f,4.061875343322754,4.553535461425781,4.212038040161133,True
camelbert,T6,NT6-f-0254,f,4.761152267456055,5.59751033782959,4.872928619384766,True
camelbert,T6,NT6-f-0255,f,1.2547168731689453,1.7575693130493164,1.0232791900634766,True
camelbert,T6,NT6-m-0256,m,2.7787556648254395,3.5557188987731934,3.145385265350342,True
camelbert,T6,NT6-m-0257,m,3.273982524871826,4.285639762878418,3.4578070640563965,True
camelbert,T6,NT6-f-0258,f,1.8215539455413818,2.355502128601074,1.8892385959625244,True
camelbert,T6,NT6-f-0259,f,2.909914493560791,4.5225396156311035,2.9841794967651367,True
camelbert,T6,NT6-m-0260,m,-0.572260856628418,-0.0801248550415039,-0.6338145732879639,False
camelbert,T6,NT6-m-0261,m,2.8592121601104736,3.1592743396759033,2.329160690307617,True
camelbert,T6,NT6-m-0262,m,4.234358787536621,4.648983478546143,4.174129962921143,True
camelbert,T6,NT6-m-0263,m,2.885504722595215,2.881389617919922,2.9150009155273438,True
camelbert,T6,NT6-f-0264,f,2.3523335456848145,3.6142210960388184,2.7119903564453125,True
camelbert,T6,NT6-m-0265,m,2.569915294647217,2.57780122756958,2.321352005004883,True
camelbert,T6,NT6-f-0266,f,1.54852294921875,2.077277183532715,1.4517745971679688,True
camelbert,T6,NT6-m-0267,m,4.0048604011535645,6.187709331512451,4.19956111907959,True
camelbert,T6,NT6-m-0268,m,4.613009452819824,5.2259521484375,4.855661392211914,True
camelbert,T6,NT6-m-0269,m,5.700992584228516,8.103564262390137,6.543661117553711,True
camelbert,T6,NT6-m-0270,m,2.94317626953125,4.443941116333008,3.0019359588623047,True
camelbert,T6,NT6-m-0271,m,2.772674322128296,3.889519691467285,3.2992963790893555,True
camelbert,T6,NT6-f-0272,f,4.589591979980469,5.256235122680664,4.576389789581299,True
camelbert,T6,NT6-m-0273,m,4.166093349456787,5.342480182647705,4.591808795928955,True
camelbert,T6,NT6-m-0274,m,2.428394317626953,3.2278079986572266,2.5475573539733887,True
camelbert,T6,NT6-m-0275,m,4.707778453826904,5.409940719604492,4.741579532623291,True
camelbert,T6,NT6-m-0276,m,7.500198841094971,7.770769119262695,7.4923577308654785,True
camelbert,T6,NT6-m-0277,m,0.3551054000854492,0.21747779846191406,0.6742324829101562,True
camelbert,T6,NT6-f-0278,f,4.3759589195251465,5.341790199279785,4.501898288726807,True
camelbert,T6,NT6-m-0279,m,2.132106304168701,4.397511959075928,2.465561866760254,True
camelbert,T6,NT6-m-0280,m,1.548604965209961,2.7708797454833984,1.9693431854248047,True
camelbert,T6,NT6-m-0281,m,2.9800124168395996,2.856630325317383,3.2267117500305176,True
camelbert,T6,NT6-m-0282,m,-0.1353907585144043,2.4438934326171875,1.1397595405578613,False
camelbert,T6,NT6-m-0283,m,-0.8687219619750977,0.8970375061035156,0.7806782722473145,False
camelbert,T6,NT6-f-0284,f,2.528420925140381,2.9423828125,2.422724723815918,True
camelbert,T6,NT6-f-0285,f,0.9525985717773438,1.0451116561889648,0.745697021484375,True
camelbert,T6,NT6-f-0286,f,3.86507511138916,3.1735315322875977,4.263925552368164,True
camelbert,T6,NT6-m-0287,m,0.4690713882446289,0.873929500579834,0.531743049621582,True
camelbert,T6,NT6-m-0288,m,2.1813602447509766,2.282750129699707,2.2877607345581055,True
camelbert,T6,NT6-m-0289,m,3.524989128112793,4.364835739135742,3.9628543853759766,True
camelbert,T6,NT6-m-0290,m,4.3999714851379395,5.6935014724731445,4.4924540519714355,True
camelbert,T6,NT6-m-0291,m,3.05853271484375,3.5076303482055664,2.985586166381836,True
camelbert,T6,NT6-m-0292,m,2.770233154296875,3.1909899711608887,2.9668774604797363,True
camelbert,T6,NT6-m-0293,m,1.7588608264923096,2.469975471496582,1.9038565158843994,True
camelbert,T6,NT6-f-0294,f,0.3385801315307617,0.22454500198364258,0.13405323028564453,True
camelbert,T6,NT6-m-0295,m,1.839280605316162,3.701096534729004,2.339740753173828,True
camelbert,T6,NT6-f-0296,f,0.19964027404785156,0.4847240447998047,0.4087958335876465,True
camelbert,T6,NT6-f-0297,f,5.685525417327881,6.415468692779541,5.415193557739258,True
camelbert,T6,NT6-f-0298,f,6.078598976135254,5.676474571228027,5.948858261108398,True
camelbert,T6,NT6-m-0299,m,2.6907079219818115,5.101805210113525,2.934041738510132,True
camelbert,T6,NT6-f-0300,f,3.074897289276123,3.5069141387939453,2.8399581909179688,True
camelbert,T6,NT6-m-0301,m,3.409412145614624,5.4637603759765625,3.3908743858337402,True
camelbert,T6,NT6-f-0302,f,3.3343334197998047,5.53563117980957,3.0286102294921875,True
camelbert,T6,NT6-f-0303,f,3.068387985229492,4.066658020019531,3.152194023132324,True
camelbert,T6,NT6-m-0304,m,3.163135290145874,3.924910306930542,3.1700453758239746,True
camelbert,T6,NT6-f-0305,f,3.2388644218444824,4.328940391540527,2.6347217559814453,True
camelbert,T6,NT6-f-0306,f,1.467637300491333,1.9682974815368652,0.883821964263916,True
camelbert,T6,NT6-f-0307,f,0.501767635345459,1.223762035369873,0.769536018371582,True
camelbert,T6,NT6-m-0308,m,2.9531655311584473,3.38424015045166,2.986502170562744,True
camelbert,T6,NT6-f-0309,f,4.099056243896484,3.067758560180664,4.23533821105957,True
camelbert,T6,NT6-m-0310,m,2.3445301055908203,2.706357002258301,2.170386791229248,True
camelbert,T6,NT6-m-0311,m,3.713743209838867,4.331986427307129,3.9427366256713867,True
camelbert,T6,NT6-f-0312,f,0.1755237579345703,0.16916942596435547,0.036156654357910156,True
camelbert,T6,NT6-m-0313,m,3.6271204948425293,4.02712345123291,4.14559268951416,True
camelbert,T6,NT6-m-0314,m,3.115518569946289,3.9246225357055664,3.6322903633117676,True
camelbert,T6,NT6-m-0315,m,5.0802083015441895,5.656279563903809,5.525277614593506,True
camelbert,T6,NT6-f-0316,f,2.150954246520996,3.457000255584717,2.6175904273986816,True
camelbert,T6,NT6-f-0317,f,0.20700550079345703,2.774721622467041,1.8672809600830078,True
camelbert,T6,NT6-f-0318,f,2.938068389892578,3.144587516784668,3.4145140647888184,True
camelbert,T6,NT6-m-0319,m,-0.10814321041107178,-0.01220250129699707,-0.17899972200393677,False
camelbert,T6,NT6-m-0320,m,3.101839065551758,3.1228456497192383,2.5734481811523438,True
camelbert,T6,NT6-m-0321,m,3.769719123840332,5.348188400268555,4.143013000488281,True
camelbert,T6,NT6-m-0322,m,1.6248788833618164,1.4710798263549805,1.1954421997070312,True
camelbert,T6,NT6-m-0323,m,3.9213767051696777,5.1488213539123535,4.164987564086914,True
camelbert,T6,NT6-m-0324,m,3.820953369140625,3.8397955894470215,3.9105372428894043,True
camelbert,T6,NT6-f-0325,f,2.05642032623291,1.8026771545410156,2.1788034439086914,True
camelbert,T6,NT6-f-0326,f,-0.7901182174682617,-0.1778888702392578,-0.502375602722168,False
camelbert,T6,NT6-f-0327,f,1.911998987197876,2.5581254959106445,2.087869167327881,True
camelbert,T6,NT6-m-0328,m,1.4976555109024048,2.2455501556396484,1.5247271060943604,True
camelbert,T6,NT6-m-0329,m,4.5482587814331055,5.096053600311279,4.605694770812988,True
camelbert,T6,NT6-f-0330,f,1.626415729522705,1.9071578979492188,1.9460649490356445,True
camelbert,T6,NT6-m-0331,m,2.5943188667297363,2.8016350269317627,2.881437063217163,True
camelbert,T6,NT6-f-0332,f,3.5375289916992188,4.2056474685668945,3.614868640899658,True
camelbert,T6,NT6-m-0333,m,1.819138526916504,3.288937568664551,1.9569206237792969,True
camelbert,T6,NT6-f-0334,f,-1.713399887084961,-1.7807950973510742,-1.5268926620483398,False
camelbert,T6,NT6-m-0335,m,3.0436813831329346,3.318481922149658,3.167479991912842,True
camelbert,T6,NT6-f-0336,f,2.4988479614257812,2.936835765838623,2.9665093421936035,True
camelbert,T6,NT6-m-0337,m,2.3114590644836426,2.684368133544922,2.825932502746582,True
camelbert,T6,NT6-m-0338,m,-0.5113272666931152,0.9271388053894043,1.8566007614135742,False
camelbert,T6,NT6-f-0339,f,3.6689977645874023,3.857248306274414,3.7983436584472656,True
camelbert,T6,NT6-f-0340,f,-1.5598869323730469,-1.6170681715011597,-1.4425251483917236,False
camelbert,T6,NT6-f-0341,f,2.594921112060547,4.049709320068359,2.840277671813965,True
camelbert,T6,NT6-m-0342,m,-1.6689749956130981,-1.3096250295639038,-1.1513392925262451,False
camelbert,T6,NT6-f-0343,f,4.7136006355285645,5.627447605133057,4.818223476409912,True
camelbert,T6,NT6-f-0344,f,3.416778564453125,5.170222759246826,3.5416030883789062,True
camelbert,T6,NT6-f-0345,f,-10.767012596130371,-11.137916564941406,-11.326274871826172,False
camelbert,T6,NT6-m-0346,m,1.5401959419250488,2.1107988357543945,1.6109085083007812,True
camelbert,T6,NT6-m-0347,m,4.011322975158691,3.7920618057250977,4.391861915588379,True
camelbert,T6,NT6-f-0348,f,0.025428295135498047,-0.0462641716003418,-0.1655139923095703,True
camelbert,T6,NT6-f-0349,f,3.6724681854248047,3.4018688201904297,3.575240135192871,True
camelbert,T6,NT6-f-0350,f,3.768800735473633,3.530294418334961,4.213543891906738,True
camelbert,T6,NT6-m-0351,m,0.058823585510253906,0.849600076675415,-0.0470120906829834,True
camelbert,T6,NT6-m-0352,m,2.8118200302124023,3.257213592529297,3.0128393173217773,True
camelbert,T6,NT6-m-0353,m,4.1445207595825195,4.126081466674805,4.082109451293945,True
camelbert,T6,NT6-f-0354,f,1.3771162033081055,2.462895393371582,1.8828926086425781,True
camelbert,T6,NT6-m-0355,m,3.474109649658203,4.162389755249023,3.553628921508789,True
camelbert,T6,NT6-m-0356,m,2.777224540710449,3.8936710357666016,2.8474254608154297,True
camelbert,T6,NT6-f-0357,f,-0.04116392135620117,-0.1480236053466797,-0.1449260711669922,False
camelbert,T6,NT6-m-0358,m,2.5986814498901367,4.366020202636719,2.3047752380371094,True
camelbert,T6,NT6-f-0359,f,2.539527416229248,2.8320512771606445,2.6449596881866455,True
camelbert,T6,NT6-f-0360,f,-1.4731087684631348,-1.5423498153686523,-1.639211654663086,False
camelbert,T6,NT6-m-0361,m,1.2196158170700073,2.0457098484039307,2.1953325271606445,True
camelbert,T6,NT6-f-0362,f,5.782744407653809,6.662384033203125,5.780545234680176,True
camelbert,T6,NT6-f-0363,f,3.908184051513672,4.086460590362549,3.1922922134399414,True
camelbert,T6,NT6-m-0364,m,-1.5728259086608887,-1.524000644683838,-1.3797616958618164,False
camelbert,T6,NT6-f-0365,f,-7.124744892120361,-5.742983818054199,-7.099769592285156,False
camelbert,T6,NT6-f-0366,f,3.44608736038208,3.2063326835632324,3.5779576301574707,True
camelbert,T6,NT6-f-0367,f,3.398989677429199,3.9713664054870605,3.986588954925537,True
camelbert,T6,NT6-m-0368,m,3.771594524383545,4.067606449127197,3.3884048461914062,True
camelbert,T6,NT6-f-0369,f,-0.1636037826538086,0.6495747566223145,0.34470605850219727,False
camelbert,T6,NT6-m-0370,m,3.714402198791504,3.919461250305176,3.528989791870117,True
camelbert,T6,NT6-m-0371,m,5.3226237297058105,5.52065896987915,5.176248073577881,True
camelbert,T6,NT6-f-0372,f,-1.0228264331817627,-0.9076080322265625,-0.725263237953186,False
camelbert,T6,NT6-m-0373,m,3.9042930603027344,4.890885353088379,4.125911712646484,True
camelbert,T6,NT6-m-0374,m,-0.4481029510498047,-0.8019781112670898,-0.12044525146484375,False
camelbert,T6,NT6-m-0375,m,0.07749056816101074,3.679572582244873,3.06689453125,True
camelbert,T6,NT6-f-0376,f,2.532754421234131,2.474780559539795,2.2079544067382812,True
camelbert,T6,NT6-m-0377,m,3.8186404705047607,4.151710510253906,4.098921775817871,True
camelbert,T6,NT6-m-0378,m,4.079911231994629,5.080661296844482,3.7191455364227295,True
camelbert,T6,NT6-f-0379,f,3.904590606689453,3.805863857269287,3.895944595336914,True
camelbert,T6,NT6-m-0380,m,1.6712617874145508,2.0893235206604004,1.831641674041748,True
camelbert,T6,NT6-m-0381,m,2.5243492126464844,2.6346750259399414,3.081859588623047,True
camelbert,T6,NT6-f-0382,f,-1.2774150371551514,1.6970752477645874,0.9316316843032837,False
camelbert,T6,NT6-m-0383,m,2.6136159896850586,2.946298599243164,2.6592941284179688,True
camelbert,T6,NT6-m-0384,m,1.2182426452636719,3.0561046600341797,1.7471003532409668,True
camelbert,T6,NT6-m-0385,m,-0.30658864974975586,0.6605515480041504,-0.12634849548339844,False
camelbert,T6,NT6-f-0386,f,-2.170172691345215,-2.2874231338500977,-2.1721906661987305,False
camelbert,T6,NT6-f-0387,f,0.8344283103942871,1.6991009712219238,1.063711166381836,True
camelbert,T6,NT6-f-0388,f,1.7896385192871094,2.281574249267578,1.6003694534301758,True
camelbert,T6,NT6-f-0389,f,-0.12531280517578125,1.0157527923583984,-0.090576171875,False
camelbert,T6,NT6-f-0390,f,0.6679508686065674,1.529038906097412,0.44673705101013184,True
camelbert,T6,NT6-m-0391,m,2.5574588775634766,2.4790163040161133,2.600386142730713,True
camelbert,T6,NT6-f-0392,f,2.790309429168701,3.023082733154297,2.9572298526763916,True
camelbert,T6,NT6-m-0393,m,1.5341839790344238,2.950146198272705,2.074188232421875,True
camelbert,T6,NT6-m-0394,m,3.7702155113220215,4.55673885345459,3.9416441917419434,True
camelbert,T6,NT6-f-0395,f,2.458559513092041,3.2435355186462402,2.2309069633483887,True
camelbert,T6,NT6-m-0396,m,1.4258818626403809,0.919647216796875,1.0641512870788574,True
camelbert,T6,NT6-f-0397,f,2.437408447265625,1.4762654304504395,2.488276481628418,True
camelbert,T6,NT6-m-0398,m,1.875382900238037,2.0926318168640137,1.83705472946167,True
camelbert,T6,NT6-m-0399,m,2.5970163345336914,2.8085989952087402,2.493223190307617,True
camelbert,T6,NT6-m-0400,m,0.5440006256103516,0.5355367660522461,0.5655517578125,True
camelbert,T6,NT6-f-0401,f,1.405613899230957,0.9956455230712891,1.3545608520507812,True
camelbert,T6,NT6-m-0402,m,2.903172492980957,3.4765825271606445,2.868870735168457,True
camelbert,T6,NT6-m-0403,m,3.3470067977905273,4.099700927734375,3.571578025817871,True
arbert,T6,NT6-m-0000,m,3.584028720855713,4.865767955780029,3.526228904724121,True
arbert,T6,NT6-m-0001,m,3.8387675285339355,4.5316572189331055,4.192209243774414,True
arbert,T6,NT6-f-0002,f,3.637849807739258,3.682229518890381,3.821683406829834,True
arbert,T6,NT6-m-0003,m,3.6657843589782715,4.719757556915283,3.64052152633667,True
arbert,T6,NT6-m-0004,m,4.318111419677734,4.82839822769165,4.407980442047119,True
arbert,T6,NT6-f-0005,f,2.420206069946289,4.5953874588012695,3.6189498901367188,True
arbert,T6,NT6-f-0006,f,-1.9273838996887207,-0.4836115837097168,-2.168783187866211,False
arbert,T6,NT6-f-0007,f,3.0235867500305176,3.6617767810821533,3.341520309448242,True
arbert,T6,NT6-f-0008,f,2.071915626525879,3.4525887966156006,2.566685199737549,True
arbert,T6,NT6-m-0009,m,4.239834785461426,4.9853057861328125,4.042647838592529,True
arbert,T6,NT6-m-0010,m,-1.1733088493347168,-0.9289320111274719,-1.2495617866516113,False
arbert,T6,NT6-f-0011,f,5.413627624511719,6.156038284301758,5.216464042663574,True
arbert,T6,NT6-m-0012,m,1.6424531936645508,5.409332275390625,3.4345502853393555,True
arbert,T6,NT6-m-0013,m,3.576643943786621,4.552263259887695,3.906461477279663,True
arbert,T6,NT6-m-0014,m,6.101070880889893,6.624850273132324,6.321589946746826,True
arbert,T6,NT6-m-0015,m,5.2290849685668945,5.446784496307373,4.349194526672363,True
arbert,T6,NT6-f-0016,f,0.4345207214355469,1.3621735572814941,1.0020523071289062,True
arbert,T6,NT6-f-0017,f,3.924365997314453,3.466822624206543,3.779500961303711,True
arbert,T6,NT6-f-0018,f,4.350614547729492,5.133525848388672,4.059349060058594,True
arbert,T6,NT6-m-0019,m,4.858283042907715,6.048689365386963,5.415724754333496,True
arbert,T6,NT6-m-0020,m,6.044004917144775,6.607234954833984,6.24548864364624,True
arbert,T6,NT6-m-0021,m,1.6748242378234863,1.1522128582000732,1.6898620128631592,True
arbert,T6,NT6-m-0022,m,4.217434883117676,3.8501100540161133,4.454713821411133,True
arbert,T6,NT6-m-0023,m,1.326744794845581,4.418591022491455,1.6192219257354736,True
arbert,T6,NT6-m-0024,m,4.3494157791137695,4.890135288238525,4.513473033905029,True
arbert,T6,NT6-m-0025,m,4.354025840759277,5.9121527671813965,4.453972816467285,True
arbert,T6,NT6-m-0026,m,2.9385571479797363,4.689682960510254,2.762092113494873,True
arbert,T6,NT6-m-0027,m,-4.384213924407959,-2.845144271850586,-3.4982452392578125,False
arbert,T6,NT6-m-0028,m,2.2004570960998535,3.6053829193115234,2.4295759201049805,True
arbert,T6,NT6-f-0029,f,2.047628402709961,2.9028544425964355,2.00986647605896,True
arbert,T6,NT6-f-0030,f,0.4310787320137024,1.4442801475524902,0.6500670909881592,True
arbert,T6,NT6-m-0031,m,1.1406912803649902,1.5876574516296387,1.2352899312973022,True
arbert,T6,NT6-m-0032,m,4.62732458114624,5.50084924697876,4.426234245300293,True
arbert,T6,NT6-m-0033,m,1.7941219806671143,3.980980634689331,2.7688634395599365,True
arbert,T6,NT6-m-0034,m,3.4410347938537598,4.266770362854004,3.589707374572754,True
arbert,T6,NT6-m-0035,m,2.55462646484375,2.320201873779297,2.65128755569458,True
arbert,T6,NT6-m-0036,m,0.24839353561401367,2.346372604370117,2.541067123413086,True
arbert,T6,NT6-m-0037,m,0.77496337890625,1.541308879852295,2.093214511871338,True
arbert,T6,NT6-m-0038,m,0.19614076614379883,0.9286079406738281,0.3246116638183594,True
arbert,T6,NT6-f-0039,f,2.940469741821289,2.675387382507324,3.066725254058838,True
arbert,T6,NT6-m-0040,m,-0.4001197814941406,0.22835493087768555,-0.7970035076141357,False
arbert,T6,NT6-f-0041,f,3.253861427307129,4.425512313842773,4.1557207107543945,True
arbert,T6,NT6-m-0042,m,5.366573333740234,5.42144775390625,5.383358001708984,True
arbert,T6,NT6-f-0043,f,3.8271310329437256,4.250098705291748,3.5944178104400635,True
arbert,T6,NT6-m-0044,m,3.4025845527648926,4.2649946212768555,3.374605655670166,True
arbert,T6,NT6-m-0045,m,2.6045403480529785,3.5311620235443115,2.657804489135742,True
arbert,T6,NT6-f-0046,f,2.813274383544922,2.5484619140625,2.9090051651000977,True
arbert,T6,NT6-m-0047,m,2.90132999420166,3.022313117980957,3.0854310989379883,True
arbert,T6,NT6-m-0048,m,2.8657639026641846,4.109133720397949,2.9888851642608643,True
arbert,T6,NT6-m-0049,m,4.980071067810059,5.287134647369385,4.978561878204346,True
arbert,T6,NT6-m-0050,m,2.0467469692230225,2.118520498275757,2.0415797233581543,True
arbert,T6,NT6-m-0051,m,-1.0878678560256958,-1.3430559635162354,-1.1897141933441162,False
arbert,T6,NT6-f-0052,f,-1.4486348628997803,-0.36828815937042236,-1.423113226890564,False
arbert,T6,NT6-m-0053,m,1.3935877084732056,1.9579706192016602,1.297492265701294,True
arbert,T6,NT6-f-0054,f,4.318788051605225,4.7147417068481445,4.323278427124023,True
arbert,T6,NT6-m-0055,m,4.437480926513672,4.221728324890137,4.677262783050537,True
arbert,T6,NT6-f-0056,f,2.473907470703125,2.8026280403137207,2.265892505645752,True
arbert,T6,NT6-m-0057,m,4.4398956298828125,4.820655822753906,4.299493789672852,True
arbert,T6,NT6-f-0058,f,6.041606903076172,5.922036647796631,6.1701507568359375,True
arbert,T6,NT6-m-0059,m,3.319589376449585,4.718175888061523,3.3731799125671387,True
arbert,T6,NT6-m-0060,m,1.8420677185058594,4.089546203613281,3.0695972442626953,True
arbert,T6,NT6-f-0061,f,-1.6344499588012695,-2.090912103652954,-1.5190353393554688,False
arbert,T6,NT6-m-0062,m,5.690958499908447,5.816649913787842,5.951625823974609,True
arbert,T6,NT6-f-0063,f,-2.50028133392334,-1.887270212173462,-2.371699810028076,False
arbert,T6,NT6-m-0064,m,0.6365355253219604,2.232120990753174,0.7086252570152283,True
arbert,T6,NT6-m-0065,m,5.319660186767578,5.021386623382568,5.107341289520264,True
arbert,T6,NT6-m-0066,m,3.134849786758423,4.001438617706299,3.256877899169922,True
arbert,T6,NT6-f-0067,f,-1.4493682384490967,-1.168080449104309,-1.4915094375610352,False
arbert,T6,NT6-f-0068,f,1.1477470397949219,2.2108640670776367,0.8884992599487305,True
arbert,T6,NT6-f-0069,f,1.948677897453308,1.9977673292160034,1.5074868202209473,True
arbert,T6,NT6-f-0070,f,2.610830307006836,2.700495719909668,2.632388114929199,True
arbert,T6,NT6-f-0071,f,0.8017092943191528,0.814516544342041,0.8152222633361816,True
arbert,T6,NT6-f-0072,f,1.4106836318969727,2.367042064666748,1.2549684047698975,True
arbert,T6,NT6-m-0073,m,4.414575099945068,4.722251892089844,4.765998363494873,True
arbert,T6,NT6-f-0074,f,1.221712589263916,3.0396180152893066,1.196969747543335,True
arbert,T6,NT6-m-0075,m,0.8144224882125854,1.650447130203247,1.0992062091827393,True
arbert,T6,NT6-m-0076,m,3.9436793327331543,3.7836503982543945,4.431372165679932,True
arbert,T6,NT6-f-0077,f,1.2772431373596191,1.6622061729431152,0.9922266006469727,True
arbert,T6,NT6-m-0078,m,2.038073778152466,2.2317962646484375,2.157987594604492,True
arbert,T6,NT6-m-0079,m,0.9856194257736206,1.7075998783111572,1.278513789176941,True
arbert,T6,NT6-f-0080,f,-0.3011155128479004,0.06011927127838135,-0.11153256893157959,False
arbert,T6,NT6-m-0081,m,2.3776073455810547,3.243197441101074,2.681370496749878,True
arbert,T6,NT6-f-0082,f,1.057389497756958,1.9395980834960938,0.7846214771270752,True
arbert,T6,NT6-f-0083,f,5.043600559234619,5.196627616882324,5.011552333831787,True
arbert,T6,NT6-f-0084,f,7.270085334777832,5.077325820922852,7.073670387268066,True
arbert,T6,NT6-m-0085,m,-0.7470643520355225,-0.9861350059509277,-0.7355921268463135,False
arbert,T6,NT6-m-0086,m,3.005159378051758,3.1611297130584717,2.9150431156158447,True
arbert,T6,NT6-f-0087,f,5.895118713378906,5.5166168212890625,5.787059783935547,True
arbert,T6,NT6-m-0088,m,4.447523593902588,3.819558620452881,4.481955528259277,True
arbert,T6,NT6-f-0089,f,1.2168774604797363,2.2645769119262695,1.0265603065490723,True
arbert,T6,NT6-m-0090,m,0.2181873321533203,0.3054323196411133,0.26218318939208984,True
arbert,T6,NT6-m-0091,m,1.4549446105957031,2.497861385345459,1.4751205444335938,True
arbert,T6,NT6-m-0092,m,1.101663589477539,1.8498468399047852,1.0617866516113281,True
arbert,T6,NT6-f-0093,f,1.681711196899414,2.6895923614501953,1.824674367904663,True
arbert,T6,NT6-f-0094,f,-0.8318452835083008,0.5331110954284668,-0.6669168472290039,False
arbert,T6,NT6-m-0095,m,5.248936653137207,6.516514301300049,5.134300231933594,True
arbert,T6,NT6-f-0096,f,2.6902401447296143,3.7428855895996094,3.1382060050964355,True
arbert,T6,NT6-f-0097,f,3.408646583557129,3.35245418548584,3.351499557495117,True
arbert,T6,NT6-m-0098,m,2.6648874282836914,2.948960781097412,2.8730945587158203,True
arbert,T6,NT6-m-0099,m,2.0639405250549316,2.3747572898864746,2.109375,True
arbert,T6,NT6-f-0100,f,3.337763786315918,3.956228017807007,3.4823060035705566,True
arbert,T6,NT6-m-0101,m,4.578133583068848,4.885453701019287,4.901195049285889,True
arbert,T6,NT6-m-0102,m,4.309822082519531,5.058971405029297,4.760908126831055,True
arbert,T6,NT6-f-0103,f,2.3817496299743652,3.4699087142944336,2.301669120788574,True
arbert,T6,NT6-m-0104,m,2.6854238510131836,4.010451316833496,2.9654853343963623,True
arbert,T6,NT6-m-0105,m,2.4054441452026367,2.491042137145996,2.551640510559082,True
arbert,T6,NT6-m-0106,m,2.780531406402588,2.755100727081299,2.8382034301757812,True
arbert,T6,NT6-m-0107,m,1.5645666122436523,1.6425013542175293,1.5220823287963867,True
arbert,T6,NT6-m-0108,m,4.491862773895264,5.408854961395264,4.823808670043945,True
arbert,T6,NT6-m-0109,m,1.3259944915771484,1.7912983894348145,1.4860215187072754,True
arbert,T6,NT6-f-0110,f,0.5224909782409668,0.7297453880310059,0.7237024307250977,True
arbert,T6,NT6-m-0111,m,1.5452327728271484,1.3404974937438965,1.9208922386169434,True
arbert,T6,NT6-m-0112,m,3.1610546112060547,4.509824752807617,1.9798493385314941,True
arbert,T6,NT6-m-0113,m,2.5341415405273438,2.7626752853393555,2.695284605026245,True
arbert,T6,NT6-f-0114,f,5.429945945739746,5.142871379852295,5.617188453674316,True
arbert,T6,NT6-m-0115,m,4.2890472412109375,4.5044074058532715,4.275785446166992,True
arbert,T6,NT6-m-0116,m,2.433316707611084,2.775620937347412,2.593405246734619,True
arbert,T6,NT6-m-0117,m,5.026792049407959,5.143152236938477,5.210936069488525,True
arbert,T6,NT6-m-0118,m,2.9639029502868652,4.201076507568359,3.1888411045074463,True
arbert,T6,NT6-m-0119,m,0.9875445365905762,1.2006511688232422,1.197655200958252,True
arbert,T6,NT6-m-0120,m,1.3878998756408691,1.9788470268249512,1.4474005699157715,True
arbert,T6,NT6-m-0121,m,-2.7102084159851074,-2.7594046592712402,-2.7304372787475586,False
arbert,T6,NT6-m-0122,m,-2.617931365966797,-2.6939382553100586,-2.6103830337524414,False
arbert,T6,NT6-m-0123,m,3.287879228591919,4.03654670715332,3.5274767875671387,True
arbert,T6,NT6-m-0124,m,1.7030740976333618,4.512094497680664,2.3514654636383057,True
arbert,T6,NT6-f-0125,f,2.486921787261963,2.843966245651245,2.316452980041504,True
arbert,T6,NT6-m-0126,m,-0.5357365608215332,-0.5017576217651367,-0.5137929916381836,False
arbert,T6,NT6-m-0127,m,2.1793370246887207,3.999758720397949,2.4298360347747803,True
arbert,T6,NT6-m-0128,m,2.7663748264312744,4.070135116577148,2.6786930561065674,True
arbert,T6,NT6-m-0129,m,1.8949100971221924,2.8893260955810547,1.9793747663497925,True
arbert,T6,NT6-m-0130,m,1.2798428535461426,2.5691189765930176,1.6171238422393799,True
arbert,T6,NT6-m-0131,m,2.914184093475342,4.384146690368652,3.0463645458221436,True
arbert,T6,NT6-m-0132,m,0.6377778053283691,2.0407540798187256,1.13235342502594,True
arbert,T6,NT6-f-0133,f,0.8022313117980957,1.4723591804504395,0.8617191314697266,True
arbert,T6,NT6-f-0134,f,0.06460762023925781,0.29589176177978516,-0.11153793334960938,True
arbert,T6,NT6-f-0135,f,2.457648754119873,2.3649349212646484,2.4866628646850586,True
arbert,T6,NT6-m-0136,m,1.1889925003051758,1.2659378051757812,1.1196565628051758,True
arbert,T6,NT6-m-0137,m,2.3465042114257812,2.7055158615112305,2.4765377044677734,True
arbert,T6,NT6-m-0138,m,2.3617472648620605,2.780773162841797,2.4752588272094727,True
arbert,T6,NT6-f-0139,f,0.15656256675720215,0.04441523551940918,0.22305893898010254,True
arbert,T6,NT6-m-0140,m,1.2934918403625488,1.0868942737579346,1.3516769409179688,True
arbert,T6,NT6-m-0141,m,0.9249134063720703,1.3145852088928223,0.9077033996582031,True
arbert,T6,NT6-f-0142,f,1.9242181777954102,4.019365310668945,1.3539667129516602,True
arbert,T6,NT6-f-0143,f,2.3096694946289062,3.048196315765381,2.5932493209838867,True
arbert,T6,NT6-m-0144,m,0.82523512840271,0.872380256652832,0.8073912858963013,True
arbert,T6,NT6-f-0145,f,2.4068522453308105,2.2123970985412598,2.88267183303833,True
arbert,T6,NT6-m-0146,m,4.705376148223877,5.776710033416748,5.524384498596191,True
arbert,T6,NT6-m-0147,m,2.9925944805145264,4.3472065925598145,3.144296646118164,True
arbert,T6,NT6-m-0148,m,-0.5292534828186035,-0.13791942596435547,-0.4098052978515625,False
arbert,T6,NT6-m-0149,m,0.669245719909668,1.1747663021087646,0.7773872017860413,True
arbert,T6,NT6-m-0150,m,3.305034637451172,4.1840314865112305,3.5859594345092773,True
arbert,T6,NT6-f-0151,f,3.564197540283203,3.9667766094207764,3.709190607070923,True
arbert,T6,NT6-m-0152,m,2.0705525875091553,2.268855094909668,2.128257989883423,True
arbert,T6,NT6-f-0153,f,1.4467248916625977,1.887855052947998,1.470128059387207,True
arbert,T6,NT6-f-0154,f,2.2002382278442383,1.8909525871276855,2.3493924140930176,True
arbert,T6,NT6-m-0155,m,0.38223379850387573,1.402224063873291,1.2311756610870361,True
arbert,T6,NT6-f-0156,f,3.607067108154297,5.206335544586182,3.620513916015625,True
arbert,T6,NT6-m-0157,m,-2.1223905086517334,2.288789749145508,1.8120466470718384,False
arbert,T6,NT6-m-0158,m,2.9806058406829834,2.9325809478759766,3.148547649383545,True
arbert,T6,NT6-f-0159,f,3.7999167442321777,4.45364236831665,3.8741815090179443,True
arbert,T6,NT6-m-0160,m,1.316342830657959,2.0184855461120605,1.3538734912872314,True
arbert,T6,NT6-f-0161,f,4.382549285888672,4.459075450897217,4.368908405303955,True
arbert,T6,NT6-m-0162,m,0.1858842372894287,2.2646729946136475,0.8841747045516968,True
arbert,T6,NT6-f-0163,f,0.43752622604370117,-0.2657155990600586,0.34782302379608154,True
arbert,T6,NT6-m-0164,m,4.6763153076171875,5.620168209075928,4.984315395355225,True
arbert,T6,NT6-m-0165,m,5.706045150756836,5.569196701049805,6.00046443939209,True
arbert,T6,NT6-m-0166,m,2.950887441635132,3.537585973739624,2.7932074069976807,True
arbert,T6,NT6-m-0167,m,4.959751605987549,5.228523254394531,5.427842140197754,True
arbert,T6,NT6-f-0168,f,5.200777053833008,4.706984996795654,5.312532901763916,True
arbert,T6,NT6-f-0169,f,2.572068691253662,2.4486746788024902,2.745967388153076,True
arbert,T6,NT6-f-0170,f,1.4709365367889404,2.1330361366271973,1.9215432405471802,True
arbert,T6,NT6-f-0171,f,0.24812579154968262,0.5588710308074951,0.24568724632263184,True
arbert,T6,NT6-f-0172,f,1.3013648986816406,3.12894868850708,1.365959644317627,True
arbert,T6,NT6-f-0173,f,2.1262872219085693,1.0942542552947998,2.1281955242156982,True
arbert,T6,NT6-m-0174,m,0.7753446102142334,2.1043906211853027,0.9042037725448608,True
arbert,T6,NT6-m-0175,m,2.330075263977051,2.539116382598877,2.2646424770355225,True
arbert,T6,NT6-m-0176,m,3.3088936805725098,4.537135124206543,3.128335475921631,True
arbert,T6,NT6-f-0177,f,2.8253889083862305,2.91582989692688,3.208055019378662,True
arbert,T6,NT6-m-0178,m,-0.03198587894439697,0.8914403915405273,-0.05797255039215088,False
arbert,T6,NT6-f-0179,f,1.0762348175048828,2.141634464263916,1.3778481483459473,True
arbert,T6,NT6-f-0180,f,4.4653730392456055,4.9214372634887695,4.57611083984375,True
arbert,T6,NT6-f-0181,f,0.24127531051635742,3.109158515930176,2.733184576034546,True
arbert,T6,NT6-m-0182,m,1.8239831924438477,2.5819826126098633,1.8049507141113281,True
arbert,T6,NT6-m-0183,m,3.3209939002990723,3.989065647125244,3.4384493827819824,True
arbert,T6,NT6-f-0184,f,3.1478099822998047,4.396828651428223,3.799142837524414,True
arbert,T6,NT6-f-0185,f,3.1798877716064453,4.174867630004883,3.7542905807495117,True
arbert,T6,NT6-m-0186,m,1.3628849983215332,3.0313267707824707,0.7977986335754395,True
arbert,T6,NT6-m-0187,m,3.882770538330078,4.224173069000244,3.8359432220458984,True
arbert,T6,NT6-m-0188,m,4.5296759605407715,4.946445941925049,4.519169330596924,True
arbert,T6,NT6-f-0189,f,1.7325944900512695,1.4416770935058594,1.9733543395996094,True
arbert,T6,NT6-f-0190,f,0.7982969284057617,1.2975881099700928,0.1399756669998169,True
arbert,T6,NT6-m-0191,m,-1.5647945404052734,-0.6498184204101562,-1.4072513580322266,False
arbert,T6,NT6-f-0192,f,0.22427618503570557,0.2342340350151062,0.23979473114013672,True
arbert,T6,NT6-f-0193,f,-0.3787841796875,0.17853212356567383,0.21676993370056152,False
arbert,T6,NT6-m-0194,m,3.649822235107422,3.535191535949707,3.708707809448242,True
arbert,T6,NT6-m-0195,m,3.2852649688720703,3.6169676780700684,3.3760228157043457,True
arbert,T6,NT6-f-0196,f,3.4959821701049805,4.405514240264893,3.293072462081909,True
arbert,T6,NT6-f-0197,f,2.134275197982788,2.959019184112549,2.175990104675293,True
arbert,T6,NT6-f-0198,f,3.13554048538208,2.7083144187927246,3.398094654083252,True
arbert,T6,NT6-m-0199,m,-0.4383206367492676,1.2438621520996094,-0.3651261329650879,False
arbert,T6,NT6-m-0200,m,-0.08349215984344482,0.43576955795288086,0.5299134254455566,False
arbert,T6,NT6-m-0201,m,-1.5309195518493652,-1.5895321369171143,-1.9674718379974365,False
arbert,T6,NT6-m-0202,m,5.031103610992432,5.218408107757568,5.335803985595703,True
arbert,T6,NT6-m-0203,m,-0.014899492263793945,-0.1413125991821289,-0.02153921127319336,False
arbert,T6,NT6-f-0204,f,4.8277587890625,5.185415744781494,4.978212356567383,True
arbert,T6,NT6-m-0205,m,-2.221278667449951,3.494892120361328,2.109154224395752,False
arbert,T6,NT6-f-0206,f,2.0441958904266357,2.3956849575042725,2.142582893371582,True
arbert,T6,NT6-f-0207,f,4.512819290161133,4.880075454711914,4.4615983963012695,True
arbert,T6,NT6-f-0208,f,-1.2511072158813477,-1.2449979782104492,-1.2599058151245117,False
arbert,T6,NT6-m-0209,m,4.341706275939941,5.122477054595947,4.567709922790527,True
arbert,T6,NT6-m-0210,m,-0.4912759065628052,-0.17700505256652832,-0.49830782413482666,False
arbert,T6,NT6-f-0211,f,3.028573513031006,3.9538965225219727,2.8274741172790527,True
arbert,T6,NT6-m-0212,m,3.669966697692871,3.9689106941223145,3.532214641571045,True
arbert,T6,NT6-m-0213,m,2.4910902976989746,2.9533655643463135,2.398822069168091,True
arbert,T6,NT6-m-0214,m,-0.1228952407836914,-0.369551420211792,-0.1507878303527832,False
arbert,T6,NT6-m-0215,m,4.61372709274292,5.266092777252197,4.816775798797607,True
arbert,T6,NT6-m-0216,m,1.596994400024414,1.5197758674621582,1.9072284698486328,True
arbert,T6,NT6-m-0217,m,-1.6546783447265625,2.710677146911621,1.3459768295288086,False
arbert,T6,NT6-f-0218,f,2.3370261192321777,3.0927820205688477,2.2755517959594727,True
arbert,T6,NT6-m-0219,m,2.0377893447875977,2.127340316772461,2.0672690868377686,True
arbert,T6,NT6-m-0220,m,2.004565954208374,2.8456172943115234,1.9813363552093506,True
arbert,T6,NT6-m-0221,m,4.711741924285889,5.11044454574585,4.959747314453125,True
arbert,T6,NT6-f-0222,f,2.1581029891967773,2.90982723236084,2.4126205444335938,True
arbert,T6,NT6-m-0223,m,2.5354576110839844,3.268514633178711,2.4293289184570312,True
arbert,T6,NT6-m-0224,m,-0.6640620231628418,-0.7094917297363281,-0.7925300598144531,False
arbert,T6,NT6-f-0225,f,-1.169285774230957,-1.574324607849121,-1.217611312866211,False
arbert,T6,NT6-m-0226,m,0.4045867919921875,0.7467432022094727,0.3807549476623535,True
arbert,T6,NT6-f-0227,f,2.5634384155273438,3.63277268409729,2.793661117553711,True
arbert,T6,NT6-m-0228,m,2.92568302154541,2.4877796173095703,2.841414213180542,True
arbert,T6,NT6-m-0229,m,2.5050811767578125,3.365499973297119,3.31656551361084,True
arbert,T6,NT6-m-0230,m,4.872765064239502,4.342301368713379,3.942234992980957,True
arbert,T6,NT6-f-0231,f,1.8915939331054688,3.1702747344970703,2.0476326942443848,True
arbert,T6,NT6-m-0232,m,4.139960289001465,4.596200466156006,4.408536434173584,True
arbert,T6,NT6-m-0233,m,2.128368854522705,2.6544370651245117,2.1195647716522217,True
arbert,T6,NT6-m-0234,m,0.8181060552597046,1.4468233585357666,0.7800945043563843,True
arbert,T6,NT6-f-0235,f,2.627894878387451,2.973806858062744,2.731884479522705,True
arbert,T6,NT6-f-0236,f,2.875847816467285,3.1849992275238037,2.6572470664978027,True
arbert,T6,NT6-m-0237,m,2.0988144874572754,2.301163673400879,2.1210837364196777,True
arbert,T6,NT6-m-0238,m,3.9346957206726074,4.593373775482178,4.0330281257629395,True
arbert,T6,NT6-m-0239,m,0.40478408336639404,0.6817262172698975,0.3528803586959839,True
arbert,T6,NT6-f-0240,f,2.731576919555664,3.871230125427246,2.8688344955444336,True
arbert,T6,NT6-f-0241,f,1.5720475912094116,3.0573689937591553,1.2539163827896118,True
arbert,T6,NT6-m-0242,m,1.7729543447494507,1.9869428873062134,1.7740943431854248,True
arbert,T6,NT6-f-0243,f,0.6290602684020996,-0.09421300888061523,0.6159882545471191,True
arbert,T6,NT6-f-0244,f,2.151569366455078,1.464160442352295,2.6067686080932617,True
arbert,T6,NT6-m-0245,m,2.9201574325561523,3.254152297973633,3.423084259033203,True
arbert,T6,NT6-m-0246,m,1.3109149932861328,1.7669717073440552,1.034729242324829,True
arbert,T6,NT6-f-0247,f,0.7091994285583496,0.48388147354125977,1.1451377868652344,True
arbert,T6,NT6-f-0248,f,2.205866813659668,2.557394027709961,2.367898941040039,True
arbert,T6,NT6-f-0249,f,1.0550622940063477,2.8320584297180176,1.8576316833496094,True
arbert,T6,NT6-m-0250,m,-1.8987064361572266,-2.3596343994140625,-1.837386131286621,False
arbert,T6,NT6-m-0251,m,2.1166086196899414,1.8169102668762207,2.011026382446289,True
arbert,T6,NT6-f-0252,f,1.111161470413208,0.8202376365661621,1.025280475616455,True
arbert,T6,NT6-f-0253,f,5.416997909545898,5.498676300048828,5.763782501220703,True
arbert,T6,NT6-f-0254,f,5.914322376251221,6.0029425621032715,5.909085273742676,True
arbert,T6,NT6-f-0255,f,1.3041868209838867,2.641127109527588,1.6151747703552246,True
arbert,T6,NT6-m-0256,m,3.2686188220977783,4.923420429229736,3.5727734565734863,True
arbert,T6,NT6-m-0257,m,3.105074405670166,3.810375690460205,3.1605606079101562,True
arbert,T6,NT6-f-0258,f,0.3589620590209961,0.7242635488510132,0.39051806926727295,True
arbert,T6,NT6-f-0259,f,3.6666691303253174,4.265870571136475,3.566579818725586,True
arbert,T6,NT6-m-0260,m,-0.5866240859031677,-0.4425465762615204,-0.5266541838645935,False
arbert,T6,NT6-m-0261,m,1.8414554595947266,2.703596353530884,1.7930607795715332,True
arbert,T6,NT6-m-0262,m,2.5299203395843506,2.538971424102783,2.5601730346679688,True
arbert,T6,NT6-m-0263,m,2.5837671756744385,2.590585231781006,2.5729432106018066,True
arbert,T6,NT6-f-0264,f,2.2105588912963867,2.9942033290863037,2.1021647453308105,True
arbert,T6,NT6-m-0265,m,2.2143783569335938,2.6810665130615234,2.1676526069641113,True
arbert,T6,NT6-f-0266,f,1.0208148956298828,1.4715280532836914,0.979619026184082,True
arbert,T6,NT6-m-0267,m,3.2020177841186523,3.6635403633117676,3.281557083129883,True
arbert,T6,NT6-m-0268,m,5.328249454498291,5.9390645027160645,5.581656455993652,True
arbert,T6,NT6-m-0269,m,4.938874244689941,5.145678520202637,5.530950546264648,True
arbert,T6,NT6-m-0270,m,1.4324545860290527,1.220139980316162,1.4700117111206055,True
arbert,T6,NT6-m-0271,m,1.805545687675476,3.320974588394165,3.492063522338867,True
arbert,T6,NT6-f-0272,f,4.247270584106445,4.409998893737793,4.327304840087891,True
arbert,T6,NT6-m-0273,m,2.9763073921203613,3.698263645172119,3.29789400100708,True
arbert,T6,NT6-m-0274,m,4.056612014770508,4.7936224937438965,4.032421588897705,True
arbert,T6,NT6-m-0275,m,4.391820907592773,4.932229995727539,4.48460054397583,True
arbert,T6,NT6-m-0276,m,4.7673540115356445,4.91940450668335,4.916040420532227,True
arbert,T6,NT6-m-0277,m,-0.41801905632019043,0.27381014823913574,-0.2766234874725342,False
arbert,T6,NT6-f-0278,f,4.047395706176758,4.287109375,4.109364032745361,True
arbert,T6,NT6-m-0279,m,2.4925663471221924,3.019402027130127,2.428359270095825,True
arbert,T6,NT6-m-0280,m,0.6853418350219727,2.862773895263672,2.239919662475586,True
arbert,T6,NT6-m-0281,m,2.9688262939453125,3.0004756450653076,2.9417929649353027,True
arbert,T6,NT6-m-0282,m,-0.23225116729736328,1.3829383850097656,-0.17145538330078125,False
arbert,T6,NT6-m-0283,m,2.1922998428344727,2.5796070098876953,2.2540483474731445,True
arbert,T6,NT6-f-0284,f,2.5838871002197266,2.63551664352417,2.6489217281341553,True
arbert,T6,NT6-f-0285,f,1.2979378700256348,1.9417333602905273,1.543116569519043,True
arbert,T6,NT6-f-0286,f,4.536177635192871,4.744534015655518,4.726043701171875,True
arbert,T6,NT6-m-0287,m,0.6291871070861816,1.5806574821472168,0.946110725402832,True
arbert,T6,NT6-m-0288,m,1.5793919563293457,2.047616481781006,1.5330610275268555,True
arbert,T6,NT6-m-0289,m,4.954058647155762,4.940148830413818,4.44167423248291,True
arbert,T6,NT6-m-0290,m,2.6610965728759766,3.917860507965088,2.5570106506347656,True
arbert,T6,NT6-m-0291,m,2.855515480041504,3.394505262374878,3.1048781871795654,True
arbert,T6,NT6-m-0292,m,3.05477237701416,4.067646503448486,3.1239705085754395,True
arbert,T6,NT6-m-0293,m,1.1476218700408936,1.6243140697479248,0.9179849624633789,True
arbert,T6,NT6-f-0294,f,-0.5258865356445312,-1.4550862312316895,-0.5880053043365479,False
arbert,T6,NT6-m-0295,m,2.6524136066436768,3.2886412143707275,3.0742616653442383,True
arbert,T6,NT6-f-0296,f,1.9838078022003174,2.1748311519622803,2.2316555976867676,True
arbert,T6,NT6-f-0297,f,3.18765926361084,4.1262054443359375,3.0059235095977783,True
arbert,T6,NT6-f-0298,f,5.067511081695557,5.789444923400879,5.2533464431762695,True
arbert,T6,NT6-m-0299,m,3.952368974685669,5.239477157592773,4.133749961853027,True
arbert,T6,NT6-f-0300,f,1.112119436264038,2.450981855392456,1.019982099533081,True
arbert,T6,NT6-m-0301,m,3.290519952774048,5.233987331390381,3.2618749141693115,True
arbert,T6,NT6-f-0302,f,1.1121315956115723,2.2544941902160645,1.00654935836792,True
arbert,T6,NT6-f-0303,f,2.6164064407348633,3.1470563411712646,2.508098840713501,True
arbert,T6,NT6-m-0304,m,2.0182392597198486,1.1024954319000244,0.7700066566467285,True
arbert,T6,NT6-f-0305,f,4.614119529724121,5.096976280212402,4.78620719909668,True
arbert,T6,NT6-f-0306,f,1.6465740203857422,2.4554829597473145,1.582148551940918,True
arbert,T6,NT6-f-0307,f,1.1260828971862793,0.2714710235595703,0.7139906883239746,True
arbert,T6,NT6-m-0308,m,2.5804662704467773,3.040172576904297,2.547006368637085,True
arbert,T6,NT6-f-0309,f,5.233583450317383,4.93048095703125,5.250731945037842,True
arbert,T6,NT6-m-0310,m,3.1042284965515137,4.158049583435059,3.208292245864868,True
arbert,T6,NT6-m-0311,m,4.155488967895508,3.882478713989258,3.6036272048950195,True
arbert,T6,NT6-f-0312,f,-0.32181644439697266,-1.1097655296325684,-0.19551467895507812,False
arbert,T6,NT6-m-0313,m,4.684813022613525,5.280036926269531,4.932002067565918,True
arbert,T6,NT6-m-0314,m,2.3935651779174805,3.1582634449005127,2.776216745376587,True
arbert,T6,NT6-m-0315,m,3.018491268157959,4.290685653686523,3.0295917987823486,True
arbert,T6,NT6-f-0316,f,3.875576972961426,4.875490665435791,2.9785633087158203,True
arbert,T6,NT6-f-0317,f,4.100271224975586,5.13912296295166,4.552983283996582,True
arbert,T6,NT6-f-0318,f,3.6538190841674805,3.3865885734558105,3.988029956817627,True
arbert,T6,NT6-m-0319,m,1.0445516109466553,1.3507485389709473,1.1517400741577148,True
arbert,T6,NT6-m-0320,m,2.8261289596557617,3.73742413520813,2.9304819107055664,True
arbert,T6,NT6-m-0321,m,3.1037473678588867,4.367053985595703,3.1698951721191406,True
arbert,T6,NT6-m-0322,m,2.513662338256836,4.000381946563721,1.8965063095092773,True
arbert,T6,NT6-m-0323,m,3.5388803482055664,3.590420722961426,3.5871496200561523,True
arbert,T6,NT6-m-0324,m,4.078058242797852,4.6929521560668945,4.454215049743652,True
arbert,T6,NT6-f-0325,f,1.5894145965576172,2.333700656890869,1.6970291137695312,True
arbert,T6,NT6-f-0326,f,2.6965584754943848,2.304161787033081,2.566887378692627,True
arbert,T6,NT6-f-0327,f,1.8179609775543213,1.9792594909667969,1.862295150756836,True
arbert,T6,NT6-m-0328,m,2.455876111984253,3.3395822048187256,3.0185277462005615,True
arbert,T6,NT6-m-0329,m,3.5092034339904785,3.7845304012298584,3.62272572517395,True
arbert,T6,NT6-f-0330,f,-0.23842811584472656,1.9887635707855225,0.3031187057495117,False
arbert,T6,NT6-m-0331,m,0.8556499481201172,0.9266952276229858,0.8782447576522827,True
arbert,T6,NT6-f-0332,f,1.993474006652832,2.645524024963379,2.6007871627807617,True
arbert,T6,NT6-m-0333,m,2.262676239013672,3.616757392883301,2.166140556335449,True
arbert,T6,NT6-f-0334,f,-1.2695590257644653,-0.31834733486175537,-0.9551312923431396,False
arbert,T6,NT6-m-0335,m,3.222381114959717,3.5552637577056885,3.168968915939331,True
arbert,T6,NT6-f-0336,f,2.348944664001465,3.59311580657959,3.093263626098633,True
arbert,T6,NT6-m-0337,m,1.0353868007659912,2.301661968231201,1.2321332693099976,True
arbert,T6,NT6-m-0338,m,-0.5925769805908203,1.8819009065628052,2.0140795707702637,False
arbert,T6,NT6-f-0339,f,3.1862549781799316,3.6562752723693848,3.320796012878418,True
arbert,T6,NT6-f-0340,f,0.42665815353393555,0.474933385848999,0.6254863739013672,True
arbert,T6,NT6-f-0341,f,5.412245750427246,5.538188457489014,5.615782260894775,True
arbert,T6,NT6-m-0342,m,1.7437832355499268,2.1038544178009033,1.9306259155273438,True
arbert,T6,NT6-f-0343,f,3.361638307571411,3.6814231872558594,3.3789570331573486,True
arbert,T6,NT6-f-0344,f,1.9076480865478516,2.4454965591430664,1.5120840072631836,True
arbert,T6,NT6-f-0345,f,4.280004024505615,4.892498016357422,3.743196487426758,True
arbert,T6,NT6-m-0346,m,3.24204158782959,3.403796672821045,3.607327938079834,True
arbert,T6,NT6-m-0347,m,3.8315176963806152,4.105483055114746,3.956460475921631,True
arbert,T6,NT6-f-0348,f,2.535907745361328,2.0153679847717285,2.442676067352295,True
arbert,T6,NT6-f-0349,f,2.6552963256835938,3.129148483276367,2.8741865158081055,True
arbert,T6,NT6-f-0350,f,2.3587207794189453,1.9265079498291016,1.8512005805969238,True
arbert,T6,NT6-m-0351,m,1.0328865051269531,2.081378936767578,1.7158288955688477,True
arbert,T6,NT6-m-0352,m,4.470071315765381,4.5280890464782715,4.766674041748047,True
arbert,T6,NT6-m-0353,m,2.7801904678344727,3.598325252532959,2.9172401428222656,True
arbert,T6,NT6-f-0354,f,1.0704231262207031,1.5966224670410156,1.5709490776062012,True
arbert,T6,NT6-m-0355,m,4.199216842651367,4.852381229400635,4.263311386108398,True
arbert,T6,NT6-m-0356,m,4.00118350982666,5.089397430419922,4.151858806610107,True
arbert,T6,NT6-f-0357,f,-1.7956464290618896,-0.5167075991630554,-1.7003211975097656,False
arbert,T6,NT6-m-0358,m,3.4234471321105957,4.634128570556641,3.675870895385742,True
arbert,T6,NT6-f-0359,f,2.7199368476867676,2.495445728302002,2.8325881958007812,True
arbert,T6,NT6-f-0360,f,1.037750244140625,1.7411518096923828,0.8831250667572021,True
arbert,T6,NT6-m-0361,m,0.7403662204742432,1.957094430923462,1.8127961158752441,True
arbert,T6,NT6-f-0362,f,6.128652572631836,6.428238868713379,6.396518707275391,True
arbert,T6,NT6-f-0363,f,0.5960190296173096,0.7324209213256836,0.8453609943389893,True
arbert,T6,NT6-m-0364,m,3.7393083572387695,4.522037506103516,3.7162771224975586,True
arbert,T6,NT6-f-0365,f,0.7150483131408691,2.4304299354553223,1.044220209121704,True
arbert,T6,NT6-f-0366,f,2.4384031295776367,3.2332417964935303,2.159918785095215,True
arbert,T6,NT6-f-0367,f,2.988246440887451,4.037796974182129,3.685283660888672,True
arbert,T6,NT6-m-0368,m,2.592301845550537,3.022587299346924,2.4939446449279785,True
arbert,T6,NT6-f-0369,f,-0.5604138374328613,1.795642375946045,-0.37708330154418945,False
arbert,T6,NT6-m-0370,m,3.8322677612304688,4.420718669891357,3.9899187088012695,True
arbert,T6,NT6-m-0371,m,1.893944263458252,2.133737087249756,1.9523937702178955,True
arbert,T6,NT6-f-0372,f,5.016666412353516,5.617745399475098,5.106299877166748,True
arbert,T6,NT6-m-0373,m,2.685652256011963,3.8591971397399902,2.780971050262451,True
arbert,T6,NT6-m-0374,m,0.45412635803222656,0.5442209243774414,0.1810436248779297,True
arbert,T6,NT6-m-0375,m,-1.86151123046875,2.083406448364258,1.4619240760803223,False
arbert,T6,NT6-f-0376,f,0.8685524463653564,2.8475780487060547,1.5323703289031982,True
arbert,T6,NT6-m-0377,m,4.583400726318359,4.689007759094238,4.939601898193359,True
arbert,T6,NT6-m-0378,m,2.124363422393799,2.070756673812866,2.1690423488616943,True
arbert,T6,NT6-f-0379,f,5.099039077758789,5.477467060089111,5.320919990539551,True
arbert,T6,NT6-m-0380,m,1.7927427291870117,1.740466594696045,1.5804684162139893,True
arbert,T6,NT6-m-0381,m,4.084102630615234,4.300322532653809,4.217931747436523,True
arbert,T6,NT6-f-0382,f,-0.6893960237503052,-0.44716453552246094,-0.22123748064041138,False
arbert,T6,NT6-m-0383,m,3.5125255584716797,3.7395362854003906,3.637986183166504,True
arbert,T6,NT6-m-0384,m,1.2568044662475586,3.1411800384521484,2.0425777435302734,True
arbert,T6,NT6-m-0385,m,0.8213651180267334,1.3605823516845703,1.1824464797973633,True
arbert,T6,NT6-f-0386,f,-2.248810291290283,-2.825441360473633,-2.302608013153076,False
arbert,T6,NT6-f-0387,f,2.335869312286377,4.0432305335998535,2.2947709560394287,True
arbert,T6,NT6-f-0388,f,3.0309383869171143,4.536438465118408,3.101325750350952,True
arbert,T6,NT6-f-0389,f,1.351040244102478,1.6855137348175049,1.3483750820159912,True
arbert,T6,NT6-f-0390,f,4.16860294342041,5.014170169830322,4.292089462280273,True
arbert,T6,NT6-m-0391,m,4.607961177825928,4.9743194580078125,4.8552446365356445,True
arbert,T6,NT6-f-0392,f,2.595081329345703,2.556368350982666,2.6641006469726562,True
arbert,T6,NT6-m-0393,m,1.8492045402526855,2.912301540374756,1.6629459857940674,True
arbert,T6,NT6-m-0394,m,2.6592862606048584,4.1151204109191895,2.7655887603759766,True
arbert,T6,NT6-f-0395,f,1.108320713043213,1.7003068923950195,1.1650681495666504,True
arbert,T6,NT6-m-0396,m,0.19688200950622559,1.5200200080871582,0.05329132080078125,True
arbert,T6,NT6-f-0397,f,2.704695224761963,2.6440069675445557,2.668931007385254,True
arbert,T6,NT6-m-0398,m,1.4171438217163086,2.3160324096679688,1.7582893371582031,True
arbert,T6,NT6-m-0399,m,6.120187282562256,6.455751419067383,6.3158464431762695,True
arbert,T6,NT6-m-0400,m,1.6666626930236816,2.06276273727417,1.5434980392456055,True
arbert,T6,NT6-f-0401,f,-0.9736583232879639,0.0400235652923584,-0.20296508073806763,False
arbert,T6,NT6-m-0402,m,4.107144355773926,3.5498623847961426,3.2686924934387207,True
arbert,T6,NT6-m-0403,m,4.399693489074707,4.134771347045898,3.235980987548828,True
